unit_id,cycle,actual_rul,predicted_rul,error
1,1,125,116.92766313542026,-8.07233686457974
1,2,125,117.1991681987527,-7.800831801247298
1,3,125,116.69651559802837,-8.30348440197163
1,4,125,115.29308124302236,-9.706918756977643
1,5,125,115.57625168053319,-9.42374831946681
1,6,125,117.65331795664149,-7.346682043358513
1,7,125,118.60350522417716,-6.396494775822845
1,8,125,118.43210771214929,-6.567892287850711
1,9,125,117.83629242115907,-7.163707578840928
1,10,125,116.51865675364184,-8.481343246358165
1,11,125,116.34041257142317,-8.659587428576828
1,12,125,118.26220106443768,-6.737798935562324
1,13,125,115.49297776588807,-9.507022234111929
1,14,125,115.53000705032551,-9.469992949674491
1,15,125,116.3012240230757,-8.698775976924296
1,16,125,115.77175284104248,-9.228247158957515
1,17,125,114.97525440337627,-10.024745596623731
1,18,125,116.89100650516659,-8.108993494833413
1,19,125,116.32122439142532,-8.678775608574682
1,20,125,116.63366848752824,-8.36633151247176
1,21,125,118.05907273323885,-6.94092726676115
1,22,125,117.90661818615743,-7.093381813842569
1,23,125,117.71551883019772,-7.284481169802277
1,24,125,116.77851927324487,-8.221480726755132
1,25,125,118.1421617944424,-6.857838205557599
1,26,125,116.99079317105921,-8.00920682894079
1,27,125,118.7579045005441,-6.2420954994559
1,28,125,116.61163734450615,-8.38836265549385
1,29,125,118.80400435419672,-6.195995645803279
1,30,125,118.95277864768055,-6.047221352319454
1,31,125,118.68496649957515,-6.315033500424846
1,32,125,118.76567270417107,-6.234327295828933
1,33,125,117.9733485844157,-7.026651415584297
1,34,125,117.07003192160542,-7.92996807839458
1,35,125,117.16855433651797,-7.831445663482029
1,36,125,117.35407692972326,-7.645923070276737
1,37,125,118.76403658095202,-6.235963419047977
1,38,125,118.48140105708751,-6.51859894291249
1,39,125,118.01404173350286,-6.985958266497136
1,40,125,118.47388578818882,-6.526114211811176
1,41,125,116.65910151157678,-8.340898488423221
1,42,125,115.08384599732696,-9.91615400267304
1,43,125,115.72092800329776,-9.279071996702243
1,44,125,116.41494124080404,-8.58505875919596
1,45,125,113.37194656812107,-11.628053431878925
1,46,125,115.86634262233517,-9.133657377664832
1,47,125,116.23865327094589,-8.761346729054111
1,48,125,113.48419100441387,-11.515808995586127
1,49,125,114.39541809787639,-10.604581902123613
1,50,125,112.85716939057897,-12.142830609421026
1,51,125,110.76523951223973,-14.23476048776027
1,52,125,110.1252690331273,-14.874730966872704
1,53,125,112.11914179748055,-12.880858202519448
1,54,125,110.17921507924491,-14.820784920755088
1,55,125,113.67012348910926,-11.329876510890742
1,56,125,113.98289904458696,-11.017100955413042
1,57,125,111.87768242750624,-13.122317572493756
1,58,125,114.21770167919726,-10.782298320802738
1,59,125,110.98153199309252,-14.018468006907483
1,60,125,111.8743751737314,-13.125624826268606
1,61,125,114.63318374733242,-10.366816252667576
1,62,125,115.43720130777062,-9.562798692229379
1,63,125,110.42356805718649,-14.576431942813514
1,64,125,114.61698428063653,-10.38301571936347
1,65,125,109.43450158337843,-15.565498416621566
1,66,125,110.69152905241201,-14.308470947587992
1,67,125,106.12502321698574,-18.87497678301426
1,68,124,106.60873394467515,-17.39126605532485
1,69,123,109.08542040911311,-13.914579590886888
1,70,122,109.11834222176238,-12.881657778237624
1,71,121,108.61876156103988,-12.381238438960125
1,72,120,109.74498677813929,-10.255013221860708
1,73,119,114.05272235343735,-4.947277646562654
1,74,118,105.28996019531662,-12.710039804683376
1,75,117,106.38736748550889,-10.61263251449111
1,76,116,107.77466289491164,-8.225337105088357
1,77,115,107.09395479667769,-7.906045203322307
1,78,114,101.49885822320023,-12.50114177679977
1,79,113,104.69402734974611,-8.305972650253892
1,80,112,101.61947322871606,-10.38052677128394
1,81,111,101.16901597072004,-9.83098402927996
1,82,110,103.29400754581386,-6.705992454186145
1,83,109,106.51340848801765,-2.486591511982354
1,84,108,104.39008704710008,-3.6099129528999185
1,85,107,104.89393442423929,-2.1060655757607094
1,86,106,107.32506303166069,1.3250630316606902
1,87,105,101.7897899660566,-3.2102100339433974
1,88,104,98.24316965385806,-5.756830346141939
1,89,103,95.37465570246044,-7.625344297539556
1,90,102,102.73186664921857,0.7318666492185741
1,91,101,99.24567991288595,-1.7543200871140527
1,92,100,98.21837024361805,-1.781629756381946
1,93,99,95.09135226585144,-3.908647734148559
1,94,98,93.45647689160738,-4.54352310839262
1,95,97,97.24006446500339,0.2400644650033854
1,96,96,99.48244527437069,3.48244527437069
1,97,95,97.73249197519048,2.7324919751904844
1,98,94,98.16608952348801,4.1660895234880115
1,99,93,93.8469301466333,0.8469301466332979
1,100,92,94.74844324845918,2.748443248459182
1,101,91,94.57807249560078,3.578072495600779
1,102,90,87.29248952781094,-2.707510472189057
1,103,89,88.34616167754997,-0.6538383224500279
1,104,88,94.39256221467313,6.392562214673134
1,105,87,93.23674936591418,6.236749365914179
1,106,86,93.5724799530817,7.572479953081697
1,107,85,98.21951524332401,13.219515243324011
1,108,84,93.4413053846081,9.4413053846081
1,109,83,91.61073324130392,8.610733241303919
1,110,82,94.07011304727767,12.070113047277673
1,111,81,92.18737792668095,11.187377926680952
1,112,80,92.09009312038752,12.090093120387522
1,113,79,93.41547969066823,14.415479690668235
1,114,78,84.42044493449326,6.420444934493261
1,115,77,91.4590176734608,14.459017673460806
1,116,76,95.12276661225033,19.12276661225033
1,117,75,93.94969743727975,18.949697437279752
1,118,74,91.58577182791082,17.58577182791082
1,119,73,92.47141597800392,19.471415978003918
1,120,72,93.827844791011,21.827844791011003
1,121,71,88.62266347037553,17.622663470375528
1,122,70,88.0138777123892,18.013877712389203
1,123,69,85.9666234185715,16.9666234185715
1,124,68,86.15726341740942,18.157263417409425
1,125,67,88.13590116229771,21.135901162297714
1,126,66,86.44332490999015,20.443324909990153
1,127,65,88.77723440550339,23.777234405503393
1,128,64,83.1749700366532,19.174970036653207
1,129,63,90.43102951061105,27.431029510611054
1,130,62,90.22508645744153,28.225086457441535
1,131,61,87.3330018352431,26.333001835243095
1,132,60,87.25915039943752,27.259150399437516
1,133,59,85.4327831617114,26.4327831617114
1,134,58,89.75141253684714,31.75141253684714
1,135,57,93.45131717059445,36.45131717059445
1,136,56,86.43592683642893,30.435926836428933
1,137,55,87.45259022734676,32.45259022734676
1,138,54,87.37706761098458,33.37706761098458
1,139,53,86.61172920861893,33.611729208618925
1,140,52,83.53232804874341,31.53232804874341
1,141,51,81.81264649799473,30.812646497994734
1,142,50,83.23229479551357,33.23229479551357
1,143,49,86.27517449179872,37.27517449179872
1,144,48,83.14450985489731,35.14450985489731
1,145,47,79.50430470983804,32.50430470983804
1,146,46,91.69818638067747,45.69818638067747
1,147,45,84.25948351412592,39.25948351412592
1,148,44,83.5302985242999,39.530298524299894
1,149,43,78.32279649167293,35.32279649167293
1,150,42,77.21830999440374,35.21830999440374
1,151,41,72.5014184600122,31.501418460012204
1,152,40,60.598286901779545,20.598286901779545
1,153,39,55.61470035173164,16.614700351731642
1,154,38,56.1128220890629,18.112822089062902
1,155,37,56.9040240641711,19.904024064171097
1,156,36,52.67393240440115,16.67393240440115
1,157,35,54.32241752277196,19.322417522771957
1,158,34,58.26183585146576,24.26183585146576
1,159,33,56.29366071428569,23.293660714285693
1,160,32,48.662098214285734,16.662098214285734
1,161,31,48.296567460317476,17.296567460317476
1,162,30,43.8432481060606,13.8432481060606
1,163,29,31.717163149350647,2.7171631493506467
1,164,28,33.48223651960786,5.482236519607859
1,165,27,35.08949156746033,8.089491567460328
1,166,26,26.02256944444444,0.022569444444439313
1,167,25,31.211078869047626,6.2110788690476255
1,168,24,34.99963293650793,10.999632936507929
1,169,23,29.951022206959713,6.951022206959713
1,170,22,28.511346433584343,6.511346433584343
1,171,21,25.678373015873014,4.678373015873014
1,172,20,24.189828545548657,4.189828545548657
1,173,19,21.748715277777784,2.7487152777777837
1,174,18,18.949997138278377,0.949997138278377
1,175,17,14.4025,-2.5975
1,176,16,18.302663690476187,2.3026636904761872
1,177,15,14.04672867063492,-0.9532713293650801
1,178,14,13.327862103174603,-0.6721378968253973
1,179,13,12.135855654761905,-0.8641443452380955
1,180,12,10.52302827380953,-1.4769717261904702
1,181,11,12.211261498917757,1.2112614989177573
1,182,10,10.984397321428565,0.9843973214285651
1,183,9,10.545386904761903,1.5453869047619033
1,184,8,5.768968253968257,-2.231031746031743
1,185,7,5.56643092105263,-1.4335690789473698
1,186,6,4.502867063492065,-1.4971329365079349
1,187,5,2.381096230158728,-2.618903769841272
1,188,4,1.5946800595238084,-2.4053199404761916
1,189,3,1.0535615079365055,-1.9464384920634945
1,190,2,0.0,-2.0
1,191,1,0.0,-1.0
1,192,0,0.0,0.0
2,1,125,119.89364583333334,-5.106354166666662
2,2,125,119.67916666666665,-5.320833333333354
2,3,125,119.91875,-5.081249999999997
2,4,125,119.86041666666668,-5.13958333333332
2,5,125,119.7997806686144,-5.200219331385597
2,6,125,119.90826281147156,-5.091737188528441
2,7,125,119.99992947813821,-5.000070521861787
2,8,125,119.99992947813821,-5.000070521861787
2,9,125,119.99992947813821,-5.000070521861787
2,10,125,119.8828461448049,-5.117153855195099
2,11,125,119.73416602877114,-5.265833971228858
2,12,125,119.80854102877113,-5.191458971228869
2,13,125,119.67037208592458,-5.329627914075417
2,14,125,119.77254018417652,-5.2274598158234795
2,15,125,119.60776424998195,-5.392235750018045
2,16,125,119.9467548749636,-5.053245125036398
2,17,125,119.6187003968254,-5.381299603174597
2,18,125,119.69724098607473,-5.302759013925268
2,19,125,119.94679067460318,-5.053209325396821
2,20,125,119.92893353174604,-5.07106646825396
2,21,125,119.81755348607473,-5.182446513925271
2,22,125,119.97358352522299,-5.026416474777008
2,23,125,119.35866611412496,-5.641333885875042
2,24,125,119.15388285115407,-5.846117148845934
2,25,125,119.5587152777778,-5.441284722222207
2,26,125,119.03367947813823,-5.966320521861775
2,27,125,119.42052083333336,-5.579479166666644
2,28,125,119.57919146825398,-5.420808531746019
2,29,125,119.97691474465474,-5.023085255345265
2,30,125,119.9904564113214,-5.009543588678596
2,31,125,119.8374294781382,-5.162570521861795
2,32,125,119.8875336448049,-5.112466355195096
2,33,125,119.06590995599372,-5.9340900440062825
2,34,125,119.63189903846155,-5.368100961538445
2,35,125,119.7996883650846,-5.200311634915394
2,36,125,119.78109934993309,-5.218900650066914
2,37,125,119.77533653846156,-5.224663461538441
2,38,125,119.6025725642188,-5.397427435781196
2,39,125,119.83089101659975,-5.16910898340025
2,40,125,119.48009729853479,-5.519902701465213
2,41,125,119.17387178583053,-5.826128214169472
2,42,125,117.58261402475384,-7.417385975246162
2,43,125,118.11056381118881,-6.889436188811189
2,44,125,118.18004333236486,-6.8199566676351395
2,45,125,118.09571180109108,-6.904288198908915
2,46,125,118.12548434688878,-6.874515653111217
2,47,125,119.46907651860597,-5.5309234813940265
2,48,125,119.03471471893222,-5.9652852810677786
2,49,125,119.25182887395329,-5.748171126046714
2,50,125,119.53445580985735,-5.465544190142651
2,51,125,119.67076281147156,-5.329237188528438
2,52,125,119.87489475591602,-5.125105244083983
2,53,125,119.74299113354364,-5.25700886645636
2,54,125,119.8069698302855,-5.193030169714504
2,55,125,119.21705363354366,-5.782946366456343
2,56,125,119.44278662099536,-5.5572133790046365
2,57,125,118.88382828766203,-6.116171712337973
2,58,125,119.54676975591602,-5.453230244083983
2,59,125,119.8509711448049,-5.149028855195098
2,60,125,119.62680849200642,-5.373191507993582
2,61,125,119.45763781147154,-5.5423621885284575
2,62,125,119.47832538549628,-5.521674614503723
2,63,125,119.09201586168676,-5.907984138313239
2,64,125,119.49085415533754,-5.509145844662456
2,65,125,119.14820380079684,-5.851796199203164
2,66,125,119.661425583909,-5.3385744160910065
2,67,125,119.5693525362959,-5.430647463704105
2,68,125,119.07628017258267,-5.9237198274173295
2,69,125,118.99205009920635,-6.007949900793648
2,70,125,118.67977471623348,-6.3202252837665185
2,71,125,119.59713472184944,-5.402865278150557
2,72,125,119.00959646904933,-5.9904035309506725
2,73,125,119.09195602203901,-5.908043977960986
2,74,125,118.64293934877927,-6.357060651220735
2,75,125,119.23746413222844,-5.762535867771561
2,76,125,118.42988122131385,-6.570118778686151
2,77,125,118.59712301587301,-6.402876984126991
2,78,125,119.24857638888889,-5.7514236111111074
2,79,125,118.96743217418546,-6.032567825814539
2,80,125,118.33842621100166,-6.661573788998339
2,81,125,118.46595003132833,-6.534049968671667
2,82,125,117.41449404761906,-7.585505952380942
2,83,125,117.72873404163029,-7.27126595836971
2,84,125,118.25601578766202,-6.743984212337978
2,85,125,117.9513262451784,-7.048673754821607
2,86,125,117.92710840850675,-7.072891591493246
2,87,125,117.69948774225779,-7.300512257742213
2,88,125,116.9953387043287,-8.004661295671298
2,89,125,116.88766342284978,-8.112336577150216
2,90,125,117.8729564922578,-7.127043507742201
2,91,125,117.70860730707702,-7.291392692922983
2,92,125,116.24645924327865,-8.75354075672135
2,93,125,116.21872055743104,-8.781279442568959
2,94,125,114.93179863565624,-10.068201364343764
2,95,125,116.46400875240786,-8.535991247592136
2,96,125,116.45745218075172,-8.542547819248284
2,97,125,117.31896437838259,-7.681035621617411
2,98,125,116.52043430738146,-8.479565692618536
2,99,125,117.3316319834103,-7.668368016589696
2,100,125,113.91006931648208,-11.08993068351792
2,101,125,116.09751576782226,-8.902484232177741
2,102,125,115.75810193086741,-9.241898069132588
2,103,125,116.45852530710852,-8.541474692891484
2,104,125,115.65828897158042,-9.341711028419581
2,105,125,115.99524457882399,-9.004755421176014
2,106,125,114.45437619633051,-10.545623803669486
2,107,125,115.98148078763867,-9.018519212361326
2,108,125,114.07549430250795,-10.924505697492052
2,109,125,112.58029925791523,-12.419700742084771
2,110,125,113.18283770592416,-11.817162294075843
2,111,125,111.15695912497502,-13.843040875024982
2,112,125,112.98422929261949,-12.015770707380511
2,113,125,112.09416751243411,-12.905832487565888
2,114,125,111.69678188131311,-13.303218118686885
2,115,125,114.56541301880266,-10.434586981197342
2,116,125,116.24707274413984,-8.752927255860158
2,117,125,114.5448304190954,-10.455169580904595
2,118,125,115.5528377827854,-9.447162217214597
2,119,125,113.56857878273232,-11.431421217267683
2,120,125,113.96370148592807,-11.03629851407193
2,121,125,114.62447081595592,-10.375529184044083
2,122,125,114.7478821278931,-10.252117872106894
2,123,125,114.77284219085655,-10.22715780914345
2,124,125,115.92217202673343,-9.077827973266565
2,125,125,116.41075826799064,-8.589241732009356
2,126,125,113.87307688428344,-11.126923115716565
2,127,125,113.6887699625795,-11.3112300374205
2,128,125,113.16215273856915,-11.837847261430852
2,129,125,114.83167827811728,-10.16832172188272
2,130,125,110.05436845900624,-14.945631540993759
2,131,125,113.32127874913712,-11.678721250862878
2,132,125,113.54526202833422,-11.454737971665779
2,133,125,112.55336298999131,-12.446637010008686
2,134,125,112.67792892042334,-12.32207107957666
2,135,125,114.49264783360442,-10.507352166395577
2,136,125,113.01970673321482,-11.980293266785182
2,137,125,110.3604894815832,-14.639510518416799
2,138,125,109.09208959565039,-15.907910404349607
2,139,125,112.39233703377916,-12.607662966220843
2,140,125,112.58427830187995,-12.415721698120052
2,141,125,111.9320238933861,-13.067976106613898
2,142,125,113.37028447971375,-11.629715520286254
2,143,125,109.57437885210234,-15.425621147897658
2,144,125,112.33027636592871,-12.669723634071289
2,145,125,112.25282610437746,-12.747173895622538
2,146,125,105.68296578909977,-19.317034210900232
2,147,125,103.28270235857205,-21.717297641427947
2,148,125,106.82730018480802,-18.172699815191976
2,149,125,108.29527530205523,-16.70472469794477
2,150,125,110.54176778395917,-14.458232216040827
2,151,125,108.62568116341731,-16.374318836582688
2,152,125,108.65265476025476,-16.347345239745238
2,153,125,104.56991411073014,-20.43008588926986
2,154,125,106.9072758127289,-18.092724187271102
2,155,125,106.73186656645495,-18.268133433545046
2,156,125,108.57021632153275,-16.429783678467246
2,157,125,103.24483130247935,-21.755168697520645
2,158,125,104.76498167660051,-20.235018323399487
2,159,125,105.48898350439897,-19.511016495601027
2,160,125,100.70043443072693,-24.29956556927307
2,161,125,98.51253792626797,-26.487462073732033
2,162,125,103.69033862094571,-21.30966137905429
2,163,124,101.99111802968305,-22.00888197031695
2,164,123,108.43720532010491,-14.562794679895092
2,165,122,107.72731090364987,-14.272689096350135
2,166,121,102.59903087582786,-18.400969124172136
2,167,120,101.5905493100649,-18.4094506899351
2,168,119,103.79818826970487,-15.201811730295134
2,169,118,99.7494634152026,-18.250536584797402
2,170,117,99.84993516629306,-17.150064833706935
2,171,116,99.6697306094818,-16.330269390518197
2,172,115,102.1008463176938,-12.899153682306206
2,173,114,100.51085573766265,-13.489144262337348
2,174,113,101.2578614867103,-11.742138513289703
2,175,112,101.36279957888185,-10.637200421118152
2,176,111,103.35749822189534,-7.642501778104659
2,177,110,104.32279794103121,-5.677202058968788
2,178,109,100.36141540874675,-8.638584591253249
2,179,108,103.01495882440345,-4.98504117559655
2,180,107,100.60857901520903,-6.391420984790969
2,181,106,104.63248810693763,-1.367511893062371
2,182,105,98.13839317974143,-6.861606820258572
2,183,104,97.78191812411558,-6.2180818758844225
2,184,103,97.45136375870611,-5.548636241293892
2,185,102,99.24810600857477,-2.7518939914252343
2,186,101,97.14028052430957,-3.859719475690426
2,187,100,100.65274744540166,0.6527474454016584
2,188,99,96.85664136195602,-2.1433586380439777
2,189,98,95.97194282948735,-2.0280571705126533
2,190,97,101.17608099320277,4.176080993202774
2,191,96,98.9972690332356,2.9972690332355967
2,192,95,98.8948435417271,3.8948435417270986
2,193,94,100.29265514022161,6.292655140221612
2,194,93,96.68072771722328,3.6807277172232773
2,195,92,96.77489289880639,4.774892898806385
2,196,91,104.03961380892474,13.039613808924742
2,197,90,98.25253873705894,8.252538737058941
2,198,89,94.40595848881588,5.405958488815884
2,199,88,98.33233559447243,10.332335594472426
2,200,87,100.75056718335625,13.750567183356253
2,201,86,98.33387848423438,12.333878484234376
2,202,85,88.59896959286408,3.59896959286408
2,203,84,98.09439880767295,14.094398807672945
2,204,83,96.52757662319041,13.527576623190413
2,205,82,99.40659632857724,17.406596328577237
2,206,81,100.64848480459196,19.64848480459196
2,207,80,94.9835668630935,14.9835668630935
2,208,79,97.9490136630352,18.949013663035203
2,209,78,94.88827920086683,16.888279200866833
2,210,77,104.57394095316741,27.57394095316741
2,211,76,94.1715222863024,18.171522286302405
2,212,75,89.48192506518589,14.48192506518589
2,213,74,94.12233839750932,20.122338397509324
2,214,73,88.5385027766936,15.538502776693605
2,215,72,93.4596216064246,21.459621606424605
2,216,71,98.40351750261235,27.403517502612345
2,217,70,88.66860998376623,18.66860998376623
2,218,69,81.11633199797515,12.116331997975152
2,219,68,72.09382251166016,4.093822511660164
2,220,67,82.93484429319264,15.93484429319264
2,221,66,83.42561870421244,17.42561870421244
2,222,65,91.04114979930944,26.041149799309437
2,223,64,82.46525602869352,18.465256028693517
2,224,63,80.40465277777778,17.404652777777784
2,225,62,76.1619528616833,14.161952861683304
2,226,61,83.27694378510414,22.276943785104137
2,227,60,75.56981329684785,15.569813296847855
2,228,59,79.1338246623245,20.1338246623245
2,229,58,86.3375877923561,28.337587792356103
2,230,57,74.74049107142856,17.740491071428565
2,231,56,76.45097557773109,20.450975577731086
2,232,55,73.98331766526913,18.983317665269126
2,233,54,78.06222861842105,24.062228618421045
2,234,53,77.08179365245263,24.08179365245263
2,235,52,65.62570188492063,13.62570188492063
2,236,51,70.69175973410276,19.69175973410276
2,237,50,62.26805874153021,12.268058741530211
2,238,49,61.54475043525318,12.544750435253178
2,239,48,57.8225752048131,9.822575204813099
2,240,47,53.824573412698406,6.824573412698406
2,241,46,47.35568452380951,1.3556845238095079
2,242,45,54.71529373969349,9.715293739693493
2,243,44,54.75110321969696,10.751103219696958
2,244,43,53.55450876243642,10.55450876243642
2,245,42,47.03664028679653,5.036640286796533
2,246,41,48.4765223027941,7.476522302794102
2,247,40,44.39722222222219,4.39722222222219
2,248,39,39.312172619047615,0.3121726190476153
2,249,38,42.139657738095266,4.139657738095266
2,250,37,44.3264008387446,7.326400838744597
2,251,36,38.40411661255411,2.4041166125541125
2,252,35,35.94280708874459,0.942807088744587
2,253,34,35.46143465909091,1.4614346590909122
2,254,33,31.65277529761905,-1.3472247023809487
2,255,32,35.58439732142859,3.5843973214285896
2,256,31,34.07630208333334,3.0763020833333385
2,257,30,28.86307291666668,-1.136927083333319
2,258,29,31.351402009728623,2.3514020097286235
2,259,28,28.7338070436508,0.7338070436507991
2,260,27,25.864552266081866,-1.1354477339181344
2,261,26,19.49164552005012,-6.50835447994988
2,262,25,28.662720734127,3.6627207341269994
2,263,24,21.213699945887452,-2.786300054112548
2,264,23,16.272906746031747,-6.727093253968253
2,265,22,18.7538492063492,-3.2461507936507985
2,266,21,22.07971726190475,1.0797172619047508
2,267,20,21.074062500000004,1.0740625000000037
2,268,19,19.5865550595238,0.5865550595237998
2,269,18,16.13578068996416,-1.864219310035839
2,270,17,12.928427579365074,-4.071572420634926
2,271,16,10.820386904761904,-5.179613095238096
2,272,15,9.787949054621844,-5.212050945378156
2,273,14,8.610766369047614,-5.389233630952386
2,274,13,8.174598214285718,-4.825401785714282
2,275,12,7.918184523809526,-4.081815476190474
2,276,11,4.7182589285714265,-6.2817410714285735
2,277,10,3.981091269841272,-6.018908730158728
2,278,9,2.239305555555556,-6.760694444444444
2,279,8,1.3875198412698406,-6.612480158730159
2,280,7,1.5885714285714299,-5.41142857142857
2,281,6,0.11004960317460366,-5.889950396825396
2,282,5,1.4029464285714282,-3.597053571428572
2,283,4,0.0,-4.0
2,284,3,0.0,-3.0
2,285,2,0.0,-2.0
2,286,1,0.0,-1.0
2,287,0,0.0,0.0
3,1,125,117.64827208262007,-7.351727917379932
3,2,125,119.30549477700065,-5.694505222999354
3,3,125,118.19342481532733,-6.806575184672667
3,4,125,116.94300336438923,-8.056996635610773
3,5,125,117.10931417078083,-7.890685829219166
3,6,125,119.12718783710895,-5.8728121628910515
3,7,125,119.07829400433548,-5.921705995664524
3,8,125,118.94965858019,-6.050341419809996
3,9,125,119.19239799752805,-5.807602002471953
3,10,125,119.4490449878936,-5.5509550121063995
3,11,125,119.02169871699144,-5.9783012830085625
3,12,125,118.18816172713832,-6.811838272861678
3,13,125,118.87555900460798,-6.124440995392021
3,14,125,117.9426761818183,-7.0573238181817
3,15,125,117.2920689580271,-7.707931041972898
3,16,125,118.23282363014296,-6.76717636985704
3,17,125,118.66270157185852,-6.33729842814148
3,18,125,118.75465616467791,-6.245343835322089
3,19,125,119.50244918168255,-5.49755081831745
3,20,125,118.87321319873983,-6.126786801260167
3,21,125,119.15314167352722,-5.846858326472784
3,22,125,118.95503593221311,-6.044964067786893
3,23,125,119.29928851974812,-5.700711480251883
3,24,125,119.1904457471708,-5.8095542528292015
3,25,125,119.64113101934049,-5.3588689806595085
3,26,125,119.4959986719089,-5.504001328091107
3,27,125,118.88387000917814,-6.116129990821861
3,28,125,118.82631625647932,-6.173683743520684
3,29,125,118.22804974478349,-6.77195025521651
3,30,125,118.8806104791126,-6.119389520887395
3,31,125,117.97947199934045,-7.020528000659553
3,32,125,116.91083014502124,-8.089169854978763
3,33,125,117.84558872405667,-7.154411275943332
3,34,125,117.58320075757574,-7.416799242424261
3,35,125,118.27174242424242,-6.728257575757581
3,36,125,117.60155698468199,-7.3984430153180085
3,37,125,117.78125603464294,-7.2187439653570635
3,38,125,118.6651217873595,-6.334878212640504
3,39,125,117.98675317147854,-7.01324682852146
3,40,125,118.23866152285913,-6.7613384771408676
3,41,125,118.56745106075239,-6.43254893924761
3,42,125,119.20360230387402,-5.796397696125979
3,43,125,117.78363943144716,-7.216360568552844
3,44,125,119.23163395600918,-5.768366043990824
3,45,125,118.8451227640351,-6.1548772359649035
3,46,125,117.47268043548092,-7.527319564519075
3,47,125,117.81963524690516,-7.180364753094835
3,48,125,117.45577862556956,-7.544221374430435
3,49,125,117.96717524203197,-7.032824757968029
3,50,125,118.21454852129924,-6.7854514787007645
3,51,125,118.44697329994612,-6.553026700053877
3,52,125,117.66929737610803,-7.330702623891966
3,53,125,118.46255711437288,-6.537442885627115
3,54,125,113.64659578342025,-11.353404216579747
3,55,124,116.47891145408589,-7.521088545914111
3,56,123,116.00848203754147,-6.991517962458531
3,57,122,117.23572834496137,-4.764271655038627
3,58,121,113.9962020059339,-7.003797994066105
3,59,120,117.33323662421905,-2.6667633757809455
3,60,119,110.04043384267416,-8.959566157325838
3,61,118,113.2141290738281,-4.785870926171896
3,62,117,113.90174787171216,-3.0982521282878395
3,63,116,115.11758203997715,-0.882417960022849
3,64,115,114.81301784383474,-0.18698215616525715
3,65,114,113.05009363310634,-0.9499063668936572
3,66,113,112.58941920803412,-0.4105807919658844
3,67,112,112.32573948993952,0.3257394899395223
3,68,111,111.98940237526374,0.9894023752637366
3,69,110,111.20311636472768,1.203116364727677
3,70,109,113.88153844407964,4.881538444079638
3,71,108,112.6465407920484,4.646540792048398
3,72,107,111.64544464331195,4.645444643311947
3,73,106,111.0448125028402,5.044812502840202
3,74,105,111.80733731641494,6.807337316414944
3,75,104,112.78065582837012,8.780655828370115
3,76,103,112.26869374054414,9.268693740544137
3,77,102,109.91807960693231,7.918079606932309
3,78,101,105.83074362053003,4.830743620530029
3,79,100,109.47937284844959,9.479372848449586
3,80,99,109.11940895088469,10.11940895088469
3,81,98,105.07203666359821,7.072036663598212
3,82,97,104.18406915179878,7.184069151798781
3,83,96,103.14920698814353,7.149206988143533
3,84,95,100.57553408346539,5.575534083465385
3,85,94,97.52345444068314,3.523454440683139
3,86,93,100.81881418395889,7.818814183958892
3,87,92,100.23137728548275,8.23137728548275
3,88,91,100.87916322587655,9.879163225876553
3,89,90,103.91591868110785,13.915918681107854
3,90,89,99.53650252809443,10.53650252809443
3,91,88,107.43655181857692,19.436551818576916
3,92,87,96.03895078779698,9.038950787796978
3,93,86,98.58507209818667,12.585072098186671
3,94,85,100.8494482492222,15.849448249222206
3,95,84,102.2639762186961,18.2639762186961
3,96,83,101.79161636317414,18.791616363174143
3,97,82,92.59812324543067,10.59812324543067
3,98,81,96.34461434004943,15.344614340049432
3,99,80,95.76516952184123,15.76516952184123
3,100,79,94.21883734165473,15.218837341654734
3,101,78,98.18100175205011,20.181001752050108
3,102,77,92.72950224776136,15.72950224776136
3,103,76,94.75392449610327,18.753924496103267
3,104,75,95.60992088621325,20.609920886213246
3,105,74,93.66287898347494,19.66287898347494
3,106,73,94.9833851368615,21.9833851368615
3,107,72,93.70161619273168,21.701616192731677
3,108,71,92.408970740542,21.408970740542003
3,109,70,90.63663022660174,20.63663022660174
3,110,69,84.54988239755154,15.549882397551542
3,111,68,91.10117108641204,23.101171086412037
3,112,67,90.10474831293587,23.104748312935868
3,113,66,87.96669830538511,21.96669830538511
3,114,65,83.44969381803281,18.449693818032813
3,115,64,85.73729216810558,21.737292168105583
3,116,63,94.04543473854392,31.045434738543918
3,117,62,77.56205619747898,15.56205619747898
3,118,61,78.7489449537385,17.7489449537385
3,119,60,72.01373222345237,12.013732223452365
3,120,59,73.77397735944608,14.773977359446079
3,121,58,67.14543898809521,9.145438988095208
3,122,57,67.33701907467533,10.337019074675325
3,123,56,67.87326751548254,11.873267515482539
3,124,55,67.112803334196,12.112803334196002
3,125,54,67.41207634379508,13.412076343795079
3,126,53,73.43883203264525,20.43883203264525
3,127,52,60.69590375807766,8.695903758077662
3,128,51,60.495844234268134,9.495844234268134
3,129,50,59.0853695436508,9.085369543650799
3,130,49,61.47318306489261,12.47318306489261
3,131,48,61.137635704644154,13.137635704644154
3,132,47,56.23861607142857,9.238616071428567
3,133,46,57.33889919108668,11.338899191086682
3,134,45,56.84866251803752,11.848662518037521
3,135,44,56.9938249771062,12.9938249771062
3,136,43,52.41201636904761,9.412016369047613
3,137,42,51.05277867965369,9.052778679653692
3,138,41,54.55894841269842,13.55894841269842
3,139,40,51.47587797619049,11.475877976190489
3,140,39,50.87237847222222,11.872378472222223
3,141,38,45.50900885025062,7.509008850250623
3,142,37,42.665661525974016,5.665661525974016
3,143,36,41.168794642857144,5.168794642857144
3,144,35,41.265230654761886,6.265230654761886
3,145,34,41.68408482142857,7.68408482142857
3,146,33,38.45667175751878,5.456671757518777
3,147,32,38.863435150375935,6.863435150375935
3,148,31,40.96952380952381,9.969523809523807
3,149,30,38.98915178571428,8.989151785714277
3,150,29,37.84796130952381,8.84796130952381
3,151,28,32.235319940476174,4.235319940476174
3,152,27,33.8483556547619,6.848355654761903
3,153,26,31.33617559523809,5.336175595238089
3,154,25,30.791874999999983,5.791874999999983
3,155,24,30.08922371031747,6.089223710317469
3,156,23,28.126974206349217,5.126974206349217
3,157,22,27.38702628968251,5.38702628968251
3,158,21,26.51492063492064,5.514920634920639
3,159,20,26.458908730158733,6.458908730158733
3,160,19,28.60049197330447,9.600491973304472
3,161,18,22.449486607142866,4.449486607142866
3,162,17,22.524177489177486,5.524177489177486
3,163,16,24.52933531746033,8.52933531746033
3,164,15,17.241205357142853,2.241205357142853
3,165,14,14.8119494047619,0.8119494047619007
3,166,13,13.833571428571425,0.8335714285714246
3,167,12,12.01296130952381,0.012961309523809916
3,168,11,10.55332589285714,-0.4466741071428597
3,169,10,7.7050744047619055,-2.2949255952380945
3,170,9,7.469446924603174,-1.530553075396826
3,171,8,6.7257713293650845,-1.2742286706349155
3,172,7,7.431800595238098,0.4318005952380979
3,173,6,6.117390873015875,0.11739087301587503
3,174,5,4.580453869047618,-0.4195461309523818
3,175,4,3.0489533730158733,-0.9510466269841267
3,176,3,1.0567559523809518,-1.9432440476190482
3,177,2,0.0,-2.0
3,178,1,0.0,-1.0
3,179,0,0.0,0.0
4,1,125,118.66898074712385,-6.331019252876146
4,2,125,117.0750348577983,-7.9249651422017
4,3,125,117.57524035795583,-7.424759642044165
4,4,125,118.55318745869734,-6.446812541302663
4,5,125,118.1191656466638,-6.880834353336198
4,6,125,117.11753944613213,-7.8824605538678725
4,7,125,118.63091050890243,-6.369089491097569
4,8,125,118.67065241706139,-6.32934758293861
4,9,125,117.02353243713841,-7.976467562861586
4,10,125,118.44905626914924,-6.550943730850761
4,11,125,117.49472188757332,-7.50527811242668
4,12,125,118.21962181587548,-6.780378184124515
4,13,125,118.2901796653229,-6.709820334677104
4,14,125,118.27145344470873,-6.728546555291274
4,15,125,118.44186311074823,-6.55813688925177
4,16,125,118.13042521795,-6.869574782049995
4,17,125,118.35697118612518,-6.643028813874821
4,18,125,118.40521214319878,-6.594787856801219
4,19,125,117.14267361621887,-7.857326383781128
4,20,125,119.12786397589313,-5.872136024106865
4,21,125,117.44263675716002,-7.557363242839983
4,22,125,114.04103794558709,-10.958962054412908
4,23,125,117.75986053761838,-7.24013946238162
4,24,125,117.88995564945415,-7.110044350545849
4,25,125,116.84913352616407,-8.150866473835933
4,26,125,117.15354852340172,-7.846451476598276
4,27,125,117.72761669451923,-7.272383305480773
4,28,125,117.66595698901783,-7.334043010982171
4,29,125,117.77965595258888,-7.220344047411118
4,30,125,117.04711627628788,-7.9528837237121195
4,31,125,118.0654317224346,-6.934568277565404
4,32,125,117.43143882296731,-7.5685611770326915
4,33,125,117.55785482111735,-7.4421451788826545
4,34,125,116.77465533811088,-8.225344661889125
4,35,125,118.40524255065233,-6.594757449347668
4,36,125,117.14271453423564,-7.857285465764363
4,37,125,115.64939731682804,-9.350602683171957
4,38,125,118.15047343575779,-6.849526564242211
4,39,125,117.5611749047581,-7.438825095241896
4,40,125,115.80664301424568,-9.19335698575432
4,41,125,117.22766504344683,-7.772334956553166
4,42,125,115.83597081204073,-9.164029187959272
4,43,125,116.38306197601068,-8.61693802398932
4,44,125,116.4896897776262,-8.510310222373803
4,45,125,116.62231146170821,-8.377688538291792
4,46,125,114.37906495976947,-10.620935040230535
4,47,125,113.45934076727356,-11.54065923272644
4,48,125,116.10070853559185,-8.89929146440815
4,49,125,114.35849585052556,-10.641504149474443
4,50,125,112.51475851539433,-12.485241484605666
4,51,125,113.31178442473822,-11.68821557526178
4,52,125,114.52307013774728,-10.476929862252717
4,53,125,115.71812601561082,-9.281873984389179
4,54,125,115.82992061688348,-9.170079383116516
4,55,125,113.57889436342529,-11.421105636574708
4,56,125,116.69027483451177,-8.309725165488231
4,57,125,117.2367251335839,-7.763274866416097
4,58,125,117.26109926178374,-7.738900738216259
4,59,125,114.64644033522367,-10.353559664776327
4,60,125,114.76080394694345,-10.239196053056546
4,61,125,115.22908626448452,-9.770913735515478
4,62,125,115.42180830637946,-9.57819169362054
4,63,125,115.53469914853603,-9.465300851463965
4,64,125,114.54329105727163,-10.456708942728369
4,65,124,115.75100641115452,-8.24899358884548
4,66,123,112.75246376930663,-10.24753623069337
4,67,122,111.53951041655304,-10.460489583446957
4,68,121,114.66338042681593,-6.336619573184066
4,69,120,113.89762659005234,-6.10237340994766
4,70,119,114.72713558595517,-4.272864414044832
4,71,118,112.9807333033746,-5.019266696625394
4,72,117,111.74505461181312,-5.254945388186883
4,73,116,111.65020541582366,-4.349794584176337
4,74,115,109.76241688714592,-5.237583112854082
4,75,114,110.79584344081066,-3.204156559189343
4,76,113,107.52225528512217,-5.477744714877829
4,77,112,107.14168627681889,-4.858313723181112
4,78,111,109.2149296490384,-1.785070350961604
4,79,110,107.453847192027,-2.5461528079730016
4,80,109,105.29715510736199,-3.702844892638012
4,81,108,104.469384167291,-3.530615832709003
4,82,107,104.58719345781779,-2.41280654218221
4,83,106,103.15824852759337,-2.841751472406628
4,84,105,105.86870549636001,0.8687054963600076
4,85,104,98.83300192029276,-5.166998079707241
4,86,103,102.23851203843341,-0.761487961566587
4,87,102,104.5707365907876,2.570736590787604
4,88,101,96.22914852534227,-4.770851474657732
4,89,100,99.41401602899975,-0.5859839710002461
4,90,99,93.00617809501831,-5.9938219049816865
4,91,98,91.77436832837044,-6.225631671629557
4,92,97,94.77060041462904,-2.229399585370956
4,93,96,103.32914221125752,7.329142211257519
4,94,95,100.36031063520355,5.360310635203547
4,95,94,99.08095378551471,5.080953785514708
4,96,93,99.48775651103986,6.487756511039862
4,97,92,91.8208924639011,-0.17910753609889696
4,98,91,93.19605293709374,2.1960529370937394
4,99,90,96.06959277465305,6.069592774653046
4,100,89,100.27404035765475,11.274040357654755
4,101,88,95.49888794033922,7.498887940339216
4,102,87,92.02858007979518,5.0285800797951765
4,103,86,97.44766104694118,11.447661046941178
4,104,85,92.83439885660765,7.834398856607649
4,105,84,94.36941638933854,10.36941638933854
4,106,83,92.46867368629503,9.468673686295034
4,107,82,91.40084120263917,9.400841202639171
4,108,81,88.75555239502589,7.755552395025887
4,109,80,87.60913417299285,7.609134172992853
4,110,79,88.11831025903501,9.118310259035013
4,111,78,87.6176307611164,9.617630761116402
4,112,77,84.30958803258144,7.309588032581445
4,113,76,81.14924333787039,5.149243337870388
4,114,75,72.28050344156813,-2.719496558431871
4,115,74,80.92077885043877,6.920778850438765
4,116,73,85.22690602116059,12.226906021160588
4,117,72,75.31551135754263,3.3155113575426327
4,118,71,84.25872965963379,13.258729659633786
4,119,70,81.00270075490499,11.002700754904993
4,120,69,79.44253534174102,10.44253534174102
4,121,68,73.93419081831908,5.934190818319081
4,122,67,78.74749689705007,11.74749689705007
4,123,66,80.70044859346001,14.70044859346001
4,124,65,72.91478399841493,7.914783998414933
4,125,64,71.61922720264572,7.6192272026457175
4,126,63,67.21754117914999,4.21754117914999
4,127,62,64.32244474717396,2.322444747173961
4,128,61,63.99137558040243,2.9913755804024333
4,129,60,77.3279970522639,17.327997052263896
4,130,59,74.06713054222874,15.067130542228739
4,131,58,74.4502348264933,16.4502348264933
4,132,57,61.94580085131204,4.945800851312043
4,133,56,62.9500306069083,6.9500306069082995
4,134,55,58.90952594565342,3.909525945653421
4,135,54,51.971556558197925,-2.028443441802075
4,136,53,48.885151289682554,-4.114848710317446
4,137,52,50.315796130952364,-1.6842038690476357
4,138,51,53.82691083517547,2.826910835175468
4,139,50,52.29779220779218,2.2977922077921775
4,140,49,51.424107142857146,2.424107142857146
4,141,48,52.14678841991341,4.146788419913413
4,142,47,54.03817234848485,7.038172348484849
4,143,46,51.70142113095237,5.701421130952369
4,144,45,52.264561011904746,7.264561011904746
4,145,44,50.5056818181818,6.505681818181799
4,146,43,46.670406936813194,3.670406936813194
4,147,42,51.39185554029304,9.391855540293037
4,148,41,49.888591269841285,8.888591269841285
4,149,40,44.3401240079365,4.340124007936502
4,150,39,44.04915674603175,5.049156746031748
4,151,38,45.141641865079364,7.1416418650793645
4,152,37,42.2858382936508,5.285838293650798
4,153,36,41.78914930555554,5.78914930555554
4,154,35,43.23466517857143,8.234665178571433
4,155,34,41.96043966450215,7.960439664502147
4,156,33,46.22822172619046,13.228221726190462
4,157,32,39.38617627164501,7.386176271645013
4,158,31,38.82133184523808,7.821331845238078
4,159,30,37.29851686507938,7.298516865079378
4,160,29,36.39957589285715,7.3995758928571504
4,161,28,33.544533730158726,5.544533730158726
4,162,27,28.5696875,1.5696875000000006
4,163,26,26.740761408730158,0.7407614087301582
4,164,25,27.803437499999987,2.803437499999987
4,165,24,27.37660714285714,3.3766071428571394
4,166,23,24.567842261904758,1.567842261904758
4,167,22,24.94733630952382,2.94733630952382
4,168,21,27.132976190476185,6.132976190476185
4,169,20,22.40869047619048,2.408690476190479
4,170,19,21.40659970238095,2.4065997023809516
4,171,18,20.85653273809524,2.8565327380952397
4,172,17,16.257175099206346,-0.7428249007936536
4,173,16,17.91925843253969,1.9192584325396886
4,174,15,13.539236111111116,-1.4607638888888843
4,175,14,14.171473214285719,0.1714732142857187
4,176,13,11.254270833333333,-1.745729166666667
4,177,12,7.824345238095242,-4.175654761904758
4,178,11,6.302544642857146,-4.697455357142854
4,179,10,5.394940476190481,-4.605059523809519
4,180,9,4.556932043650791,-4.443067956349209
4,181,8,5.897671130952379,-2.1023288690476214
4,182,7,3.7059226190476213,-3.2940773809523787
4,183,6,2.2179786706349205,-3.7820213293650795
4,184,5,2.5767782738095253,-2.4232217261904747
4,185,4,0.0,-4.0
4,186,3,0.0,-3.0
4,187,2,0.0,-2.0
4,188,1,0.0,-1.0
4,189,0,0.0,0.0
5,1,125,118.90314873953662,-6.0968512604633815
5,2,125,118.96544956140352,-6.034550438596483
5,3,125,119.20865354938272,-5.791346450617283
5,4,125,119.73407021604939,-5.265929783950611
5,5,125,119.52167438271604,-5.478325617283957
5,6,125,119.54142928467684,-5.458570715323162
5,7,125,119.69270833333333,-5.307291666666671
5,8,125,119.68854166666665,-5.3114583333333485
5,9,125,119.88875,-5.111249999999998
5,10,125,119.519375,-5.480625000000003
5,11,125,119.8960865825688,-5.103913417431201
5,12,125,119.54385086104764,-5.456149138952355
5,13,125,119.54397321428571,-5.456026785714286
5,14,125,119.55563916219441,-5.44436083780559
5,15,125,119.93785726182546,-5.062142738174543
5,16,125,119.67261832886106,-5.327381671138937
5,17,125,119.5760887235979,-5.4239112764020945
5,18,125,119.61034774841093,-5.3896522515890695
5,19,125,119.84162990196076,-5.158370098039242
5,20,125,119.98333333333332,-5.01666666666668
5,21,125,119.9859375,-5.014062499999994
5,22,125,119.95625,-5.043750000000003
5,23,125,119.45066964285711,-5.5493303571428925
5,24,125,118.9715625,-6.0284374999999955
5,25,125,119.85520833333332,-5.144791666666677
5,26,125,119.93813802083335,-5.06186197916665
5,27,125,119.75501302083333,-5.244986979166669
5,28,125,119.83653761061949,-5.163462389380513
5,29,125,119.78692708333335,-5.213072916666647
5,30,125,119.9536458333333,-5.046354166666703
5,31,125,119.91770833333335,-5.082291666666649
5,32,125,119.75930654158216,-5.240693458417837
5,33,125,119.18258928571431,-5.8174107142856855
5,34,125,119.72520833333333,-5.2747916666666725
5,35,125,119.64612699962159,-5.353873000378414
5,36,125,119.55393693531214,-5.446063064687863
5,37,125,119.14784564393938,-5.852154356060623
5,38,125,119.76986823490427,-5.230131765095734
5,39,125,119.55037080525058,-5.44962919474942
5,40,125,119.13504622236997,-5.864953777630035
5,41,125,118.31610457251084,-6.683895427489162
5,42,125,116.98587728243976,-8.014122717560241
5,43,125,116.83897321428574,-8.161026785714256
5,44,125,118.52896179768206,-6.471038202317942
5,45,125,119.3564660493827,-5.643533950617297
5,46,125,119.1724035493827,-5.827596450617307
5,47,125,119.51850473985891,-5.481495260141088
5,48,125,119.20832616843033,-5.791673831569668
5,49,125,119.25066964285713,-5.749330357142867
5,50,125,119.4174879184347,-5.582512081565298
5,51,125,118.30171130952381,-6.69828869047619
5,52,125,118.55093223881356,-6.449067761186441
5,53,125,110.82971428571432,-14.170285714285683
5,54,125,118.88440824954246,-6.11559175045754
5,55,125,119.70160335998878,-5.2983966400112195
5,56,125,119.77595321268238,-5.224046787317619
5,57,125,119.74721836419754,-5.252781635802464
5,58,125,119.57979938271606,-5.420200617283939
5,59,125,119.56442234848487,-5.435577651515132
5,60,125,119.22222064393941,-5.7777793560605915
5,61,125,118.72117776654689,-6.278822233453113
5,62,125,118.91927280563345,-6.0807271943665455
5,63,125,119.50331140350877,-5.496688596491225
5,64,125,119.88283564814814,-5.117164351851855
5,65,125,118.7972023809524,-6.202797619047601
5,66,125,118.02811810501325,-6.971881894986751
5,67,125,118.46169642857141,-6.538303571428585
5,68,125,117.96014895951464,-7.03985104048536
5,69,125,118.39138194811082,-6.608618051889181
5,70,125,117.97518628747795,-7.024813712522047
5,71,125,117.18486607142856,-7.815133928571441
5,72,125,117.32412202380954,-7.675877976190463
5,73,125,117.6160119047619,-7.383988095238095
5,74,125,113.78138888888887,-11.21861111111113
5,75,125,113.08430508613813,-11.91569491386187
5,76,125,112.82055954541343,-12.179440454586569
5,77,125,112.94878248845814,-12.051217511541864
5,78,125,113.71734746418329,-11.282652535816709
5,79,125,108.15447263093078,-16.845527369069217
5,80,125,113.64763776599332,-11.352362234006677
5,81,125,114.2897337345349,-10.710266265465094
5,82,125,113.19707940568216,-11.80292059431784
5,83,125,112.78278311648987,-12.217216883510133
5,84,125,115.86960292585157,-9.130397074148433
5,85,125,109.32150304463002,-15.67849695536998
5,86,125,115.22677370260456,-9.77322629739544
5,87,125,110.2692463745042,-14.730753625495794
5,88,125,114.24897011421703,-10.75102988578297
5,89,125,114.23210563170883,-10.767894368291167
5,90,125,113.94449679309454,-11.055503206905456
5,91,125,114.9193055097707,-10.080694490229305
5,92,125,111.79079613095239,-13.209203869047613
5,93,125,116.21245863219949,-8.787541367800515
5,94,125,115.73189701781095,-9.268102982189049
5,95,125,115.55721991010789,-9.44278008989211
5,96,125,116.36881294329491,-8.631187056705087
5,97,125,113.93453699273573,-11.06546300726427
5,98,125,116.81803276114731,-8.181967238852693
5,99,125,114.30048708431082,-10.699512915689184
5,100,125,112.84836677941937,-12.151633220580635
5,101,125,109.38986021726654,-15.610139782733455
5,102,125,112.98798174424624,-12.012018255753759
5,103,125,104.28824595543344,-20.71175404456656
5,104,125,106.90283819779825,-18.097161802201754
5,105,125,106.48777187039896,-18.51222812960104
5,106,125,111.01093590549053,-13.989064094509473
5,107,125,104.52878040890266,-20.471219591097338
5,108,125,102.07267059143855,-22.927329408561448
5,109,125,107.13652694821174,-17.86347305178826
5,110,125,111.37563771871176,-13.624362281288242
5,111,125,103.02245785440616,-21.977542145593844
5,112,125,106.41110931249332,-18.588890687506677
5,113,125,109.35116479843309,-15.64883520156691
5,114,125,109.07564556261063,-15.924354437389368
5,115,125,111.99419651574854,-13.005803484251459
5,116,125,113.65406881264614,-11.345931187353855
5,117,125,109.60508083531434,-15.39491916468566
5,118,125,108.16094034345159,-16.839059656548415
5,119,125,113.23476964124086,-11.76523035875914
5,120,125,97.13136904761906,-27.86863095238094
5,121,125,108.43142904468839,-16.568570955311614
5,122,125,107.09874953547008,-17.901250464529923
5,123,125,99.31829652255638,-25.68170347744362
5,124,125,101.59951789432765,-23.400482105672353
5,125,125,109.93956495461323,-15.060435045386768
5,126,125,100.1387510680109,-24.861248931989095
5,127,125,108.72662178185108,-16.27337821814892
5,128,125,104.75550523718259,-20.24449476281741
5,129,125,97.43583643813263,-27.564163561867375
5,130,125,105.26303046195987,-19.736969538040128
5,131,125,101.1805959241805,-23.819404075819506
5,132,125,103.7174247791734,-21.2825752208266
5,133,125,105.76996379811476,-19.23003620188524
5,134,125,107.40797007770259,-17.592029922297414
5,135,125,106.3757113089061,-18.624288691093895
5,136,125,108.17888758986066,-16.821112410139335
5,137,125,87.98322916666666,-37.01677083333334
5,138,125,112.66095886324256,-12.339041136757444
5,139,125,102.41103876418988,-22.588961235810118
5,140,125,106.18680307539682,-18.813196924603176
5,141,125,109.13335565660464,-15.866644343395365
5,142,125,107.67110105673262,-17.328898943267376
5,143,125,109.89496819867081,-15.10503180132919
5,144,125,99.38885634999312,-25.61114365000688
5,145,124,107.91490472614187,-16.08509527385813
5,146,123,105.7864668502128,-17.213533149787196
5,147,122,110.14227537643089,-11.857724623569112
5,148,121,105.62192556017365,-15.37807443982635
5,149,120,102.49993631725845,-17.500063682741555
5,150,119,100.0566996141387,-18.943300385861306
5,151,118,108.7417415979321,-9.258258402067895
5,152,117,90.62065679112553,-26.379343208874474
5,153,116,97.24877305894341,-18.751226941056586
5,154,115,100.13263431580303,-14.867365684196969
5,155,114,92.93478874600686,-21.06521125399314
5,156,113,94.37728422619047,-18.62271577380953
5,157,112,87.13950792487086,-24.860492075129144
5,158,111,86.14064055735932,-24.85935944264068
5,159,110,93.01898996114234,-16.98101003885766
5,160,109,81.52270089285715,-27.477299107142855
5,161,108,91.44287946428572,-16.557120535714276
5,162,107,86.96004712301588,-20.039952876984117
5,163,106,84.80978192601424,-21.19021807398576
5,164,105,88.91775914732952,-16.08224085267048
5,165,104,83.7978631784882,-20.2021368215118
5,166,103,89.49853305137846,-13.501466948621541
5,167,102,95.02398762695641,-6.976012373043588
5,168,101,90.20474456357492,-10.79525543642508
5,169,100,78.44017423548674,-21.559825764513263
5,170,99,79.96368456196583,-19.036315438034165
5,171,98,84.58490522767465,-13.415094772325347
5,172,97,79.28661399976657,-17.713386000233427
5,173,96,79.08216517857142,-16.917834821428585
5,174,95,90.87756177849928,-4.122438221500715
5,175,94,78.06882565807732,-15.931174341922684
5,176,93,79.5513025415739,-13.448697458426096
5,177,92,74.34828782940912,-17.651712170590883
5,178,91,73.48418470418468,-17.515815295815315
5,179,90,71.88338293650791,-18.116617063492086
5,180,89,71.93050347222223,-17.069496527777773
5,181,88,78.58081304112554,-9.419186958874462
5,182,87,78.57072916666664,-8.429270833333362
5,183,86,73.61590773809522,-12.384092261904783
5,184,85,73.71187364718615,-11.288126352813848
5,185,84,65.54715277777774,-18.45284722222226
5,186,83,73.62190352182539,-9.378096478174612
5,187,82,73.27777208800185,-8.722227911998147
5,188,81,72.58157738095238,-8.418422619047618
5,189,80,71.27158234126982,-8.72841765873018
5,190,79,66.70639249639248,-12.293607503607518
5,191,78,64.07513076423099,-13.924869235769009
5,192,77,60.45380387931034,-16.546196120689658
5,193,76,61.563266369047625,-14.436733630952375
5,194,75,57.05021756978655,-17.949782430213453
5,195,74,62.175890376984086,-11.824109623015914
5,196,73,58.93012400793653,-14.069875992063473
5,197,72,63.3507462970653,-8.6492537029347
5,198,71,58.278160417119224,-12.721839582880776
5,199,70,56.51544577589807,-13.484554224101927
5,200,69,60.235840336134444,-8.764159663865556
5,201,68,59.16360524891772,-8.836394751082281
5,202,67,57.81527010658914,-9.18472989341086
5,203,66,58.3999742965368,-7.600025703463203
5,204,65,56.75605722402595,-8.243942775974048
5,205,64,57.31867324561405,-6.68132675438595
5,206,63,55.00267172429177,-7.997328275708227
5,207,62,55.82237080103359,-6.177629198966407
5,208,61,52.691783008658014,-8.308216991341986
5,209,60,54.972224702380935,-5.0277752976190655
5,210,59,48.86438244047622,-10.13561755952378
5,211,58,47.87615440115441,-10.123845598845591
5,212,57,49.53987351190477,-7.460126488095227
5,213,56,45.458400297619036,-10.541599702380964
5,214,55,45.95767113095239,-9.042328869047608
5,215,54,44.071721230158715,-9.928278769841285
5,216,53,40.85225446428571,-12.147745535714293
5,217,52,42.55221726190475,-9.447782738095249
5,218,51,44.502080853174625,-6.4979191468253745
5,219,50,43.441354786706356,-6.558645213293644
5,220,49,40.72631696428572,-8.273683035714278
5,221,48,41.893363095238094,-6.106636904761906
5,222,47,40.55066220238096,-6.449337797619037
5,223,46,37.56119543650793,-8.43880456349207
5,224,45,35.86820684523809,-9.131793154761908
5,225,44,35.6144494047619,-8.3855505952381
5,226,43,32.99631200396824,-10.003687996031758
5,227,42,33.97024553571428,-8.029754464285723
5,228,41,35.6064268543956,-5.3935731456044
5,229,40,30.836099995581904,-9.163900004418096
5,230,39,28.50309173669467,-10.496908263305329
5,231,38,30.870979662698403,-7.129020337301597
5,232,37,28.266163194444452,-8.733836805555548
5,233,36,27.848779761904773,-8.151220238095227
5,234,35,29.812291666666667,-5.187708333333333
5,235,34,27.036334325396822,-6.9636656746031775
5,236,33,27.980349702380963,-5.019650297619037
5,237,32,25.02190476190477,-6.978095238095229
5,238,31,26.06583333333333,-4.93416666666667
5,239,30,24.772157738095228,-5.227842261904772
5,240,29,21.820833333333333,-7.179166666666667
5,241,28,20.674649974120086,-7.325350025879914
5,242,27,18.759910390786743,-8.240089609213257
5,243,26,18.36521577380952,-7.6347842261904795
5,244,25,15.808816640786752,-9.191183359213248
5,245,24,19.69708333333333,-4.302916666666668
5,246,23,14.325416666666666,-8.674583333333334
5,247,22,14.905451388888881,-7.094548611111119
5,248,21,14.148144841269833,-6.851855158730167
5,249,20,10.720104166666667,-9.279895833333333
5,250,19,13.567418154761906,-5.432581845238094
5,251,18,12.712251984126986,-5.287748015873014
5,252,17,15.200096726190477,-1.799903273809523
5,253,16,10.964045138888887,-5.035954861111113
5,254,15,10.533792162698408,-4.466207837301592
5,255,14,8.617996031746031,-5.382003968253969
5,256,13,5.124221230158735,-7.875778769841265
5,257,12,4.472217261904765,-7.527782738095235
5,258,11,4.238846726190477,-6.761153273809523
5,259,10,1.4752852182539673,-8.524714781746033
5,260,9,3.6495833333333287,-5.350416666666671
5,261,8,2.5968824404761914,-5.403117559523809
5,262,7,4.657113095238092,-2.342886904761908
5,263,6,1.839784226190476,-4.160215773809524
5,264,5,0.26899801587301475,-4.731001984126985
5,265,4,0.0,-4.0
5,266,3,0.0,-3.0
5,267,2,0.0,-2.0
5,268,1,0.0,-1.0
5,269,0,0.0,0.0
6,1,125,115.24998516033773,-9.75001483966227
6,2,125,111.38625049145449,-13.61374950854551
6,3,125,117.02474403896,-7.975255961040006
6,4,125,115.93011569577763,-9.06988430422237
6,5,125,114.96544707113458,-10.034552928865423
6,6,125,114.88317034590152,-10.116829654098481
6,7,125,116.1144498472353,-8.885550152764694
6,8,125,115.57379433418683,-9.426205665813171
6,9,125,112.78489597581374,-12.21510402418626
6,10,125,111.62914047322904,-13.370859526770957
6,11,125,114.10764196419309,-10.892358035806907
6,12,125,114.75482177037341,-10.245178229626589
6,13,125,113.56472063608862,-11.435279363911377
6,14,125,116.25480399305209,-8.745196006947907
6,15,125,115.90075849989849,-9.099241500101513
6,16,125,117.79797529621672,-7.20202470378328
6,17,125,114.63950013994739,-10.360499860052613
6,18,125,110.68817421020863,-14.31182578979137
6,19,125,114.00535127357675,-10.99464872642325
6,20,125,116.18109554471691,-8.81890445528309
6,21,125,116.20220493834015,-8.797795061659855
6,22,125,116.44344765793228,-8.556552342067718
6,23,125,116.88472527782992,-8.115274722170085
6,24,125,116.76741777334503,-8.23258222665497
6,25,125,117.88105408250972,-7.118945917490279
6,26,125,114.99124300554217,-10.008756994457826
6,27,125,117.71281527616752,-7.287184723832482
6,28,125,117.74289245531415,-7.2571075446858515
6,29,125,115.13783937625752,-9.862160623742483
6,30,125,115.2943415112463,-9.705658488753699
6,31,125,116.77727195127343,-8.222728048726566
6,32,125,116.53334025623481,-8.466659743765192
6,33,125,115.55935967205127,-9.440640327948728
6,34,125,112.73437577077206,-12.265624229227939
6,35,125,113.44487266665945,-11.55512733334055
6,36,125,112.96581126059382,-12.034188739406176
6,37,125,113.78996354745054,-11.21003645254946
6,38,125,113.21881672787667,-11.781183272123329
6,39,125,113.23211090659558,-11.76788909340442
6,40,125,114.00828432596845,-10.991715674031553
6,41,125,107.02408424640325,-17.97591575359675
6,42,125,112.99776317774351,-12.002236822256492
6,43,125,110.66326278465633,-14.336737215343675
6,44,125,112.03197448087924,-12.968025519120758
6,45,125,111.46846488497222,-13.53153511502778
6,46,125,112.70020044936385,-12.299799550636152
6,47,125,112.13552369630739,-12.864476303692612
6,48,125,113.36770582835818,-11.632294171641817
6,49,125,110.89460109516799,-14.105398904832015
6,50,125,112.8352777173051,-12.164722282694896
6,51,125,113.11925015115635,-11.88074984884365
6,52,125,110.94115346397612,-14.058846536023879
6,53,125,111.32901542237553,-13.670984577624466
6,54,125,112.40215350315334,-12.597846496846657
6,55,125,111.53334513163149,-13.466654868368508
6,56,125,112.11125918302824,-12.888740816971762
6,57,125,113.42338798858115,-11.576612011418845
6,58,125,109.60601655796313,-15.39398344203687
6,59,125,108.77731069382862,-16.222689306171375
6,60,125,104.9583910661432,-20.041608933856807
6,61,125,104.58875325070474,-20.41124674929526
6,62,125,106.02914297496747,-18.97085702503253
6,63,125,105.24009705013512,-19.75990294986488
6,64,124,106.12274640945785,-17.877253590542153
6,65,123,106.15564325299704,-16.844356747002962
6,66,122,108.84607088319191,-13.153929116808087
6,67,121,106.15960172149985,-14.840398278500146
6,68,120,107.7398483238762,-12.260151676123797
6,69,119,106.38845040381557,-12.611549596184432
6,70,118,101.98528677408301,-16.014713225916992
6,71,117,105.97174903365435,-11.028250966345652
6,72,116,106.5911862444018,-9.408813755598203
6,73,115,104.04944242255347,-10.950557577446531
6,74,114,103.18871965573695,-10.811280344263054
6,75,113,101.55833188988416,-11.441668110115842
6,76,112,96.07282031857417,-15.927179681425827
6,77,111,93.15516865079363,-17.844831349206373
6,78,110,94.69601543605215,-15.30398456394785
6,79,109,90.99807472909036,-18.001925270909638
6,80,108,92.29776479341739,-15.702235206582614
6,81,107,93.71668078449329,-13.283319215506708
6,82,106,94.52142545150649,-11.478574548493512
6,83,105,86.87242107259571,-18.127578927404286
6,84,104,92.30745334636386,-11.692546653636143
6,85,103,89.51877403846154,-13.481225961538456
6,86,102,88.61106537469297,-13.38893462530703
6,87,101,93.70582928897649,-7.2941707110235114
6,88,100,99.75361178429925,-0.24638821570074754
6,89,99,87.64900778808976,-11.350992211910238
6,90,98,97.0224816319732,-0.9775183680267929
6,91,97,98.38975048404863,1.3897504840486334
6,92,96,88.57204700328407,-7.427952996715931
6,93,95,91.9794336374832,-3.020566362516803
6,94,94,93.30546683475255,-0.6945331652474493
6,95,93,91.71004592921213,-1.2899540707878714
6,96,92,86.7711671401515,-5.228832859848495
6,97,91,82.55045501373627,-8.449544986263732
6,98,90,78.62264476294907,-11.377355237050935
6,99,89,72.02565498737374,-16.97434501262626
6,100,88,77.92933989804055,-10.070660101959447
6,101,87,76.0312784090909,-10.968721590909098
6,102,86,73.79051354347405,-12.209486456525951
6,103,85,73.10251117851445,-11.897488821485553
6,104,84,81.09144642857143,-2.9085535714285697
6,105,83,81.79721726190476,-1.2027827380952374
6,106,82,75.74051587301584,-6.259484126984162
6,107,81,76.77688492063493,-4.223115079365073
6,108,80,73.96999858276642,-6.030001417233578
6,109,79,78.68177816182906,-0.31822183817094185
6,110,78,78.05633087474119,0.05633087474119236
6,111,77,79.48324900793651,2.4832490079365073
6,112,76,76.4692019557823,0.46920195578229595
6,113,75,70.88523683608057,-4.114763163919434
6,114,74,72.5953743131868,-1.4046256868132048
6,115,73,72.09416108630951,-0.9058389136904879
6,116,72,68.24622159090909,-3.7537784090909128
6,117,71,68.53559709821428,-2.464402901785718
6,118,70,61.6490419372294,-8.350958062770601
6,119,69,62.96755952380951,-6.032440476190487
6,120,68,59.138313278837174,-8.861686721162826
6,121,67,57.52375190781439,-9.476248092185607
6,122,66,61.58875663756177,-4.411243362438228
6,123,65,53.300008394383404,-11.699991605616596
6,124,64,52.134129464285685,-11.865870535714315
6,125,63,54.61280821608945,-8.387191783910552
6,126,62,47.6662621397243,-14.333737860275697
6,127,61,48.391889880952384,-12.608110119047616
6,128,60,58.1882291666667,-1.8117708333332985
6,129,59,64.2899348958334,5.289934895833397
6,130,58,52.98566666666669,-5.014333333333312
6,131,57,47.36318452380952,-9.636815476190478
6,132,56,58.45171775793652,2.451717757936521
6,133,55,57.07829861111111,2.0782986111111086
6,134,54,51.021227678571414,-2.978772321428586
6,135,53,54.89197296626984,1.8919729662698401
6,136,52,54.56076231060606,2.5607623106060586
6,137,51,51.72352182539684,0.723521825396837
6,138,50,49.239564579553665,-0.7604354204463348
6,139,49,41.05354376291878,-7.946456237081222
6,140,48,41.13723747644265,-6.86276252355735
6,141,47,40.95061920483795,-6.049380795162051
6,142,46,32.964002976190486,-13.035997023809514
6,143,45,25.9830287247475,-19.0169712752525
6,144,44,32.84581101190476,-11.154188988095243
6,145,43,31.51357468239823,-11.486425317601771
6,146,42,29.467531114718625,-12.532468885281375
6,147,41,23.699799107142848,-17.300200892857152
6,148,40,23.170652958152953,-16.829347041847047
6,149,39,23.03778138528138,-15.96221861471862
6,150,38,23.317209821428566,-14.682790178571434
6,151,37,23.307123477297885,-13.692876522702115
6,152,36,19.975069444444447,-16.024930555555553
6,153,35,23.929742063492075,-11.070257936507925
6,154,34,21.086912202380955,-12.913087797619045
6,155,33,18.982339251107412,-14.017660748892588
6,156,32,16.306101190476188,-15.693898809523812
6,157,31,18.5762003968254,-12.4237996031746
6,158,30,15.989503968253963,-14.010496031746037
6,159,29,18.87209077380953,-10.127909226190472
6,160,28,17.074925595238096,-10.925074404761904
6,161,27,17.12617109634551,-9.873828903654491
6,162,26,18.398558322069128,-7.601441677930872
6,163,25,15.85650027056277,-9.14349972943723
6,164,24,13.455131222943724,-10.544868777056276
6,165,23,10.641651785714284,-12.358348214285716
6,166,22,9.243233676046177,-12.756766323953823
6,167,21,8.046401289682539,-12.953598710317461
6,168,20,10.243869047619048,-9.756130952380952
6,169,19,8.111448412698413,-10.888551587301587
6,170,18,6.96988343253968,-11.03011656746032
6,171,17,5.50660094246032,-11.49339905753968
6,172,16,5.254114583333335,-10.745885416666665
6,173,15,5.831784474206353,-9.168215525793647
6,174,14,6.454050099206347,-7.545949900793653
6,175,13,3.217522948820502,-9.782477051179498
6,176,12,4.118291170634919,-7.881708829365081
6,177,11,2.353759920634924,-8.646240079365075
6,178,10,1.3902083333333328,-8.609791666666666
6,179,9,0.41949652777777846,-8.580503472222222
6,180,8,0.0,-8.0
6,181,7,0.5595535714285687,-6.440446428571431
6,182,6,0.22998511904762076,-5.770014880952379
6,183,5,0.0,-5.0
6,184,4,0.0,-4.0
6,185,3,0.0,-3.0
6,186,2,0.0,-2.0
6,187,1,0.0,-1.0
6,188,0,0.0,0.0
7,1,125,118.6986294289685,-6.301370571031498
7,2,125,114.77463412341031,-10.225365876589692
7,3,125,119.20545130927322,-5.794548690726785
7,4,125,115.40368675595239,-9.596313244047607
7,5,125,116.56369705815018,-8.436302941849817
7,6,125,114.77298797616216,-10.227012023837844
7,7,125,116.69634807190562,-8.303651928094382
7,8,125,118.8394989810862,-6.160501018913806
7,9,125,118.5147920355433,-6.4852079644567056
7,10,125,118.87422095005039,-6.125779049949614
7,11,125,116.37741600157975,-8.622583998420254
7,12,125,117.5694083879728,-7.4305916120272
7,13,125,118.86487927744267,-6.135120722557332
7,14,125,118.92746358301524,-6.072536416984761
7,15,125,118.1370386527617,-6.862961347238297
7,16,125,117.86705177303563,-7.132948226964373
7,17,125,118.37632991515548,-6.62367008484452
7,18,125,117.71115541113598,-7.288844588864023
7,19,125,119.20381018521348,-5.796189814786516
7,20,125,119.5239126408984,-5.476087359101598
7,21,125,119.00394260797809,-5.9960573920219105
7,22,125,118.73859444464514,-6.261405555354855
7,23,125,119.73233484968148,-5.267665150318521
7,24,125,119.21490509682121,-5.785094903178788
7,25,125,119.60001737223858,-5.399982627761418
7,26,125,118.20142517671502,-6.79857482328498
7,27,125,115.83795765811371,-9.162042341886291
7,28,125,118.101698551918,-6.898301448081995
7,29,125,118.23160391123818,-6.768396088761818
7,30,125,118.61129234455129,-6.388707655448712
7,31,125,118.59970723871348,-6.400292761286522
7,32,125,116.92645022521035,-8.073549774789655
7,33,125,119.13166750739406,-5.868332492605944
7,34,125,118.50887110664421,-6.491128893355793
7,35,125,117.64056469298244,-7.359435307017563
7,36,125,119.11905329703514,-5.880946702964863
7,37,125,119.53374750468997,-5.46625249531003
7,38,125,119.54644312980574,-5.453556870194262
7,39,125,116.45819469460055,-8.54180530539945
7,40,125,118.85056892862079,-6.149431071379212
7,41,125,119.23320987291677,-5.766790127083226
7,42,125,117.59771859107722,-7.402281408922775
7,43,125,119.14470251806976,-5.855297481930236
7,44,125,118.40788228155338,-6.592117718446616
7,45,125,118.1356004259502,-6.8643995740497985
7,46,125,118.88266887833115,-6.117331121668855
7,47,125,118.32526662980467,-6.674733370195327
7,48,125,118.7849274550197,-6.215072544980302
7,49,125,119.11914039352595,-5.880859606474047
7,50,125,116.47485140174331,-8.525148598256692
7,51,125,112.01898589908122,-12.981014100918784
7,52,125,113.88700207937896,-11.11299792062104
7,53,125,114.71950616043209,-10.28049383956791
7,54,125,114.2270311913455,-10.772968808654497
7,55,125,115.4139617559309,-9.586038244069101
7,56,125,115.4690897309027,-9.530910269097305
7,57,125,112.069551408413,-12.930448591586995
7,58,125,113.22376410201232,-11.776235897987675
7,59,125,113.27571993496557,-11.724280065034435
7,60,125,111.44189283029479,-13.55810716970521
7,61,125,115.76488466141397,-9.235115338586027
7,62,125,116.07103317214788,-8.928966827852122
7,63,125,115.73341279313482,-9.266587206865182
7,64,125,117.89516387892847,-7.1048361210715285
7,65,125,115.0936008663029,-9.906399133697093
7,66,125,115.9200610552002,-9.079938944799807
7,67,125,113.9693000822875,-11.030699917712496
7,68,125,113.67951590055361,-11.32048409944639
7,69,125,112.23118287441795,-12.768817125582046
7,70,125,115.05507018654683,-9.944929813453172
7,71,125,111.40992534648694,-13.590074653513057
7,72,125,115.48698820292809,-9.513011797071911
7,73,125,116.5692164900772,-8.430783509922804
7,74,125,114.77523482524464,-10.224765174755362
7,75,125,112.52119490227494,-12.478805097725058
7,76,125,109.73178973115682,-15.268210268843177
7,77,125,113.48047185766393,-11.519528142336071
7,78,125,109.41761672649804,-15.58238327350196
7,79,125,109.47538509725977,-15.524614902740225
7,80,125,112.30346120857514,-12.696538791424857
7,81,125,110.86472372189488,-14.135276278105124
7,82,125,110.29508054874968,-14.70491945125032
7,83,125,111.15614264485025,-13.843857355149751
7,84,125,109.89852426475298,-15.101475735247021
7,85,125,114.28370091498,-10.716299085019998
7,86,125,115.00082879778697,-9.999171202213034
7,87,125,113.02500238523439,-11.974997614765613
7,88,125,109.24333465025579,-15.75666534974421
7,89,125,112.45518197975517,-12.544818020244833
7,90,125,112.45389687485881,-12.546103125141187
7,91,125,110.57126396357678,-14.428736036423217
7,92,125,112.52916543721567,-12.470834562784333
7,93,125,110.41924295856477,-14.580757041435234
7,94,125,114.59222273599626,-10.407777264003741
7,95,125,115.55861644303243,-9.441383556967565
7,96,125,109.85537357104772,-15.144626428952279
7,97,125,112.55482431493121,-12.44517568506879
7,98,125,112.73738267478345,-12.262617325216553
7,99,125,106.09922583348093,-18.90077416651907
7,100,125,111.11002355009357,-13.889976449906428
7,101,125,107.83288631305314,-17.167113686946863
7,102,125,105.45117609635422,-19.548823903645783
7,103,125,109.96297740067018,-15.037022599329816
7,104,125,107.33564884509767,-17.664351154902334
7,105,125,101.56354660378516,-23.436453396214844
7,106,125,107.85848488447377,-17.141515115526232
7,107,125,103.42340592900776,-21.576594070992243
7,108,125,109.29115329801353,-15.708846701986474
7,109,125,113.82536856386173,-11.17463143613827
7,110,125,110.16206963854388,-14.837930361456117
7,111,125,111.94070561229384,-13.05929438770616
7,112,125,111.92786230920315,-13.07213769079685
7,113,125,109.28693746729462,-15.71306253270538
7,114,125,106.31926621835444,-18.680733781645557
7,115,125,101.45447758806492,-23.54552241193508
7,116,125,103.3501583349134,-21.649841665086598
7,117,125,103.90475162484965,-21.095248375150348
7,118,125,100.00978732723021,-24.990212672769786
7,119,125,99.05593188631599,-25.94406811368401
7,120,125,100.17568242232338,-24.824317577676624
7,121,125,94.14451270462465,-30.855487295375355
7,122,125,100.33526989711439,-24.664730102885613
7,123,125,104.20058035798858,-20.799419642011415
7,124,125,99.56819885881475,-25.431801141185247
7,125,125,101.1854575689704,-23.814542431029594
7,126,125,102.96787022972894,-22.032129770271055
7,127,125,102.11023818380704,-22.88976181619296
7,128,125,101.74977830279356,-23.25022169720644
7,129,125,104.17092788009472,-20.829072119905277
7,130,125,104.7961353822654,-20.203864617734595
7,131,125,106.87216801181489,-18.127831988185108
7,132,125,100.18658078677473,-24.813419213225274
7,133,125,104.04114868535146,-20.95885131464854
7,134,125,99.54867487376563,-25.451325126234366
7,135,124,101.34379294146186,-22.656207058538143
7,136,123,98.17291157634995,-24.827088423650054
7,137,122,98.85415194125525,-23.145848058744747
7,138,121,87.1976585888731,-33.8023414111269
7,139,120,96.48001657330813,-23.519983426691866
7,140,119,94.05819934086547,-24.94180065913453
7,141,118,99.41863263720923,-18.581367362790772
7,142,117,95.96167603314171,-21.038323966858286
7,143,116,96.56299060569711,-19.43700939430289
7,144,115,91.4712563984188,-23.528743601581198
7,145,114,93.3338936148635,-20.6661063851365
7,146,113,89.14426505683862,-23.85573494316138
7,147,112,88.89955299997699,-23.10044700002301
7,148,111,85.91704878100717,-25.082951218992832
7,149,110,89.76459351414772,-20.23540648585228
7,150,109,89.27386633748714,-19.726133662512865
7,151,108,84.29395008108419,-23.70604991891581
7,152,107,88.48608502395511,-18.513914976044887
7,153,106,79.45434651947403,-26.54565348052597
7,154,105,79.72030532972147,-25.27969467027853
7,155,104,90.3077843030964,-13.692215696903602
7,156,103,82.21713311157797,-20.782866888422035
7,157,102,84.66443141723475,-17.335568582765248
7,158,101,91.7817022391711,-9.218297760828904
7,159,100,84.6339293452569,-15.366070654743098
7,160,99,84.11393113360774,-14.886068866392264
7,161,98,93.8681229765574,-4.131877023442598
7,162,97,80.32629073584995,-16.673709264150048
7,163,96,74.0736731150794,-21.9263268849206
7,164,95,86.19976610529646,-8.800233894703538
7,165,94,91.6906701093903,-2.3093298906097033
7,166,93,83.8138811385875,-9.186118861412496
7,167,92,88.05027141310839,-3.9497285868916094
7,168,91,84.24290619762075,-6.757093802379245
7,169,90,79.80137130230881,-10.198628697691191
7,170,89,88.09824246123976,-0.9017575387602363
7,171,88,93.12826764728047,5.128267647280467
7,172,87,71.07123771269112,-15.928762287308885
7,173,86,78.1039619079631,-7.896038092036903
7,174,85,88.47957330081367,3.4795733008136693
7,175,84,70.61435466681452,-13.38564533318548
7,176,83,78.42800202852196,-4.571997971478041
7,177,82,80.57964339448303,-1.4203566055169716
7,178,81,74.13170860389609,-6.868291396103913
7,179,80,78.30711854628215,-1.6928814537178454
7,180,79,85.99565618684073,6.995656186840733
7,181,78,79.90279041476515,1.9027904147651498
7,182,77,84.77615426695334,7.776154266953341
7,183,76,75.1659637677923,-0.8340362322076942
7,184,75,81.34110177238625,6.341101772386253
7,185,74,71.4420712718796,-2.5579287281204017
7,186,73,80.64820063388208,7.648200633882084
7,187,72,78.3231685965599,6.323168596559896
7,188,71,75.22323266806723,4.223232668067226
7,189,70,62.41930059523807,-7.58069940476193
7,190,69,73.01615837869147,4.016158378691472
7,191,68,65.3761583468615,-2.6238416531384985
7,192,67,71.70266504329007,4.702665043290068
7,193,66,78.7414775889035,12.741477588903507
7,194,65,69.19268238705737,4.192682387057374
7,195,64,72.60688887965357,8.606888879653567
7,196,63,67.07283416840775,4.072834168407752
7,197,62,55.921414857609705,-6.0785851423902955
7,198,61,73.27901666866498,12.27901666866498
7,199,60,70.97468790589402,10.974687905894015
7,200,59,73.97568464408478,14.97568464408478
7,201,58,60.62972927909509,2.6297292790950877
7,202,57,70.50851789609712,13.508517896097118
7,203,56,61.1930085279304,5.193008527930402
7,204,55,56.82423611111111,1.8242361111111123
7,205,54,60.98911054745811,6.989110547458111
7,206,53,66.85642113095238,13.856421130952384
7,207,52,58.54693722943724,6.5469372294372405
7,208,51,66.82771183473385,15.827711834733847
7,209,50,59.123991158963605,9.123991158963605
7,210,49,57.53632316805264,8.53632316805264
7,211,48,56.79937219827078,8.799372198270781
7,212,47,51.26822871572873,4.268228715728732
7,213,46,54.81960317460319,8.819603174603188
7,214,45,55.27393275923758,10.273932759237582
7,215,44,53.24808982683984,9.248089826839838
7,216,43,47.675947420634905,4.675947420634905
7,217,42,42.14636027167277,0.14636027167276922
7,218,41,46.78139880952381,5.781398809523807
7,219,40,44.829119543650805,4.829119543650805
7,220,39,46.38168154761903,7.381681547619031
7,221,38,46.183018353174575,8.183018353174575
7,222,37,40.76618055555556,3.7661805555555574
7,223,36,47.012278814935065,11.012278814935065
7,224,35,38.895088834776345,3.8950888347763453
7,225,34,43.674157247340425,9.674157247340425
7,226,33,39.1050744047619,6.1050744047619006
7,227,32,33.74844303266178,1.7484430326617826
7,228,31,36.77181547619049,5.77181547619049
7,229,30,35.15005343614716,5.150053436147161
7,230,29,29.618735119047635,0.6187351190476349
7,231,28,31.385707521645003,3.3857075216450028
7,232,27,27.488963293650784,0.4889632936507837
7,233,26,26.870446428571434,0.8704464285714337
7,234,25,27.87061011904762,2.870610119047619
7,235,24,29.306242559523795,5.306242559523795
7,236,23,29.936830357142846,6.936830357142846
7,237,22,21.089423363095243,-0.9105766369047572
7,238,21,26.687797619047608,5.687797619047608
7,239,20,22.634722222222216,2.6347222222222157
7,240,19,17.22086681547619,-1.7791331845238112
7,241,18,13.629069940476185,-4.370930059523815
7,242,17,17.600354662698408,0.6003546626984075
7,243,16,12.987162698412696,-3.012837301587304
7,244,15,12.87349702380952,-2.12650297619048
7,245,14,9.824250090187585,-4.175749909812415
7,246,13,8.654136904761902,-4.345863095238098
7,247,12,6.218430059523808,-5.781569940476192
7,248,11,4.459159226190472,-6.540840773809528
7,249,10,7.3481324404761885,-2.6518675595238115
7,250,9,5.526001013630085,-3.4739989863699154
7,251,8,4.921621053312627,-3.0783789466873728
7,252,7,0.4710644194271909,-6.528935580572809
7,253,6,1.4584868777056288,-4.541513122294371
7,254,5,0.0,-5.0
7,255,4,0.0,-4.0
7,256,3,0.21269345238095205,-2.787306547619048
7,257,2,0.0,-2.0
7,258,1,0.0,-1.0
7,259,0,0.0,0.0
8,1,125,99.98872241093181,-25.011277589068186
8,2,125,106.68170076566601,-18.318299234333992
8,3,125,111.6186109195849,-13.381389080415104
8,4,125,112.21580060771355,-12.784199392286453
8,5,125,112.14197326370413,-12.85802673629587
8,6,125,106.31001092647469,-18.68998907352531
8,7,125,112.04623278881886,-12.953767211181145
8,8,125,110.66800598911263,-14.331994010887371
8,9,125,109.13811148658712,-15.861888513412879
8,10,125,113.52638571107097,-11.473614288929028
8,11,125,111.87655744844892,-13.12344255155108
8,12,125,113.50210699228926,-11.497893007710744
8,13,125,111.61230787216307,-13.387692127836928
8,14,125,115.04009660885052,-9.959903391149481
8,15,125,110.99074182663352,-14.009258173366476
8,16,125,112.90506483107993,-12.094935168920074
8,17,125,116.4241265862244,-8.575873413775597
8,18,125,114.00118645600033,-10.998813543999674
8,19,125,113.73657723124549,-11.26342276875451
8,20,125,115.17668675275021,-9.823313247249786
8,21,125,115.44376174736878,-9.556238252631218
8,22,125,115.565356776119,-9.434643223880997
8,23,125,113.66444490888091,-11.33555509111909
8,24,125,115.69457660191424,-9.305423398085765
8,25,125,117.9871763191616,-7.012823680838395
8,26,124,114.54688991201078,-9.453110087989216
8,27,123,111.70032626347638,-11.299673736523616
8,28,122,115.4233127829689,-6.576687217031093
8,29,121,114.42543764396086,-6.574562356039138
8,30,120,112.74337299575502,-7.256627004244976
8,31,119,114.62954218485861,-4.370457815141393
8,32,118,114.51309641826988,-3.486903581730118
8,33,117,112.68383094539597,-4.316169054604032
8,34,116,110.96511826494796,-5.034881735052039
8,35,115,110.14619859908478,-4.853801400915216
8,36,114,108.6435432317451,-5.356456768254901
8,37,113,113.26827257107524,0.2682725710752436
8,38,112,114.26162417255526,2.2616241725552584
8,39,111,113.52846259107976,2.5284625910797587
8,40,110,115.33568895335956,5.335688953359565
8,41,109,111.8518842662043,2.8518842662042942
8,42,108,113.98089862220543,5.98089862220543
8,43,107,112.27360978275173,5.273609782751734
8,44,106,113.35439997589917,7.35439997589917
8,45,105,109.91832195935743,4.918321959357428
8,46,104,112.36059335500583,8.360593355005832
8,47,103,112.84448600091756,9.844486000917556
8,48,102,115.36198834229359,13.361988342293586
8,49,101,113.24288489884971,12.24288489884971
8,50,100,109.70186799862627,9.70186799862627
8,51,99,110.78055554004648,11.780555540046478
8,52,98,110.7109282365446,12.710928236544603
8,53,97,114.56637014506512,17.56637014506512
8,54,96,113.27209977345971,17.272099773459715
8,55,95,111.11146325618844,16.111463256188443
8,56,94,111.32434933700162,17.32434933700162
8,57,93,106.7661569324293,13.766156932429297
8,58,92,104.7312939557255,12.731293955725505
8,59,91,103.92932940814921,12.929329408149215
8,60,90,105.90499037933446,15.904990379334464
8,61,89,109.89258468428291,20.89258468428291
8,62,88,96.82608510443099,8.826085104430987
8,63,87,100.48798452915749,13.487984529157487
8,64,86,96.45396379321146,10.453963793211457
8,65,85,101.89483998706824,16.894839987068238
8,66,84,88.21100577200576,4.2110057720057625
8,67,83,91.74259089052286,8.742590890522862
8,68,82,100.21710827349393,18.217108273493935
8,69,81,101.6723526309112,20.672352630911206
8,70,80,100.21190902567821,20.21190902567821
8,71,79,101.98724719964869,22.987247199648692
8,72,78,104.07509852250898,26.07509852250898
8,73,77,100.05706918430648,23.057069184306485
8,74,76,106.16577772149648,30.165777721496482
8,75,75,106.37053232462287,31.37053232462287
8,76,74,110.42281400023042,36.42281400023042
8,77,73,103.82508917652015,30.82508917652015
8,78,72,104.57906995433488,32.579069954334884
8,79,71,93.50848995621848,22.508489956218483
8,80,70,92.3603764005602,22.3603764005602
8,81,69,85.52251181722689,16.522511817226885
8,82,68,85.13624543970813,17.136245439708134
8,83,67,94.00315095393643,27.003150953936427
8,84,66,86.4842086038961,20.484208603896107
8,85,65,82.27804315476193,17.27804315476193
8,86,64,78.54333581349208,14.543335813492078
8,87,63,81.56402529761905,18.564025297619054
8,88,62,69.07721494708996,7.077214947089956
8,89,61,78.86599025974024,17.865990259740244
8,90,60,70.94268601190477,10.942686011904769
8,91,59,76.72503376831503,17.72503376831503
8,92,58,81.91621279761907,23.916212797619067
8,93,57,83.92876293498172,26.92876293498172
8,94,56,80.00406150793651,24.004061507936512
8,95,55,68.94900927197799,13.949009271977985
8,96,54,72.08213146955075,18.082131469550745
8,97,53,70.85106472543971,17.851064725439713
8,98,52,65.36736689814813,13.367366898148134
8,99,51,55.151089527027,4.151089527026997
8,100,50,60.465024801587305,10.465024801587305
8,101,49,45.24813330564787,-3.751866694352131
8,102,48,46.143643715611375,-1.8563562843886245
8,103,47,49.85778506881523,2.8577850688152324
8,104,46,46.19637276785714,0.19637276785714164
8,105,45,46.747848523785436,1.7478485237854358
8,106,44,43.22886408730159,-0.7711359126984121
8,107,43,43.92466255252102,0.9246625525210206
8,108,42,41.62734666783378,-0.3726533321662231
8,109,41,38.99093253968254,-2.0090674603174605
8,110,40,36.54019345238094,-3.45980654761906
8,111,39,41.05795763930031,2.0579576393003123
8,112,38,38.657870115995124,0.6578701159951237
8,113,37,35.24350198412698,-1.7564980158730208
8,114,36,34.555708085317455,-1.4442919146825446
8,115,35,39.34503224206348,4.345032242063482
8,116,34,35.65996679535744,1.659966795357441
8,117,33,33.78339781746033,0.7833978174603331
8,118,32,37.10276624215578,5.102766242155781
8,119,31,36.93702899531023,5.937028995310229
8,120,30,31.54740823412699,1.5474082341269906
8,121,29,28.63617311507936,-0.3638268849206412
8,122,28,22.75458581349206,-5.24541418650794
8,123,27,17.982867559523815,-9.017132440476185
8,124,26,16.153740079365075,-9.846259920634925
8,125,25,15.974694940476205,-9.025305059523795
8,126,24,15.181154513888892,-8.818845486111108
8,127,23,15.886701388888888,-7.113298611111112
8,128,22,16.784873511904763,-5.215126488095237
8,129,21,15.739176587301593,-5.260823412698407
8,130,20,14.326636904761912,-5.673363095238088
8,131,19,11.549791666666668,-7.450208333333332
8,132,18,12.106793154761899,-5.893206845238101
8,133,17,8.814608134920636,-8.185391865079364
8,134,16,10.445818452380957,-5.554181547619043
8,135,15,10.77010416666667,-4.22989583333333
8,136,14,10.860781249999997,-3.139218750000003
8,137,13,5.889999999999999,-7.110000000000001
8,138,12,5.391659226190473,-6.608340773809527
8,139,11,5.472502705627708,-5.527497294372292
8,140,10,5.308058035714286,-4.691941964285714
8,141,9,5.0629985119047625,-3.9370014880952375
8,142,8,2.753519345238095,-5.246480654761905
8,143,7,1.1511046245421204,-5.84889537545788
8,144,6,1.4957440476190467,-4.504255952380953
8,145,5,0.8908556547619053,-4.109144345238095
8,146,4,0.5132787698412669,-3.486721230158733
8,147,3,0.35299107142857,-2.64700892857143
8,148,2,1.699397321428572,-0.300602678571428
8,149,1,0.0,-1.0
8,150,0,0.0,0.0
9,1,125,119.42481787099537,-5.575182129004631
9,2,125,118.79072916666667,-6.209270833333335
9,3,125,119.784375,-5.215625000000003
9,4,125,119.85052083333335,-5.1494791666666515
9,5,125,119.80841162099537,-5.191588379004628
9,6,125,119.82489108868182,-5.175108911318176
9,7,125,119.22164811643836,-5.7783518835616405
9,8,125,119.19398313492066,-5.806016865079343
9,9,125,119.86025489631338,-5.1397451036866215
9,10,125,119.77806739631338,-5.221932603686625
9,11,125,119.38702572964671,-5.612974270353291
9,12,125,119.65208333333332,-5.347916666666677
9,13,125,119.07487739480487,-5.925122605195128
9,14,125,118.89026091753215,-6.109739082467854
9,15,125,119.18779406147155,-5.81220593852845
9,16,125,119.5625336448049,-5.437466355195099
9,17,125,119.94676975591601,-5.053230244083991
9,18,125,119.46868287718239,-5.531317122817612
9,19,125,119.79228528787398,-5.20771471212602
9,20,125,119.63086064189193,-5.369139358108072
9,21,125,119.82125,-5.178749999999994
9,22,125,119.74821428571427,-5.251785714285731
9,23,125,119.74619131889605,-5.253808681103948
9,24,125,119.87392361111108,-5.126076388888919
9,25,125,119.99003721915128,-5.009962780848724
9,26,125,119.98746527777777,-5.012534722222227
9,27,125,119.80491092995169,-5.195089070048311
9,28,125,119.69187499999998,-5.308125000000018
9,29,125,119.94416558924934,-5.055834410750663
9,30,125,119.99992947813821,-5.000070521861787
9,31,125,119.89055447813821,-5.109445521861787
9,32,125,119.37708333333333,-5.622916666666669
9,33,125,119.39135416666667,-5.608645833333327
9,34,125,119.66110625485628,-5.3388937451437215
9,35,125,119.07748037439612,-5.922519625603883
9,36,125,119.58010405121706,-5.419895948782937
9,37,125,119.49519745976343,-5.504802540236568
9,38,125,118.83574137667888,-6.164258623321118
9,39,125,119.51406762700712,-5.4859323729928775
9,40,125,119.0853405032997,-5.9146594967002954
9,41,125,119.25989644684128,-5.740103553158718
9,42,125,118.19129441173042,-6.808705588269575
9,43,125,119.56483389469538,-5.435166105304617
9,44,125,119.34441315314055,-5.65558684685945
9,45,125,118.56143532922366,-6.438564670776344
9,46,125,119.10577872474134,-5.8942212752586585
9,47,125,119.6675917695712,-5.332408230428797
9,48,125,119.54783127779835,-5.452168722201648
9,49,125,119.44578545838957,-5.554214541610435
9,50,125,119.38975056193806,-5.610249438061942
9,51,125,118.92515782828279,-6.074842171717208
9,52,125,119.5327628968254,-5.467237103174597
9,53,125,119.16132860195361,-5.838671398046387
9,54,125,119.55495039682539,-5.44504960317461
9,55,125,119.78962765258652,-5.210372347413482
9,56,125,119.3363782051282,-5.663621794871801
9,57,125,119.72286706349207,-5.277132936507925
9,58,125,118.95083829365078,-6.049161706349224
9,59,125,118.58672123015872,-6.413278769841284
9,60,125,118.19514742355277,-6.804852576447232
9,61,125,119.62917410714286,-5.370825892857141
9,62,125,118.86973885225204,-6.130261147747959
9,63,125,118.59881809163059,-6.401181908369409
9,64,125,119.07962140064235,-5.920378599357647
9,65,125,119.65861399490423,-5.341386005095771
9,66,125,119.62373703217636,-5.376262967823635
9,67,125,119.69917895366268,-5.300821046337319
9,68,125,119.27146352427808,-5.728536475721924
9,69,125,118.70875139441509,-6.2912486055849115
9,70,125,118.28362158967477,-6.716378410325234
9,71,125,115.96638824072082,-9.033611759279182
9,72,125,115.41390728233011,-9.586092717669885
9,73,125,115.24458035248169,-9.755419647518309
9,74,125,114.31235398853251,-10.687646011467493
9,75,125,113.34509697205564,-11.654903027944357
9,76,125,111.88214484517194,-13.117855154828064
9,77,124,114.40465407551385,-9.595345924486153
9,78,123,115.5528367696943,-7.447163230305705
9,79,122,115.55548107762272,-6.444518922377284
9,80,121,115.58108899393635,-5.418911006063652
9,81,120,114.01653354854167,-5.983466451458327
9,82,119,115.98146073179218,-3.0185392682078174
9,83,118,115.06039932025385,-2.9396006797461496
9,84,117,113.73186468945808,-3.268135310541922
9,85,116,112.88458148221271,-3.1154185177872904
9,86,115,115.75960698563381,0.759606985633809
9,87,114,114.8224183312938,0.8224183312938038
9,88,113,113.9716792387671,0.9716792387670949
9,89,112,116.16684577625185,4.166845776251847
9,90,111,116.81473310564243,5.814733105642432
9,91,110,116.95577107811373,6.955771078113727
9,92,109,110.46806589868652,1.4680658986865183
9,93,108,111.42235479934183,3.422354799341832
9,94,107,112.20559164897502,5.205591648975016
9,95,106,112.82991913592357,6.829919135923575
9,96,105,115.4218715186494,10.421871518649397
9,97,104,115.86143589764167,11.86143589764167
9,98,103,114.43943242541165,11.439432425411653
9,99,102,106.87482071559036,4.87482071559036
9,100,101,107.5871857694415,6.587185769441504
9,101,100,110.69272012376432,10.692720123764317
9,102,99,106.95496285140658,7.954962851406577
9,103,98,109.25425401770208,11.254254017702081
9,104,97,109.12527696458812,12.125276964588124
9,105,96,106.87604892283305,10.87604892283305
9,106,95,106.86784429112554,11.867844291125536
9,107,94,107.29463220120401,13.29463220120401
9,108,93,103.84078327922077,10.840783279220773
9,109,92,107.77471898607925,15.77471898607925
9,110,91,100.80530438311689,9.80530438311689
9,111,90,107.82127730855855,17.82127730855855
9,112,89,106.4243357819264,17.424335781926402
9,113,88,102.20583739177493,14.205837391774935
9,114,87,108.02002149933404,21.020021499334035
9,115,86,108.99395108784458,22.99395108784458
9,116,85,96.35779017857142,11.35779017857142
9,117,84,100.84794087301589,16.847940873015887
9,118,83,93.07883184523811,10.078831845238113
9,119,82,101.63817347582976,19.63817347582976
9,120,81,94.54390557359304,13.543905573593037
9,121,80,97.60066964285718,17.600669642857184
9,122,79,80.06697172619045,1.0669717261904452
9,123,78,87.3975148809524,9.3975148809524
9,124,77,80.90336141364438,3.903361413644376
9,125,76,79.02991815476193,3.02991815476193
9,126,75,81.93772673872179,6.937726738721793
9,127,74,83.05975739538239,9.059757395382391
9,128,73,76.61426091269843,3.614260912698427
9,129,72,79.4167410714286,7.4167410714286035
9,130,71,74.33624255952381,3.3362425595238108
9,131,70,78.00519593253969,8.005195932539692
9,132,69,83.7059771825397,14.705977182539698
9,133,68,81.14044642857144,13.140446428571437
9,134,67,75.61421130952381,8.61421130952381
9,135,66,75.56874007936507,9.568740079365071
9,136,65,75.97972916666666,10.979729166666658
9,137,64,75.28370163690474,11.283701636904738
9,138,63,74.22323412698408,11.223234126984082
9,139,62,75.35299603174602,13.352996031746017
9,140,61,77.07856150793653,16.078561507936527
9,141,60,73.8035193452381,13.8035193452381
9,142,59,72.36565476190476,13.365654761904764
9,143,58,72.1234201388889,14.123420138888903
9,144,57,67.56937375992064,10.569373759920637
9,145,56,69.51544518849207,13.515445188492066
9,146,55,68.91156915133479,13.911569151334788
9,147,54,68.52165471681099,14.521654716810986
9,148,53,68.95502232142857,15.955022321428572
9,149,52,67.83195109577923,15.831951095779232
9,150,51,67.77163318452378,16.77163318452378
9,151,50,69.41894345238094,19.418943452380944
9,152,49,69.96830233134918,20.96830233134918
9,153,48,66.04529017857138,18.045290178571378
9,154,47,63.2939732142857,16.2939732142857
9,155,46,62.95855158730157,16.95855158730157
9,156,45,62.102728174603186,17.102728174603186
9,157,44,62.06056919642859,18.060569196428588
9,158,43,61.750013640873036,18.750013640873036
9,159,42,60.38243551587304,18.38243551587304
9,160,41,58.813984375,17.813984374999997
9,161,40,57.86654761904763,17.86654761904763
9,162,39,58.796480654761936,19.796480654761936
9,163,38,52.38287202380953,14.382872023809533
9,164,37,60.39113095238095,23.391130952380948
9,165,36,50.57570684523811,14.575706845238109
9,166,35,49.337038690476206,14.337038690476206
9,167,34,49.221380370082855,15.221380370082855
9,168,33,44.45510416666666,11.455104166666658
9,169,32,44.17262648809522,12.172626488095219
9,170,31,41.12543542960662,10.125435429606618
9,171,30,37.25828125,7.258281250000003
9,172,29,32.783772321428565,3.7837723214285646
9,173,28,32.93004216269841,4.930042162698413
9,174,27,29.564057539682544,2.564057539682544
9,175,26,32.121537698412695,6.121537698412695
9,176,25,31.198519345238097,6.198519345238097
9,177,24,35.20220734126984,11.20220734126984
9,178,23,35.517071687370596,12.517071687370596
9,179,22,35.93467585403725,13.934675854037252
9,180,21,33.31074156746033,12.310741567460333
9,181,20,33.40555555555555,13.405555555555551
9,182,19,31.186919642857156,12.186919642857156
9,183,18,31.047992875180384,13.047992875180384
9,184,17,26.168764880952388,9.168764880952388
9,185,16,22.768055555555566,6.768055555555566
9,186,15,22.85273065476191,7.85273065476191
9,187,14,18.19452380952382,4.194523809523819
9,188,13,18.123008432539688,5.123008432539688
9,189,12,17.419623015873007,5.419623015873007
9,190,11,15.640500992063497,4.640500992063497
9,191,10,12.939662698412697,2.939662698412697
9,192,9,10.191359126984128,1.1913591269841284
9,193,8,8.733896329365084,0.7338963293650842
9,194,7,11.559642857142862,4.559642857142862
9,195,6,9.02886904761905,3.0288690476190503
9,196,5,5.641388888888882,0.6413888888888817
9,197,4,6.309469246031746,2.309469246031746
9,198,3,3.645238095238092,0.6452380952380921
9,199,2,1.908818797446516,-0.09118120255348394
9,200,1,2.658288690476189,1.6582886904761889
9,201,0,0.7350396825396821,0.7350396825396821
10,1,125,119.61859506978055,-5.381404930219446
10,2,125,119.93958333333333,-5.060416666666669
10,3,125,119.69907079296854,-5.300929207031459
10,4,125,119.82364102652313,-5.176358973476866
10,5,125,119.56026270535372,-5.439737294646278
10,6,125,119.88336053144067,-5.1166394685593275
10,7,125,120.0,-5.0
10,8,125,119.990625,-5.009375000000006
10,9,125,119.9998188405797,-5.000181159420293
10,10,125,119.93229166666666,-5.067708333333343
10,11,125,119.71205842391302,-5.287941576086979
10,12,125,119.9248188405797,-5.075181159420296
10,13,125,119.95,-5.049999999999997
10,14,125,119.98539206036745,-5.014607939632555
10,15,125,119.63937500000002,-5.360624999999985
10,16,125,119.93333333333332,-5.066666666666677
10,17,125,119.80526457055217,-5.194735429447832
10,18,125,119.89537823624596,-5.104621763754039
10,19,125,119.92083333333335,-5.0791666666666515
10,20,125,119.99599886681563,-5.004001133184374
10,21,125,119.84884572072073,-5.151154279279268
10,22,125,119.99329490291261,-5.006705097087391
10,23,125,119.75892857142858,-5.241071428571416
10,24,125,119.89906250000001,-5.100937499999986
10,25,125,119.85665822072073,-5.143341779279268
10,26,125,119.953125,-5.046875
10,27,125,119.30392485709751,-5.696075142902487
10,28,125,119.79445035460992,-5.205549645390079
10,29,125,119.51087621671402,-5.489123783285976
10,30,125,119.5088551165147,-5.491144883485305
10,31,125,119.98100440866399,-5.018995591336008
10,32,125,119.8820205395613,-5.117979460438704
10,33,125,119.92194611442153,-5.07805388557847
10,34,125,119.61976706036747,-5.380232939632535
10,35,125,119.74511217948718,-5.25488782051282
10,36,125,119.65047395696669,-5.349526043033308
10,37,125,119.68903765653582,-5.310962343464183
10,38,125,119.78143094799343,-5.218569052006572
10,39,125,119.94920833333333,-5.050791666666669
10,40,125,119.82483737458412,-5.175162625415879
10,41,125,119.90432065217392,-5.095679347826078
10,42,125,119.82160687504931,-5.178393124950688
10,43,125,119.8826093974175,-5.117390602582503
10,44,125,119.99526011869168,-5.004739881308325
10,45,125,119.92074840301976,-5.079251596980242
10,46,125,119.68616621626131,-5.313833783738687
10,47,125,119.25288028887458,-5.747119711125421
10,48,125,119.86204695554125,-5.1379530444587544
10,49,125,119.84411726804123,-5.155882731958769
10,50,125,119.73387197346479,-5.266128026535213
10,51,125,119.6778484743412,-5.322151525658796
10,52,125,119.97718749999999,-5.022812500000015
10,53,125,119.41654671450684,-5.583453285493164
10,54,125,119.4080635351967,-5.591936464803297
10,55,125,119.11859949206737,-5.881400507932625
10,56,125,118.97809728510724,-6.021902714892761
10,57,125,116.9241746794872,-8.075825320512806
10,58,125,116.12699010689064,-8.873009893109355
10,59,125,116.618407974694,-8.381592025306006
10,60,125,117.68333774553848,-7.316662254461519
10,61,125,116.42012503572262,-8.57987496427738
10,62,125,116.81444156831284,-8.185558431687156
10,63,125,116.61939376717223,-8.380606232827773
10,64,125,116.57702191084407,-8.422978089155933
10,65,125,118.68358438782275,-6.316415612177252
10,66,125,116.94162966980257,-8.058370330197434
10,67,125,118.98112544985358,-6.018874550146421
10,68,125,119.07951124360088,-5.9204887563991235
10,69,125,119.65719896691454,-5.342801033085465
10,70,125,118.60232640583244,-6.397673594167557
10,71,125,119.0910251802417,-5.908974819758299
10,72,125,117.96203362426436,-7.037966375735635
10,73,125,117.68338249237202,-7.316617507627981
10,74,125,118.0939798908937,-6.906020109106294
10,75,125,116.70788290758378,-8.29211709241622
10,76,125,118.60151374021322,-6.398486259786779
10,77,125,117.14287196529332,-7.857128034706676
10,78,125,117.78985286911646,-7.210147130883541
10,79,125,118.45821774909264,-6.54178225090736
10,80,125,118.01744443516354,-6.98255556483646
10,81,125,118.42538428875227,-6.574615711247731
10,82,125,116.85678969275072,-8.143210307249277
10,83,125,116.63573769347897,-8.364262306521027
10,84,125,117.31686358878535,-7.683136411214647
10,85,125,117.59352089456763,-7.406479105432368
10,86,125,117.52522651618862,-7.474773483811376
10,87,125,118.16717270195659,-6.832827298043412
10,88,125,117.22339911891561,-7.776600881084391
10,89,125,113.98807837295256,-11.011921627047442
10,90,125,115.3291153151595,-9.670884684840502
10,91,125,114.64349729555605,-10.356502704443955
10,92,125,113.48344140920263,-11.516558590797374
10,93,125,113.83270185650856,-11.167298143491436
10,94,125,115.63695985263669,-9.363040147363307
10,95,125,115.98752215277682,-9.012477847223181
10,96,125,112.44426201091555,-12.555737989084449
10,97,125,114.38713463856875,-10.612865361431247
10,98,124,115.37453831005084,-8.625461689949162
10,99,123,114.91485851209595,-8.085141487904053
10,100,122,116.17110448936096,-5.828895510639043
10,101,121,116.91463214418063,-4.085367855819371
10,102,120,116.07797516937121,-3.9220248306287857
10,103,119,109.13828180062612,-9.861718199373882
10,104,118,110.29212478095101,-7.7078752190489865
10,105,117,110.36923225360442,-6.630767746395577
10,106,116,110.12610503668873,-5.8738949633112725
10,107,115,111.22966065504298,-3.770339344957023
10,108,114,116.26321024634622,2.263210246346219
10,109,113,117.25917646752922,4.259176467529215
10,110,112,112.19537886745215,0.19537886745214905
10,111,111,106.86621432437308,-4.133785675626925
10,112,110,108.38314306288567,-1.6168569371143349
10,113,109,112.01437019852251,3.0143701985225135
10,114,108,112.35243663664292,4.352436636642921
10,115,107,109.95279697880967,2.9527969788096726
10,116,106,110.41460320515446,4.414603205154464
10,117,105,111.48869790978684,6.488697909786836
10,118,104,102.60154367776656,-1.398456322233443
10,119,103,105.79821945771116,2.7982194577111557
10,120,102,105.8156659744271,3.8156659744271053
10,121,101,108.5592632835675,7.559263283567503
10,122,100,104.74017153574376,4.740171535743755
10,123,99,106.19933676927357,7.199336769273572
10,124,98,108.23052307429668,10.230523074296684
10,125,97,103.29139480730854,6.291394807308535
10,126,96,102.76076573916757,6.760765739167567
10,127,95,103.6302977158828,8.630297715882804
10,128,94,98.86728610402574,4.867286104025737
10,129,93,93.57360020786179,0.5736002078617872
10,130,92,94.8226432084709,2.8226432084708932
10,131,91,97.03163385908616,6.031633859086156
10,132,90,98.77304539947929,8.773045399479287
10,133,89,97.58159923426449,8.581599234264488
10,134,88,94.71076706578829,6.710767065788289
10,135,87,97.78666414521072,10.786664145210722
10,136,86,96.64724914223865,10.64724914223865
10,137,85,100.00245704432989,15.002457044329887
10,138,84,104.34029289436384,20.34029289436384
10,139,83,105.0152963572178,22.015296357217807
10,140,82,103.16948737837943,21.16948737837943
10,141,81,98.63322005861164,17.63322005861164
10,142,80,100.45019471200104,20.450194712001036
10,143,79,105.03915631254176,26.039156312541763
10,144,78,100.30995461363223,22.30995461363223
10,145,77,101.03934271954306,24.039342719543058
10,146,76,104.10184063707393,28.101840637073934
10,147,75,102.47891191464126,27.47891191464126
10,148,74,101.57754477965477,27.577544779654772
10,149,73,93.00839563625318,20.008395636253184
10,150,72,97.95610860564679,25.95610860564679
10,151,71,95.23248766858958,24.232487668589584
10,152,70,97.72261023604646,27.722610236046464
10,153,69,92.29688561095581,23.296885610955812
10,154,68,93.19837299036797,25.19837299036797
10,155,67,92.44018147208733,25.440181472087332
10,156,66,92.22018754040485,26.22018754040485
10,157,65,78.23295392736954,13.232953927369536
10,158,64,81.99532199000188,17.995321990001884
10,159,63,84.92365847789844,21.923658477898442
10,160,62,71.12800157819922,9.128001578199218
10,161,61,80.00387977910803,19.003879779108033
10,162,60,77.03340909090909,17.03340909090909
10,163,59,82.20652095367767,23.206520953677668
10,164,58,70.9965346642475,12.996534664247505
10,165,57,79.47239106638618,22.47239106638618
10,166,56,74.0246990987795,18.024699098779493
10,167,55,65.00557800751882,10.005578007518821
10,168,54,58.39350473241096,4.39350473241096
10,169,53,60.213835158106605,7.213835158106605
10,170,52,66.46693758753501,14.466937587535014
10,171,51,72.12347430327497,21.123474303274975
10,172,50,50.819424603174625,0.8194246031746246
10,173,49,63.50545962243912,14.505459622439119
10,174,48,59.755097332202126,11.755097332202126
10,175,47,60.839806061993585,13.839806061993585
10,176,46,54.06644059065934,8.06644059065934
10,177,45,64.14667151915117,19.14667151915117
10,178,44,64.9263468992248,20.926346899224797
10,179,43,70.01462166305916,27.01462166305916
10,180,42,64.94490474777085,22.94490474777085
10,181,41,73.7443079603904,32.7443079603904
10,182,40,54.517033234127005,14.517033234127005
10,183,39,53.10577132936511,14.105771329365112
10,184,38,47.44903472222221,9.449034722222208
10,185,37,58.23117261904762,21.23117261904762
10,186,36,45.89745993589743,9.89745993589743
10,187,35,42.51698091736696,7.516980917366958
10,188,34,48.64338496572873,14.643384965728728
10,189,33,45.711269014550275,12.711269014550275
10,190,32,38.46233630952382,6.46233630952382
10,191,31,43.41776920995671,12.41776920995671
10,192,30,41.16983826320383,11.169838263203829
10,193,29,44.56542380468447,15.565423804684471
10,194,28,42.5650744047619,14.565074404761901
10,195,27,36.56720643939394,9.567206439393942
10,196,26,36.49530911796538,10.495309117965377
10,197,25,33.97565476190477,8.97565476190477
10,198,24,35.065962301587305,11.065962301587305
10,199,23,35.44611539502166,12.446115395021657
10,200,22,30.377782738095235,8.377782738095235
10,201,21,32.642209821428565,11.642209821428565
10,202,20,27.419438244047612,7.419438244047612
10,203,19,24.126406250000002,5.126406250000002
10,204,18,21.322611607142864,3.322611607142864
10,205,17,21.610714285714277,4.610714285714277
10,206,16,19.964304315476184,3.964304315476184
10,207,15,22.366045386904762,7.366045386904762
10,208,14,20.918653273809518,6.918653273809518
10,209,13,22.52242794486216,9.522427944862159
10,210,12,18.415840773809524,6.415840773809524
10,211,11,19.64766481782106,8.64766481782106
10,212,10,19.664836309523807,9.664836309523807
10,213,9,17.663499503968254,8.663499503968254
10,214,8,16.958297371031744,8.958297371031744
10,215,7,13.957527281746032,6.957527281746032
10,216,6,11.094466442374056,5.094466442374056
10,217,5,8.581572871572874,3.581572871572874
10,218,4,7.5394246031746,3.5394246031746004
10,219,3,4.716592261904763,1.716592261904763
10,220,2,4.969456168831169,2.9694561688311687
10,221,1,1.9046543560606066,0.9046543560606066
10,222,0,1.3647172619047634,1.3647172619047634
11,1,125,119.85723083941608,-5.142769160583924
11,2,125,119.86608500608273,-5.133914993917273
11,3,125,116.70861607142857,-8.291383928571435
11,4,125,116.8905030051266,-8.109496994873396
11,5,125,119.25959252859248,-5.740407471407522
11,6,125,119.87970731834271,-5.12029268165729
11,7,125,119.82707344409282,-5.172926555907182
11,8,125,119.99472095017555,-5.005279049824452
11,9,125,119.95546237847309,-5.0445376215269135
11,10,125,119.79738202133026,-5.2026179786697355
11,11,125,118.9903433856554,-6.009656614344607
11,12,125,119.83242809974043,-5.167571900259574
11,13,125,119.54733699970313,-5.452663000296866
11,14,125,119.32904521229742,-5.670954787702584
11,15,125,118.81717261904762,-6.182827380952375
11,16,125,118.74743636838949,-6.2525636316105135
11,17,125,119.39626004795875,-5.603739952041252
11,18,125,118.33987853037164,-6.660121469628365
11,19,125,118.90549956412201,-6.09450043587799
11,20,125,118.36631954910516,-6.633680450894843
11,21,125,119.34408871335536,-5.655911286644638
11,22,125,116.75579297860932,-8.244207021390679
11,23,125,117.05129051142185,-7.948709488578146
11,24,125,118.59374061311951,-6.4062593868804925
11,25,125,116.95940178306171,-8.040598216938292
11,26,125,116.97278121406755,-8.027218785932448
11,27,125,118.77347063891258,-6.226529361087415
11,28,125,118.67947476125741,-6.32052523874259
11,29,125,118.00889562956768,-6.991104370432325
11,30,125,118.05627871242366,-6.943721287576338
11,31,125,116.69053574377217,-8.309464256227827
11,32,125,117.84977055123375,-7.150229448766254
11,33,125,117.78937168713415,-7.21062831286585
11,34,125,117.89594598926882,-7.104054010731176
11,35,125,117.9212426243721,-7.078757375627902
11,36,125,118.15173574375888,-6.848264256241123
11,37,125,118.2192760855091,-6.780723914490906
11,38,125,118.99998680328869,-6.000013196711308
11,39,125,118.62853005961604,-6.37146994038396
11,40,125,118.46485572430836,-6.535144275691636
11,41,125,119.00492769777536,-5.995072302224642
11,42,125,118.38621376708147,-6.613786232918528
11,43,125,117.77887206832557,-7.221127931674431
11,44,125,118.23922145987993,-6.7607785401200715
11,45,125,119.19288486317575,-5.807115136824251
11,46,125,119.49044972531208,-5.509550274687925
11,47,125,119.23647633054136,-5.763523669458635
11,48,125,117.18111432481774,-7.818885675182258
11,49,125,117.52332927679416,-7.476670723205842
11,50,125,113.81937698046852,-11.180623019531481
11,51,125,115.01026418404506,-9.989735815954944
11,52,125,115.66335293917447,-9.336647060825527
11,53,125,117.48424595125911,-7.515754048740888
11,54,125,117.44108131111531,-7.558918688884688
11,55,125,117.95113492096525,-7.048865079034755
11,56,125,117.03220929068118,-7.96779070931882
11,57,125,117.66379388669725,-7.336206113302751
11,58,125,116.46892933322931,-8.531070666770688
11,59,125,115.48378106308803,-9.516218936911969
11,60,125,115.41171586445668,-9.588284135543319
11,61,125,115.87484422235514,-9.125155777644864
11,62,125,115.27824945748462,-9.72175054251538
11,63,125,116.38430910981542,-8.615690890184581
11,64,125,115.88477333439383,-9.115226665606173
11,65,125,115.51647175430256,-9.483528245697443
11,66,125,116.28105567091389,-8.718944329086113
11,67,125,114.88437232752506,-10.115627672474943
11,68,125,117.13410712065256,-7.865892879347442
11,69,125,116.3589507386617,-8.641049261338296
11,70,125,115.85966595011345,-9.140334049886548
11,71,125,114.38441165833737,-10.61558834166263
11,72,125,112.75719439485252,-12.242805605147481
11,73,125,115.95834101747309,-9.041658982526911
11,74,125,115.14813722020926,-9.851862779790736
11,75,125,115.16815544899112,-9.831844551008885
11,76,125,112.57324163648025,-12.426758363519752
11,77,125,115.00561990286039,-9.994380097139612
11,78,125,114.44156319091785,-10.558436809082153
11,79,125,113.76507440208874,-11.234925597911257
11,80,125,113.15762737675966,-11.842372623240337
11,81,125,115.68303581257003,-9.316964187429974
11,82,125,114.1695171441352,-10.830482855864801
11,83,125,112.27656171546862,-12.723438284531383
11,84,125,110.75078219273617,-14.249217807263832
11,85,125,114.39386424275862,-10.606135757241375
11,86,125,111.90900705172737,-13.090992948272628
11,87,125,112.87586982881585,-12.124130171184149
11,88,125,109.31923740168001,-15.680762598319987
11,89,125,115.44236529973838,-9.557634700261616
11,90,125,114.79892921409115,-10.201070785908854
11,91,125,116.08486358568094,-8.915136414319065
11,92,125,115.92642471803454,-9.07357528196546
11,93,125,111.55351647016577,-13.446483529834225
11,94,125,112.78304955413053,-12.216950445869472
11,95,125,112.08762705685213,-12.912372943147872
11,96,125,110.76450884523486,-14.235491154765143
11,97,125,108.4063712365388,-16.593628763461197
11,98,125,108.76453463840937,-16.235465361590627
11,99,125,109.20652165279364,-15.79347834720636
11,100,125,111.80341862218954,-13.19658137781046
11,101,125,115.17460329857215,-9.825396701427849
11,102,125,109.30448016288342,-15.695519837116578
11,103,125,109.37670527071573,-15.623294729284268
11,104,125,108.96556823533774,-16.03443176466226
11,105,125,109.45485393149382,-15.545146068506185
11,106,125,113.5072424291205,-11.492757570879505
11,107,125,115.86840635390884,-9.131593646091162
11,108,125,111.12201016282748,-13.877989837172521
11,109,125,109.29629591344376,-15.703704086556243
11,110,125,113.17204756040803,-11.827952439591968
11,111,125,109.20886322303139,-15.791136776968614
11,112,125,108.70873865914366,-16.291261340856337
11,113,125,106.56814261218054,-18.431857387819463
11,114,125,105.11184804521353,-19.888151954786466
11,115,125,108.4133700289326,-16.586629971067396
11,116,124,108.67159925259656,-15.328400747403435
11,117,123,103.96990864620429,-19.03009135379571
11,118,122,101.43929204129138,-20.56070795870862
11,119,121,101.37733080845575,-19.622669191544247
11,120,120,101.45196285531829,-18.548037144681714
11,121,119,100.99899724005684,-18.001002759943162
11,122,118,100.23016450542374,-17.769835494576256
11,123,117,100.0386050951657,-16.961394904834293
11,124,116,96.80608191286782,-19.193918087132175
11,125,115,92.63100953550132,-22.36899046449868
11,126,114,100.28732645364546,-13.712673546354537
11,127,113,96.38202373248345,-16.617976267516553
11,128,112,87.88280262228713,-24.11719737771287
11,129,111,96.78330671059081,-14.216693289409193
11,130,110,98.55946427846482,-11.440535721535184
11,131,109,100.9917029724458,-8.008297027554207
11,132,108,105.00970186026191,-2.990298139738087
11,133,107,101.09250039673323,-5.907499603266771
11,134,106,96.9425696499447,-9.057430350055299
11,135,105,98.61977330537874,-6.380226694621257
11,136,104,101.53662952713913,-2.4633704728608734
11,137,103,97.87795278567712,-5.122047214322876
11,138,102,102.11667269594527,0.11667269594526886
11,139,101,92.95973957429769,-8.040260425702314
11,140,100,98.79936192031008,-1.2006380796899236
11,141,99,93.72025440723705,-5.27974559276295
11,142,98,98.6444382122507,0.6444382122507051
11,143,97,89.73692693607308,-7.2630730639269245
11,144,96,92.83004674520478,-3.1699532547952174
11,145,95,91.38276576764868,-3.617234232351322
11,146,94,88.20360998643147,-5.7963900135685265
11,147,93,81.80472533448815,-11.195274665511846
11,148,92,80.58871743973009,-11.41128256026991
11,149,91,83.23738524827323,-7.7626147517267725
11,150,90,87.4387798356708,-2.5612201643291996
11,151,89,91.12402286732468,2.1240228673246833
11,152,88,80.9957404708295,-7.004259529170497
11,153,87,85.63890099013797,-1.3610990098620306
11,154,86,84.06537840506307,-1.934621594936928
11,155,85,88.35199232102974,3.3519923210297407
11,156,84,87.92879601693596,3.928796016935962
11,157,83,86.78847674101803,3.7884767410180302
11,158,82,83.54273001780666,1.5427300178066616
11,159,81,84.73369058974342,3.733690589743418
11,160,80,80.9209708565544,0.9209708565544048
11,161,79,80.83860849535994,1.838608495359935
11,162,78,79.22131523969162,1.22131523969162
11,163,77,80.06834348020035,3.0683434802003546
11,164,76,82.20111072948072,6.2011107294807175
11,165,75,80.34011398371877,5.340113983718766
11,166,74,74.95414824446439,0.9541482444643918
11,167,73,79.72781595106427,6.727815951064272
11,168,72,78.0021635219678,6.002163521967802
11,169,71,74.14996652974061,3.1499665297406096
11,170,70,85.65169595890895,15.651695958908945
11,171,69,72.24410218253965,3.244102182539649
11,172,68,65.06296649531026,-2.9370335046897367
11,173,67,72.15708583083583,5.157085830835825
11,174,66,65.65214669604885,-0.34785330395115466
11,175,65,67.7078683835491,2.7078683835490978
11,176,64,74.19615798723336,10.196157987233363
11,177,63,67.607538768797,4.607538768796999
11,178,62,65.00208581349207,3.002085813492073
11,179,61,65.41992734593836,4.419927345938362
11,180,60,65.25636876684635,5.25636876684635
11,181,59,66.16729175807299,7.167291758072992
11,182,58,62.35040877525253,4.350408775252532
11,183,57,62.24830357142858,5.248303571428579
11,184,56,61.79584821428574,5.795848214285741
11,185,55,65.6980065896973,10.6980065896973
11,186,54,62.096946778711484,8.096946778711484
11,187,53,58.36908482142859,5.3690848214285865
11,188,52,49.09006527326839,-2.9099347267316134
11,189,51,51.6611011904762,0.6611011904762023
11,190,50,51.840907738095254,1.8409077380952539
11,191,49,45.925381944444425,-3.0746180555555753
11,192,48,48.33262648809521,0.3326264880952081
11,193,47,46.291547619047606,-0.7084523809523944
11,194,46,45.791446535655204,-0.2085534643447957
11,195,45,42.1076842948718,-2.8923157051281976
11,196,44,37.34678399725274,-6.653216002747257
11,197,43,37.4830257936508,-5.516974206349197
11,198,42,35.19062996031747,-6.809370039682527
11,199,41,38.0446875,-2.955312499999998
11,200,40,35.29355654761905,-4.706443452380952
11,201,39,37.68226686507939,-1.3177331349206085
11,202,38,33.89426091269841,-4.105739087301593
11,203,37,33.113244047619055,-3.8867559523809447
11,204,36,33.683630952380966,-2.316369047619034
11,205,35,33.49084325396825,-1.5091567460317492
11,206,34,32.662834821428575,-1.337165178571425
11,207,33,35.792663690476175,2.792663690476175
11,208,32,36.24578869047619,4.245788690476189
11,209,31,35.071622023809525,4.071622023809525
11,210,30,31.52543650793651,1.5254365079365115
11,211,29,33.06819940476192,4.06819940476192
11,212,28,32.26734375,4.267343750000002
11,213,27,27.386450892857134,0.38645089285713397
11,214,26,30.56928571428572,4.569285714285719
11,215,25,29.185052083333332,4.185052083333332
11,216,24,25.567931547619033,1.5679315476190325
11,217,23,26.923050595238095,3.923050595238095
11,218,22,24.77646825396825,2.7764682539682504
11,219,21,23.762361257002794,2.7623612570027944
11,220,20,21.056820436507923,1.0568204365079232
11,221,19,20.575830853174597,1.5758308531745975
11,222,18,19.25046875,1.2504687499999996
11,223,17,19.41495535714285,2.4149553571428513
11,224,16,18.014484126984122,2.0144841269841223
11,225,15,16.753325216450218,1.753325216450218
11,226,14,13.274761904761903,-0.7252380952380975
11,227,13,13.914955357142851,0.9149553571428513
11,228,12,10.986892361111112,-1.0131076388888882
11,229,11,9.51386160714286,-1.4861383928571392
11,230,10,8.256795895989978,-1.7432041040100223
11,231,9,8.501145833333334,-0.49885416666666593
11,232,8,8.629568452380957,0.6295684523809566
11,233,7,8.719255952380957,1.7192559523809567
11,234,6,8.120505952380956,2.120505952380956
11,235,5,8.196999007936508,3.1969990079365083
11,236,4,5.153162202380951,1.1531622023809511
11,237,3,4.076433531746032,1.0764335317460318
11,238,2,1.0176041666666666,-0.9823958333333334
11,239,1,0.12138392857142932,-0.8786160714285707
11,240,0,0.0,0.0
12,1,125,114.83920660008987,-10.160793399910133
12,2,125,116.23474899541436,-8.765251004585636
12,3,125,117.22060726351455,-7.779392736485448
12,4,125,115.98711941472786,-9.012880585272143
12,5,125,115.95090377047788,-9.049096229522121
12,6,125,117.32785475876433,-7.672145241235668
12,7,125,115.3228497269146,-9.677150273085402
12,8,125,114.19025232097886,-10.809747679021143
12,9,125,116.76509980539399,-8.234900194606013
12,10,125,118.35498276138583,-6.645017238614173
12,11,125,113.31005007218349,-11.689949927816514
12,12,125,113.56370023677728,-11.43629976322272
12,13,125,114.64558064303226,-10.354419356967739
12,14,125,115.58312525084679,-9.416874749153209
12,15,125,113.54247113308654,-11.457528866913464
12,16,125,117.64387195658074,-7.356128043419261
12,17,125,119.11125800472632,-5.888741995273676
12,18,125,116.58756694646497,-8.412433053535025
12,19,125,115.73259979898076,-9.267400201019242
12,20,125,118.12259861579659,-6.877401384203409
12,21,125,117.40967309200566,-7.5903269079943385
12,22,125,116.95762622651735,-8.042373773482652
12,23,125,116.74813205788523,-8.251867942114771
12,24,125,118.50518922387116,-6.494810776128844
12,25,125,117.92256984966198,-7.077430150338017
12,26,125,117.25495506089985,-7.745044939100154
12,27,125,117.55973006033108,-7.440269939668923
12,28,125,117.57431998953328,-7.425680010466721
12,29,125,115.76091733548682,-9.239082664513177
12,30,125,115.87715191287487,-9.122848087125135
12,31,125,118.55274579418312,-6.447254205816876
12,32,125,114.90949970510567,-10.090500294894326
12,33,125,118.09401409215192,-6.905985907848077
12,34,125,116.07396469465928,-8.926035305340719
12,35,125,116.7003754434503,-8.299624556549702
12,36,125,115.81642794223869,-9.18357205776131
12,37,125,116.42169727905426,-8.578302720945743
12,38,125,116.80939974560408,-8.190600254395918
12,39,125,116.5300475456227,-8.469952454377307
12,40,125,114.87667012810853,-10.123329871891471
12,41,125,117.09259581396452,-7.907404186035478
12,42,125,115.0166490965199,-9.983350903480101
12,43,125,114.8566927188438,-10.143307281156197
12,44,125,114.16484257328406,-10.835157426715938
12,45,125,113.6957319475471,-11.304268052452898
12,46,124,116.09907024374732,-7.90092975625268
12,47,123,116.46385923813064,-6.536140761869362
12,48,122,113.8962211059011,-8.103778894098895
12,49,121,113.77271803261195,-7.227281967388052
12,50,120,113.78181556497812,-6.2181844350218825
12,51,119,117.26474754157721,-1.7352524584227922
12,52,118,115.43907190021912,-2.560928099780881
12,53,117,110.81262244223028,-6.187377557769722
12,54,116,110.89652611116806,-5.103473888831942
12,55,115,108.7270548847138,-6.2729451152862055
12,56,114,111.58794295296279,-2.4120570470372087
12,57,113,107.98599872035734,-5.014001279642656
12,58,112,110.7869914411207,-1.2130085588792952
12,59,111,111.46918279839292,0.46918279839292154
12,60,110,112.26662726225572,2.2666272622557244
12,61,109,108.24185737183923,-0.758142628160769
12,62,108,111.06043618386764,3.060436183867637
12,63,107,115.10230600825898,8.102306008258978
12,64,106,110.11053778720046,4.110537787200457
12,65,105,111.6752735560239,6.675273556023896
12,66,104,111.29718658997197,7.297186589971972
12,67,103,111.58807168264022,8.58807168264022
12,68,102,112.44270068249978,10.442700682499776
12,69,101,107.78989012698233,6.789890126982328
12,70,100,108.38238601647035,8.382386016470349
12,71,99,108.39755840524234,9.397558405242336
12,72,98,103.44073658501993,5.440736585019934
12,73,97,103.79529970843627,6.795299708436275
12,74,96,107.41923743208308,11.41923743208308
12,75,95,104.03352870763726,9.03352870763726
12,76,94,101.30053205091069,7.3005320509106895
12,77,93,101.38020082944858,8.380200829448583
12,78,92,104.04057734091157,12.040577340911568
12,79,91,106.18087957518355,15.180879575183553
12,80,90,103.98381000090367,13.983810000903674
12,81,89,102.69613593246545,13.696135932465452
12,82,88,102.00352929579098,14.003529295790983
12,83,87,101.19605763782161,14.19605763782161
12,84,86,103.73502495211513,17.735024952115126
12,85,85,92.56329287396231,7.563292873962311
12,86,84,93.15483508602301,9.154835086023013
12,87,83,95.86198976802666,12.86198976802666
12,88,82,88.02662696754837,6.026626967548367
12,89,81,96.96731098740163,15.967310987401632
12,90,80,83.20687743506495,3.2068774350649534
12,91,79,92.63112528693982,13.63112528693982
12,92,78,76.02218005952379,-1.9778199404762091
12,93,77,82.61595734126988,5.615957341269876
12,94,76,80.4240376984127,4.424037698412704
12,95,75,73.68879058441559,-1.3112094155844147
12,96,74,73.29244385822508,-0.7075561417749157
12,97,73,77.579503968254,4.579503968254002
12,98,72,83.26140007467322,11.261400074673219
12,99,71,81.19233149118327,10.192331491183268
12,100,70,87.84754961704958,17.84754961704958
12,101,69,89.16008904587446,20.160089045874457
12,102,68,86.34041730249683,18.34041730249683
12,103,67,78.90493419676845,11.904934196768451
12,104,66,80.59937648809522,14.599376488095217
12,105,65,76.16453351449276,11.16453351449276
12,106,64,83.81736435439562,19.81736435439562
12,107,63,79.78335889804637,16.783358898046373
12,108,62,77.46676147273428,15.466761472734277
12,109,61,71.02979966717868,10.029799667178679
12,110,60,72.50056547619047,12.500565476190474
12,111,59,70.23336613543268,11.233366135432675
12,112,58,66.67138696876603,8.67138696876603
12,113,57,71.42257496479769,14.42257496479769
12,114,56,76.97155167748919,20.971551677489188
12,115,55,74.93721385334436,19.93721385334436
12,116,54,69.37187094155846,15.371870941558456
12,117,53,61.51005054392445,8.51005054392445
12,118,52,59.3897030573593,7.3897030573592986
12,119,51,57.27109893578644,6.271098935786441
12,120,50,55.16983531746032,5.169835317460318
12,121,49,56.36588661674345,7.3658866167434525
12,122,48,48.41979288314669,0.41979288314669105
12,123,47,46.94634177978694,-0.05365822021305888
12,124,46,48.69858839807851,2.6985883980785133
12,125,45,48.35153383458645,3.351533834586448
12,126,44,47.19004354043839,3.1900435404383884
12,127,43,43.86918242296917,0.8691824229691676
12,128,42,46.14247023809525,4.14247023809525
12,129,41,32.773913690476185,-8.226086309523815
12,130,40,28.401217757936507,-11.598782242063493
12,131,39,25.19867694805197,-13.801323051948032
12,132,38,25.15733688186814,-12.84266311813186
12,133,37,28.855199314574307,-8.144800685425693
12,134,36,28.094843110321058,-7.905156889678942
12,135,35,27.94893849206349,-7.0510615079365095
12,136,34,35.836576525725214,1.8365765257252136
12,137,33,29.50479415307337,-3.4952058469266305
12,138,32,26.46721072330447,-5.5327892766955316
12,139,31,27.207162698412695,-3.792837301587305
12,140,30,28.808690476190478,-1.1913095238095224
12,141,29,22.667529761904763,-6.332470238095237
12,142,28,22.301371527777768,-5.698628472222232
12,143,27,22.619856108757062,-4.380143891242938
12,144,26,24.73658482142858,-1.263415178571421
12,145,25,19.32374255952381,-5.6762574404761885
12,146,24,25.34432291666666,1.344322916666659
12,147,23,20.414154265873012,-2.5858457341269876
12,148,22,23.025793650793638,1.0257936507936378
12,149,21,18.865020363408526,-2.134979636591474
12,150,20,19.276860119047623,-0.7231398809523775
12,151,19,14.571562499999995,-4.428437500000005
12,152,18,12.197137896825392,-5.802862103174608
12,153,17,9.781019345238093,-7.218980654761907
12,154,16,10.64804563492063,-5.35195436507937
12,155,15,6.076236359126984,-8.923763640873016
12,156,14,6.570349702380955,-7.429650297619045
12,157,13,7.876443452380949,-5.123556547619051
12,158,12,7.603447420634916,-4.396552579365084
12,159,11,7.025528273809524,-3.974471726190476
12,160,10,4.8703497023809526,-5.1296502976190474
12,161,9,3.5639732142857135,-5.4360267857142865
12,162,8,3.704985119047624,-4.295014880952376
12,163,7,0.0,-7.0
12,164,6,0.0,-6.0
12,165,5,0.9204241071428587,-4.079575892857141
12,166,4,0.0,-4.0
12,167,3,0.0,-3.0
12,168,2,0.0,-2.0
12,169,1,0.0,-1.0
12,170,0,0.0,0.0
13,1,125,115.3030486154209,-9.696951384579094
13,2,125,116.28012788569069,-8.719872114309311
13,3,125,114.20570857491415,-10.794291425085845
13,4,125,118.0666605246964,-6.9333394753035975
13,5,125,116.67432735409125,-8.325672645908753
13,6,125,116.411169642713,-8.588830357286994
13,7,125,116.04999128634843,-8.95000871365157
13,8,125,116.1197486013128,-8.880251398687193
13,9,125,114.22728240979413,-10.772717590205872
13,10,125,116.29021231734984,-8.709787682650159
13,11,125,115.2207499613052,-9.779250038694798
13,12,125,115.24276045223412,-9.757239547765877
13,13,125,114.76435053638299,-10.235649463617008
13,14,125,112.78518911975702,-12.214810880242979
13,15,125,113.37528481561829,-11.624715184381714
13,16,125,114.26555559482969,-10.734444405170308
13,17,125,116.99127680895137,-8.008723191048631
13,18,125,117.44230457567937,-7.557695424320627
13,19,125,116.14602018470578,-8.853979815294224
13,20,125,116.13772338648111,-8.862276613518887
13,21,125,115.96676819032584,-9.033231809674163
13,22,125,117.03131652282318,-7.968683477176825
13,23,125,116.18876016876106,-8.811239831238936
13,24,125,115.56385269769036,-9.436147302309635
13,25,125,114.14668189138567,-10.853318108614332
13,26,125,113.69098324915205,-11.309016750847945
13,27,125,115.27966274611613,-9.72033725388387
13,28,125,116.54508186442801,-8.454918135571987
13,29,125,115.44559944774599,-9.554400552254009
13,30,125,116.83161352056182,-8.168386479438183
13,31,125,115.1837754942436,-9.816224505756395
13,32,125,118.116112955339,-6.8838870446609945
13,33,125,117.0526628042142,-7.947337195785806
13,34,125,114.44037272003439,-10.55962727996561
13,35,125,117.38605294820289,-7.613947051797112
13,36,125,118.31579333324935,-6.684206666750654
13,37,125,117.1623607158969,-7.837639284103105
13,38,125,115.8514684513934,-9.148531548606599
13,39,124,116.56311315988933,-7.436886840110674
13,40,123,113.01373968591504,-9.986260314084959
13,41,122,116.03705976331726,-5.962940236682741
13,42,121,117.03093701002904,-3.969062989970965
13,43,120,116.29473652559928,-3.7052634744007236
13,44,119,115.65117690866946,-3.3488230913305443
13,45,118,115.85247080633546,-2.147529193664539
13,46,117,114.52916327670883,-2.470836723291171
13,47,116,113.8119771003401,-2.1880228996598987
13,48,115,112.04133732986263,-2.9586626701373717
13,49,114,108.95717661887583,-5.042823381124165
13,50,113,113.98602949842518,0.9860294984251823
13,51,112,115.40380684639456,3.403806846394559
13,52,111,111.61623766393977,0.6162376639397706
13,53,110,113.3948732821289,3.3948732821288985
13,54,109,109.16854257221914,0.16854257221913826
13,55,108,110.83494404878886,2.8349440487888558
13,56,107,106.53178818523035,-0.4682118147696457
13,57,106,111.47065542458408,5.470655424584081
13,58,105,111.65108342670385,6.651083426703849
13,59,104,111.21388518129967,7.213885181299673
13,60,103,104.21764964210281,1.2176496421028133
13,61,102,105.53897667582487,3.5389766758248697
13,62,101,106.29358786523453,5.293587865234528
13,63,100,106.45713534599012,6.457135345990125
13,64,99,108.52870270225011,9.528702702250115
13,65,98,100.1406746417958,2.1406746417957976
13,66,97,104.06133891390975,7.061338913909751
13,67,96,108.40625112866579,12.406251128665787
13,68,95,105.54518114063481,10.54518114063481
13,69,94,110.91284231416621,16.912842314166213
13,70,93,110.29673981323819,17.29673981323819
13,71,92,104.64205617289454,12.642056172894542
13,72,91,106.62759931453948,15.62759931453948
13,73,90,107.77527437253782,17.775274372537822
13,74,89,102.80312909891643,13.803129098916429
13,75,88,101.20353721154584,13.203537211545836
13,76,87,102.73985981907506,15.739859819075065
13,77,86,99.55487479194669,13.554874791946688
13,78,85,106.09110715739091,21.09110715739091
13,79,84,92.64995921833379,8.649959218333791
13,80,83,95.62198644205795,12.621986442057946
13,81,82,95.21951840761291,13.21951840761291
13,82,81,91.35915020645749,10.359150206457485
13,83,80,94.80938560289914,14.809385602899141
13,84,79,95.68766176626704,16.68766176626704
13,85,78,96.64415830082389,18.64415830082389
13,86,77,92.99970900616849,15.999709006168487
13,87,76,86.60197019734076,10.601970197340762
13,88,75,82.90050064383897,7.900500643838967
13,89,74,89.82062886188056,15.820628861880564
13,90,73,88.29785275241478,15.297852752414784
13,91,72,91.91562870259878,19.91562870259878
13,92,71,86.04871950001348,15.048719500013476
13,93,70,82.38577660403068,12.385776604030681
13,94,69,79.1666186069469,10.166618606946898
13,95,68,68.99986607142856,0.9998660714285563
13,96,67,82.8828526928116,15.882852692811596
13,97,66,83.60634613928309,17.60634613928309
13,98,65,72.92256749933895,7.922567499338953
13,99,64,75.8780717835364,11.878071783536399
13,100,63,80.0330338631797,17.033033863179696
13,101,62,76.19444590832194,14.194445908321939
13,102,61,79.65875057518289,18.658750575182893
13,103,60,81.79525470055304,21.795254700553045
13,104,59,69.84191696211396,10.841916962113956
13,105,58,59.79554321471133,1.79554321471133
13,106,57,70.46112890270481,13.461128902704814
13,107,56,61.76731572822362,5.767315728223622
13,108,55,68.63773842446271,13.637738424462711
13,109,54,61.61279761904761,7.612797619047612
13,110,53,57.570177258403376,4.570177258403376
13,111,52,59.88850515712359,7.888505157123589
13,112,51,54.673145014707515,3.673145014707515
13,113,50,53.001408920940186,3.001408920940186
13,114,49,53.64475764062936,4.644757640629358
13,115,48,50.75060155122653,2.7506015512265307
13,116,47,52.84119613404954,5.8411961340495395
13,117,46,45.96287266800658,-0.037127331993417556
13,118,45,49.779653341450214,4.779653341450214
13,119,44,57.82205906320861,13.822059063208613
13,120,43,50.073676739926746,7.073676739926746
13,121,42,49.04489583333333,7.044895833333328
13,122,41,60.08139069264068,19.08139069264068
13,123,40,48.95581101190477,8.955811011904771
13,124,39,46.16428819444444,7.164288194444438
13,125,38,52.04340315934068,14.043403159340677
13,126,37,47.25824908704103,10.25824908704103
13,127,36,44.406733244980074,8.406733244980074
13,128,35,40.86591382575758,5.8659138257575805
13,129,34,42.51714125233426,8.517141252334262
13,130,33,37.013621031746055,4.013621031746055
13,131,32,38.22987351190476,6.2298735119047635
13,132,31,36.23707341269839,5.237073412698393
13,133,30,36.26188897907649,6.261888979076488
13,134,29,38.272782738095245,9.272782738095245
13,135,28,35.076346726190486,7.076346726190486
13,136,27,30.596914682539683,3.5969146825396834
13,137,26,33.86319744674186,7.863197446741857
13,138,25,34.157663690476184,9.157663690476184
13,139,24,29.182008928571427,5.1820089285714275
13,140,23,24.327217784043427,1.3272177840434267
13,141,22,23.82935515873016,1.8293551587301593
13,142,21,20.30782986111111,-0.6921701388888906
13,143,20,18.23246279761905,-1.7675372023809501
13,144,19,19.245964781746032,0.2459647817460322
13,145,18,18.444218750000005,0.44421875000000455
13,146,17,15.776145833333338,-1.223854166666662
13,147,16,14.851501397907647,-1.1484986020923529
13,148,15,15.018942577030813,0.018942577030813368
13,149,14,10.322202380952387,-3.677797619047613
13,150,13,12.236051587301581,-0.7639484126984186
13,151,12,8.501081349206348,-3.4989186507936516
13,152,11,9.924476686507935,-1.0755233134920648
13,153,10,9.578400297619055,-0.421599702380945
13,154,9,9.983519345238097,0.983519345238097
13,155,8,7.390551948051947,-0.6094480519480534
13,156,7,8.7483630952381,1.7483630952380995
13,157,6,4.650038329725833,-1.3499616702741672
13,158,5,4.643591269841268,-0.35640873015873176
13,159,4,1.2682589285714299,-2.73174107142857
13,160,3,1.111220238095239,-1.888779761904761
13,161,2,0.0,-2.0
13,162,1,0.0,-1.0
13,163,0,0.0,0.0
14,1,125,113.80836479613576,-11.191635203864237
14,2,125,112.99568616841472,-12.004313831585279
14,3,125,112.60330538634896,-12.396694613651036
14,4,125,118.00267746149693,-6.99732253850307
14,5,125,114.7040013701857,-10.295998629814306
14,6,125,110.13938869032677,-14.860611309673232
14,7,125,116.78799275939605,-8.212007240603953
14,8,125,118.26208336340451,-6.737916636595486
14,9,125,116.7722572610493,-8.227742738950695
14,10,125,116.01333129514505,-8.98666870485495
14,11,125,114.7985656352671,-10.201434364732904
14,12,125,115.68848416152044,-9.311515838479565
14,13,125,113.03245855008015,-11.96754144991985
14,14,125,113.31999583905767,-11.680004160942332
14,15,125,113.18604850284832,-11.813951497151677
14,16,125,114.63515713224362,-10.36484286775638
14,17,125,112.46585532282843,-12.534144677171568
14,18,125,115.12017794371783,-9.879822056282165
14,19,125,114.78164555428893,-10.218354445711071
14,20,125,117.28830535089143,-7.711694649108566
14,21,125,114.33737218493191,-10.662627815068092
14,22,125,110.75059921116471,-14.249400788835288
14,23,125,113.044236182312,-11.955763817687995
14,24,125,111.80670683010797,-13.19329316989203
14,25,125,113.76533121299266,-11.234668787007337
14,26,125,115.08171996620152,-9.918280033798482
14,27,125,113.50549621621738,-11.49450378378262
14,28,125,110.84396224625443,-14.156037753745565
14,29,125,115.0931791105894,-9.906820889410596
14,30,125,113.21474171593562,-11.785258284064383
14,31,125,111.95896284385533,-13.041037156144668
14,32,125,111.8166962923201,-13.183303707679897
14,33,125,113.23175480758218,-11.768245192417822
14,34,125,114.5173426288741,-10.482657371125896
14,35,125,111.72633379719431,-13.273666202805686
14,36,125,114.56083689016808,-10.439163109831924
14,37,125,113.27349773149044,-11.726502268509563
14,38,125,111.0999443989635,-13.900055601036499
14,39,125,105.65172613023935,-19.348273869760646
14,40,125,115.01505801794727,-9.984941982052732
14,41,125,114.51952879970978,-10.480471200290225
14,42,125,112.49965643495474,-12.500343565045256
14,43,125,114.78795308055491,-10.212046919445086
14,44,125,114.11548164081292,-10.884518359187084
14,45,125,111.0003049639561,-13.999695036043903
14,46,125,110.08147292787434,-14.918527072125656
14,47,125,110.30923980132215,-14.69076019867785
14,48,125,114.57234072506776,-10.427659274932239
14,49,125,102.94777599423067,-22.052224005769332
14,50,125,110.61378372240499,-14.386216277595011
14,51,125,113.83454310105074,-11.165456898949259
14,52,125,114.53094515789803,-10.469054842101968
14,53,125,112.68257803016778,-12.317421969832225
14,54,125,110.14753097300084,-14.85246902699916
14,55,125,113.45483069109378,-11.545169308906225
14,56,124,112.86698939733682,-11.133010602663177
14,57,123,105.82829941489959,-17.17170058510041
14,58,122,106.0510791803392,-15.948920819660799
14,59,121,109.10339383663317,-11.896606163366826
14,60,120,112.22164916782147,-7.778350832178532
14,61,119,110.84308977651406,-8.156910223485937
14,62,118,105.06552601926212,-12.934473980737877
14,63,117,105.19067761351951,-11.809322386480488
14,64,116,104.07338981508391,-11.926610184916086
14,65,115,105.73192005079412,-9.268079949205884
14,66,114,105.47625480175284,-8.523745198247155
14,67,113,99.9758547797833,-13.024145220216695
14,68,112,109.09075067521243,-2.9092493247875666
14,69,111,105.97002863699997,-5.02997136300003
14,70,110,105.13322282644648,-4.8667771735535155
14,71,109,110.02301437309507,1.0230143730950658
14,72,108,103.22194134727064,-4.7780586527293565
14,73,107,98.94651108966377,-8.053488910336227
14,74,106,96.43744992714667,-9.562550072853327
14,75,105,99.62703497188488,-5.372965028115118
14,76,104,98.63423999826924,-5.365760001730763
14,77,103,92.38321251949536,-10.616787480504641
14,78,102,90.88186376495895,-11.11813623504105
14,79,101,99.03370428886504,-1.9662957111349613
14,80,100,91.09150036093148,-8.908499639068523
14,81,99,102.22485647339325,3.2248564733932454
14,82,98,102.35375972484242,4.353759724842419
14,83,97,103.53749830504509,6.537498305045091
14,84,96,99.40337950186965,3.403379501869651
14,85,95,92.68213496225569,-2.317865037744312
14,86,94,91.31335652576568,-2.686643474234316
14,87,93,78.85328869047618,-14.146711309523823
14,88,92,76.60529059044028,-15.394709409559724
14,89,91,84.6011937897987,-6.3988062102013
14,90,90,76.87643524877903,-13.123564751220968
14,91,89,89.42576436584248,0.42576436584248256
14,92,88,76.97963217338219,-11.020367826617814
14,93,87,69.4548474702381,-17.545152529761907
14,94,86,71.7857420070871,-14.214257992912906
14,95,85,72.0028461737538,-12.997153826246205
14,96,84,79.77404761904762,-4.2259523809523785
14,97,83,79.94725149561089,-3.0527485043891147
14,98,82,80.35636082150248,-1.6436391784975228
14,99,81,71.85069094967534,-9.14930905032466
14,100,80,64.91542985660178,-15.084570143398224
14,101,79,73.65662364096633,-5.34337635903367
14,102,78,61.81491612554113,-16.18508387445887
14,103,77,64.06163882902298,-12.938361170977018
14,104,76,77.1226909722222,1.1226909722222018
14,105,75,67.44241289092854,-7.557587109071463
14,106,74,61.12231274801589,-12.877687251984113
14,107,73,61.83677083333332,-11.163229166666682
14,108,72,55.89529761904762,-16.104702380952382
14,109,71,61.181045725108206,-9.818954274891794
14,110,70,62.711681547619065,-7.288318452380935
14,111,69,55.484694940476174,-13.515305059523826
14,112,68,51.01746165293041,-16.982538347069593
14,113,67,53.43814484126981,-13.56185515873019
14,114,66,56.87717897105291,-9.122821028947087
14,115,65,58.422879464285714,-6.577120535714286
14,116,64,57.0743898809524,-6.925610119047597
14,117,63,69.19651932605639,6.196519326056389
14,118,62,55.1595725108225,-6.8404274891775
14,119,61,59.01750744047621,-1.9824925595237914
14,120,60,49.37541859692594,-10.62458140307406
14,121,59,52.473705357142855,-6.526294642857145
14,122,58,48.62934432907779,-9.370655670922211
14,123,57,46.749634615384615,-10.250365384615385
14,124,56,48.017790178571445,-7.982209821428555
14,125,55,45.09677083333334,-9.903229166666662
14,126,54,51.862767857142856,-2.137232142857144
14,127,53,52.849939123376615,-0.1500608766233853
14,128,52,46.07412946428573,-5.925870535714267
14,129,51,47.07379464285715,-3.926205357142848
14,130,50,45.74986607142856,-4.250133928571437
14,131,49,47.61221726190475,-1.3877827380952468
14,132,48,44.784962148962144,-3.215037851037856
14,133,47,47.96433035714286,0.9643303571428632
14,134,46,35.01875496031747,-10.981245039682527
14,135,45,36.57726068457685,-8.42273931542315
14,136,44,34.59784271978023,-9.402157280219768
14,137,43,34.71421451869742,-8.285785481302582
14,138,42,41.96224639943391,-0.03775360056609145
14,139,41,34.30628415854979,-6.6937158414502065
14,140,40,32.203113182773116,-7.796886817226884
14,141,39,40.47569940476191,1.4756994047619116
14,142,38,34.70950148809523,-3.2904985119047723
14,143,37,32.32488707983193,-4.675112920168068
14,144,36,35.060067536630044,-0.9399324633699564
14,145,35,33.53614087301588,-1.4638591269841186
14,146,34,33.8264292478355,-0.17357075216450113
14,147,33,32.0054532161387,-0.9945467838613027
14,148,32,31.725972413003674,-0.27402758699632557
14,149,31,30.903466793623053,-0.09653320637694662
14,150,30,30.238969155844167,0.2389691558441669
14,151,29,27.163764880952392,-1.8362351190476076
14,152,28,21.63433531746033,-6.36566468253967
14,153,27,22.040742746399918,-4.959257253600082
14,154,26,21.50210683370151,-4.497893166298489
14,155,25,18.55584347943722,-6.444156520562782
14,156,24,16.835141369047612,-7.164858630952388
14,157,23,16.529815054736932,-6.4701849452630675
14,158,22,18.81042343073593,-3.1895765692640694
14,159,21,16.85904761904761,-4.140952380952388
14,160,20,19.03,-0.9699999999999989
14,161,19,16.887573502885996,-2.1124264971140043
14,162,18,13.096837797619049,-4.903162202380951
14,163,17,13.001294642857143,-3.998705357142857
14,164,16,10.884649621212116,-5.115350378787884
14,165,15,11.865656565656561,-3.134343434343439
14,166,14,9.87747576208514,-4.12252423791486
14,167,13,10.843774801587307,-2.1562251984126934
14,168,12,10.643139880952381,-1.356860119047619
14,169,11,9.150178120490619,-1.8498218795093813
14,170,10,8.209742063492062,-1.7902579365079383
14,171,9,3.9083854166666647,-5.091614583333335
14,172,8,5.097447916666667,-2.902552083333333
14,173,7,4.359724702380955,-2.640275297619045
14,174,6,1.8796279761904753,-4.120372023809525
14,175,5,1.8159699675324656,-3.1840300324675344
14,176,4,1.0443925865800852,-2.955607413419915
14,177,3,0.0,-3.0
14,178,2,0.0,-2.0
14,179,1,0.0,-1.0
14,180,0,0.0,0.0
15,1,125,119.1234855769231,-5.876514423076898
15,2,125,119.73327792864913,-5.26672207135087
15,3,125,119.86645833333333,-5.133541666666673
15,4,125,119.89375000000003,-5.106249999999974
15,5,125,119.5734375,-5.426562500000003
15,6,125,119.94000000000001,-5.059999999999988
15,7,125,119.48743449312715,-5.512565506872846
15,8,125,119.40041666666669,-5.599583333333314
15,9,125,119.05510416666667,-5.944895833333334
15,10,125,119.46354166666666,-5.536458333333343
15,11,125,119.89781250000001,-5.102187499999985
15,12,125,119.9515625,-5.048437500000006
15,13,125,120.0,-5.0
15,14,125,119.83442763195151,-5.165572368048487
15,15,125,119.81188271604938,-5.188117283950618
15,16,125,119.52866120552487,-5.47133879447513
15,17,125,119.90191585998878,-5.098084140011224
15,18,125,119.79136188271605,-5.208638117283954
15,19,125,119.33834104938273,-5.661658950617266
15,20,125,119.85657021604939,-5.143429783950609
15,21,125,119.85042438271606,-5.1495756172839435
15,22,125,119.93958333333333,-5.060416666666669
15,23,125,119.790625,-5.209374999999994
15,24,125,119.92438271604938,-5.075617283950621
15,25,125,119.99938271604938,-5.000617283950618
15,26,125,119.94209104938273,-5.057908950617275
15,27,125,119.83598684210524,-5.1640131578947575
15,28,125,119.975,-5.025000000000006
15,29,125,119.72791666666667,-5.2720833333333275
15,30,125,119.96927083333335,-5.030729166666646
15,31,125,119.70864583333332,-5.291354166666679
15,32,125,119.45018479081762,-5.549815209182384
15,33,125,119.70491324955549,-5.295086750444511
15,34,125,119.86868925763152,-5.131310742368484
15,35,125,119.91525010273304,-5.08474989726696
15,36,125,119.63889759096487,-5.3611024090351265
15,37,125,119.83066842429821,-5.16933157570179
15,38,125,119.38764759096486,-5.6123524090351395
15,39,125,119.7272309242982,-5.272769075701802
15,40,125,119.87514759096487,-5.124852409035128
15,41,125,119.97618925763155,-5.023810742368454
15,42,125,119.86292438271603,-5.137075617283969
15,43,125,119.8223611111111,-5.177638888888893
15,44,125,119.84604938271605,-5.153950617283954
15,45,125,119.89375,-5.106250000000003
15,46,125,119.21031085958006,-5.789689140419938
15,47,125,114.77114844461406,-10.228851555385944
15,48,125,116.34358886629559,-8.65641113370441
15,49,125,114.03583894752407,-10.96416105247593
15,50,125,115.21930307179719,-9.780696928202815
15,51,125,117.09442799221138,-7.905572007788621
15,52,125,117.57126716895716,-7.428732831042836
15,53,125,117.69086557539678,-7.309134424603215
15,54,125,118.75260416666666,-6.247395833333343
15,55,125,117.01103980866347,-7.988960191336531
15,56,125,117.45176345324755,-7.548236546752449
15,57,125,118.70662238223727,-6.293377617762729
15,58,125,117.8839970912956,-7.116002908704402
15,59,125,116.3858668073935,-8.614133192606502
15,60,125,117.08644119119519,-7.913558808804808
15,61,125,117.86948214717759,-7.130517852822408
15,62,125,119.30334838493884,-5.696651615061157
15,63,125,119.36593095966369,-5.634069040336314
15,64,125,118.75814338869392,-6.241856611306076
15,65,125,116.39490990258624,-8.605090097413765
15,66,125,115.8874230736341,-9.112576926365904
15,67,125,116.2716467996576,-8.728353200342397
15,68,125,115.95245720054614,-9.047542799453865
15,69,125,118.06453185844848,-6.9354681415515245
15,70,125,117.16125987051062,-7.838740129489381
15,71,125,115.61494212726822,-9.385057872731778
15,72,125,117.0671834093697,-7.932816590630296
15,73,125,116.39934910775078,-8.60065089224922
15,74,125,116.73987836003212,-8.260121639967878
15,75,125,117.91098140678767,-7.08901859321233
15,76,125,115.86735421734602,-9.13264578265398
15,77,125,115.58034107817022,-9.419658921829779
15,78,125,115.54448564713225,-9.455514352867752
15,79,125,110.37362505719925,-14.626374942800751
15,80,125,113.45086444812198,-11.549135551878024
15,81,125,113.75132739094502,-11.248672609054978
15,82,125,115.48109240842314,-9.518907591576863
15,83,124,114.31904196518391,-9.680958034816086
15,84,123,112.15316862244148,-10.846831377558516
15,85,122,114.26997880168241,-7.730021198317587
15,86,121,114.35858906561523,-6.641410934384766
15,87,120,116.78967153237193,-3.2103284676280737
15,88,119,115.02077827924435,-3.979221720755646
15,89,118,115.11250235735868,-2.8874976426413212
15,90,117,111.075765611219,-5.924234388781002
15,91,116,110.84246749250613,-5.157532507493869
15,92,115,102.86237480252058,-12.137625197479423
15,93,114,101.72954730315833,-12.270452696841673
15,94,113,99.521966052036,-13.478033947963993
15,95,112,102.54924102734341,-9.450758972656587
15,96,111,104.1453457031874,-6.854654296812598
15,97,110,107.2585193080052,-2.741480691994795
15,98,109,104.95487234344664,-4.045127656553362
15,99,108,105.03642352999691,-2.9635764700030904
15,100,107,106.08809187136394,-0.9119081286360569
15,101,106,109.79535971699306,3.7953597169930617
15,102,105,105.95186104421707,0.9518610442170683
15,103,104,105.30644714322537,1.3064471432253697
15,104,103,107.62178462206825,4.6217846220682475
15,105,102,108.50282233690318,6.502822336903179
15,106,101,105.79178165218718,4.791781652187183
15,107,100,109.39323906068935,9.393239060689353
15,108,99,114.71635600659238,15.716356006592378
15,109,98,108.06086863975898,10.06086863975898
15,110,97,110.23885095098922,13.238850950989217
15,111,96,105.22730930964397,9.227309309643971
15,112,95,106.46929820543195,11.469298205431954
15,113,94,108.08035053806645,14.080350538066455
15,114,93,106.77037123630032,13.77037123630032
15,115,92,105.66130237531203,13.661302375312033
15,116,91,106.5811316744132,15.5811316744132
15,117,90,102.07460504656555,12.074605046565551
15,118,89,103.77871864484993,14.778718644849931
15,119,88,103.22527900311009,15.225279003110089
15,120,87,108.11327558986139,21.113275589861388
15,121,86,104.30354101015402,18.30354101015402
15,122,85,107.10050172781321,22.10050172781321
15,123,84,104.3162380778526,20.316238077852603
15,124,83,101.86997504644009,18.86997504644009
15,125,82,104.70329656208746,22.70329656208746
15,126,81,102.38232553436141,21.382325534361414
15,127,80,103.66695073498079,23.666950734980787
15,128,79,94.09958469604017,15.099584696040168
15,129,78,93.36320665728422,15.363206657284223
15,130,77,97.34004344467942,20.340043444679424
15,131,76,97.1943181349111,21.1943181349111
15,132,75,98.78321749077266,23.783217490772657
15,133,74,94.31800723369979,20.318007233699788
15,134,73,94.22115216945451,21.221152169454513
15,135,72,93.15080694444738,21.150806944447382
15,136,71,92.74914431588309,21.749144315883086
15,137,70,97.15683782300019,27.15683782300019
15,138,69,99.9561766489575,30.956176648957495
15,139,68,97.41632557965207,29.416325579652067
15,140,67,92.53287730235425,25.53287730235425
15,141,66,91.6370110236562,25.6370110236562
15,142,65,98.97639654582517,33.97639654582517
15,143,64,93.35356498828563,29.353564988285626
15,144,63,89.17965909120001,26.17965909120001
15,145,62,91.66323654023158,29.66323654023158
15,146,61,95.40504684166329,34.40504684166329
15,147,60,91.34252358966384,31.34252358966384
15,148,59,94.02727694212285,35.02727694212285
15,149,58,96.68843271991662,38.68843271991662
15,150,57,88.40645800228567,31.406458002285675
15,151,56,88.40891996516481,32.40891996516481
15,152,55,90.0502104631998,35.050210463199804
15,153,54,90.45686365347241,36.45686365347241
15,154,53,89.42794815246874,36.427948152468744
15,155,52,90.84893815319708,38.84893815319708
15,156,51,92.82327866617582,41.823278666175824
15,157,50,92.93462840018576,42.93462840018576
15,158,49,93.79998892022681,44.79998892022681
15,159,48,88.37464274891803,40.374642748918035
15,160,47,84.85433189365948,37.85433189365948
15,161,46,79.79259620378379,33.79259620378379
15,162,45,77.33060888318631,32.330608883186315
15,163,44,75.9752531528031,31.975253152803106
15,164,43,81.977524436988,38.977524436988006
15,165,42,68.85125414631662,26.85125414631662
15,166,41,70.21259247570352,29.212592475703516
15,167,40,70.66221394992536,30.66221394992536
15,168,39,75.1937687428719,36.193768742871896
15,169,38,79.17959368210795,41.17959368210795
15,170,37,75.8241938538394,38.824193853839404
15,171,36,71.10027877886752,35.10027877886752
15,172,35,70.0023698646125,35.002369864612504
15,173,34,65.43440270146517,31.434402701465174
15,174,33,67.17714657738094,34.17714657738094
15,175,32,60.903162202380955,28.903162202380955
15,176,31,59.556278521825405,28.556278521825405
15,177,30,59.54917410714286,29.54917410714286
15,178,29,55.64552083333334,26.645520833333343
15,179,28,47.573599950396826,19.573599950396826
15,180,27,48.28783005189255,21.28783005189255
15,181,26,48.000237559621766,22.000237559621766
15,182,25,40.34049851190476,15.340498511904762
15,183,24,38.12077380952381,14.120773809523811
15,184,23,40.15021577380951,17.150215773809506
15,185,22,31.999720869408364,9.999720869408364
15,186,21,30.94223511904763,9.94223511904763
15,187,20,28.92365327380952,8.92365327380952
15,188,19,29.497346272920083,10.497346272920083
15,189,18,27.42215153769841,9.422151537698412
15,190,17,27.396914682539702,10.396914682539702
15,191,16,21.983405257936504,5.983405257936504
15,192,15,19.796835317460314,4.796835317460314
15,193,14,12.728199404761902,-1.2718005952380977
15,194,13,13.666036706349207,0.6660367063492068
15,195,12,15.313191964285714,3.313191964285714
15,196,11,10.936622023809528,-0.06337797619047159
15,197,10,9.52412675865801,-0.47587324134198994
15,198,9,9.300079194033938,0.30007919403393757
15,199,8,8.44834077380953,0.4483407738095302
15,200,7,8.067723214285717,1.0677232142857171
15,201,6,8.048236607142858,2.048236607142858
15,202,5,6.950096726190473,1.9500967261904734
15,203,4,4.174379960317463,0.17437996031746295
15,204,3,5.75513704877112,2.75513704877112
15,205,2,2.1999479166666642,0.19994791666666423
15,206,1,0.0,-1.0
15,207,0,0.0,0.0
16,1,125,98.22113343253969,-26.778866567460312
16,2,125,113.07589342833303,-11.924106571666968
16,3,125,114.4376462346225,-10.562353765377495
16,4,125,105.49902822667529,-19.500971773324707
16,5,125,100.78513439513594,-24.21486560486406
16,6,125,104.83697260154058,-20.16302739845942
16,7,125,103.62139136904761,-21.378608630952385
16,8,125,103.98843596086176,-21.011564039138236
16,9,125,108.89031799025835,-16.109682009741647
16,10,125,107.80491162000824,-17.19508837999176
16,11,125,109.80063804825618,-15.199361951743825
16,12,125,105.5820963995811,-19.417903600418896
16,13,125,109.00316984377241,-15.996830156227588
16,14,125,102.79821802953973,-22.201781970460274
16,15,125,105.6277474383724,-19.372252561627604
16,16,125,107.22210498226484,-17.777895017735162
16,17,125,98.9839704397452,-26.016029560254793
16,18,125,101.35022817460319,-23.64977182539681
16,19,125,93.65059810602777,-31.349401893972228
16,20,125,100.74799953059514,-24.252000469404862
16,21,125,99.787297832981,-25.212702167019003
16,22,125,96.13841964285714,-28.861580357142856
16,23,125,103.29083300561372,-21.70916699438628
16,24,125,108.96920760513949,-16.030792394860512
16,25,125,110.08205002575676,-14.917949974243243
16,26,125,100.03970956035926,-24.960290439640744
16,27,125,109.1925866523192,-15.807413347680793
16,28,125,95.94591269841274,-29.05408730158726
16,29,125,102.67770604998073,-22.322293950019272
16,30,125,98.52081534859106,-26.479184651408943
16,31,125,95.41852784368413,-29.58147215631587
16,32,125,98.27867520918878,-26.721324790811224
16,33,125,107.31172294523762,-17.68827705476238
16,34,125,102.2546002557013,-22.745399744298695
16,35,125,102.83927741939195,-22.160722580608052
16,36,125,104.63260759252303,-20.36739240747697
16,37,125,107.74751044832826,-17.252489551671744
16,38,125,110.51543242896393,-14.484567571036067
16,39,125,111.62857873734352,-13.371421262656483
16,40,125,108.78349907067502,-16.21650092932498
16,41,125,108.65544238831285,-16.34455761168715
16,42,125,102.45955121200218,-22.540448787997818
16,43,125,91.13346185064938,-33.86653814935062
16,44,125,93.51672619047618,-31.483273809523823
16,45,125,95.06277086499493,-29.93722913500507
16,46,125,84.12912202380956,-40.87087797619044
16,47,125,96.66768028846155,-28.332319711538446
16,48,125,91.22835633116885,-33.771643668831146
16,49,125,93.82590195455383,-31.174098045446172
16,50,125,89.84744363275607,-35.15255636724393
16,51,125,90.8489211309524,-34.151078869047595
16,52,125,88.68865327380956,-36.311346726190436
16,53,125,95.25765624999998,-29.742343750000018
16,54,125,99.4628869047619,-25.537113095238098
16,55,125,100.41672568342605,-24.58327431657395
16,56,125,103.81543278769843,-21.184567212301573
16,57,125,102.64758814102568,-22.35241185897432
16,58,125,102.30627232352272,-22.69372767647728
16,59,125,97.42215659340661,-27.577843406593388
16,60,125,101.50031759294627,-23.499682407053726
16,61,125,107.6379364249794,-17.3620635750206
16,62,125,98.46510676780876,-26.534893232191237
16,63,125,90.54854910714286,-34.45145089285714
16,64,125,94.58178571428572,-30.418214285714285
16,65,125,93.46838850972816,-31.531611490271843
16,66,125,88.47125946969697,-36.528740530303025
16,67,125,93.93179191468249,-31.068208085317508
16,68,125,97.5343070887446,-27.465692911255402
16,69,125,101.67157941017317,-23.328420589826834
16,70,125,97.21344648692808,-27.786553513071922
16,71,125,91.2002157738095,-33.799784226190496
16,72,125,89.02780257936507,-35.97219742063493
16,73,125,84.14317212301582,-40.856827876984184
16,74,125,91.51315367528001,-33.48684632471999
16,75,125,82.93788070436511,-42.062119295634886
16,76,125,89.84687635281387,-35.153123647186135
16,77,125,89.66081616300374,-35.339183836996256
16,78,125,84.84431547619052,-40.155684523809484
16,79,125,78.76309027777782,-46.23690972222218
16,80,125,84.51355654761907,-40.486443452380925
16,81,125,82.22743055555557,-42.77256944444443
16,82,125,84.7924078525641,-40.2075921474359
16,83,125,76.21129464285714,-48.78870535714286
16,84,125,81.49247023809524,-43.50752976190476
16,85,124,83.49587053571429,-40.50412946428571
16,86,123,84.17439856514454,-38.82560143485546
16,87,122,86.18996223758319,-35.81003776241681
16,88,121,79.79808035714284,-41.20191964285716
16,89,120,79.5595843700552,-40.440415629944795
16,90,119,80.20029989444924,-38.799700105550755
16,91,118,72.06282366071426,-45.93717633928574
16,92,117,76.02281024531024,-40.97718975468976
16,93,116,65.91744926948053,-50.08255073051947
16,94,115,67.7076029265873,-47.2923970734127
16,95,114,64.0017694665586,-49.9982305334414
16,96,113,66.31047998366013,-46.68952001633987
16,97,112,52.445344742063504,-59.554655257936496
16,98,111,57.47009266774891,-53.52990733225109
16,99,110,57.163885281385284,-52.836114718614716
16,100,109,55.24164201097106,-53.75835798902894
16,101,108,54.45193757254218,-53.54806242745782
16,102,107,58.22308103354978,-48.77691896645022
16,103,106,58.15278837481965,-47.84721162518035
16,104,105,56.33162202380953,-48.66837797619047
16,105,104,59.096776556776575,-44.903223443223425
16,106,103,57.93593487618908,-45.06406512381092
16,107,102,62.159858630952385,-39.840141369047615
16,108,101,65.01446428571428,-35.98553571428572
16,109,100,56.649784226190455,-43.350215773809545
16,110,99,57.976386408730164,-41.023613591269836
16,111,98,53.92320888772173,-44.07679111227827
16,112,97,56.08394917582417,-40.91605082417583
16,113,96,57.987320075757566,-38.012679924242434
16,114,95,55.31108906550438,-39.68891093449562
16,115,94,63.43197488275614,-30.568025117243863
16,116,93,60.03687489216699,-32.96312510783301
16,117,92,54.84353422619048,-37.15646577380952
16,118,91,48.384583784271285,-42.615416215728715
16,119,90,53.231746031746,-36.768253968254
16,120,89,45.65814732142855,-43.34185267857145
16,121,88,37.232408424767414,-50.767591575232586
16,122,87,35.374813988095255,-51.625186011904745
16,123,86,45.50062251984129,-40.49937748015871
16,124,85,42.62481398809524,-42.37518601190476
16,125,84,37.360889840347554,-46.639110159652446
16,126,83,45.428323412698404,-37.571676587301596
16,127,82,49.24914682539683,-32.75085317460317
16,128,81,48.61025049603173,-32.38974950396827
16,129,80,47.43329447492164,-32.56670552507836
16,130,79,46.55730218596059,-32.44269781403941
16,131,78,43.518339247558,-34.481660752442
16,132,77,40.04595238095238,-36.95404761904762
16,133,76,36.75712166305915,-39.24287833694085
16,134,75,40.28130456349206,-34.71869543650794
16,135,74,43.90643730590061,-30.09356269409939
16,136,73,39.627135416666654,-33.372864583333346
16,137,72,32.53031746031745,-39.46968253968255
16,138,71,31.891284722222217,-39.10871527777778
16,139,70,31.70356646825399,-38.29643353174601
16,140,69,32.25811710858585,-36.74188289141415
16,141,68,28.518392406204896,-39.481607593795104
16,142,67,27.945994543650812,-39.05400545634919
16,143,66,32.490585317460315,-33.509414682539685
16,144,65,32.66693317099567,-32.33306682900433
16,145,64,34.27121469421102,-29.728785305788982
16,146,63,30.363418311403514,-32.636581688596486
16,147,62,33.29377976190476,-28.70622023809524
16,148,61,33.25987012987012,-27.740129870129877
16,149,60,30.590305059523807,-29.409694940476193
16,150,59,29.087963789682526,-29.912036210317474
16,151,58,26.61496355558856,-31.38503644441144
16,152,57,34.86611607142857,-22.13388392857143
16,153,56,34.43332589285715,-21.566674107142852
16,154,55,29.52283639971141,-25.47716360028859
16,155,54,34.0230938852814,-19.976906114718602
16,156,53,29.718219246031772,-23.281780753968228
16,157,52,30.610200892857144,-21.389799107142856
16,158,51,27.85087842712842,-23.14912157287158
16,159,50,25.196222267316024,-24.803777732683976
16,160,49,24.512893894300145,-24.487106105699855
16,161,48,23.207733134920623,-24.792266865079377
16,162,47,29.817410714285714,-17.182589285714286
16,163,46,25.79125992063492,-20.20874007936508
16,164,45,27.940052083333335,-17.059947916666665
16,165,44,23.39737351190477,-20.60262648809523
16,166,43,23.449126984126984,-19.550873015873016
16,167,42,20.70102182539683,-21.29897817460317
16,168,41,22.022462797619056,-18.977537202380944
16,169,40,20.830002480158733,-19.169997519841267
16,170,39,17.853928571428572,-21.146071428571428
16,171,38,19.42014136904762,-18.57985863095238
16,172,37,18.48980557712215,-18.51019442287785
16,173,36,18.50424851190477,-17.49575148809523
16,174,35,19.717077245670996,-15.282922754329004
16,175,34,20.878641894257704,-13.121358105742296
16,176,33,19.309680059523807,-13.690319940476193
16,177,32,17.841953983516483,-14.158046016483517
16,178,31,18.528980654761902,-12.471019345238098
16,179,30,18.563020833333333,-11.436979166666667
16,180,29,16.666501801378438,-12.333498198621562
16,181,28,14.866383928571423,-13.133616071428577
16,182,27,14.533820903361345,-12.466179096638655
16,183,26,10.582663690476181,-15.417336309523819
16,184,25,12.186857066544569,-12.813142933455431
16,185,24,10.439508928571431,-13.560491071428569
16,186,23,9.437966269841272,-13.562033730158728
16,187,22,9.920460164835172,-12.079539835164828
16,188,21,6.29299107142857,-14.70700892857143
16,189,20,6.913363095238095,-13.086636904761905
16,190,19,5.978710317460321,-13.02128968253968
16,191,18,7.171594967532473,-10.828405032467527
16,192,17,4.755324900793653,-12.244675099206347
16,193,16,4.983857401656319,-11.01614259834368
16,194,15,2.9817410714285657,-12.018258928571434
16,195,14,2.6320089285714285,-11.367991071428571
16,196,13,2.887581845238093,-10.112418154761908
16,197,12,1.3722767857142877,-10.627723214285712
16,198,11,0.0,-11.0
16,199,10,0.48110119047619104,-9.518898809523808
16,200,9,0.0,-9.0
16,201,8,0.0,-8.0
16,202,7,0.0,-7.0
16,203,6,0.9331696428571412,-5.066830357142859
16,204,5,0.7472842261904757,-4.252715773809524
16,205,4,0.8747048611111117,-3.1252951388888883
16,206,3,0.9499330357142863,-2.0500669642857137
16,207,2,0.0,-2.0
16,208,1,0.0,-1.0
16,209,0,0.0,0.0
17,1,125,117.84745152184587,-7.152548478154131
17,2,125,117.1937267831731,-7.806273216826895
17,3,125,117.82173297443981,-7.178267025560189
17,4,125,118.93211542847834,-6.06788457152166
17,5,125,119.72626994983197,-5.273730050168027
17,6,125,119.55281974419108,-5.447180255808917
17,7,125,119.8767863505412,-5.123213649458805
17,8,125,119.83592633511334,-5.164073664886658
17,9,125,119.92553398870487,-5.074466011295129
17,10,125,119.75718649771497,-5.242813502285031
17,11,125,119.855680965293,-5.144319034706996
17,12,125,119.93760918526077,-5.062390814739231
17,13,125,119.94761732203821,-5.052382677961788
17,14,125,119.99979668526078,-5.000203314739224
17,15,125,119.64585004722139,-5.354149952778613
17,16,125,119.93885918526078,-5.061140814739218
17,17,125,119.89524446664605,-5.104755533353952
17,18,125,119.72835139994413,-5.271648600055869
17,19,125,119.85461946664604,-5.145380533353958
17,20,125,119.81063914368033,-5.1893608563196665
17,21,125,119.79976002836929,-5.200239971630708
17,22,125,119.94434336170261,-5.055656638297393
17,23,125,119.25288555194807,-5.747114448051931
17,24,125,119.6924657177351,-5.307534282264896
17,25,125,119.71593394148348,-5.284066058516515
17,26,125,119.83833835192745,-5.161661648072553
17,27,125,118.9158270692802,-6.084172930719802
17,28,125,119.13395988368686,-5.866040116313144
17,29,125,119.59735679289008,-5.402643207109918
17,30,125,119.01568452380953,-5.984315476190474
17,31,125,119.27244745769372,-5.7275525423062845
17,32,125,118.95870739274483,-6.041292607255173
17,33,125,119.1404517552368,-5.859548244763204
17,34,125,119.18905725693924,-5.810942743060764
17,35,125,118.87215649280813,-6.127843507191869
17,36,125,119.49402428300864,-5.505975716991358
17,37,125,117.70453486040294,-7.295465139597056
17,38,125,117.38068213649096,-7.619317863509039
17,39,125,117.36675194431777,-7.63324805568223
17,40,125,118.43402588447823,-6.565974115521769
17,41,125,119.12617271851916,-5.8738272814808425
17,42,125,116.6739289027081,-8.326071097291901
17,43,125,119.44531809254943,-5.554681907450572
17,44,125,119.26813110094467,-5.731868899055328
17,45,125,119.43333473795744,-5.566665262042562
17,46,125,119.7923535988009,-5.207646401199099
17,47,125,119.79662345876768,-5.203376541232316
17,48,125,119.75082842200295,-5.249171577997046
17,49,125,119.75278976941237,-5.247210230587626
17,50,125,119.58533578044278,-5.414664219557224
17,51,125,119.93199589035119,-5.068004109648811
17,52,125,119.6474986570737,-5.352501342926303
17,53,125,119.72264645633345,-5.27735354366655
17,54,125,119.68063261310756,-5.319367386892438
17,55,125,119.3268117051122,-5.673188294887794
17,56,125,117.94368209604393,-7.056317903956071
17,57,125,118.2908784408153,-6.709121559184695
17,58,125,117.07139668304664,-7.928603316953357
17,59,125,116.53041879749374,-8.469581202506262
17,60,125,113.88325196907888,-11.116748030921116
17,61,125,113.75208176252275,-11.24791823747725
17,62,125,113.25774105553619,-11.742258944463813
17,63,125,116.89472279169146,-8.105277208308536
17,64,125,111.95626970757084,-13.04373029242916
17,65,125,112.87859297631078,-12.121407023689216
17,66,125,114.00498434476614,-10.995015655233857
17,67,125,113.07981173018838,-11.920188269811618
17,68,125,113.53479255246593,-11.46520744753407
17,69,125,113.6651045319823,-11.334895468017706
17,70,125,115.18596609818262,-9.814033901817382
17,71,125,114.2289236071799,-10.771076392820106
17,72,125,112.64611989681941,-12.353880103180586
17,73,125,111.4836738652593,-13.516326134740694
17,74,125,112.51670447823184,-12.483295521768156
17,75,125,115.33352460104174,-9.666475398958255
17,76,125,114.26642660899816,-10.73357339100184
17,77,125,115.87995267393828,-9.120047326061723
17,78,125,112.20952955073383,-12.790470449266166
17,79,125,113.33995136559015,-11.660048634409847
17,80,125,113.91703546933486,-11.082964530665137
17,81,125,114.44955319119285,-10.550446808807152
17,82,125,114.77082246269678,-10.229177537303215
17,83,125,114.51209802488388,-10.487901975116117
17,84,125,115.20061277861585,-9.799387221384151
17,85,125,115.42521529568869,-9.574784704311313
17,86,125,115.17421771502843,-9.825782284971567
17,87,125,114.94420961314582,-10.055790386854184
17,88,125,114.07681924358539,-10.92318075641461
17,89,125,110.79833760022734,-14.201662399772658
17,90,125,111.30985707001332,-13.690142929986678
17,91,125,112.47378192049527,-12.52621807950473
17,92,125,111.57469666406443,-13.425303335935567
17,93,125,112.3223224104105,-12.677677589589507
17,94,125,111.61885223421582,-13.381147765784178
17,95,125,113.30099720127907,-11.699002798720926
17,96,125,112.28281003720625,-12.717189962793753
17,97,125,112.8438721478592,-12.156127852140798
17,98,125,111.78830392756677,-13.211696072433227
17,99,125,112.77718098690772,-12.222819013092277
17,100,125,111.22078666502541,-13.779213334974585
17,101,125,113.4471998498748,-11.552800150125194
17,102,125,114.57474307126566,-10.425256928734342
17,103,125,116.28044608788419,-8.719553912115813
17,104,125,114.75199577969488,-10.24800422030512
17,105,125,114.71609529227135,-10.283904707728652
17,106,125,112.8812184269033,-12.118781573096697
17,107,125,112.78623692329981,-12.21376307670019
17,108,125,113.43835917659794,-11.561640823402058
17,109,125,109.82382711196865,-15.176172888031346
17,110,125,111.48124869855747,-13.518751301442535
17,111,125,113.88057678020337,-11.11942321979663
17,112,125,109.91956528913231,-15.080434710867692
17,113,125,111.25610041862133,-13.74389958137867
17,114,125,110.61278190070485,-14.387218099295154
17,115,125,110.52739455604066,-14.472605443959338
17,116,125,111.04453525479974,-13.95546474520026
17,117,125,111.2681595102629,-13.731840489737095
17,118,125,105.10894445318385,-19.891055546816148
17,119,125,104.80303399687202,-20.196966003127983
17,120,125,105.77878838188659,-19.221211618113415
17,121,125,105.25515367313199,-19.744846326868014
17,122,125,98.13879471327118,-26.86120528672882
17,123,125,97.38104845514236,-27.618951544857637
17,124,125,99.3411636029412,-25.658836397058806
17,125,125,103.62573319294765,-21.37426680705235
17,126,125,106.12178887312481,-18.878211126875186
17,127,125,98.99283255066219,-26.007167449337814
17,128,125,103.30579505838818,-21.694204941611815
17,129,125,102.67689222376245,-22.32310777623755
17,130,125,96.26623149136434,-28.733768508635663
17,131,125,100.44005105574101,-24.55994894425899
17,132,125,100.93039154133893,-24.069608458661065
17,133,125,98.57039627694886,-26.429603723051144
17,134,125,104.91722076470589,-20.08277923529411
17,135,125,107.44220837605705,-17.557791623942947
17,136,125,107.27795898549121,-17.72204101450879
17,137,125,100.72325428988229,-24.27674571011771
17,138,125,110.2492959317879,-14.750704068212102
17,139,125,107.02142156187733,-17.978578438122668
17,140,125,99.63707629760624,-25.362923702393758
17,141,125,107.39560719559162,-17.604392804408377
17,142,125,105.78293875499287,-19.21706124500713
17,143,125,99.65817273042053,-25.34182726957947
17,144,125,100.89484843489409,-24.105151565105913
17,145,125,103.67133947442844,-21.328660525571564
17,146,125,102.00848218795093,-22.991517812049068
17,147,125,101.83515046370078,-23.164849536299215
17,148,125,97.15446512877634,-27.845534871223663
17,149,125,97.07935678599304,-27.920643214006958
17,150,125,100.76074264395706,-24.23925735604294
17,151,125,98.2425337058907,-26.757466294109307
17,152,124,93.80066583442164,-30.199334165578364
17,153,123,101.31565435047324,-21.68434564952676
17,154,122,97.73332753721161,-24.266672462788392
17,155,121,100.81085343380923,-20.18914656619077
17,156,120,88.93462077131343,-31.065379228686567
17,157,119,86.09505221596214,-32.90494778403786
17,158,118,88.92846686756226,-29.071533132437736
17,159,117,93.5636342276895,-23.436365772310495
17,160,116,93.52251484487459,-22.477485155125407
17,161,115,87.81310577162469,-27.18689422837531
17,162,114,90.02227414912184,-23.97772585087816
17,163,113,94.48202025372083,-18.517979746279167
17,164,112,99.99695086060743,-12.003049139392573
17,165,111,101.13278401090399,-9.86721598909601
17,166,110,102.20738340433294,-7.792616595667056
17,167,109,94.60837208594977,-14.391627914050233
17,168,108,104.01053707965681,-3.989462920343186
17,169,107,94.9504117063492,-12.0495882936508
17,170,106,91.02371527777781,-14.97628472222219
17,171,105,99.44997275271128,-5.550027247288725
17,172,104,100.12178745039685,-3.8782125496031483
17,173,103,91.78235848253624,-11.217641517463761
17,174,102,83.29268132215002,-18.707318677849983
17,175,101,94.06796413093944,-6.932035869060556
17,176,100,97.0388660533804,-2.961133946619597
17,177,99,92.66969950699932,-6.330300493000678
17,178,98,77.47801564582576,-20.521984354174236
17,179,97,93.35775869131474,-3.642241308685257
17,180,96,89.84263206901792,-6.157367930982076
17,181,95,89.37811578637866,-5.6218842136213425
17,182,94,78.4966939484127,-15.503306051587302
17,183,93,82.56182087418298,-10.438179125817015
17,184,92,73.91827132936506,-18.081728670634945
17,185,91,72.26248444264068,-18.737515557359316
17,186,90,74.29440453643578,-15.705595463564222
17,187,89,80.48139384920634,-8.518606150793659
17,188,88,74.96751860119049,-13.032481398809509
17,189,87,68.17426812770564,-18.825731872294355
17,190,86,71.46541037087913,-14.534589629120873
17,191,85,67.26763020833334,-17.732369791666656
17,192,84,67.29326884920637,-16.70673115079363
17,193,83,65.6390848214286,-17.360915178571403
17,194,82,66.07216987781955,-15.927830122180453
17,195,81,63.78054315476189,-17.219456845238113
17,196,80,58.25132440476191,-21.74867559523809
17,197,79,62.21578869047622,-16.784211309523783
17,198,78,58.30876004891898,-19.691239951081023
17,199,77,60.990039682539674,-16.009960317460326
17,200,76,58.19123263888888,-17.808767361111123
17,201,75,53.84312576312575,-21.156874236874252
17,202,74,59.510743026377256,-14.489256973622744
17,203,73,51.75115327380952,-21.24884672619048
17,204,72,59.9125421626984,-12.0874578373016
17,205,71,55.95198164682539,-15.048018353174612
17,206,70,53.20578970508658,-16.79421029491342
17,207,69,57.85844494047619,-11.14155505952381
17,208,68,57.48695436507936,-10.513045634920637
17,209,67,56.5863865148332,-10.413613485166799
17,210,66,52.56014001623375,-13.439859983766247
17,211,65,52.99328518907564,-12.006714810924358
17,212,64,50.88833198051949,-13.111668019480511
17,213,63,58.280224341630586,-4.719775658369414
17,214,62,51.36690340909091,-10.63309659090909
17,215,61,56.192387040043286,-4.807612959956714
17,216,60,48.524104662698406,-11.475895337301594
17,217,59,48.18577021756978,-10.814229782430218
17,218,58,50.38497564935064,-7.615024350649357
17,219,57,43.17821924603174,-13.821780753968262
17,220,56,47.88327245670994,-8.116727543290061
17,221,55,44.598663194444434,-10.401336805555566
17,222,54,44.94318700396825,-9.056812996031752
17,223,53,41.834609503284064,-11.165390496715936
17,224,52,38.682083333333345,-13.317916666666655
17,225,51,35.74484126984128,-15.255158730158719
17,226,50,36.403549107142865,-13.596450892857135
17,227,49,39.64480902777776,-9.355190972222239
17,228,48,39.68019345238093,-8.319806547619073
17,229,47,44.19780505952381,-2.802194940476191
17,230,46,40.71432043650793,-5.285679563492067
17,231,45,37.597519841269836,-7.402480158730164
17,232,44,40.82322330447332,-3.1767766955266765
17,233,43,40.64168154761904,-2.3583184523809635
17,234,42,42.49464781746032,0.4946478174603186
17,235,41,42.58484871031746,1.584848710317459
17,236,40,38.6556924152237,-1.3443075847763026
17,237,39,40.246984126984145,1.2469841269841453
17,238,38,36.912884424603185,-1.0871155753968154
17,239,37,33.87177083333335,-3.1282291666666495
17,240,36,33.482946428571424,-2.517053571428576
17,241,35,36.81288442460318,1.8128844246031832
17,242,34,28.880892857142854,-5.119107142857146
17,243,33,27.46426339285715,-5.5357366071428515
17,244,32,30.274593253968234,-1.7254067460317657
17,245,31,24.584995039682543,-6.415004960317457
17,246,30,27.649861111111115,-2.3501388888888854
17,247,29,23.725057043650793,-5.274942956349207
17,248,28,22.88128224206349,-5.118717757936508
17,249,27,21.853497023809517,-5.146502976190483
17,250,26,23.74131200396826,-2.258687996031739
17,251,25,20.20813988095238,-4.7918601190476195
17,252,24,19.235022321428573,-4.764977678571427
17,253,23,17.962782738095243,-5.0372172619047575
17,254,22,19.30920386904761,-2.690796130952389
17,255,21,15.017165178571435,-5.982834821428565
17,256,20,14.087552083333343,-5.9124479166666575
17,257,19,14.16863839285714,-4.83136160714286
17,258,18,13.106299603174602,-4.893700396825398
17,259,17,11.682738095238083,-5.317261904761917
17,260,16,9.790693993506485,-6.209306006493515
17,261,15,10.54415922619047,-4.4558407738095305
17,262,14,9.580935019841268,-4.419064980158732
17,263,13,10.77075396825397,-2.2292460317460296
17,264,12,10.007276785714291,-1.992723214285709
17,265,11,8.834990079365076,-2.1650099206349243
17,266,10,6.551872519841272,-3.4481274801587283
17,267,9,5.032946428571428,-3.967053571428572
17,268,8,3.237187500000001,-4.762812499999999
17,269,7,2.156455853174603,-4.843544146825397
17,270,6,2.796056547619047,-3.203943452380953
17,271,5,1.0677256944444462,-3.932274305555554
17,272,4,0.13021577380952376,-3.8697842261904762
17,273,3,0.0,-3.0
17,274,2,0.0,-2.0
17,275,1,0.0,-1.0
17,276,0,0.0,0.0
18,1,125,116.34023242342985,-8.659767576570147
18,2,125,116.18343227938503,-8.81656772061497
18,3,125,115.98309717943202,-9.016902820567978
18,4,125,114.98405066501978,-10.01594933498022
18,5,125,116.63872758495097,-8.36127241504903
18,6,125,117.75588788083667,-7.244112119163333
18,7,125,116.66369405589062,-8.336305944109384
18,8,125,118.20520011734541,-6.794799882654587
18,9,125,117.8882291666667,-7.111770833333296
18,10,125,117.42363725975822,-7.576362740241777
18,11,125,118.30164907125581,-6.6983509287441905
18,12,125,118.15824904968659,-6.841750950313411
18,13,125,118.55368264861595,-6.446317351384053
18,14,125,117.94738394023489,-7.052616059765114
18,15,125,118.55617182635206,-6.443828173647944
18,16,125,118.15440618471621,-6.845593815283792
18,17,125,118.08635145579119,-6.913648544208812
18,18,125,117.58774772425173,-7.412252275748273
18,19,125,117.88993819972845,-7.110061800271552
18,20,125,118.07355614253433,-6.926443857465671
18,21,125,118.69752913465132,-6.302470865348681
18,22,125,119.23114369382915,-5.768856306170846
18,23,125,118.09197456832271,-6.908025431677288
18,24,125,119.18188797574093,-5.818112024259065
18,25,125,118.41669283467073,-6.583307165329273
18,26,125,119.59482662270803,-5.405173377291973
18,27,125,118.1176524937058,-6.882347506294195
18,28,125,119.72092997742027,-5.279070022579731
18,29,125,119.63731218053424,-5.362687819465762
18,30,125,119.91642180829767,-5.08357819170233
18,31,125,119.87525404513977,-5.124745954860231
18,32,125,119.87293222496433,-5.12706777503567
18,33,125,119.87505066737636,-5.124949332623643
18,34,125,119.74859997326917,-5.251400026730835
18,35,125,119.86222657745843,-5.137773422541571
18,36,125,119.78064937943263,-5.2193506205673685
18,37,125,119.93690659654348,-5.06309340345652
18,38,125,119.75774733357409,-5.242252666425912
18,39,125,118.33889738777634,-6.661102612223658
18,40,125,118.17920306873074,-6.820796931269257
18,41,125,117.08207667363652,-7.9179233263634785
18,42,125,117.1062669066998,-7.893733093300199
18,43,125,117.42927438858051,-7.5707256114194905
18,44,125,117.48470029247649,-7.515299707523511
18,45,125,118.1250059920231,-6.874994007976895
18,46,125,117.43469456006972,-7.565305439930285
18,47,125,114.45035437421427,-10.549645625785729
18,48,125,115.23081344214998,-9.76918655785002
18,49,125,114.98090651747498,-10.019093482525022
18,50,125,114.96063773597425,-10.039362264025755
18,51,125,118.08037637259744,-6.919623627402558
18,52,125,116.40409852885298,-8.595901471147016
18,53,125,114.27481258144704,-10.725187418552963
18,54,125,116.3905681973501,-8.609431802649894
18,55,125,116.86427739123158,-8.135722608768418
18,56,125,117.87201393137222,-7.127986068627777
18,57,125,118.39102710021078,-6.608972899789222
18,58,125,118.25495426984068,-6.745045730159319
18,59,125,111.00950889637826,-13.990491103621736
18,60,125,111.76163031875357,-13.238369681246425
18,61,125,113.02921332740837,-11.970786672591629
18,62,125,114.21998712130596,-10.780012878694038
18,63,125,113.62645687593515,-11.373543124064852
18,64,125,113.5422284741953,-11.457771525804702
18,65,125,114.17032271987121,-10.829677280128791
18,66,125,113.13924719210544,-11.860752807894556
18,67,125,111.50260478070291,-13.49739521929709
18,68,125,108.58318464562856,-16.416815354371437
18,69,125,111.37650656504586,-13.623493434954142
18,70,125,107.4579711928014,-17.542028807198605
18,71,124,109.89026575700814,-14.109734242991863
18,72,123,114.96712189792872,-8.03287810207128
18,73,122,116.76704455124097,-5.232955448759029
18,74,121,118.24950412253204,-2.750495877467955
18,75,120,114.77788404266714,-5.222115957332861
18,76,119,115.155596623376,-3.844403376624001
18,77,118,114.49382324798144,-3.506176752018561
18,78,117,114.00274684921439,-2.9972531507856104
18,79,116,114.3793258619794,-1.620674138020604
18,80,115,112.88513979469322,-2.1148602053067833
18,81,114,114.48750509419938,0.4875050941993777
18,82,113,111.96008391673612,-1.0399160832638756
18,83,112,109.99837692048172,-2.001623079518282
18,84,111,108.96014734002858,-2.039852659971416
18,85,110,108.90378827894331,-1.0962117210566902
18,86,109,107.99827161961073,-1.0017283803892667
18,87,108,109.66036758729676,1.6603675872967614
18,88,107,110.34886169822043,3.348861698220432
18,89,106,98.68824962044468,-7.3117503795553205
18,90,105,106.80986140121612,1.809861401216125
18,91,104,106.56498053674207,2.5649805367420697
18,92,103,106.06977066380352,3.0697706638035243
18,93,102,111.9745704503537,9.974570450353696
18,94,101,113.12470918248437,12.124709182484366
18,95,100,114.97515160077236,14.975151600772364
18,96,99,112.81440445038372,13.81440445038372
18,97,98,113.25299257758452,15.252992577584521
18,98,97,114.28810666516412,17.288106665164122
18,99,96,114.25218413839191,18.25218413839191
18,100,95,112.49973688520333,17.499736885203333
18,101,94,107.13727481301021,13.137274813010208
18,102,93,105.29398106916494,12.293981069164943
18,103,92,98.54100094416663,6.541000944166626
18,104,91,102.4173491301315,11.417349130131498
18,105,90,94.35949921588778,4.35949921588778
18,106,89,92.50141730218266,3.5014173021826593
18,107,88,85.50925795612793,-2.490742043872075
18,108,87,84.61618920599712,-2.3838107940028834
18,109,86,88.88479166666669,2.884791666666686
18,110,85,86.21849900851689,1.2184990085168863
18,111,84,93.33571862165611,9.335718621656113
18,112,83,100.45093584656084,17.45093584656084
18,113,82,98.44784425415347,16.447844254153466
18,114,81,91.68931338763576,10.689313387635764
18,115,80,96.34174297924301,16.34174297924301
18,116,79,90.67897002735705,11.678970027357053
18,117,78,82.76810559477151,4.768105594771512
18,118,77,77.11245004538593,0.11245004538592696
18,119,76,85.2074990460928,9.207499046092806
18,120,75,89.66352723665224,14.663527236652243
18,121,74,71.52355158730163,-2.4764484126983746
18,122,73,77.25228422619048,4.252284226190483
18,123,72,86.018739594388,14.018739594387995
18,124,71,87.10875142283732,16.108751422837315
18,125,70,92.82811535751372,22.828115357513724
18,126,69,93.24961690422462,24.249616904224624
18,127,68,83.66113095238094,15.661130952380944
18,128,67,86.67656249999999,19.67656249999999
18,129,66,86.88564732142859,20.885647321428593
18,130,65,77.30509672619044,12.305096726190442
18,131,64,80.10745653195488,16.10745653195488
18,132,63,77.80833766992353,14.808337669923532
18,133,62,70.66903598137972,8.669035981379722
18,134,61,77.412902388182,16.412902388182005
18,135,60,67.05183351370852,7.051833513708516
18,136,59,61.71025297619046,2.7102529761904606
18,137,58,64.22135732323233,6.221357323232326
18,138,57,66.20023091133005,9.200230911330053
18,139,56,66.1653298611111,10.165329861111104
18,140,55,61.48677827380952,6.48677827380952
18,141,54,59.823931051587294,5.823931051587294
18,142,53,60.77883954228243,7.778839542282427
18,143,52,55.04212079228246,3.0421207922824607
18,144,51,51.63713541666666,0.6371354166666592
18,145,50,52.26645858990148,2.2664585899014824
18,146,49,49.191257697044364,0.1912576970443638
18,147,48,52.425104423234814,4.425104423234814
18,148,47,51.18349909945655,4.183499099456547
18,149,46,51.81944196428568,5.81944196428568
18,150,45,52.31552962662338,7.3155296266233805
18,151,44,51.51727821709445,7.51727821709445
18,152,43,47.397664865288206,4.397664865288206
18,153,42,46.21156367481202,4.2115636748120195
18,154,41,45.820639880952385,4.820639880952385
18,155,40,46.27322172619048,6.273221726190478
18,156,39,43.35862351190478,4.358623511904781
18,157,38,44.54489583333333,6.544895833333328
18,158,37,41.18872023809523,4.188720238095229
18,159,36,42.41813492063492,6.41813492063492
18,160,35,39.843273809523815,4.843273809523815
18,161,34,37.84612103174603,3.84612103174603
18,162,33,36.26724454365081,3.2672445436508113
18,163,32,35.45426068722943,3.4542606872294286
18,164,31,32.577611607142856,1.577611607142856
18,165,30,30.23915652056276,0.2391565205627586
18,166,29,33.55123241341992,4.551232413419918
18,167,28,30.45783482142857,2.4578348214285697
18,168,27,31.290691964285713,4.290691964285713
18,169,26,27.27539930555556,1.2753993055555597
18,170,25,28.0279935515873,3.0279935515873007
18,171,24,29.146121031746034,5.146121031746034
18,172,23,29.084657738095245,6.084657738095245
18,173,22,27.81866815476191,5.818668154761909
18,174,21,25.89802827380953,4.89802827380953
18,175,20,23.26017361111112,3.260173611111121
18,176,19,20.886674107142863,1.8866741071428628
18,177,18,21.618789682539678,3.6187896825396777
18,178,17,17.235602678571432,0.23560267857143202
18,179,16,17.024387400793657,1.0243874007936569
18,180,15,16.385044642857153,1.385044642857153
18,181,14,13.124136904761908,-0.8758630952380919
18,182,13,12.02072916666667,-0.9792708333333309
18,183,12,10.924077380952378,-1.0759226190476223
18,184,11,9.749144345238093,-1.2508556547619065
18,185,10,11.749389880952386,1.7493898809523856
18,186,9,8.962264384920633,-0.037735615079366625
18,187,8,8.807864583333338,0.8078645833333375
18,188,7,7.366927083333332,0.3669270833333318
18,189,6,6.331688988095237,0.3316889880952374
18,190,5,3.443005952380954,-1.556994047619046
18,191,4,3.113896329365083,-0.8861036706349168
18,192,3,0.43822916666666867,-2.5617708333333313
18,193,2,0.0,-2.0
18,194,1,0.0,-1.0
18,195,0,0.0,0.0
19,1,125,110.28276399910428,-14.717236000895724
19,2,125,115.42973871929102,-9.570261280708976
19,3,125,112.52784422711731,-12.472155772882687
19,4,125,116.93700851810028,-8.062991481899715
19,5,125,117.23950258142352,-7.7604974185764775
19,6,125,115.23123779921643,-9.76876220078357
19,7,125,117.55058550101315,-7.4494144989868545
19,8,125,117.75717721610428,-7.242822783895718
19,9,125,117.77936625886863,-7.2206337411313655
19,10,125,116.33847094308813,-8.661529056911874
19,11,125,116.09421359190112,-8.905786408098876
19,12,125,110.19634964758086,-14.80365035241914
19,13,125,113.85684713533013,-11.143152864669872
19,14,125,113.42260447051292,-11.577395529487077
19,15,125,111.7793838496679,-13.220616150332106
19,16,125,113.9771993314318,-11.022800668568195
19,17,125,114.06086512558866,-10.939134874411337
19,18,125,112.42982384721282,-12.570176152787184
19,19,125,113.8391709782572,-11.1608290217428
19,20,125,113.77708278795042,-11.22291721204958
19,21,125,115.01036758206234,-9.989632417937656
19,22,125,113.96313323649186,-11.036866763508144
19,23,125,113.24882733823806,-11.751172661761942
19,24,125,113.54180530466151,-11.458194695338491
19,25,125,117.59922128844315,-7.400778711556853
19,26,125,116.76754071068805,-8.232459289311947
19,27,125,115.7852198004542,-9.2147801995458
19,28,125,114.80519910441517,-10.194800895584834
19,29,125,116.27065772688175,-8.729342273118249
19,30,125,113.91602496257767,-11.083975037422334
19,31,125,113.1840510022552,-11.815948997744798
19,32,125,110.38740968987285,-14.612590310127146
19,33,125,111.44052820612292,-13.55947179387708
19,34,124,109.74822263116512,-14.25177736883488
19,35,123,110.38864373197369,-12.611356268026313
19,36,122,110.57565992421864,-11.424340075781359
19,37,121,112.6691323301192,-8.330867669880803
19,38,120,113.48981266407705,-6.51018733592295
19,39,119,110.37492077668234,-8.625079223317655
19,40,118,114.0009819851609,-3.999018014839095
19,41,117,112.95278662308374,-4.047213376916261
19,42,116,116.72928758571943,0.7292875857194332
19,43,115,114.10618069707917,-0.8938193029208321
19,44,114,115.33702135669448,1.3370213566944784
19,45,113,111.68702105898066,-1.3129789410193382
19,46,112,113.64487504200406,1.6448750420040597
19,47,111,112.70531337058296,1.7053133705829566
19,48,110,110.11479057853039,0.1147905785303891
19,49,109,111.19936684137335,2.1993668413733474
19,50,108,110.25955437695086,2.2595543769508595
19,51,107,113.28380915989081,6.283809159890808
19,52,106,112.730534893476,6.730534893476005
19,53,105,112.48123190146687,7.48123190146687
19,54,104,109.34200721379186,5.3420072137918595
19,55,103,107.55046523869967,4.5504652386996725
19,56,102,106.63844653049345,4.638446530493454
19,57,101,110.57478009878625,9.574780098786249
19,58,100,107.04120513790319,7.041205137903191
19,59,99,110.31462131918701,11.314621319187012
19,60,98,105.95070207514186,7.950702075141862
19,61,97,104.51463475724351,7.514634757243513
19,62,96,96.0896453373016,0.0896453373016044
19,63,95,102.60009091057016,7.6000909105701595
19,64,94,107.43944161438301,13.439441614383014
19,65,93,104.25076728279575,11.25076728279575
19,66,92,103.03913930806667,11.039139308066666
19,67,91,101.36909924049128,10.36909924049128
19,68,90,103.05695436183498,13.056954361834983
19,69,89,105.27216264408621,16.272162644086208
19,70,88,109.06818423427042,21.06818423427042
19,71,87,106.21388085459054,19.213880854590542
19,72,86,104.56487040609076,18.564870406090762
19,73,85,104.15863786273128,19.158637862731283
19,74,84,105.1802429920834,21.180242992083393
19,75,83,101.19766149807595,18.197661498075945
19,76,82,104.20227869651103,22.20227869651103
19,77,81,105.01376156020078,24.013761560200777
19,78,80,102.73604842850493,22.73604842850493
19,79,79,101.53591092112922,22.535910921129215
19,80,78,95.65558721483593,17.655587214835933
19,81,77,95.75299713030765,18.752997130307648
19,82,76,99.17255369606588,23.172553696065876
19,83,75,97.47940812785312,22.47940812785312
19,84,74,105.04221046635044,31.04221046635044
19,85,73,95.65436953312451,22.65436953312451
19,86,72,97.525692204472,25.525692204471994
19,87,71,99.86886808585294,28.868868085852938
19,88,70,93.94848814651246,23.94848814651246
19,89,69,69.93705357142855,0.9370535714285495
19,90,68,72.13332341269842,4.133323412698417
19,91,67,68.50969270426751,1.5096927042675077
19,92,66,68.11389384920632,2.1138938492063204
19,93,65,63.28845283189034,-1.7115471681096608
19,94,64,67.60273065476191,3.6027306547619133
19,95,63,59.49632688492066,-3.503673115079337
19,96,62,58.83279761904763,-3.167202380952368
19,97,61,52.90916666666667,-8.090833333333329
19,98,60,59.65510154061626,-0.3448984593837423
19,99,59,69.40413487554113,10.404134875541132
19,100,58,59.240677507745545,1.240677507745545
19,101,57,63.07009920634921,6.070099206349212
19,102,56,58.97084325396828,2.970843253968283
19,103,55,60.0464136904762,5.0464136904762
19,104,54,54.8109500915751,0.8109500915751013
19,105,53,48.34596626652334,-4.654033733476659
19,106,52,48.45269059933122,-3.54730940066878
19,107,51,52.409804743867234,1.4098047438672339
19,108,50,45.48715029761906,-4.51284970238094
19,109,49,41.52612657563024,-7.4738734243697635
19,110,48,39.503662352761616,-8.496337647238384
19,111,47,41.93416300034508,-5.06583699965492
19,112,46,41.10507688492064,-4.894923115079358
19,113,45,43.05733630952381,-1.9426636904761878
19,114,44,37.42797123015873,-6.572028769841268
19,115,43,46.86209935897436,3.862099358974362
19,116,42,47.299726471445226,5.299726471445226
19,117,41,51.14390721006144,10.143907210061442
19,118,40,39.712317330059776,-0.2876826699402244
19,119,39,37.01308331754454,-1.9869166824554583
19,120,38,38.291734665457085,0.29173466545708493
19,121,37,31.86081142080613,-5.1391885791938705
19,122,36,28.489492018398273,-7.510507981601727
19,123,35,26.993530421154436,-8.006469578845564
19,124,34,24.9712568340424,-9.0287431659576
19,125,33,19.250989583333332,-13.749010416666668
19,126,32,22.317393353174605,-9.682606646825395
19,127,31,22.344726359087765,-8.655273640912235
19,128,30,18.618594504830913,-11.381405495169087
19,129,29,21.210817880036636,-7.789182119963364
19,130,28,22.453686417748912,-5.546313582251088
19,131,27,22.761543560606054,-4.238456439393946
19,132,26,19.836876882175805,-6.163123117824195
19,133,25,20.21072172619048,-4.7892782738095185
19,134,24,17.971495535714283,-6.028504464285717
19,135,23,17.013511904761906,-5.986488095238094
19,136,22,16.89209077380952,-5.107909226190479
19,137,21,17.8131423611111,-3.186857638888899
19,138,20,16.105570436507943,-3.894429563492057
19,139,19,13.67153273809523,-5.32846726190477
19,140,18,10.41918402777778,-7.58081597222222
19,141,17,11.075677083333336,-5.924322916666664
19,142,16,12.138325892857146,-3.8616741071428535
19,143,15,10.410711805555554,-4.589288194444446
19,144,14,9.97604166666666,-4.02395833333334
19,145,13,9.480421626984125,-3.519578373015875
19,146,12,6.395897817460314,-5.604102182539686
19,147,11,4.36046130952381,-6.63953869047619
19,148,10,4.950863095238093,-5.049136904761907
19,149,9,5.036190476190473,-3.963809523809527
19,150,8,2.451220238095239,-5.548779761904761
19,151,7,0.7657366071428573,-6.234263392857143
19,152,6,0.0,-6.0
19,153,5,0.0,-5.0
19,154,4,0.0,-4.0
19,155,3,0.0,-3.0
19,156,2,0.0,-2.0
19,157,1,0.0,-1.0
19,158,0,0.0,0.0
20,1,125,112.68982110203338,-12.310178897966622
20,2,125,110.651600937717,-14.348399062282994
20,3,125,113.93566235282158,-11.06433764717842
20,4,125,113.50663485744943,-11.493365142550573
20,5,125,114.85031245143759,-10.149687548562412
20,6,125,115.57480304818549,-9.425196951814513
20,7,125,112.24273566174534,-12.757264338254657
20,8,125,116.85733707567499,-8.142662924325009
20,9,125,116.83112232146436,-8.168877678535637
20,10,125,116.93277630916793,-8.067223690832066
20,11,125,115.87134385534837,-9.128656144651629
20,12,125,115.67623446526295,-9.32376553473705
20,13,125,116.13262975829828,-8.867370241701721
20,14,125,114.65346571340851,-10.346534286591492
20,15,125,114.67003740306181,-10.329962596938188
20,16,125,115.51361904448925,-9.486380955510754
20,17,125,115.57395682781355,-9.426043172186453
20,18,125,112.69116729914847,-12.308832700851525
20,19,125,109.38895760538988,-15.611042394610124
20,20,125,112.5586454280339,-12.441354571966102
20,21,125,113.45661826079579,-11.543381739204207
20,22,125,114.2302899029193,-10.769710097080704
20,23,125,112.86993118040066,-12.130068819599344
20,24,125,115.37882142242692,-9.621178577573076
20,25,125,115.47292954579864,-9.527070454201365
20,26,125,115.93152258513172,-9.068477414868283
20,27,125,116.82915356778929,-8.170846432210709
20,28,125,117.72810666463806,-7.271893335361938
20,29,125,112.96628770988339,-12.033712290116611
20,30,125,115.51195464414658,-9.488045355853416
20,31,125,116.32033997047589,-8.679660029524115
20,32,125,116.0371076141644,-8.962892385835602
20,33,125,117.25287729730294,-7.747122702697055
20,34,125,112.12356316928944,-12.87643683071056
20,35,125,115.62345110004135,-9.37654889995865
20,36,125,111.5503293029291,-13.4496706970709
20,37,125,114.88221991750405,-10.117780082495955
20,38,125,114.60022162093023,-10.399778379069772
20,39,125,114.71004968489618,-10.289950315103823
20,40,125,114.77416077132052,-10.225839228679476
20,41,125,116.30117951956183,-8.698820480438172
20,42,125,115.67666133685694,-9.323338663143062
20,43,125,113.30006310809509,-11.699936891904912
20,44,125,112.48623582559273,-12.513764174407271
20,45,125,114.68768592121114,-10.312314078788859
20,46,125,114.71764733148191,-10.282352668518087
20,47,125,116.29766575228166,-8.70233424771834
20,48,125,112.17792891972033,-12.82207108027967
20,49,125,113.34748072459827,-11.65251927540173
20,50,125,114.358368953739,-10.641631046260997
20,51,125,113.31450176720007,-11.68549823279993
20,52,125,112.45030192915483,-12.549698070845167
20,53,125,112.45737059013427,-12.542629409865725
20,54,125,113.08895731023472,-11.911042689765281
20,55,125,114.10146985199897,-10.89853014800103
20,56,125,104.13176847413743,-20.86823152586257
20,57,125,112.07114194601812,-12.928858053981884
20,58,125,105.01419114789655,-19.985808852103446
20,59,125,105.65949361564003,-19.34050638435997
20,60,125,109.94979921525471,-15.050200784745286
20,61,125,111.13509025031792,-13.864909749682084
20,62,125,109.35153497414069,-15.64846502585931
20,63,125,105.41624792414993,-19.58375207585007
20,64,125,106.44255878512983,-18.557441214870167
20,65,125,108.30647519276347,-16.69352480723653
20,66,125,98.79742822648431,-26.202571773515686
20,67,125,102.69890721777543,-22.301092782224572
20,68,125,106.0907421942208,-18.909257805779205
20,69,125,110.20144215696953,-14.798557843030466
20,70,125,106.52569779952607,-18.47430220047393
20,71,125,107.88427236107532,-17.11572763892468
20,72,125,107.14989509799732,-17.850104902002684
20,73,125,104.71269978679736,-20.28730021320264
20,74,125,106.84454404416377,-18.15545595583623
20,75,125,106.41224794745774,-18.587752052542257
20,76,125,102.49282925410333,-22.507170745896673
20,77,125,100.01409986479385,-24.98590013520615
20,78,125,100.30856544223585,-24.691434557764154
20,79,125,96.92548091254602,-28.07451908745398
20,80,125,93.45058944553537,-31.54941055446463
20,81,125,92.1382449813779,-32.861755018622105
20,82,125,93.73285928225388,-31.267140717746116
20,83,125,88.00694299879186,-36.99305700120814
20,84,125,91.4534334520463,-33.5465665479537
20,85,125,94.62109092910657,-30.378909070893428
20,86,125,88.63565874323771,-36.36434125676229
20,87,125,86.78934814474643,-38.21065185525357
20,88,125,88.63098125478497,-36.36901874521503
20,89,125,83.46637817197403,-41.53362182802597
20,90,125,88.3888423321953,-36.611157667804704
20,91,125,86.00840006331241,-38.99159993668759
20,92,125,83.48865338827838,-41.51134661172162
20,93,125,81.75401294638333,-43.24598705361667
20,94,125,79.20945899985081,-45.79054100014919
20,95,125,85.03266043050743,-39.967339569492566
20,96,125,79.15407786091411,-45.845922139085886
20,97,125,80.33345459933452,-44.666545400665484
20,98,125,82.02434908951594,-42.97565091048406
20,99,125,83.51356025953586,-41.486439740464135
20,100,125,82.71537898379826,-42.28462101620174
20,101,125,86.37612726611636,-38.623872733883644
20,102,125,81.39602745463488,-43.603972545365124
20,103,125,90.30915174846952,-34.69084825153048
20,104,125,86.47402678946058,-38.52597321053942
20,105,125,83.76022560241202,-41.23977439758798
20,106,125,88.63185865532432,-36.36814134467568
20,107,125,84.28804761655796,-40.71195238344204
20,108,125,86.67542202808703,-38.32457797191297
20,109,125,87.69819351190833,-37.30180648809167
20,110,124,87.96719795397419,-36.03280204602581
20,111,123,89.10510839409477,-33.89489160590523
20,112,122,83.68664282482342,-38.31335717517658
20,113,121,82.0061185797985,-38.993881420201504
20,114,120,86.15841108589036,-33.841588914109636
20,115,119,88.51846521210796,-30.481534787892045
20,116,118,79.29311806901431,-38.70688193098569
20,117,117,80.36070493609618,-36.639295063903816
20,118,116,87.33751785414822,-28.662482145851783
20,119,115,82.12916210399558,-32.87083789600442
20,120,114,70.90045908087069,-43.09954091912931
20,121,113,72.9953283696065,-40.0046716303935
20,122,112,72.9132294808776,-39.086770519122396
20,123,111,77.70227968836876,-33.29772031163124
20,124,110,74.40273359504059,-35.59726640495941
20,125,109,77.06145089285712,-31.938549107142876
20,126,108,64.43052186283317,-43.569478137166826
20,127,107,72.57152781212677,-34.428472187873226
20,128,106,85.09183401271902,-20.90816598728098
20,129,105,79.84714972282623,-25.15285027717377
20,130,104,73.23903371625764,-30.760966283742363
20,131,103,76.94040119830827,-26.059598801691735
20,132,102,74.1364093758757,-27.8635906241243
20,133,101,79.2397797403674,-21.760220259632604
20,134,100,76.68455851173715,-23.31544148826285
20,135,99,76.54808396282723,-22.451916037172765
20,136,98,77.84351224140514,-20.156487758594864
20,137,97,69.8234950460189,-27.176504953981095
20,138,96,77.35788433962651,-18.64211566037349
20,139,95,83.34016315679085,-11.659836843209149
20,140,94,76.28805179648658,-17.711948203513415
20,141,93,76.62913825227062,-16.37086174772938
20,142,92,79.91705734997763,-12.082942650022375
20,143,91,69.84112076458678,-21.158879235413224
20,144,90,64.04129602283452,-25.958703977165484
20,145,89,61.38966675685424,-27.61033324314576
20,146,88,65.42057765151513,-22.57942234848487
20,147,87,65.70661884222932,-21.293381157770682
20,148,86,71.36731451847497,-14.63268548152503
20,149,85,71.03508204104006,-13.964917958959944
20,150,84,68.50999957279559,-15.490000427204407
20,151,83,62.42864332664887,-20.571356673351133
20,152,82,70.59547783995971,-11.404522160040287
20,153,81,70.52473271620312,-10.475267283796882
20,154,80,67.55835667600375,-12.441643323996246
20,155,79,60.49000992063495,-18.509990079365053
20,156,78,64.26424234414164,-13.735757655858365
20,157,77,70.24743882275132,-6.75256117724868
20,158,76,60.767485119047635,-15.232514880952365
20,159,75,55.85511160714284,-19.144888392857162
20,160,74,48.92103661963034,-25.078963380369657
20,161,73,44.38156249999999,-28.618437500000013
20,162,72,57.0350450937951,-14.964954906204902
20,163,71,49.649600243506505,-21.350399756493495
20,164,70,56.10482638888893,-13.895173611111069
20,165,69,52.69346748737375,-16.306532512626248
20,166,68,53.49790178571429,-14.50209821428571
20,167,67,48.73253670634921,-18.267463293650792
20,168,66,50.47098164682543,-15.529018353174571
20,169,65,51.98995332792208,-13.01004667207792
20,170,64,49.98259745406314,-14.01740254593686
20,171,63,45.0690350877193,-17.9309649122807
20,172,62,47.59398450507827,-14.406015494921732
20,173,61,39.29236262823433,-21.70763737176567
20,174,60,42.2402876984127,-17.7597123015873
20,175,59,42.59756410256411,-16.402435897435893
20,176,58,48.06896577380951,-9.93103422619049
20,177,57,47.74793147641831,-9.252068523581691
20,178,56,51.658040674603185,-4.3419593253968145
20,179,55,42.32552083333333,-12.674479166666671
20,180,54,42.94486359126984,-11.055136408730156
20,181,53,46.389107142857156,-6.610892857142844
20,182,52,40.84957837301588,-11.15042162698412
20,183,51,45.69107886904762,-5.308921130952378
20,184,50,46.70977335164836,-3.2902266483516414
20,185,49,41.58850351037851,-7.411496489621491
20,186,48,39.12427083333333,-8.875729166666673
20,187,47,41.23288811600223,-5.767111883997771
20,188,46,33.63093005952383,-12.369069940476173
20,189,45,37.33844268578644,-7.66155731421356
20,190,44,34.60237351190475,-9.397626488095248
20,191,43,32.9666995718742,-10.033300428125798
20,192,42,28.290384366246492,-13.709615633753508
20,193,41,26.23834531068524,-14.76165468931476
20,194,40,23.92594759168034,-16.07405240831966
20,195,39,27.14110565476191,-11.858894345238092
20,196,38,24.09689849624059,-13.903101503759409
20,197,37,24.63687003968252,-12.36312996031748
20,198,36,24.74101307957393,-11.258986920426072
20,199,35,23.567775297619043,-11.432224702380957
20,200,34,20.27532682091654,-13.72467317908346
20,201,33,17.90394289234511,-15.09605710765489
20,202,32,19.83628720238095,-12.163712797619048
20,203,31,22.403500194099376,-8.596499805900624
20,204,30,17.83939997263274,-12.16060002736726
20,205,29,20.066684489202668,-8.933315510797332
20,206,28,19.378626399064817,-8.621373600935183
20,207,27,16.0493824404762,-10.9506175595238
20,208,26,13.380739087301592,-12.619260912698408
20,209,25,15.981138392857144,-9.018861607142856
20,210,24,14.6690097004711,-9.3309902995289
20,211,23,10.97745400432901,-12.02254599567099
20,212,22,10.786934523809526,-11.213065476190474
20,213,21,10.696367469336224,-10.303632530663776
20,214,20,9.565459956709955,-10.434540043290045
20,215,19,8.447420522186144,-10.552579477813856
20,216,18,8.777905505952385,-9.222094494047615
20,217,17,8.173733878968255,-8.826266121031745
20,218,16,6.0734747023809526,-9.926525297619047
20,219,15,6.079875992063494,-8.920124007936506
20,220,14,6.170386904761909,-7.829613095238091
20,221,13,6.510620039682546,-6.489379960317454
20,222,12,4.167817460317462,-7.832182539682538
20,223,11,3.2684672619047586,-7.731532738095241
20,224,10,6.440476190476193,-3.5595238095238066
20,225,9,3.925394345238093,-5.074605654761907
20,226,8,3.4863095238095188,-4.513690476190481
20,227,7,2.5282068452380955,-4.4717931547619045
20,228,6,3.4642832341269862,-2.5357167658730138
20,229,5,1.1532542721469339,-3.846745727853066
20,230,4,0.4842559523809511,-3.515744047619049
20,231,3,0.0,-3.0
20,232,2,0.0,-2.0
20,233,1,0.0,-1.0
20,234,0,0.0,0.0
21,1,125,116.60305999343424,-8.396940006565757
21,2,125,115.90710419481823,-9.092895805181769
21,3,125,116.19417364349783,-8.805826356502166
21,4,125,115.81006418843121,-9.189935811568787
21,5,125,114.99339436476286,-10.006605635237136
21,6,125,113.55638905035148,-11.443610949648516
21,7,125,115.15858569546496,-9.841414304535036
21,8,125,116.03155717345513,-8.968442826544873
21,9,125,115.5283612724925,-9.471638727507496
21,10,125,116.58251365834201,-8.417486341657991
21,11,125,115.9551457246057,-9.0448542753943
21,12,125,113.84298899463832,-11.157011005361682
21,13,125,115.70963116415628,-9.290368835843722
21,14,125,115.82106086406927,-9.178939135930733
21,15,125,114.83646957342671,-10.163530426573288
21,16,125,114.50483016607511,-10.49516983392489
21,17,125,116.05941713222114,-8.940582867778858
21,18,125,117.1657997721527,-7.834200227847305
21,19,125,117.74735763041231,-7.25264236958769
21,20,125,116.2884885280022,-8.711511471997795
21,21,125,115.75631795678751,-9.243682043212488
21,22,125,116.16962491116195,-8.830375088838053
21,23,125,117.4539308301964,-7.5460691698036015
21,24,125,116.98966999526579,-8.010330004734215
21,25,125,115.8463554324785,-9.153644567521496
21,26,125,116.9920046869601,-8.007995313039899
21,27,125,117.89107696319638,-7.108923036803617
21,28,125,117.21004481235566,-7.789955187644338
21,29,125,117.7468871929988,-7.253112807001202
21,30,125,117.785800987104,-7.214199012896003
21,31,125,117.40853471058581,-7.591465289414188
21,32,125,117.9695561313583,-7.030443868641697
21,33,125,116.84778536707752,-8.15221463292248
21,34,125,117.0896229718351,-7.910377028164902
21,35,125,118.52365531121083,-6.476344688789169
21,36,125,117.11965254187535,-7.880347458124646
21,37,125,114.72254136193246,-10.277458638067543
21,38,125,113.15535434045057,-11.844645659549428
21,39,125,115.10185772212019,-9.898142277879813
21,40,125,114.84040085924417,-10.15959914075583
21,41,125,116.18346235284278,-8.816537647157219
21,42,125,116.47406028193987,-8.52593971806013
21,43,125,117.73141264419553,-7.2685873558044705
21,44,125,115.0385574050263,-9.961442594973704
21,45,125,116.62928414885073,-8.37071585114927
21,46,125,118.39547322420688,-6.6045267757931185
21,47,125,117.86478084308207,-7.135219156917927
21,48,125,115.18998026578831,-9.810019734211693
21,49,125,113.87749456293486,-11.122505437065143
21,50,125,112.77367252179401,-12.226327478205988
21,51,125,111.31407069572435,-13.685929304275646
21,52,125,113.15715275987682,-11.842847240123177
21,53,125,112.36525323218116,-12.63474676781884
21,54,125,111.73287548385767,-13.267124516142331
21,55,125,112.72936697762472,-12.270633022375279
21,56,125,109.65232245338282,-15.347677546617177
21,57,125,111.05074598061704,-13.949254019382963
21,58,125,111.20021508835184,-13.79978491164816
21,59,125,111.54098814901386,-13.459011850986144
21,60,125,112.73166556085562,-12.268334439144382
21,61,125,105.82331539688421,-19.17668460311579
21,62,125,107.97199240488297,-17.02800759511703
21,63,125,108.50488595351028,-16.495114046489718
21,64,125,109.79144554862383,-15.208554451376173
21,65,125,108.52430419799703,-16.475695802002974
21,66,125,113.44804339227869,-11.551956607721309
21,67,125,110.14805124799129,-14.85194875200871
21,68,125,107.73117142123354,-17.26882857876646
21,69,125,109.6165046330671,-15.383495366932905
21,70,125,109.42507498984,-15.574925010160001
21,71,124,111.20426414883477,-12.795735851165233
21,72,123,110.79840574306039,-12.201594256939615
21,73,122,108.51029454728004,-13.48970545271996
21,74,121,108.14780527430057,-12.852194725699434
21,75,120,104.63821309299063,-15.361786907009375
21,76,119,104.74347613342941,-14.25652386657059
21,77,118,105.16078289535275,-12.839217104647247
21,78,117,104.80564218841592,-12.194357811584084
21,79,116,103.20882938552771,-12.791170614472293
21,80,115,98.19837258761063,-16.801627412389365
21,81,114,96.67153198718687,-17.328468012813133
21,82,113,98.84401865608388,-14.155981343916125
21,83,112,100.33815664303775,-11.661843356962251
21,84,111,102.01348392340705,-8.986516076592949
21,85,110,99.8691180729605,-10.130881927039496
21,86,109,100.01552584835292,-8.984474151647078
21,87,108,96.67519848913527,-11.32480151086473
21,88,107,98.45846295999635,-8.541537040003647
21,89,106,93.1890011456811,-12.810998854318896
21,90,105,95.41030201896764,-9.589697981032359
21,91,104,95.59138267083873,-8.408617329161274
21,92,103,92.14881199448953,-10.851188005510465
21,93,102,88.73791551594535,-13.262084484054654
21,94,101,92.69295903657542,-8.307040963424583
21,95,100,94.10285741563905,-5.8971425843609495
21,96,99,93.38772454852062,-5.612275451479377
21,97,98,90.9274562107771,-7.072543789222905
21,98,97,97.22882857416383,0.22882857416382762
21,99,96,91.93721563721128,-4.062784362788719
21,100,95,90.29230653490615,-4.707693465093854
21,101,94,89.30443823271037,-4.695561767289632
21,102,93,88.97860343224687,-4.021396567753129
21,103,92,90.9646671102062,-1.035332889793807
21,104,91,85.59017180465695,-5.409828195343053
21,105,90,87.14470558782025,-2.8552944121797452
21,106,89,77.77066689117356,-11.229333108826438
21,107,88,85.21276047631031,-2.787239523689692
21,108,87,76.97447792521282,-10.025522074787176
21,109,86,75.13498294092177,-10.865017059078227
21,110,85,85.71217764636145,0.7121776463614538
21,111,84,82.3460527354455,-1.6539472645545032
21,112,83,85.8329803876809,2.832980387680905
21,113,82,83.00699304069023,1.006993040690233
21,114,81,80.52537536129434,-0.47462463870566296
21,115,80,78.77033228255236,-1.22966771744764
21,116,79,79.34323737154622,0.34323737154622336
21,117,78,86.26245987410036,8.262459874100358
21,118,77,78.48255565977547,1.4825556597754712
21,119,76,82.37942727936053,6.379427279360527
21,120,75,85.87569874070753,10.875698740707534
21,121,74,80.17920857754955,6.179208577549545
21,122,73,80.93345823670033,7.933458236700332
21,123,72,80.54735850188807,8.54735850188807
21,124,71,81.45977536919023,10.459775369190226
21,125,70,78.1020042892487,8.102004289248697
21,126,69,83.57417664615627,14.574176646156275
21,127,68,86.39469072102196,18.39469072102196
21,128,67,84.6442674832063,17.644267483206306
21,129,66,66.14139542756476,0.14139542756475976
21,130,65,79.3832020085017,14.383202008501698
21,131,64,70.49797265274377,6.497972652743769
21,132,63,81.63699721950965,18.636997219509652
21,133,62,78.16425244486989,16.164252444869888
21,134,61,71.3332107062854,10.3332107062854
21,135,60,76.05686513269879,16.05686513269879
21,136,59,70.36033508143629,11.36033508143629
21,137,58,70.52986525804147,12.529865258041468
21,138,57,66.97530245261729,9.975302452617285
21,139,56,60.2470578764306,4.247057876430603
21,140,55,67.4582670821079,12.458267082107895
21,141,54,59.656327113891294,5.656327113891294
21,142,53,62.968706521346036,9.968706521346036
21,143,52,59.04171378968255,7.041713789682547
21,144,51,59.47368947542469,8.473689475424692
21,145,50,50.07504836309522,0.07504836309522034
21,146,49,57.932482638888885,8.932482638888885
21,147,48,44.93471726190475,-3.0652827380952488
21,148,47,52.31895021645023,5.318950216450233
21,149,46,46.05554991883115,0.05554991883114724
21,150,45,50.316537022005754,5.316537022005754
21,151,44,50.50467474212879,6.504674742128792
21,152,43,47.24687500000001,4.24687500000001
21,153,42,48.18923363095238,6.18923363095238
21,154,41,45.9623031655844,4.962303165584402
21,155,40,42.08179067460316,2.0817906746031625
21,156,39,46.382098214285726,7.382098214285726
21,157,38,44.607842261904764,6.607842261904764
21,158,37,44.73606060606061,7.736060606060612
21,159,36,44.76220982142858,8.762209821428577
21,160,35,42.9002306547619,7.900230654761899
21,161,34,37.971450892857135,3.971450892857135
21,162,33,38.92048611111112,5.920486111111117
21,163,32,39.326583850931684,7.326583850931684
21,164,31,33.461078869047626,2.4610788690476255
21,165,30,31.783325892857135,1.7833258928571354
21,166,29,29.044166666666676,0.044166666666676235
21,167,28,30.64058886916836,2.6405888691683614
21,168,27,30.286584821428555,3.286584821428555
21,169,26,30.13834077380953,4.1383407738095315
21,170,25,27.06078869047621,2.0607886904762083
21,171,24,26.620575396825405,2.620575396825405
21,172,23,28.03444196428569,5.034441964285691
21,173,22,24.70985119047618,2.7098511904761793
21,174,21,24.238102678571426,3.238102678571426
21,175,20,21.858363095238097,1.8583630952380972
21,176,19,21.656483499649863,2.6564834996498625
21,177,18,17.56035037878788,-0.43964962121211926
21,178,17,17.238511904761907,0.2385119047619071
21,179,16,14.089662698412688,-1.9103373015873117
21,180,15,12.799332513802618,-2.200667486197382
21,181,14,11.638020833333336,-2.3619791666666643
21,182,13,8.45339533730159,-4.54660466269841
21,183,12,11.059680059523807,-0.9403199404761935
21,184,11,8.225684523809523,-2.774315476190477
21,185,10,7.875714285714281,-2.124285714285719
21,186,9,6.900443948412699,-2.0995560515873013
21,187,8,6.11929180194805,-1.8807081980519502
21,188,7,5.571860119047615,-1.4281398809523846
21,189,6,3.7290550595238106,-2.2709449404761894
21,190,5,3.0169717261904783,-1.9830282738095217
21,191,4,2.6329836309523813,-1.3670163690476187
21,192,3,2.689895833333333,-0.31010416666666707
21,193,2,1.0922504058441564,-0.9077495941558436
21,194,1,0.0,-1.0
21,195,0,0.0,0.0
22,1,125,114.88829860077416,-10.111701399225836
22,2,125,112.67754750796917,-12.322452492030834
22,3,125,108.40517192033035,-16.594828079669654
22,4,125,115.47040279460289,-9.52959720539711
22,5,125,113.23113485836241,-11.76886514163759
22,6,125,114.69047253419144,-10.309527465808557
22,7,125,113.43080911288855,-11.569190887111446
22,8,125,111.39122982756462,-13.608770172435385
22,9,125,111.64066917959966,-13.359330820400345
22,10,125,113.0906756795388,-11.909324320461195
22,11,125,105.92548266886669,-19.074517331133308
22,12,125,103.36319835920479,-21.636801640795213
22,13,125,106.88505311178831,-18.11494688821169
22,14,125,97.6854457758981,-27.314554224101897
22,15,125,94.18872023809527,-30.81127976190473
22,16,125,101.38748373978642,-23.61251626021358
22,17,125,100.22246850963616,-24.77753149036384
22,18,125,103.046621429945,-21.953378570054994
22,19,125,104.98853041680164,-20.011469583198362
22,20,125,99.98869104341982,-25.01130895658018
22,21,125,100.20074499267153,-24.79925500732847
22,22,125,104.711519513995,-20.288480486005
22,23,125,105.02171022778506,-19.978289772214936
22,24,125,110.03295329340298,-14.967046706597017
22,25,125,104.4307262175187,-20.569273782481304
22,26,125,107.55908688948675,-17.44091311051325
22,27,125,110.44565377081786,-14.554346229182144
22,28,125,105.87116034415871,-19.12883965584129
22,29,125,110.50183514486415,-14.498164855135855
22,30,125,109.99203044328928,-15.00796955671072
22,31,125,113.17339543496527,-11.826604565034728
22,32,125,113.54543264003605,-11.454567359963946
22,33,125,116.072462369869,-8.927537630130999
22,34,125,111.01038152949806,-13.989618470501938
22,35,125,113.144630638335,-11.855369361664998
22,36,125,112.90134598957566,-12.09865401042434
22,37,125,112.22247579744848,-12.777524202551518
22,38,125,113.63144871329943,-11.368551286700566
22,39,125,108.62738153025354,-16.372618469746456
22,40,125,112.6818541193197,-12.318145880680305
22,41,125,106.62189754347953,-18.378102456520466
22,42,125,107.94615852538634,-17.053841474613662
22,43,125,102.27878920552482,-22.721210794475184
22,44,125,104.86779916774401,-20.13220083225599
22,45,125,104.15369925808753,-20.846300741912472
22,46,125,102.25339112789099,-22.746608872109007
22,47,125,109.63995467806326,-15.360045321936738
22,48,125,98.48031812834782,-26.519681871652182
22,49,125,100.84416587676455,-24.15583412323545
22,50,125,104.31355341478695,-20.686446585213048
22,51,125,107.64380455034389,-17.356195449656113
22,52,125,102.34329365079364,-22.65670634920636
22,53,125,105.43040450192743,-19.569595498072573
22,54,125,100.14513767031383,-24.85486232968617
22,55,125,98.43344381313129,-26.56655618686871
22,56,125,91.59441964285716,-33.40558035714284
22,57,125,89.87510046793287,-35.12489953206713
22,58,125,85.2584970238095,-39.7415029761905
22,59,125,91.98950361394559,-33.01049638605441
22,60,125,88.6885792684823,-36.3114207315177
22,61,125,80.1667261904762,-44.8332738095238
22,62,125,84.52856782159584,-40.47143217840416
22,63,125,88.62965796449558,-36.37034203550442
22,64,125,85.04535211413452,-39.954647885865484
22,65,125,91.27495535714283,-33.72504464285717
22,66,125,87.57168154761904,-37.428318452380964
22,67,125,96.72708019917738,-28.27291980082262
22,68,125,92.16453483070102,-32.835465169298985
22,69,125,95.93289759491236,-29.06710240508764
22,70,125,100.55767956349212,-24.442320436507885
22,71,125,100.13531033954885,-24.86468966045115
22,72,125,97.43688826190207,-27.56311173809793
22,73,125,95.29258660149185,-29.70741339850815
22,74,125,94.91456107130622,-30.085438928693776
22,75,125,103.02233358504422,-21.977666414955777
22,76,125,89.13321428571429,-35.86678571428571
22,77,125,85.78209634802764,-39.217903651972364
22,78,124,86.49141990833893,-37.508580091661074
22,79,123,87.95945256132757,-35.040547438672434
22,80,122,85.81892154628996,-36.18107845371004
22,81,121,80.52621527777778,-40.47378472222222
22,82,120,87.9118544823232,-32.08814551767679
22,83,119,92.47152172571582,-26.528478274284183
22,84,118,92.66976281454903,-25.33023718545097
22,85,117,90.67159272075386,-26.328407279246136
22,86,116,92.87757276577182,-23.122427234228184
22,87,115,88.79392505064378,-26.20607494935622
22,88,114,86.713189258658,-27.286810741341995
22,89,113,92.68745453833446,-20.312545461665536
22,90,112,75.02472255552416,-36.975277444475836
22,91,111,82.08321065447709,-28.916789345522915
22,92,110,71.11710978835978,-38.882890211640216
22,93,109,71.74696428571427,-37.25303571428573
22,94,108,64.31262152777778,-43.68737847222222
22,95,107,70.87003720238098,-36.129962797619015
22,96,106,71.44436755952384,-34.55563244047616
22,97,105,75.47637806637806,-29.52362193362194
22,98,104,81.93139835858587,-22.068601641414133
22,99,103,75.33731699978944,-27.662683000210563
22,100,102,67.45915922619047,-34.540840773809535
22,101,101,75.23105767496389,-25.768942325036107
22,102,100,69.20080605158735,-30.79919394841265
22,103,99,70.46462694991789,-28.535373050082114
22,104,98,65.64014678030307,-32.35985321969693
22,105,97,64.23908449985811,-32.76091550014189
22,106,96,60.02199652777776,-35.97800347222224
22,107,95,56.72908292157524,-38.27091707842476
22,108,94,58.288833198051954,-35.711166801948046
22,109,93,50.7364200036075,-42.2635799963925
22,110,92,61.18990958694084,-30.810090413059157
22,111,91,67.52136656746032,-23.47863343253968
22,112,90,59.20643601190474,-30.793563988095258
22,113,89,56.504885777417016,-32.495114222582984
22,114,88,61.79810515873015,-26.201894841269848
22,115,87,55.384361658456484,-31.615638341543516
22,116,86,55.097795731145126,-30.902204268854874
22,117,85,60.952956272216966,-24.047043727783034
22,118,84,48.578072216603154,-35.421927783396846
22,119,83,49.963325892857156,-33.036674107142844
22,120,82,59.649191849816845,-22.350808150183155
22,121,81,48.43738839285712,-32.56261160714288
22,122,80,48.39355406746031,-31.606445932539692
22,123,79,52.940434513026204,-26.059565486973796
22,124,78,51.667805059523836,-26.332194940476164
22,125,77,46.08722208022999,-30.912777919770008
22,126,76,46.22659772614836,-29.773402273851637
22,127,75,46.184421388423395,-28.815578611576605
22,128,74,48.21909494677294,-25.78090505322706
22,129,73,44.03718673779443,-28.96281326220557
22,130,72,43.92896977406555,-28.07103022593445
22,131,71,46.48824990981241,-24.51175009018759
22,132,70,45.628502326217834,-24.371497673782166
22,133,69,38.2660807424713,-30.733919257528697
22,134,68,38.113171965474024,-29.886828034525976
22,135,67,35.7216448525433,-31.2783551474567
22,136,66,36.27642134839543,-29.72357865160457
22,137,65,37.82002995702214,-27.179970042977857
22,138,64,40.18470894031954,-23.81529105968046
22,139,63,40.45176391499581,-22.54823608500419
22,140,62,39.984773637820524,-22.015226362179476
22,141,61,40.39787703787656,-20.60212296212344
22,142,60,39.06696506892231,-20.933034931077692
22,143,59,40.39632936507936,-18.60367063492064
22,144,58,40.32631949049514,-17.673680509504862
22,145,57,41.743993938734036,-15.256006061265964
22,146,56,38.32009364111498,-17.67990635888502
22,147,55,36.53816964285714,-18.46183035714286
22,148,54,33.3460362293956,-20.6539637706044
22,149,53,30.24019841269842,-22.75980158730158
22,150,52,32.109128348214284,-19.890871651785716
22,151,51,25.075893759018754,-25.924106240981246
22,152,50,27.40611539502165,-22.59388460497835
22,153,49,27.56154927248678,-21.43845072751322
22,154,48,28.564664502164504,-19.435335497835496
22,155,47,28.84584077380952,-18.15415922619048
22,156,46,25.669115259740256,-20.330884740259744
22,157,45,30.34696442012848,-14.65303557987152
22,158,44,24.610663855820093,-19.389336144179907
22,159,43,26.363648617007993,-16.636351382992007
22,160,42,22.736599702380943,-19.263400297619057
22,161,41,21.033072916666658,-19.966927083333342
22,162,40,18.61062251984126,-21.38937748015874
22,163,39,21.485044642857144,-17.514955357142856
22,164,38,20.256696428571427,-17.743303571428573
22,165,37,21.88430803571429,-15.115691964285709
22,166,36,21.005191772273424,-14.994808227726576
22,167,35,21.9325892857143,-13.0674107142857
22,168,34,22.810096726190476,-11.189903273809524
22,169,33,23.72112044817926,-9.27887955182074
22,170,32,23.126875000000005,-8.873124999999995
22,171,31,20.84714285714286,-10.15285714285714
22,172,30,20.697312635281385,-9.302687364718615
22,173,29,18.135551722582967,-10.864448277417033
22,174,28,16.872938988095243,-11.127061011904757
22,175,27,14.971242559523809,-12.028757440476191
22,176,26,15.620215773809523,-10.379784226190477
22,177,25,14.76544642857143,-10.23455357142857
22,178,24,11.336812094155839,-12.663187905844161
22,179,23,9.067887581168828,-13.932112418831172
22,180,22,7.772380952380951,-14.227619047619049
22,181,21,6.316078869047619,-14.683921130952381
22,182,20,8.314315476190473,-11.685684523809527
22,183,19,4.880036525974024,-14.119963474025976
22,184,18,5.680118077122156,-12.319881922877844
22,185,17,6.9293353174603105,-10.07066468253969
22,186,16,5.763444940476193,-10.236555059523807
22,187,15,4.320811011904759,-10.679188988095241
22,188,14,4.141746482683981,-9.858253517316019
22,189,13,4.407916666666665,-8.592083333333335
22,190,12,5.496004464285715,-6.503995535714285
22,191,11,1.7082568993506486,-9.291743100649352
22,192,10,1.1796800595238093,-8.82031994047619
22,193,9,0.0,-9.0
22,194,8,0.6748288690476167,-7.325171130952383
22,195,7,0.0,-7.0
22,196,6,0.0,-6.0
22,197,5,0.0,-5.0
22,198,4,0.0,-4.0
22,199,3,0.0,-3.0
22,200,2,0.0,-2.0
22,201,1,0.0,-1.0
22,202,0,0.0,0.0
23,1,125,115.3313110287661,-9.668688971233905
23,2,125,115.86675671022196,-9.133243289778036
23,3,125,116.25458735969997,-8.745412640300032
23,4,125,113.93258322618473,-11.067416773815268
23,5,125,116.05537907652165,-8.944620923478354
23,6,125,117.41242028145396,-7.5875797185460385
23,7,125,117.8266119058665,-7.1733880941335
23,8,125,118.65769990116948,-6.3423000988305205
23,9,125,118.22257145743086,-6.77742854256914
23,10,125,118.16802666916226,-6.831973330837741
23,11,125,118.55083866864311,-6.4491613313568905
23,12,125,117.29268294796364,-7.707317052036359
23,13,125,116.77722185715956,-8.22277814284044
23,14,125,116.7990762605205,-8.200923739479506
23,15,125,116.66435350895134,-8.335646491048664
23,16,125,117.25192718150069,-7.74807281849931
23,17,125,117.09213048556535,-7.907869514434651
23,18,125,117.87779832724348,-7.122201672756518
23,19,125,117.0317002097582,-7.968299790241801
23,20,125,117.19063352635196,-7.809366473648041
23,21,125,116.29313838921072,-8.706861610789275
23,22,125,114.74606808887764,-10.253931911122365
23,23,125,118.18364731427278,-6.8163526857272245
23,24,125,117.28779107974283,-7.712208920257169
23,25,125,114.78419094396016,-10.215809056039845
23,26,125,116.75982744576008,-8.24017255423992
23,27,125,117.67156067682443,-7.328439323175573
23,28,125,115.34106417702586,-9.658935822974144
23,29,125,115.76595928754095,-9.234040712459048
23,30,125,116.5753656564369,-8.424634343563099
23,31,125,115.21618575743248,-9.783814242567516
23,32,125,116.20604412181396,-8.79395587818604
23,33,125,113.02056793779063,-11.97943206220937
23,34,125,115.78015607358547,-9.219843926414526
23,35,125,116.8278662352614,-8.172133764738604
23,36,125,114.61517399748793,-10.38482600251207
23,37,125,114.26905776942813,-10.73094223057187
23,38,125,115.73845216993587,-9.261547830064131
23,39,125,114.84591077820821,-10.154089221791793
23,40,125,113.22466551795844,-11.775334482041558
23,41,125,114.8098908153255,-10.190109184674498
23,42,125,115.98689484653394,-9.013105153466057
23,43,125,113.52610283684116,-11.473897163158838
23,44,124,112.89387857614668,-11.106121423853324
23,45,123,112.88145983143431,-10.118540168565687
23,46,122,114.90332139988323,-7.096678600116775
23,47,121,113.89473558448546,-7.10526441551454
23,48,120,114.64151694029192,-5.358483059708078
23,49,119,114.83435063695144,-4.1656493630485585
23,50,118,114.62123525694786,-3.3787647430521446
23,51,117,115.06279135743512,-1.9372086425648831
23,52,116,113.53407147010998,-2.4659285298900215
23,53,115,111.71340656816888,-3.286593431831122
23,54,114,112.62922357259626,-1.3707764274037402
23,55,113,112.92687021610811,-0.07312978389188629
23,56,112,112.86405480749416,0.8640548074941563
23,57,111,114.3147520151293,3.314752015129301
23,58,110,106.85676838864717,-3.1432316113528316
23,59,109,111.91674604356422,2.916746043564217
23,60,108,111.28678878778537,3.286788787785369
23,61,107,110.48004659008402,3.480046590084015
23,62,106,109.50782598993149,3.50782598993149
23,63,105,107.49688930849675,2.4968893084967476
23,64,104,108.55200807045806,4.552008070458058
23,65,103,108.50593685135883,5.505936851358825
23,66,102,106.85603317225271,4.856033172252708
23,67,101,108.32988563493015,7.32988563493015
23,68,100,107.5637356675087,7.563735667508695
23,69,99,109.56633388081654,10.566333880816543
23,70,98,108.27390195203718,10.273901952037178
23,71,97,105.45403373813608,8.454033738136076
23,72,96,103.65932911798207,7.659329117982068
23,73,95,107.29833404218087,12.29833404218087
23,74,94,105.94960954936778,11.949609549367779
23,75,93,105.02048483849539,12.020484838495392
23,76,92,104.1212951290463,12.121295129046302
23,77,91,107.41167752594761,16.41167752594761
23,78,90,106.68859849830653,16.688598498306533
23,79,89,109.78016737117703,20.78016737117703
23,80,88,106.0754190321203,18.075419032120294
23,81,87,102.81402709535985,15.814027095359847
23,82,86,108.24965112170355,22.24965112170355
23,83,85,103.4850655177961,18.4850655177961
23,84,84,106.74646192710945,22.74646192710945
23,85,83,98.69098769088342,15.690987690883418
23,86,82,95.72601967028882,13.72601967028882
23,87,81,97.73242716356592,16.732427163565916
23,88,80,96.80249224517844,16.802492245178442
23,89,79,93.38936315243058,14.389363152430576
23,90,78,94.68295437668652,16.682954376686524
23,91,77,86.178399655225,9.178399655224993
23,92,76,88.21127620151059,12.211276201510586
23,93,75,91.8430119561584,16.843011956158406
23,94,74,94.21792151389202,20.217921513892023
23,95,73,90.74086326985366,17.740863269853662
23,96,72,93.01081873238041,21.010818732380415
23,97,71,103.01236059787149,32.01236059787149
23,98,70,93.92067709468627,23.92067709468627
23,99,69,90.27307959339623,21.273079593396233
23,100,68,92.49931917225254,24.49931917225254
23,101,67,91.36969490992048,24.369694909920483
23,102,66,81.4618905926152,15.461890592615205
23,103,65,77.86102795772828,12.861027957728282
23,104,64,74.88116131553635,10.881161315536346
23,105,63,83.5860536801162,20.586053680116194
23,106,62,85.73432130893812,23.73432130893812
23,107,61,71.66523733155283,10.66523733155283
23,108,60,76.30001988132837,16.300019881328367
23,109,59,70.40484535480859,11.404845354808586
23,110,58,68.3507831701229,10.350783170122895
23,111,57,62.288699584359605,5.288699584359605
23,112,56,65.18185806650246,9.181858066502457
23,113,55,60.17157490079367,5.171574900793672
23,114,54,65.41061011904762,11.410610119047618
23,115,53,64.43884469696968,11.438844696969682
23,116,52,62.0491294642857,10.049129464285699
23,117,51,58.06773313492065,7.067733134920651
23,118,50,63.928434447496954,13.928434447496954
23,119,49,55.78598214285713,6.785982142857129
23,120,48,54.22047450264531,6.22047450264531
23,121,47,56.051296596921574,9.051296596921574
23,122,46,57.709715464246734,11.709715464246734
23,123,45,51.88885664682535,6.888856646825353
23,124,44,50.42762648809524,6.4276264880952425
23,125,43,58.44221643518517,15.442216435185173
23,126,42,53.420803571428564,11.420803571428564
23,127,41,52.03813244047617,11.038132440476168
23,128,40,49.074144105222764,9.074144105222764
23,129,39,42.57901371606336,3.5790137160633577
23,130,38,39.22980654761904,1.2298065476190416
23,131,37,35.722410714285715,-1.277589285714285
23,132,36,37.487547123015865,1.4875471230158652
23,133,35,31.812205274470912,-3.1877947255290877
23,134,34,37.53672164351853,3.5367216435185327
23,135,33,32.75609463005634,-0.2439053699436613
23,136,32,32.37591765873016,0.3759176587301596
23,137,31,32.711372407834105,1.711372407834105
23,138,30,29.78305803571429,-0.21694196428570933
23,139,29,25.57034970238096,-3.429650297619041
23,140,28,27.921994047619044,-0.07800595238095553
23,141,27,34.686371381886076,7.686371381886076
23,142,26,25.359769345238114,-0.6402306547618863
23,143,25,24.177048611111122,-0.8229513888888782
23,144,24,23.195109623015874,-0.804890376984126
23,145,23,20.559820346320347,-2.440179653679653
23,146,22,16.440380704365076,-5.559619295634924
23,147,21,15.928537946428577,-5.071462053571423
23,148,20,13.482679811507943,-6.517320188492057
23,149,19,12.447812500000005,-6.552187499999995
23,150,18,12.894350198412699,-5.105649801587301
23,151,17,13.369040178571431,-3.6309598214285685
23,152,16,10.201168154761902,-5.798831845238098
23,153,15,12.350869859307359,-2.649130140692641
23,154,14,8.529114412287901,-5.4708855877120985
23,155,13,9.960523313492061,-3.039476686507939
23,156,12,10.099191468253972,-1.9008085317460282
23,157,11,7.530091765873021,-3.4699082341269794
23,158,10,8.242291666666668,-1.7577083333333317
23,159,9,6.801842757936514,-2.198157242063486
23,160,8,6.803010912698417,-1.1969890873015832
23,161,7,3.970788690476187,-3.029211309523813
23,162,6,2.4521354166666622,-3.5478645833333378
23,163,5,3.3111160714285734,-1.6888839285714266
23,164,4,1.887437604427733,-2.112562395572267
23,165,3,1.241790674603175,-1.758209325396825
23,166,2,0.0,-2.0
23,167,1,0.0,-1.0
23,168,0,0.0,0.0
24,1,125,116.93904567145657,-8.060954328543431
24,2,125,118.4679046963482,-6.532095303651801
24,3,125,114.57160810133207,-10.428391898667925
24,4,125,115.61356673552632,-9.38643326447368
24,5,125,114.47410679747918,-10.52589320252082
24,6,125,116.22175457418197,-8.778245425818028
24,7,125,114.85178535989778,-10.148214640102225
24,8,125,114.5583672141476,-10.441632785852406
24,9,125,115.60403386974671,-9.395966130253285
24,10,125,115.1680292114332,-9.831970788566807
24,11,125,116.08142556051412,-8.91857443948588
24,12,125,116.91245499839825,-8.087545001601754
24,13,125,117.5432685052638,-7.456731494736204
24,14,125,117.3412910139587,-7.6587089860413045
24,15,125,117.79606369149433,-7.203936308505675
24,16,125,117.8750918371333,-7.124908162866703
24,17,125,115.13111595808391,-9.86888404191609
24,18,125,116.38681558490639,-8.613184415093613
24,19,125,115.71386531123851,-9.286134688761493
24,20,125,116.19467377386236,-8.805326226137637
24,21,125,118.56855040438836,-6.431449595611639
24,22,125,116.98822160333364,-8.011778396666358
24,23,124,117.77870549068321,-6.221294509316792
24,24,123,117.0427011255892,-5.957298874410796
24,25,122,117.12692602016821,-4.873073979831787
24,26,121,114.44817826466343,-6.551821735336574
24,27,120,115.77644516814675,-4.223554831853249
24,28,119,116.19500706603787,-2.804992933962126
24,29,118,116.05028498528047,-1.94971501471953
24,30,117,116.32087619476283,-0.6791238052371682
24,31,116,115.15029606374772,-0.8497039362522827
24,32,115,115.85943692538804,0.8594369253880387
24,33,114,113.98062647100434,-0.019373528995657807
24,34,113,114.90424392231232,1.9042439223123182
24,35,112,115.42029656167513,3.42029656167513
24,36,111,116.7471070282063,5.747107028206301
24,37,110,114.3319047975175,4.331904797517495
24,38,109,114.91000974328536,5.910009743285357
24,39,108,113.59895819114419,5.598958191144192
24,40,107,114.14018460681946,7.14018460681946
24,41,106,113.32118005915797,7.321180059157967
24,42,105,114.48989385634896,9.489893856348957
24,43,104,114.3447061554906,10.344706155490599
24,44,103,114.30091622192535,11.300916221925348
24,45,102,114.11509100790086,12.115091007900858
24,46,101,109.42869759097144,8.428697590971439
24,47,100,113.96241784568474,13.96241784568474
24,48,99,111.98210316263408,12.982103162634075
24,49,98,113.40740056525422,15.407400565254221
24,50,97,113.46485587971885,16.464855879718854
24,51,96,111.9034577584609,15.903457758460902
24,52,95,113.79637644029083,18.796376440290828
24,53,94,114.1799066848924,20.1799066848924
24,54,93,114.29613540008486,21.296135400084864
24,55,92,109.98520731372616,17.985207313726164
24,56,91,114.59074378832182,23.590743788321817
24,57,90,114.39454550516218,24.394545505162185
24,58,89,113.11961633660101,24.119616336601013
24,59,88,113.73026946686869,25.73026946686869
24,60,87,114.94433099156285,27.94433099156285
24,61,86,111.92465810953237,25.924658109532373
24,62,85,112.64884492671055,27.648844926710552
24,63,84,113.28782709723089,29.28782709723089
24,64,83,112.69813329837048,29.69813329837048
24,65,82,116.54832105170249,34.54832105170249
24,66,81,114.86291435572623,33.86291435572623
24,67,80,113.15033140829739,33.15033140829739
24,68,79,111.24350272221803,32.243502722218025
24,69,78,106.98206669018876,28.98206669018876
24,70,77,109.80081771366679,32.80081771366679
24,71,76,110.0479987067653,34.0479987067653
24,72,75,103.87591058520873,28.87591058520873
24,73,74,104.29400657044668,30.294006570446683
24,74,73,105.78731768631262,32.78731768631262
24,75,72,104.97691602755438,32.97691602755438
24,76,71,106.19538231775994,35.195382317759936
24,77,70,102.7111219821657,32.71112198216569
24,78,69,102.11682671665046,33.116826716650465
24,79,68,104.53794007396314,36.53794007396314
24,80,67,100.58116739609326,33.581167396093264
24,81,66,103.37936378258136,37.379363782581365
24,82,65,96.62560739392445,31.625607393924454
24,83,64,105.76293228239993,41.76293228239993
24,84,63,105.52216173569627,42.52216173569627
24,85,62,99.86078819088782,37.86078819088782
24,86,61,100.83930876599761,39.839308765997615
24,87,60,94.21862467285504,34.21862467285504
24,88,59,92.57098981790352,33.57098981790352
24,89,58,95.84074877849248,37.84074877849248
24,90,57,92.09981824607726,35.09981824607726
24,91,56,93.84592924843842,37.84592924843842
24,92,55,94.76247048106976,39.762470481069755
24,93,54,89.1150094250302,35.115009425030195
24,94,53,91.18922181597371,38.18922181597371
24,95,52,88.91050297153006,36.910502971530065
24,96,51,87.95519937105553,36.95519937105553
24,97,50,88.52839224380996,38.52839224380996
24,98,49,86.85806223299612,37.85806223299612
24,99,48,90.59366977546571,42.59366977546571
24,100,47,84.31761017678075,37.31761017678075
24,101,46,85.7992939538994,39.799293953899394
24,102,45,90.52215358166345,45.522153581663446
24,103,44,90.00987639550803,46.00987639550803
24,104,43,89.43974652214095,46.43974652214095
24,105,42,86.03044056787,44.03044056787
24,106,41,94.43022680839704,53.43022680839704
24,107,40,84.9453690763535,44.9453690763535
24,108,39,85.04697721910148,46.04697721910148
24,109,38,76.50563810041884,38.505638100418835
24,110,37,74.43255742521369,37.43255742521369
24,111,36,74.77702186383841,38.777021863838414
24,112,35,77.77335468476531,42.77335468476531
24,113,34,61.680779437598474,27.680779437598474
24,114,33,65.2721416688604,32.2721416688604
24,115,32,71.03960935891003,39.03960935891003
24,116,31,65.13984995039681,34.13984995039681
24,117,30,59.82994915674604,29.82994915674604
24,118,29,57.74289904138673,28.74289904138673
24,119,28,56.58619295634922,28.586192956349223
24,120,27,56.194799107142885,29.194799107142885
24,121,26,55.72107741217112,29.72107741217112
24,122,25,54.969440904651336,29.969440904651336
24,123,24,48.91960550887021,24.919605508870212
24,124,23,49.1140356175365,26.1140356175365
24,125,22,43.77951615509727,21.77951615509727
24,126,21,39.82313448988747,18.823134489887472
24,127,20,32.75415028667099,12.754150286670992
24,128,19,30.843500895020966,11.843500895020966
24,129,18,28.95444192224913,10.954441922249131
24,130,17,28.796657974554343,11.796657974554343
24,131,16,27.693248029934537,11.693248029934537
24,132,15,28.865318657635463,13.865318657635463
24,133,14,25.504626148705103,11.504626148705103
24,134,13,19.25881944444445,6.258819444444448
24,135,12,21.79998263888889,9.799982638888888
24,136,11,16.57913938492063,5.57913938492063
24,137,10,15.350729166666671,5.350729166666671
24,138,9,15.383578869047614,6.383578869047614
24,139,8,13.24489087301587,5.244890873015869
24,140,7,10.479131944444447,3.479131944444447
24,141,6,9.87622767857143,3.8762276785714302
24,142,5,6.042132936507933,1.042132936507933
24,143,4,3.1249851190476186,-0.8750148809523814
24,144,3,0.0,-3.0
24,145,2,0.0,-2.0
24,146,1,0.0,-1.0
24,147,0,0.0,0.0
25,1,125,116.57503441596415,-8.424965584035846
25,2,125,117.9186255126181,-7.081374487381893
25,3,125,117.02119731729019,-7.978802682709812
25,4,125,118.93426386299816,-6.065736137001835
25,5,125,116.23805320400034,-8.761946795999663
25,6,125,114.51353928312759,-10.486460716872415
25,7,125,117.21274869688594,-7.787251303114061
25,8,125,116.66388174794356,-8.336118252056437
25,9,125,117.53079031881305,-7.469209681186953
25,10,125,116.76049369526822,-8.239506304731776
25,11,125,118.38609659972693,-6.613903400273074
25,12,125,116.96891877669536,-8.03108122330464
25,13,125,118.61820596880398,-6.381794031196023
25,14,125,116.74791401863573,-8.252085981364274
25,15,125,117.49791053500545,-7.502089464994555
25,16,125,117.4576466667946,-7.542353333205398
25,17,125,116.86144123549643,-8.138558764503571
25,18,125,118.4276414908189,-6.5723585091811
25,19,125,118.13134054558876,-6.868659454411244
25,20,125,118.37087820881932,-6.62912179118068
25,21,125,118.55523331089735,-6.44476668910265
25,22,125,118.8270837584354,-6.172916241564593
25,23,125,115.91977237567615,-9.080227624323854
25,24,125,116.46594341331001,-8.534056586689985
25,25,125,114.805584709903,-10.194415290096998
25,26,125,118.10291128798424,-6.8970887120157585
25,27,125,118.12896686367654,-6.871033136323462
25,28,125,118.12262339434457,-6.877376605655428
25,29,125,116.55284816637966,-8.447151833620339
25,30,125,112.16100429612109,-12.838995703878908
25,31,125,116.00045170146905,-8.999548298530954
25,32,125,111.90392884527246,-13.09607115472754
25,33,125,113.1335265047322,-11.866473495267797
25,34,125,114.44076442729602,-10.559235572703983
25,35,125,117.99108697207798,-7.00891302792202
25,36,125,116.59450724105257,-8.405492758947432
25,37,125,115.18294213638103,-9.81705786361897
25,38,125,114.83706612721228,-10.162933872787718
25,39,125,115.8594582497814,-9.140541750218603
25,40,125,114.55469942823966,-10.445300571760342
25,41,125,115.39475056250065,-9.605249437499353
25,42,125,115.2706146698807,-9.7293853301193
25,43,125,116.46776427590115,-8.532235724098854
25,44,125,115.38536934766641,-9.614630652333588
25,45,125,116.44915817913272,-8.550841820867277
25,46,125,115.9986641186401,-9.001335881359907
25,47,125,114.01326563588361,-10.986734364116387
25,48,125,114.24584650052418,-10.75415349947582
25,49,125,114.58511784076771,-10.414882159232292
25,50,125,115.01831305420401,-9.981686945795985
25,51,125,115.32287364823974,-9.677126351760265
25,52,125,116.29180365209368,-8.708196347906323
25,53,125,115.07468787061983,-9.925312129380174
25,54,125,116.82361436147744,-8.17638563852256
25,55,125,116.80059465388487,-8.199405346115128
25,56,125,114.5827447953945,-10.417255204605496
25,57,125,114.86685856078334,-10.133141439216658
25,58,125,115.80822343788313,-9.191776562116871
25,59,125,113.97308870994632,-11.026911290053675
25,60,125,110.51699487033993,-14.483005129660071
25,61,125,114.07157321374825,-10.928426786251748
25,62,125,111.36951407864808,-13.63048592135192
25,63,125,116.13570861282149,-8.864291387178511
25,64,125,113.66239253853519,-11.337607461464813
25,65,125,111.905717741757,-13.094282258242998
25,66,125,110.79545901862419,-14.204540981375814
25,67,125,111.84426071875593,-13.155739281244067
25,68,125,111.79228335622781,-13.207716643772187
25,69,125,107.17785844450552,-17.822141555494483
25,70,125,109.99913936033366,-15.000860639666342
25,71,125,108.02944648483553,-16.970553515164468
25,72,125,103.27644885748671,-21.723551142513287
25,73,125,102.24953360082915,-22.750466399170847
25,74,125,103.6956637183428,-21.3043362816572
25,75,125,107.14734008332475,-17.85265991667525
25,76,125,102.93994715449794,-22.060052845502057
25,77,125,103.62575003903785,-21.374249960962146
25,78,125,103.83726253417656,-21.16273746582344
25,79,125,103.54340245169142,-21.45659754830858
25,80,125,100.86523338812836,-24.13476661187164
25,81,125,100.27798866242645,-24.722011337573548
25,82,125,96.95440136378608,-28.045598636213924
25,83,125,98.72644110226773,-26.273558897732272
25,84,125,97.96513295751308,-27.034867042486923
25,85,125,93.78852894621576,-31.211471053784237
25,86,125,97.36543400710855,-27.634565992891453
25,87,125,96.04889647318979,-28.951103526810215
25,88,125,88.79778554585712,-36.202214454142876
25,89,125,92.85417900539684,-32.145820994603156
25,90,125,97.68844020737069,-27.31155979262931
25,91,125,95.55788824981768,-29.44211175018232
25,92,125,98.31047652107773,-26.68952347892227
25,93,125,92.50696533649973,-32.49303466350027
25,94,125,98.75457041679165,-26.24542958320835
25,95,125,100.18971106894867,-24.810288931051332
25,96,125,96.64515402042784,-28.35484597957216
25,97,125,94.87281483850904,-30.127185161490956
25,98,125,97.91104483783761,-27.088955162162392
25,99,125,100.88428766554905,-24.115712334450947
25,100,125,97.93526131466615,-27.06473868533385
25,101,125,96.99840148434568,-28.001598515654322
25,102,125,93.30381851500599,-31.696181484994014
25,103,125,91.48905986103595,-33.510940138964045
25,104,125,85.03675290602737,-39.963247093972626
25,105,125,91.93985482956494,-33.060145170435064
25,106,124,81.0751664178559,-42.9248335821441
25,107,123,79.46949660037299,-43.53050339962701
25,108,122,82.88317285191303,-39.11682714808697
25,109,121,83.72810491123805,-37.27189508876195
25,110,120,80.03694107374267,-39.96305892625733
25,111,119,83.64863871504978,-35.351361284950215
25,112,118,85.20307425050454,-32.79692574949546
25,113,117,83.21489798170377,-33.78510201829623
25,114,116,82.73748629720684,-33.26251370279316
25,115,115,84.92909138656708,-30.07090861343292
25,116,114,85.11533715082848,-28.88466284917152
25,117,113,79.87270169359576,-33.12729830640424
25,118,112,82.25991535784996,-29.740084642150038
25,119,111,83.03709039023168,-27.962909609768317
25,120,110,89.0853522273404,-20.914647772659606
25,121,109,82.87929755162392,-26.12070244837608
25,122,108,86.90373725026706,-21.096262749732944
25,123,107,84.54623043775156,-22.45376956224844
25,124,106,84.32430376927401,-21.67569623072599
25,125,105,87.90604958977127,-17.09395041022873
25,126,104,88.507652148748,-15.492347851252006
25,127,103,83.61806747505358,-19.38193252494642
25,128,102,87.75514195733942,-14.244858042660582
25,129,101,77.76031946866267,-23.239680531337328
25,130,100,81.58830199552281,-18.411698004477188
25,131,99,79.22326978240619,-19.77673021759381
25,132,98,79.2387802241382,-18.761219775861804
25,133,97,78.95017144314022,-18.04982855685978
25,134,96,82.5635335146566,-13.436466485343402
25,135,95,78.03194576033982,-16.968054239660177
25,136,94,79.2955079712763,-14.704492028723706
25,137,93,81.58178720968273,-11.41821279031727
25,138,92,82.26739771578562,-9.73260228421438
25,139,91,79.0368440690141,-11.963155930985906
25,140,90,83.87754608796114,-6.122453912038864
25,141,89,79.16184895475504,-9.838151045244956
25,142,88,80.98294029189412,-7.017059708105876
25,143,87,83.5495823669689,-3.450417633031094
25,144,86,85.71521828975816,-0.2847817102418446
25,145,85,84.8144437003971,-0.18555629960289366
25,146,84,82.85194805047988,-1.1480519495201236
25,147,83,83.19601163093206,0.19601163093206253
25,148,82,73.06529333513708,-8.934706664862915
25,149,81,78.22913173146645,-2.7708682685335475
25,150,80,81.94188694985573,1.9418869498557285
25,151,79,81.81541117190649,2.81541117190649
25,152,78,84.32299477258852,6.322994772588515
25,153,77,66.4178996779083,-10.582100322091705
25,154,76,72.59220142740422,-3.4077985725957802
25,155,75,69.72251777877945,-5.277482221220552
25,156,74,74.73890850736935,0.7389085073693451
25,157,73,68.25375472856915,-4.746245271430851
25,158,72,70.2853305780801,-1.7146694219198935
25,159,71,73.69061474531227,2.690614745312274
25,160,70,60.251347482971624,-9.748652517028376
25,161,69,57.04527262476283,-11.95472737523717
25,162,68,69.9057798116634,1.9057798116633933
25,163,67,79.5207141596045,12.520714159604495
25,164,66,70.5101591667747,4.510159166774699
25,165,65,64.83358516483517,-0.16641483516482936
25,166,64,59.04559091781877,-4.954409082181229
25,167,63,59.74893229166666,-3.2510677083333377
25,168,62,59.810019505816,-2.189980494183999
25,169,61,58.20017826019297,-2.7998217398070295
25,170,60,51.460429335585594,-8.539570664414406
25,171,59,56.08047958638586,-2.919520413614137
25,172,58,54.96236371244432,-3.037636287555678
25,173,57,56.7398131020701,-0.26018689792989846
25,174,56,52.50450786122658,-3.4954921387734217
25,175,55,50.352881372100114,-4.647118627899886
25,176,54,48.08187373330693,-5.918126266693072
25,177,53,49.04826061958876,-3.95173938041124
25,178,52,46.410162337662335,-5.589837662337665
25,179,51,45.94583687146187,-5.0541631285381285
25,180,50,40.72217884486203,-9.277821155137971
25,181,49,46.44595982142859,-2.5540401785714124
25,182,48,43.92954613095236,-4.07045386904764
25,183,47,44.72887325113129,-2.27112674886871
25,184,46,44.25147569444445,-1.7485243055555486
25,185,45,43.440235615079345,-1.5597643849206548
25,186,44,38.4118253968254,-5.5881746031746005
25,187,43,37.78555555555555,-5.214444444444453
25,188,42,37.68096542178698,-4.319034578213021
25,189,41,34.38292410714284,-6.617075892857159
25,190,40,32.02722222222223,-7.972777777777772
25,191,39,31.377465277777773,-7.622534722222227
25,192,38,27.895744047619054,-10.104255952380946
25,193,37,26.29719327547453,-10.70280672452547
25,194,36,25.789990455771708,-10.210009544228292
25,195,35,22.660536303973807,-12.339463696026193
25,196,34,21.436160939754693,-12.563839060245307
25,197,33,26.546609623015883,-6.453390376984117
25,198,32,23.423863387161084,-8.576136612838916
25,199,31,22.697256718975474,-8.302743281024526
25,200,30,24.495386904761915,-5.504613095238085
25,201,29,21.52202380952381,-7.477976190476191
25,202,28,20.93789569805195,-7.06210430194805
25,203,27,22.63487385443309,-4.3651261455669115
25,204,26,20.277470827783326,-5.7225291722166745
25,205,25,20.645196976817044,-4.354803023182956
25,206,24,19.02690679112554,-4.9730932088744595
25,207,23,18.47822344322345,-4.521776556776551
25,208,22,16.43912472943723,-5.5608752705627715
25,209,21,16.913139880952382,-4.086860119047618
25,210,20,14.128948289842253,-5.871051710157747
25,211,19,14.234586857769429,-4.765413142230571
25,212,18,12.19831845238096,-5.80168154761904
25,213,17,12.652589285714289,-4.3474107142857115
25,214,16,9.374186958874457,-6.625813041125543
25,215,15,9.401729347041847,-5.598270652958153
25,216,14,10.47502976190476,-3.5249702380952392
25,217,13,6.683831845238096,-6.316168154761904
25,218,12,6.093541666666665,-5.906458333333335
25,219,11,5.62997023809524,-5.37002976190476
25,220,10,4.147715548340546,-5.852284451659454
25,221,9,4.056282242063492,-4.943717757936508
25,222,8,3.3651860119047576,-4.634813988095242
25,223,7,2.1863169642857114,-4.813683035714289
25,224,6,1.35077380952381,-4.64922619047619
25,225,5,0.828005952380952,-4.171994047619048
25,226,4,1.4014508928571399,-2.59854910714286
25,227,3,0.0,-3.0
25,228,2,0.0,-2.0
25,229,1,0.0,-1.0
25,230,0,0.0,0.0
26,1,125,117.89600755408033,-7.103992445919673
26,2,125,115.57602624189087,-9.423973758109128
26,3,125,118.87800279488802,-6.121997205111981
26,4,125,118.13737496160586,-6.8626250383941425
26,5,125,114.37415655258094,-10.625843447419058
26,6,125,112.71477672079625,-12.285223279203748
26,7,125,115.63239497379092,-9.367605026209077
26,8,125,114.29225538539072,-10.707744614609283
26,9,125,115.47210040174002,-9.527899598259978
26,10,125,113.57963438194295,-11.420365618057048
26,11,125,114.62965204082437,-10.370347959175632
26,12,125,116.74407573029755,-8.255924269702447
26,13,125,117.99201725178042,-7.007982748219575
26,14,125,116.3424835592466,-8.657516440753398
26,15,125,116.98436300045319,-8.015636999546814
26,16,125,111.60079199709674,-13.399208002903265
26,17,125,114.63247776293613,-10.367522237063866
26,18,125,115.61793339484984,-9.382066605150158
26,19,125,115.25443451146877,-9.745565488531227
26,20,125,113.99261188574954,-11.00738811425046
26,21,125,111.88712702560015,-13.11287297439985
26,22,125,114.64231180910909,-10.357688190890912
26,23,125,113.54453291893086,-11.455467081069145
26,24,125,113.40589084797882,-11.594109152021176
26,25,125,116.50127121250735,-8.498728787492652
26,26,125,117.39012964274245,-7.609870357257549
26,27,125,116.44010343710593,-8.559896562894068
26,28,125,116.14364626120066,-8.856353738799342
26,29,125,116.54749285337111,-8.45250714662889
26,30,125,116.81809853460382,-8.18190146539618
26,31,125,116.90773094159783,-8.092269058402167
26,32,125,115.74052076351718,-9.259479236482818
26,33,125,113.62301905875063,-11.376980941249371
26,34,125,113.55375059896714,-11.446249401032858
26,35,125,113.13171137245199,-11.868288627548012
26,36,125,115.67636205129536,-9.323637948704643
26,37,125,116.28769775772764,-8.712302242272358
26,38,125,116.26574843209508,-8.73425156790492
26,39,125,114.7077766926888,-10.292223307311204
26,40,125,110.43950678295505,-14.56049321704495
26,41,125,113.02719052585773,-11.972809474142267
26,42,125,116.13859294684823,-8.861407053151765
26,43,125,114.57772788015411,-10.422272119845886
26,44,125,113.30971967295666,-11.69028032704334
26,45,125,112.37920019680632,-12.620799803193677
26,46,125,106.81494908320951,-18.185050916790487
26,47,125,101.84297190907144,-23.157028090928563
26,48,125,106.74332594608768,-18.25667405391232
26,49,125,110.12612104681435,-14.873878953185653
26,50,125,112.68454631834655,-12.315453681653452
26,51,125,115.67609556012272,-9.323904439877282
26,52,125,115.10586691420906,-9.89413308579094
26,53,125,108.67511104512104,-16.324888954878958
26,54,125,110.9611566102305,-14.038843389769497
26,55,125,113.46613310273055,-11.533866897269448
26,56,125,110.67298571965212,-14.327014280347882
26,57,125,109.72406466066505,-15.27593533933495
26,58,125,112.45750923419159,-12.54249076580841
26,59,125,108.38911489306022,-16.610885106939776
26,60,125,110.41406358854874,-14.585936411451257
26,61,125,113.14734568597059,-11.852654314029408
26,62,125,112.67680752602898,-12.32319247397102
26,63,125,110.93263250148485,-14.067367498515154
26,64,125,112.56033028501581,-12.439669714984191
26,65,125,109.35510992844377,-15.644890071556233
26,66,125,110.33965664112625,-14.660343358873746
26,67,125,103.51155737060238,-21.488442629397625
26,68,125,108.30229037299225,-16.697709627007754
26,69,125,108.22983385904922,-16.770166140950778
26,70,125,106.68050759522069,-18.31949240477931
26,71,125,106.57324508293557,-18.42675491706443
26,72,125,106.6436426904449,-18.356357309555094
26,73,125,97.36895032563311,-27.631049674366892
26,74,125,103.53179908197656,-21.46820091802344
26,75,124,100.93390754355248,-23.06609245644752
26,76,123,94.4648059159832,-28.535194084016794
26,77,122,103.07855750696368,-18.921442493036324
26,78,121,100.49678542409151,-20.503214575908487
26,79,120,102.75024120328808,-17.249758796711916
26,80,119,95.6687866612554,-23.331213338744604
26,81,118,94.5679731994542,-23.4320268005458
26,82,117,90.21783887987011,-26.782161120129885
26,83,116,94.02958730158731,-21.970412698412687
26,84,115,82.75143501984125,-32.24856498015875
26,85,114,88.59646473318351,-25.40353526681649
26,86,113,92.67651095797474,-20.32348904202526
26,87,112,90.66026244588743,-21.339737554112574
26,88,111,79.56754960317458,-31.432450396825416
26,89,110,75.77598408189031,-34.224015918109686
26,90,109,68.65647321428568,-40.34352678571432
26,91,108,76.18170456118496,-31.818295438815042
26,92,107,79.45269149436089,-27.54730850563911
26,93,106,75.49139632936505,-30.508603670634955
26,94,105,71.59585813492062,-33.40414186507938
26,95,104,76.1159623015873,-27.884037698412698
26,96,103,79.26761904761906,-23.732380952380936
26,97,102,80.72945246957339,-21.27054753042661
26,98,101,85.92218018093018,-15.077819819069816
26,99,100,85.02114136904761,-14.978858630952388
26,100,99,87.9369642223716,-11.0630357776284
26,101,98,86.93057457010582,-11.069425429894181
26,102,97,83.28483169667761,-13.715168303322386
26,103,96,87.95491139309497,-8.045088606905026
26,104,95,86.92124210378162,-8.078757896218377
26,105,94,80.11967211715037,-13.880327882849627
26,106,93,82.25501003929598,-10.744989960704018
26,107,92,83.84321759745639,-8.156782402543612
26,108,91,85.91803867958956,-5.081961320410443
26,109,90,85.78547255751268,-4.214527442487324
26,110,89,77.5948235608346,-11.405176439165402
26,111,88,80.50184348939739,-7.4981565106026125
26,112,87,76.4638652877749,-10.536134712225106
26,113,86,71.57386684216326,-14.426133157836745
26,114,85,63.29523561507935,-21.70476438492065
26,115,84,57.414601282889166,-26.585398717110834
26,116,83,55.19022156163411,-27.80977843836589
26,117,82,57.596294336602725,-24.403705663397275
26,118,81,58.578148274632646,-22.421851725367354
26,119,80,64.54654955226695,-15.453450447733047
26,120,79,63.49360221287134,-15.506397787128662
26,121,78,63.666593177655685,-14.333406822344315
26,122,77,62.19929430578482,-14.800705694215182
26,123,76,59.622305764411024,-16.377694235588976
26,124,75,69.7672157564929,-5.232784243507098
26,125,74,60.88286174507681,-13.11713825492319
26,126,73,66.33153567885834,-6.668464321141656
26,127,72,61.365589589504054,-10.634410410495946
26,128,71,67.65260067289209,-3.347399327107908
26,129,70,64.13758915053491,-5.862410849465093
26,130,69,58.325720846861465,-10.674279153138535
26,131,68,75.19788106267124,7.197881062671243
26,132,67,69.89802757643588,2.8980275764358794
26,133,66,56.40047573953824,-9.599524260461763
26,134,65,56.59966761538186,-8.400332384618139
26,135,64,63.977449269480516,-0.022550730519483864
26,136,63,60.35435933583959,-2.6456406641604104
26,137,62,61.88554082491585,-0.11445917508414993
26,138,61,62.606661403890826,1.6066614038908256
26,139,60,57.82753338675214,-2.172466613247863
26,140,59,58.04898102510234,-0.9510189748976572
26,141,58,61.336663961038965,3.3366639610389655
26,142,57,56.925500419719185,-0.07449958028081483
26,143,56,55.86352065826331,-0.1364793417366883
26,144,55,54.29235863095238,-0.7076413690476215
26,145,54,52.200433218742035,-1.7995667812579654
26,146,53,46.22010114885114,-6.779898851148857
26,147,52,49.43259664116937,-2.5674033588306315
26,148,51,43.10420454545455,-7.89579545454545
26,149,50,43.93725045787546,-6.062749542124543
26,150,49,49.45478798918991,0.45478798918991004
26,151,48,49.82298577588038,1.8229857758803831
26,152,47,40.5592904491342,-6.440709550865797
26,153,46,40.97305059523809,-5.026949404761908
26,154,45,36.718648313492054,-8.281351686507946
26,155,44,35.97025297619048,-8.02974702380952
26,156,43,36.3377802579365,-6.662219742063499
26,157,42,38.754708104395604,-3.245291895604396
26,158,41,39.12822344322345,-1.8717765567765525
26,159,40,34.372123015873015,-5.627876984126985
26,160,39,45.04369791666666,6.043697916666659
26,161,38,38.011743551587315,0.011743551587315437
26,162,37,32.80734126984127,-4.192658730158733
26,163,36,31.442010645604384,-4.557989354395616
26,164,35,30.844441964285707,-4.155558035714293
26,165,34,27.338931197478992,-6.661068802521008
26,166,33,24.48745153635779,-8.512548463642212
26,167,32,29.077507440476197,-2.9224925595238034
26,168,31,25.152830751424506,-5.847169248575494
26,169,30,25.292797619047622,-4.707202380952378
26,170,29,17.721761675824176,-11.278238324175824
26,171,28,18.33222470238095,-9.667775297619048
26,172,27,21.94415674603174,-5.055843253968259
26,173,26,18.926041666666663,-7.073958333333337
26,174,25,17.292042214912286,-7.707957785087714
26,175,24,16.56931900062657,-7.430680999373429
26,176,23,17.01422399146905,-5.9857760085309515
26,177,22,14.166038059163068,-7.833961940836932
26,178,21,16.255553665084918,-4.744446334915082
26,179,20,13.789831349206352,-6.210168650793648
26,180,19,13.912604166666668,-5.087395833333332
26,181,18,13.007356150793651,-4.992643849206349
26,182,17,12.201316964285716,-4.798683035714284
26,183,16,10.67072172619047,-5.32927827380953
26,184,15,10.91276394110275,-4.0872360588972505
26,185,14,8.77928571428571,-5.2207142857142905
26,186,13,8.293206845238094,-4.706793154761906
26,187,12,6.298400297619045,-5.701599702380955
26,188,11,5.989062499999999,-5.010937500000001
26,189,10,5.410803571428575,-4.589196428571425
26,190,9,6.105505952380954,-2.8944940476190464
26,191,8,3.363936011904764,-4.636063988095236
26,192,7,3.084397321428572,-3.915602678571428
26,193,6,2.0489112103174616,-3.9510887896825384
26,194,5,1.2051041666666666,-3.7948958333333334
26,195,4,0.4722495039682517,-3.5277504960317483
26,196,3,0.7451661706349189,-2.254833829365081
26,197,2,0.0,-2.0
26,198,1,0.0,-1.0
26,199,0,0.0,0.0
27,1,125,110.02739544393896,-14.972604556061043
27,2,125,113.56837135708432,-11.431628642915683
27,3,125,113.69576593408003,-11.304234065919971
27,4,125,114.78194390392052,-10.21805609607948
27,5,125,118.61876072903517,-6.3812392709648265
27,6,125,114.51378415490531,-10.48621584509469
27,7,125,110.17698457704905,-14.823015422950945
27,8,125,111.43053701933539,-13.56946298066461
27,9,125,111.6016468196514,-13.398353180348593
27,10,125,111.65121964548052,-13.348780354519477
27,11,125,114.94685439751329,-10.053145602486708
27,12,125,115.7876940392404,-9.212305960759593
27,13,125,112.16020832437714,-12.839791675622862
27,14,125,111.31902926043702,-13.68097073956298
27,15,125,109.9225813453307,-15.077418654669302
27,16,125,112.22392613535553,-12.776073864644474
27,17,125,108.92484076058788,-16.075159239412116
27,18,125,117.52905450732185,-7.470945492678155
27,19,125,116.69416193566367,-8.305838064336328
27,20,125,115.67691181978323,-9.323088180216772
27,21,125,115.14373107123774,-9.856268928762262
27,22,125,117.46910719736067,-7.530892802639329
27,23,125,116.20933568431624,-8.790664315683756
27,24,125,99.61062654918479,-25.389373450815214
27,25,125,115.33350759547507,-9.66649240452493
27,26,125,113.59343123730363,-11.406568762696367
27,27,125,111.51822740218367,-13.481772597816331
27,28,125,113.65710076672701,-11.342899233272988
27,29,125,113.68495181418237,-11.31504818581763
27,30,125,110.49954091032176,-14.500459089678245
27,31,125,114.01833776128285,-10.98166223871715
27,32,124,117.08020322883958,-6.919796771160421
27,33,123,115.19127745387925,-7.808722546120748
27,34,122,116.2646947079839,-5.735305292016093
27,35,121,115.69899306539541,-5.301006934604587
27,36,120,113.53607224029652,-6.4639277597034805
27,37,119,114.97238372243592,-4.0276162775640785
27,38,118,113.21391053942614,-4.786089460573862
27,39,117,116.36128301671917,-0.6387169832808297
27,40,116,109.84296810431852,-6.1570318956814845
27,41,115,117.4614984638966,2.4614984638966035
27,42,114,105.82807735325892,-8.17192264674108
27,43,113,106.01995659743588,-6.980043402564121
27,44,112,109.67123879758371,-2.3287612024162883
27,45,111,110.39014475984519,-0.6098552401548147
27,46,110,110.60187075469108,0.6018707546910775
27,47,109,113.02885427141014,4.02885427141014
27,48,108,111.71249890655854,3.7124989065585368
27,49,107,99.51331013150346,-7.486689868496541
27,50,106,106.63631681915008,0.6363168191500819
27,51,105,108.55626592030698,3.556265920306984
27,52,104,113.85367910323211,9.85367910323211
27,53,103,113.22787614438121,10.227876144381213
27,54,102,105.67754978424861,3.677549784248612
27,55,101,103.93610838618633,2.9361083861863335
27,56,100,110.58540793663296,10.585407936632961
27,57,99,107.95147126209193,8.951471262091928
27,58,98,107.13799230258178,9.137992302581779
27,59,97,102.90122910668495,5.901229106684951
27,60,96,97.43312321772142,1.4331232177214162
27,61,95,93.562438956343,-1.4375610436569985
27,62,94,104.68429471802008,10.684294718020084
27,63,93,102.31261192201346,9.31261192201346
27,64,92,101.62390409294383,9.623904092943832
27,65,91,109.92570087630523,18.92570087630523
27,66,90,105.54866700202463,15.54866700202463
27,67,89,105.19052669637786,16.19052669637786
27,68,88,99.49337569103595,11.49337569103595
27,69,87,100.85928153999825,13.85928153999825
27,70,86,108.1102839265103,22.110283926510306
27,71,85,101.45260159606889,16.452601596068888
27,72,84,101.33865190542467,17.33865190542467
27,73,83,100.91359682344553,17.91359682344553
27,74,82,102.33764942397843,20.337649423978434
27,75,81,98.08474052234078,17.08474052234078
27,76,80,107.30122497309758,27.301224973097575
27,77,79,91.93309567321077,12.933095673210772
27,78,78,95.87027585267737,17.870275852677366
27,79,77,95.8090080701202,18.8090080701202
27,80,76,85.76615003052501,9.766150030525012
27,81,75,92.89152408688808,17.891524086888083
27,82,74,90.76322125484812,16.76322125484812
27,83,73,84.48494501447627,11.484945014476267
27,84,72,86.56510850376478,14.565108503764776
27,85,71,80.42979241498657,9.429792414986565
27,86,70,80.82308941006667,10.823089410066672
27,87,69,81.35344432660344,12.353444326603437
27,88,68,81.49364930555552,13.493649305555522
27,89,67,83.85679611021595,16.856796110215953
27,90,66,76.71228422619046,10.712284226190462
27,91,65,80.19876261677263,15.198762616772626
27,92,64,76.91043069421787,12.910430694217865
27,93,63,70.88418966450214,7.884189664502145
27,94,62,65.71367971124621,3.7136797112462148
27,95,61,66.34790835084031,5.347908350840314
27,96,60,64.82505411255411,4.825054112554113
27,97,59,65.31627232142857,6.3162723214285705
27,98,58,66.17819178040811,8.178191780408113
27,99,57,61.59642361111112,4.5964236111111205
27,100,56,64.96389322916669,8.963893229166686
27,101,55,65.60850378787882,10.608503787878817
27,102,54,57.7250063131313,3.7250063131313027
27,103,53,67.86910714285717,14.869107142857175
27,104,52,59.71319872835497,7.713198728354968
27,105,51,62.69459325396825,11.69459325396825
27,106,50,60.12175437409813,10.121754374098131
27,107,49,53.52373923505572,4.5237392350557215
27,108,48,65.11266795029918,17.112667950299183
27,109,47,56.55812663761678,9.55812663761678
27,110,46,51.644297664141426,5.644297664141426
27,111,45,51.01396780303031,6.013967803030312
27,112,44,46.08544663621261,2.085446636212609
27,113,43,47.1943796719269,4.194379671926903
27,114,42,50.98939546130954,8.989395461309542
27,115,41,46.058066974207954,5.058066974207954
27,116,40,43.46442363837714,3.4644236383771414
27,117,39,40.996755604103335,1.9967556041033347
27,118,38,43.43407738095239,5.434077380952388
27,119,37,42.766150221306475,5.766150221306475
27,120,36,37.95341517857146,1.9534151785714613
27,121,35,40.87342261904762,5.8734226190476235
27,122,34,41.153451505602234,7.153451505602234
27,123,33,39.199203869047615,6.199203869047615
27,124,32,34.85410889355743,2.854108893557431
27,125,31,36.969642857142844,5.969642857142844
27,126,30,30.148732638888887,0.14873263888888744
27,127,29,30.485349702380958,1.485349702380958
27,128,28,34.71077712706504,6.710777127065043
27,129,27,33.15628246753247,6.1562824675324705
27,130,26,28.463678075396835,2.4636780753968353
27,131,25,29.52385969932844,4.52385969932844
27,132,24,31.641267742673996,7.641267742673996
27,133,23,29.792639270451772,6.792639270451772
27,134,22,26.714007936507937,4.714007936507937
27,135,21,30.755535714285728,9.755535714285728
27,136,20,26.822566964285727,6.822566964285727
27,137,19,23.95825892857143,4.9582589285714285
27,138,18,19.23731366459628,1.2373136645962788
27,139,17,21.77766865079365,4.77766865079365
27,140,16,20.29359375,4.293593749999999
27,141,15,18.2575,3.2575000000000003
27,142,14,16.3352876984127,2.3352876984126993
27,143,13,15.851530257936503,2.8515302579365027
27,144,12,12.830729166666664,0.8307291666666643
27,145,11,11.837884424603168,0.8378844246031676
27,146,10,9.320792033298833,-0.679207966701167
27,147,9,7.555744047619045,-1.4442559523809546
27,148,8,8.480406746031743,0.4804067460317434
27,149,7,7.694327876984129,0.6943278769841292
27,150,6,5.446515376984124,-0.5534846230158763
27,151,5,4.011815476190481,-0.9881845238095188
27,152,4,4.689419642857148,0.689419642857148
27,153,3,2.3687499999999986,-0.6312500000000014
27,154,2,0.0,-2.0
27,155,1,0.06721726190475952,-0.9327827380952405
27,156,0,0.0,0.0
28,1,125,119.99979668526078,-5.000203314739224
28,2,125,119.99510918526077,-5.004890814739227
28,3,125,119.91661933876632,-5.083380661233676
28,4,125,119.91917168526079,-5.0808283147392075
28,5,125,119.92730973327748,-5.0726902667225175
28,6,125,119.98246713980623,-5.017532860193768
28,7,125,119.89950041902698,-5.100499580973022
28,8,125,119.87477861864996,-5.125221381350045
28,9,125,119.96855973327747,-5.031440266722527
28,10,125,119.97480973327747,-5.025190266722532
28,11,125,119.99946773789236,-5.00053226210764
28,12,125,119.99553837636536,-5.00446162363464
28,13,125,119.97470504303203,-5.025294956967969
28,14,125,119.79064254303202,-5.209357456967979
28,15,125,119.98720504303203,-5.012794956967966
28,16,125,119.92991337636536,-5.070086623634637
28,17,125,119.97158004303203,-5.028419956967966
28,18,125,119.69487060990086,-5.30512939009914
28,19,125,119.91958923498119,-5.0804107650188115
28,20,125,119.87180932848237,-5.128190671517629
28,21,125,119.72476489753183,-5.275235102468173
28,22,125,119.06432067466305,-5.935679325336949
28,23,125,119.70708776595743,-5.292912234042575
28,24,125,119.98393464400877,-5.0160653559912305
28,25,125,119.98110915035879,-5.01889084964121
28,26,125,119.95602878037155,-5.043971219628446
28,27,125,119.6743219090265,-5.325678090973497
28,28,125,119.75448418526078,-5.245515814739221
28,29,125,119.94984174067353,-5.050158259326466
28,30,125,119.67811195198331,-5.321888048016689
28,31,125,119.91852343466262,-5.081476565337383
28,32,125,119.67150569883265,-5.328494301167353
28,33,125,119.85304794788703,-5.146952052112965
28,34,125,119.279602752758,-5.720397247242005
28,35,125,119.90083835192745,-5.099161648072553
28,36,125,119.7372737073196,-5.262726292680398
28,37,125,119.89331083620418,-5.106689163795821
28,38,125,119.8892794509228,-5.1107205490772
28,39,125,119.93731468834949,-5.062685311650512
28,40,125,119.59316113331272,-5.406838866687281
28,41,124,119.96646335192744,-4.033536648072555
28,42,123,119.99761509516911,-3.0023849048308904
28,43,122,119.96393319213625,-2.0360668078637474
28,44,121,119.99657342850246,-1.0034265714975419
28,45,120,119.93600435014491,-0.06399564985508732
28,46,119,119.81134207348627,0.8113420734862729
28,47,118,119.34888385366526,1.3488838536652565
28,48,117,119.78910086928934,2.789100869289342
28,49,116,119.8102070627549,3.8102070627548983
28,50,115,119.2189741816837,4.218974181683706
28,51,114,119.45988303433703,5.459883034337025
28,52,113,119.71774669660017,6.717746696600173
28,53,112,119.99650810656223,7.996508106562231
28,54,111,119.32209000012737,8.322090000127375
28,55,110,119.44087623426007,9.440876234260074
28,56,109,118.60839526013675,9.608395260136746
28,57,108,117.21349967645867,9.213499676458667
28,58,107,116.75897762248819,9.758977622488189
28,59,106,117.47856589817991,11.478565898179909
28,60,105,118.9987879258787,13.998787925878702
28,61,104,118.54117280972469,14.541172809724685
28,62,103,119.22495895322163,16.22495895322163
28,63,102,118.53308575280892,16.533085752808915
28,64,101,119.7073280536782,18.707328053678197
28,65,100,117.69989646038869,17.699896460388686
28,66,99,117.83670966148554,18.836709661485543
28,67,98,117.64885550317392,19.64885550317392
28,68,97,118.42589262448898,21.42589262448898
28,69,96,117.08249340950881,21.082493409508814
28,70,95,118.93984236978687,23.939842369786874
28,71,94,119.49160254934357,25.49160254934357
28,72,93,118.52981355820482,25.529813558204822
28,73,92,118.88880807872488,26.888808078724878
28,74,91,118.80764992848779,27.80764992848779
28,75,90,118.92746087748353,28.927460877483526
28,76,89,117.74385639378761,28.74385639378761
28,77,88,118.43910800117246,30.439108001172457
28,78,87,119.19324972345198,32.193249723451984
28,79,86,118.74273703550668,32.74273703550668
28,80,85,118.74410418907746,33.74410418907746
28,81,84,118.80667925719106,34.806679257191064
28,82,83,116.13970616316924,33.13970616316924
28,83,82,112.28635652584208,30.28635652584208
28,84,81,114.0886948774837,33.088694877483704
28,85,80,114.49481646825396,34.49481646825396
28,86,79,111.22782359672988,32.22782359672988
28,87,78,110.98298363095239,32.98298363095239
28,88,77,112.9083303343776,35.908330334377595
28,89,76,112.20318655704543,36.20318655704543
28,90,75,108.10812936547495,33.10812936547495
28,91,74,105.91927124024531,31.91927124024531
28,92,73,105.13136248496724,32.13136248496724
28,93,72,108.4425403879221,36.442540387922094
28,94,71,105.24760798292019,34.24760798292019
28,95,70,103.64755544274564,33.64755544274564
28,96,69,100.85464833547076,31.854648335470756
28,97,68,105.69246855449595,37.692468554495946
28,98,67,96.93149645666834,29.93149645666834
28,99,66,101.69683828414774,35.696838284147745
28,100,65,99.91701535326361,34.91701535326361
28,101,64,96.3282933452577,32.328293345257705
28,102,63,94.06458061366632,31.064580613666323
28,103,62,95.18326340401775,33.18326340401775
28,104,61,97.11067190471914,36.11067190471914
28,105,60,91.7759216953288,31.775921695328805
28,106,59,80.60243704642346,21.60243704642346
28,107,58,82.132657361226,24.132657361225995
28,108,57,86.39142061352675,29.391420613526748
28,109,56,91.07129136293973,35.07129136293973
28,110,55,79.97627233022124,24.976272330221235
28,111,54,88.7800043230794,34.780004323079396
28,112,53,85.3638808093876,32.363880809387595
28,113,52,86.42138659683235,34.42138659683235
28,114,51,92.24953544411048,41.24953544411048
28,115,50,78.61738979009284,28.617389790092844
28,116,49,84.54048657308664,35.54048657308664
28,117,48,86.12801131650885,38.12801131650885
28,118,47,82.30815344887955,35.30815344887955
28,119,46,79.11439684840893,33.11439684840893
28,120,45,82.905448865866,37.905448865866006
28,121,44,84.49815535553296,40.49815535553296
28,122,43,86.11521081718762,43.11521081718762
28,123,42,83.47810522172345,41.47810522172345
28,124,41,91.3640402924547,50.3640402924547
28,125,40,88.22571333506015,48.22571333506015
28,126,39,74.52608616477957,35.52608616477957
28,127,38,75.14353873785669,37.14353873785669
28,128,37,73.1227278764779,36.122727876477896
28,129,36,72.81556388023131,36.81556388023131
28,130,35,68.1249321444059,33.1249321444059
28,131,34,67.60663424116728,33.606634241167285
28,132,33,61.603229166666694,28.603229166666694
28,133,32,57.189784226190476,25.189784226190476
28,134,31,59.614370039682555,28.614370039682555
28,135,30,65.281385098528,35.281385098528006
28,136,29,60.09323660714287,31.09323660714287
28,137,28,58.589598214285715,30.589598214285715
28,138,27,49.50016125307881,22.500161253078808
28,139,26,48.85125766421081,22.851257664210813
28,140,25,46.375967681208444,21.375967681208444
28,141,24,50.64837158154345,26.64837158154345
28,142,23,40.945032242063476,17.945032242063476
28,143,22,44.770238698519954,22.770238698519954
28,144,21,46.724747928337976,25.724747928337976
28,145,20,43.71852106227105,23.71852106227105
28,146,19,35.45056547619048,16.450565476190476
28,147,18,35.04819196428571,17.048191964285706
28,148,17,32.05851190476191,15.058511904761907
28,149,16,34.32318204365079,18.32318204365079
28,150,15,29.9092757936508,14.9092757936508
28,151,14,26.03366071428572,12.03366071428572
28,152,13,22.350867604617598,9.350867604617598
28,153,12,19.770762453007517,7.770762453007517
28,154,11,17.413742559523808,6.413742559523808
28,155,10,19.25985119047619,9.25985119047619
28,156,9,16.305836857769417,7.3058368577694175
28,157,8,15.401403769841274,7.401403769841274
28,158,7,16.29360863095237,9.29360863095237
28,159,6,8.680068299755806,2.6800682997558063
28,160,5,7.565669642857147,2.565669642857147
28,161,4,6.572574404761905,2.5725744047619052
28,162,3,3.456396329365081,0.4563963293650808
28,163,2,2.3525446428571426,0.3525446428571426
28,164,1,0.0,-1.0
28,165,0,0.0,0.0
29,1,125,115.9436447939459,-9.056355206054107
29,2,125,115.90060891606988,-9.099391083930115
29,3,125,116.36751557690059,-8.632484423099413
29,4,125,114.13937286796576,-10.860627132034239
29,5,125,115.18453634360768,-9.815463656392325
29,6,125,118.01698870465273,-6.983011295347268
29,7,125,117.07204684786991,-7.927953152130087
29,8,125,117.4192725977289,-7.580727402271094
29,9,125,115.41210401021821,-9.587895989781785
29,10,125,117.64887349337864,-7.351126506621355
29,11,125,116.99460697375693,-8.00539302624307
29,12,125,117.84585035716002,-7.1541496428399824
29,13,125,117.54349195552902,-7.456508044470979
29,14,125,117.32599670097295,-7.674003299027049
29,15,125,117.91519172046313,-7.0848082795368725
29,16,125,118.2460852542378,-6.753914745762202
29,17,125,114.99836748634439,-10.001632513655608
29,18,125,117.55530699595958,-7.444693004040417
29,19,125,118.54535253573582,-6.454647464264184
29,20,125,117.04017566136667,-7.959824338633325
29,21,125,117.5560830467889,-7.443916953211101
29,22,125,116.6976355628542,-8.302364437145798
29,23,125,117.68891113672862,-7.3110888632713795
29,24,125,117.76379150687896,-7.23620849312104
29,25,125,111.43009352229053,-13.569906477709466
29,26,125,114.78190941366793,-10.218090586332067
29,27,125,111.4913211840894,-13.5086788159106
29,28,125,113.7836927844789,-11.216307215521098
29,29,125,115.34909394164735,-9.650906058352646
29,30,125,114.69099051984699,-10.309009480153009
29,31,125,115.78846856640322,-9.211531433596775
29,32,125,116.87780623547471,-8.122193764525292
29,33,125,116.83045176575729,-8.169548234242711
29,34,125,115.16979138166957,-9.830208618330431
29,35,125,116.31124497616119,-8.688755023838809
29,36,125,117.1977095512149,-7.802290448785101
29,37,125,112.94645259954268,-12.053547400457319
29,38,125,112.16754895623225,-12.832451043767747
29,39,124,115.54340237489154,-8.456597625108458
29,40,123,113.97178981917743,-9.028210180822569
29,41,122,116.7168662257075,-5.283133774292494
29,42,121,117.02011596013828,-3.979884039861716
29,43,120,115.14388632370567,-4.856113676294328
29,44,119,117.10936721636855,-1.890632783631446
29,45,118,116.14453936709727,-1.8554606329027337
29,46,117,116.01234684116423,-0.9876531588357693
29,47,116,116.70717655219032,0.7071765521903188
29,48,115,116.70348635501043,1.7034863550104262
29,49,114,114.39836981843175,0.3983698184317461
29,50,113,115.50579985856184,2.5057998585618435
29,51,112,116.8486283816474,4.848628381647401
29,52,111,117.40261950722103,6.402619507221033
29,53,110,113.94153776027369,3.9415377602736896
29,54,109,115.86327980322241,6.863279803222412
29,55,108,115.73233193685647,7.732331936856468
29,56,107,109.45995646681061,2.4599564668106098
29,57,106,111.02462797922222,5.024627979222217
29,58,105,115.35913880301007,10.359138803010069
29,59,104,116.29065663022593,12.290656630225925
29,60,103,115.46039859441457,12.46039859441457
29,61,102,115.37491530014407,13.374915300144067
29,62,101,113.85123082362149,12.851230823621492
29,63,100,114.03624215447023,14.03624215447023
29,64,99,110.05956120328297,11.059561203282968
29,65,98,114.1141653246834,16.1141653246834
29,66,97,111.79715058254519,14.797150582545186
29,67,96,108.23001221975876,12.230012219758763
29,68,95,109.05471859993656,14.054718599936564
29,69,94,109.13704113987714,15.137041139877141
29,70,93,105.67923919098232,12.679239190982315
29,71,92,98.23246009199133,6.232460091991328
29,72,91,104.58686024675009,13.586860246750092
29,73,90,103.5388879907204,13.538887990720397
29,74,89,100.21242798641713,11.212427986417126
29,75,88,102.82000326459342,14.820003264593424
29,76,87,100.43216641619972,13.43216641619972
29,77,86,102.0416549251039,16.0416549251039
29,78,85,103.79540884501849,18.795408845018486
29,79,84,98.89184090001436,14.891840900014358
29,80,83,102.77749454772137,19.777494547721375
29,81,82,100.61032462064159,18.61032462064159
29,82,81,101.71183301070398,20.711833010703984
29,83,80,93.34456131277602,13.344561312776023
29,84,79,101.45776003100828,22.457760031008277
29,85,78,96.55018951311999,18.55018951311999
29,86,77,95.5963492026436,18.596349202643594
29,87,76,99.84554171460927,23.84554171460927
29,88,75,96.84744985507174,21.847449855071744
29,89,74,93.28390379857518,19.28390379857518
29,90,73,85.22145339299112,12.221453392991123
29,91,72,97.86420960219705,25.86420960219705
29,92,71,92.54221198525377,21.542211985253772
29,93,70,78.23176745129868,8.23176745129868
29,94,69,84.48046459769806,15.48046459769806
29,95,68,89.75355309089898,21.753553090898976
29,96,67,78.94992739898989,11.949927398989885
29,97,66,85.19102333294431,19.19102333294431
29,98,65,82.17092926582949,17.170929265829486
29,99,64,88.71540363165147,24.71540363165147
29,100,63,85.713265394536,22.713265394535995
29,101,62,86.25187490117014,24.25187490117014
29,102,61,87.89020603321119,26.890206033211186
29,103,60,92.39144259391935,32.39144259391935
29,104,59,82.02794435575689,23.027944355756887
29,105,58,91.602754565007,33.602754565007004
29,106,57,92.44414513505451,35.44414513505451
29,107,56,93.4439278508083,37.443927850808294
29,108,55,91.4864477688864,36.48644776888641
29,109,54,90.07331308572381,36.07331308572381
29,110,53,86.75332738956395,33.75332738956395
29,111,52,81.44634176587303,29.44634176587303
29,112,51,79.95943217312859,28.95943217312859
29,113,50,79.59631502841523,29.596315028415233
29,114,49,66.65474046786548,17.65474046786548
29,115,48,68.66148442891652,20.661484428916523
29,116,47,70.41299178762414,23.412991787624136
29,117,46,68.4456473214286,22.445647321428595
29,118,45,62.810696924603164,17.810696924603164
29,119,44,64.44458333333334,20.44458333333334
29,120,43,54.36027157738097,11.36027157738097
29,121,42,52.41946428571426,10.419464285714263
29,122,41,55.83016817384005,14.83016817384005
29,123,40,53.90603670634922,13.90603670634922
29,124,39,51.88523706317204,12.885237063172042
29,125,38,50.90955357142857,12.909553571428567
29,126,37,50.67978174603176,13.679781746031757
29,127,36,52.511501545329665,16.511501545329665
29,128,35,54.48507284902596,19.48507284902596
29,129,34,55.864798115079374,21.864798115079374
29,130,33,50.29791170634919,17.29791170634919
29,131,32,49.28571428571426,17.285714285714263
29,132,31,40.54410559196505,9.54410559196505
29,133,30,38.90464674305959,8.904646743059587
29,134,29,45.067816008134024,16.067816008134024
29,135,28,34.7529804213352,6.752980421335202
29,136,27,34.57839238433668,7.578392384336681
29,137,26,35.630583886599524,9.630583886599524
29,138,25,29.99533482142857,4.995334821428571
29,139,24,26.598543320548885,2.5985433205488846
29,140,23,31.81394345238096,8.813943452380961
29,141,22,28.575171130952384,6.575171130952384
29,142,21,21.493129960317464,0.49312996031746437
29,143,20,19.190736945346323,-0.8092630546536768
29,144,19,15.518877840909092,-3.4811221590909085
29,145,18,12.831148313492054,-5.168851686507946
29,146,17,15.904144345238102,-1.0958556547618983
29,147,16,11.79603174603174,-4.2039682539682595
29,148,15,10.898549107142856,-4.1014508928571445
29,149,14,12.377653769841263,-1.6223462301587368
29,150,13,9.319858630952382,-3.680141369047618
29,151,12,9.798839285714283,-2.2011607142857166
29,152,11,8.099375000000004,-2.9006249999999962
29,153,10,4.957440476190481,-5.042559523809519
29,154,9,1.479372519841272,-7.520627480158728
29,155,8,2.5650572146962203,-5.43494278530378
29,156,7,2.396746202791464,-4.603253797208536
29,157,6,1.2894030448717952,-4.710596955128205
29,158,5,0.0,-5.0
29,159,4,0.0,-4.0
29,160,3,0.0,-3.0
29,161,2,0.0,-2.0
29,162,1,0.0,-1.0
29,163,0,0.0,0.0
30,1,125,118.60447172619044,-6.3955282738095605
30,2,125,119.3199255952381,-5.680074404761896
30,3,125,119.66669465916614,-5.33330534083386
30,4,125,119.62373685800976,-5.376263141990236
30,5,125,119.89316370512661,-5.106836294873389
30,6,125,119.60192952283069,-5.398070477169313
30,7,125,119.80828461744969,-5.1917153825503135
30,8,125,119.96677974250267,-5.033220257497334
30,9,125,119.5263484595888,-5.473651540411197
30,10,125,118.937568827339,-6.062431172660993
30,11,125,119.22264431117853,-5.777355688821473
30,12,125,119.36082439149018,-5.639175608509817
30,13,125,119.99983715222939,-5.000162847770611
30,14,125,119.91172511305885,-5.08827488694115
30,15,125,119.99051975591601,-5.0094802440839885
30,16,125,119.76008346364547,-5.239916536354528
30,17,125,119.70507446687698,-5.2949255331230205
30,18,125,119.89897327640078,-5.101026723599219
30,19,125,119.9324703002103,-5.067529699789702
30,20,125,119.93222114480488,-5.067778855195115
30,21,125,119.86875,-5.131249999999994
30,22,125,119.98065864480489,-5.01934135519511
30,23,125,119.23687392258269,-5.763126077417311
30,24,125,119.82305447813823,-5.176945521861768
30,25,125,119.95136926328503,-5.048630736714969
30,26,125,119.87022213686836,-5.129777863131636
30,27,125,119.96864475591602,-5.031355244083983
30,28,125,119.97076281147156,-5.029237188528441
30,29,125,119.73007446687697,-5.269925533123029
30,30,125,119.95301975591602,-5.046980244083983
30,31,125,119.99989475591602,-5.000105244083983
30,32,125,119.95195520778493,-5.048044792215066
30,33,125,119.86393437445159,-5.136065625548412
30,34,125,118.89647276277287,-6.1035272372271265
30,35,125,119.04654121050127,-5.953458789498725
30,36,125,119.20774154429562,-5.792258455704385
30,37,125,118.97719454237976,-6.022805457620237
30,38,125,118.8709738029623,-6.129026197037703
30,39,125,118.96084262448278,-6.03915737551722
30,40,125,119.34279134566933,-5.657208654330674
30,41,125,119.56300609519728,-5.436993904802719
30,42,125,115.51354166666667,-9.486458333333331
30,43,125,117.25258432539684,-7.747415674603161
30,44,125,117.93060515873015,-7.069394841269855
30,45,125,118.03099206349205,-6.96900793650795
30,46,125,118.68077304639806,-6.319226953601941
30,47,125,119.22911706349207,-5.770882936507931
30,48,125,119.35599206349207,-5.644007936507933
30,49,125,119.32328983000859,-5.676710169991409
30,50,125,119.40728212759464,-5.592717872405359
30,51,125,118.50546213992091,-6.494537860079092
30,52,125,119.52370351659974,-5.476296483400262
30,53,125,119.47005768326645,-5.529942316733553
30,54,125,118.89122023809523,-6.108779761904771
30,55,125,118.25204479032604,-6.747955209673961
30,56,125,117.5947977665165,-7.405202233483493
30,57,125,117.41500609984989,-7.58499390015011
30,58,125,119.44270833333334,-5.557291666666657
30,59,125,119.54656250000001,-5.453437499999993
30,60,125,119.55358866139848,-5.446411338601521
30,61,125,119.63147058823529,-5.368529411764712
30,62,125,119.56385416666667,-5.4361458333333275
30,63,125,119.14269656732374,-5.857303432676261
30,64,125,119.8382805036446,-5.161719496355403
30,65,125,118.06971652632505,-6.9302834736749475
30,66,125,117.88478784588156,-7.1152121541184385
30,67,125,118.54888781147159,-6.451112188528413
30,68,125,116.59216287042875,-8.407837129571249
30,69,125,119.14095925095255,-5.859040749047452
30,70,124,117.73254419134432,-6.267455808655683
30,71,123,117.18341414872665,-5.816585851273345
30,72,122,118.81392031195819,-3.186079688041815
30,73,121,118.44349317688139,-2.5565068231186103
30,74,120,117.68834259507894,-2.311657404921064
30,75,119,115.66626669413259,-3.333733305867412
30,76,118,113.9885305569145,-4.0114694430855025
30,77,117,115.52798544413258,-1.4720145558674176
30,78,116,113.21518995098037,-2.784810049019626
30,79,115,111.29286502100838,-3.7071349789916184
30,80,114,115.95256216852044,1.9525621685204442
30,81,113,114.93195301763107,1.9319530176310735
30,82,112,116.44977023499307,4.449770234993068
30,83,111,116.23311740163811,5.233117401638111
30,84,110,112.68659988319425,2.6865998831942477
30,85,109,113.05323467547915,4.053234675479146
30,86,108,115.2002482423223,7.200248242322303
30,87,107,116.32385413797192,9.32385413797192
30,88,106,116.93153670894563,10.931536708945629
30,89,105,114.09435543783187,9.094355437831865
30,90,104,114.17483636565882,10.17483636565882
30,91,103,113.32636726487729,10.326367264877291
30,92,102,114.75559823071724,12.75559823071724
30,93,101,113.25962733982836,12.259627339828356
30,94,100,113.66648314664683,13.666483146646826
30,95,99,111.95936865464739,12.959368654647392
30,96,98,113.4451140507567,15.4451140507567
30,97,97,112.26367259999697,15.263672599996966
30,98,96,111.04612888297838,15.04612888297838
30,99,95,107.52800137362638,12.528001373626381
30,100,94,108.9037666310785,14.903766631078497
30,101,93,107.0985677661242,14.098567766124205
30,102,92,110.7069114096154,18.7069114096154
30,103,91,110.79437818088793,19.794378180887932
30,104,90,110.21138954699492,20.211389546994923
30,105,89,112.42111769645783,23.421117696457827
30,106,88,102.96044822587707,14.960448225877073
30,107,87,102.86561079327468,15.865610793274683
30,108,86,107.20312178418185,21.203121784181846
30,109,85,104.37836735257585,19.37836735257585
30,110,84,101.98571106262628,17.98571106262628
30,111,83,105.5004385106331,22.500438510633103
30,112,82,104.5582944522043,22.558294452204294
30,113,81,103.65068159645861,22.65068159645861
30,114,80,101.88112795886454,21.88112795886454
30,115,79,105.35368353555062,26.353683535550616
30,116,78,106.8657979857901,28.865797985790095
30,117,77,104.25207839525305,27.25207839525305
30,118,76,107.63331554874898,31.633315548748982
30,119,75,108.2818994105698,33.28189941056981
30,120,74,108.19744552364003,34.19744552364003
30,121,73,109.94785367436752,36.94785367436752
30,122,72,102.32159020275196,30.321590202751963
30,123,71,101.39003747055872,30.390037470558724
30,124,70,103.93814051689053,33.93814051689053
30,125,69,96.13973708220831,27.139737082208313
30,126,68,96.61677001511563,28.616770015115634
30,127,67,96.70000618568864,29.700006185688636
30,128,66,97.31824368708766,31.31824368708766
30,129,65,90.39041427488266,25.39041427488266
30,130,64,92.35973187900518,28.35973187900518
30,131,63,88.33933659305634,25.339336593056345
30,132,62,92.72882069552995,30.728820695529947
30,133,61,93.37496849196114,32.37496849196114
30,134,60,96.80831573804778,36.80831573804778
30,135,59,94.98432777895573,35.98432777895573
30,136,58,99.78339481968746,41.78339481968746
30,137,57,97.16409329503458,40.164093295034576
30,138,56,93.59080980715017,37.590809807150166
30,139,55,87.69552866558661,32.69552866558661
30,140,54,94.10041206642273,40.100412066422734
30,141,53,87.32179659236994,34.321796592369935
30,142,52,83.38219993431905,31.382199934319047
30,143,51,92.0527752724619,41.0527752724619
30,144,50,88.87384410744764,38.87384410744764
30,145,49,93.48044225081372,44.480442250813724
30,146,48,86.1174659890942,38.1174659890942
30,147,47,92.95763143177648,45.95763143177648
30,148,46,84.22589132240627,38.22589132240627
30,149,45,90.35465739047667,45.354657390476675
30,150,44,79.33983579429673,35.33983579429673
30,151,43,85.04913105372421,42.04913105372421
30,152,42,87.72271820862463,45.72271820862463
30,153,41,81.71017818167056,40.71017818167056
30,154,40,85.97696698876275,45.976966988762754
30,155,39,86.95050335368703,47.950503353687026
30,156,38,80.4067889599236,42.4067889599236
30,157,37,83.12059003630188,46.12059003630188
30,158,36,75.33857291432774,39.33857291432774
30,159,35,84.75725830749971,49.75725830749971
30,160,34,80.28729311891772,46.28729311891772
30,161,33,67.41345640696352,34.41345640696352
30,162,32,70.91879933359213,38.91879933359213
30,163,31,59.54926186660556,28.549261866605562
30,164,30,55.96772642288266,25.967726422882663
30,165,29,58.63944097222221,29.63944097222221
30,166,28,62.11334239130434,34.11334239130434
30,167,27,59.7456240079365,32.7456240079365
30,168,26,56.40904464285715,30.409044642857147
30,169,25,58.079316505690336,33.079316505690336
30,170,24,60.40753720238095,36.40753720238095
30,171,23,58.6208230571512,35.6208230571512
30,172,22,60.552611138861124,38.552611138861124
30,173,21,45.19884672619049,24.19884672619049
30,174,20,37.33884672619047,17.338846726190468
30,175,19,31.31349560899941,12.31349560899941
30,176,18,24.651685778478054,6.651685778478054
30,177,17,21.72111782212886,4.7211178221288606
30,178,16,22.63997776961174,6.63997776961174
30,179,15,21.9588566468254,6.958856646825399
30,180,14,19.986684027777773,5.986684027777773
30,181,13,18.028162965506713,5.028162965506713
30,182,12,14.3220064484127,2.3220064484127008
30,183,11,14.518792054865433,3.5187920548654326
30,184,10,12.722179951690823,2.7221799516908227
30,185,9,12.63263640873015,3.63263640873015
30,186,8,11.915223214285714,3.9152232142857137
30,187,7,8.991004464285718,1.9910044642857176
30,188,6,7.229122023809527,1.229122023809527
30,189,5,4.758944444444445,-0.2410555555555547
30,190,4,3.1638244047619057,-0.8361755952380943
30,191,3,1.8688616071428568,-1.1311383928571432
30,192,2,2.379188988095237,0.3791889880952368
30,193,1,0.9808779761904747,-0.019122023809525324
30,194,0,0.0,0.0
31,1,125,119.63854166666667,-5.361458333333331
31,2,125,118.73105071460957,-6.268949285390434
31,3,125,119.88236534567007,-5.117634654329933
31,4,125,119.64375,-5.356250000000003
31,5,125,119.82393573292161,-5.176064267078388
31,6,125,119.8987218780513,-5.101278121948695
31,7,125,119.93039595809368,-5.069604041906317
31,8,125,119.98220065537157,-5.017799344628429
31,9,125,119.59552844644091,-5.404471553559091
31,10,125,119.04354668526078,-5.956453314739221
31,11,125,119.86936650136536,-5.130633498634637
31,12,125,119.8183248346987,-5.1816751653013
31,13,125,119.91000454938208,-5.08999545061792
31,14,125,119.89814254303204,-5.101857456967963
31,15,125,119.8569967096987,-5.143003290301294
31,16,125,119.93963261813933,-5.060367381860672
31,17,125,119.72971905190873,-5.270280948091269
31,18,125,119.62328365614954,-5.376716343850461
31,19,125,119.60918577649791,-5.39081422350209
31,20,125,119.6499503228162,-5.350049677183804
31,21,125,119.2070341012763,-5.792965898723693
31,22,125,119.29164433120077,-5.7083556687992285
31,23,125,119.12875668089312,-5.871243319106881
31,24,125,119.35512784155597,-5.644872158444031
31,25,125,118.94630608974357,-6.053693910256428
31,26,125,119.48842879735341,-5.511571202646593
31,27,125,119.4719888347751,-5.528011165224896
31,28,125,119.15111384128859,-5.848886158711409
31,29,125,119.43396435270108,-5.566035647298918
31,30,125,119.20158736687488,-5.798412633125125
31,31,125,119.83458965295158,-5.165410347048422
31,32,125,118.9089947203449,-6.091005279655107
31,33,125,119.50251411882057,-5.497485881179429
31,34,125,119.44243150650964,-5.557568493490365
31,35,125,119.63516419049233,-5.364835809507667
31,36,125,118.94633050855478,-6.05366949144522
31,37,125,119.49237881047759,-5.5076211895224105
31,38,125,119.46570566505561,-5.534294334944391
31,39,125,119.79005467627844,-5.209945323721556
31,40,125,119.73002846519839,-5.269971534801613
31,41,125,119.83810439017323,-5.161895609826772
31,42,125,119.77169725771539,-5.228302742284612
31,43,125,119.69508314359412,-5.304916856405882
31,44,125,119.61780452494413,-5.382195475055866
31,45,125,119.75448925831272,-5.2455107416872835
31,46,125,118.83809428747433,-6.161905712525666
31,47,125,119.39437423396214,-5.605625766037861
31,48,125,119.51008236756972,-5.489917632430277
31,49,125,118.86413243745031,-6.1358675625496915
31,50,125,119.94912846301165,-5.050871536988353
31,51,125,119.81041641444035,-5.189583585559646
31,52,125,119.89103040659658,-5.108969593403415
31,53,125,119.12192378112677,-5.8780762188732325
31,54,125,118.99934734157603,-6.000652658423974
31,55,125,118.95556308294007,-6.044436917059926
31,56,125,119.87016284515309,-5.129837154846911
31,57,125,119.56337035932351,-5.436629640676486
31,58,125,119.83746518214885,-5.162534817851153
31,59,125,119.52701479106982,-5.472985208930183
31,60,125,119.93450120454322,-5.065498795456776
31,61,125,119.95374899771498,-5.046251002285018
31,62,125,119.01085240905768,-5.9891475909423235
31,63,125,118.09143391401054,-6.908566085989463
31,64,125,117.42527840968266,-7.574721590317338
31,65,125,117.63279970204769,-7.367200297952309
31,66,125,117.46632993140993,-7.5336700685900695
31,67,125,116.6491597752748,-8.350840224725204
31,68,125,116.1993947056706,-8.8006052943294
31,69,125,114.59109583780233,-10.408904162197672
31,70,125,117.17178872144034,-7.828211278559664
31,71,125,116.66555176416216,-8.33444823583784
31,72,125,118.1121780126563,-6.887821987343699
31,73,125,118.14380325529491,-6.8561967447050876
31,74,125,118.41444395753565,-6.585556042464347
31,75,125,113.13047706895138,-11.869522931048621
31,76,125,114.41927564395323,-10.580724356046773
31,77,125,113.0718003897611,-11.928199610238906
31,78,125,112.46196666859737,-12.53803333140263
31,79,125,113.41436427306523,-11.585635726934768
31,80,125,113.538609113961,-11.461390886038998
31,81,125,114.57832892094825,-10.421671079051748
31,82,125,109.12997283767932,-15.870027162320682
31,83,125,110.21347949289654,-14.78652050710346
31,84,125,106.41557504968046,-18.584424950319544
31,85,125,114.42704572022315,-10.572954279776852
31,86,125,111.61270146455232,-13.387298535447684
31,87,125,110.11336614639876,-14.88663385360124
31,88,125,111.9558278410213,-13.044172158978697
31,89,125,111.42772542581342,-13.57227457418658
31,90,125,112.1230684976747,-12.876931502325306
31,91,125,109.88130556600925,-15.118694433990754
31,92,125,109.27645345157293,-15.723546548427066
31,93,125,113.77853559061639,-11.221464409383614
31,94,125,108.64128358823844,-16.358716411761563
31,95,125,108.56706971939317,-16.432930280606826
31,96,125,105.74770042514066,-19.252299574859336
31,97,125,104.42260543174498,-20.577394568255016
31,98,125,108.51806490431086,-16.48193509568914
31,99,125,110.82212638834105,-14.177873611658953
31,100,125,110.96860291118003,-14.031397088819972
31,101,125,109.06027593128911,-15.939724068710888
31,102,125,107.01754046346267,-17.982459536537334
31,103,125,107.80264881727571,-17.19735118272429
31,104,125,109.58722579503835,-15.41277420496165
31,105,125,106.3155154845656,-18.684484515434406
31,106,125,111.75840483427764,-13.241595165722359
31,107,125,114.63671445677721,-10.363285543222787
31,108,125,112.88921187525132,-12.11078812474868
31,109,125,111.86201713887138,-13.13798286112862
31,110,124,111.63142169884986,-12.368578301150137
31,111,123,104.43773246659354,-18.562267533406455
31,112,122,110.8702023780086,-11.1297976219914
31,113,121,109.05650133152872,-11.943498668471278
31,114,120,111.84045287648712,-8.15954712351288
31,115,119,109.25160632251682,-9.748393677483179
31,116,118,108.87185829381818,-9.128141706181822
31,117,117,110.1446539599688,-6.855346040031193
31,118,116,110.60869904843234,-5.391300951567658
31,119,115,104.75837491690535,-10.241625083094647
31,120,114,106.73382217334158,-7.266177826658421
31,121,113,110.06604718856298,-2.933952811437024
31,122,112,108.96315810604048,-3.0368418939595188
31,123,111,106.39433611507987,-4.6056638849201335
31,124,110,106.0888963279335,-3.9111036720665027
31,125,109,104.29458221540635,-4.705417784593649
31,126,108,103.42910301268375,-4.570896987316246
31,127,107,101.75736191365472,-5.242638086345281
31,128,106,102.46587345437449,-3.5341265456255115
31,129,105,102.13830767981707,-2.861692320182925
31,130,104,103.94679784989782,-0.05320215010218021
31,131,103,104.0007338461584,1.000733846158397
31,132,102,104.33645939243044,2.3364593924304415
31,133,101,99.16583358229866,-1.83416641770134
31,134,100,101.34733794843177,1.3473379484317718
31,135,99,103.29402498172428,4.294024981724277
31,136,98,100.01464558798156,2.014645587981562
31,137,97,99.42755630671465,2.4275563067146493
31,138,96,96.12317448200855,0.12317448200855097
31,139,95,96.37982126712735,1.3798212671273546
31,140,94,96.10499680218925,2.1049968021892482
31,141,93,96.18947126353194,3.189471263531942
31,142,92,99.93592166961302,7.935921669613023
31,143,91,94.53794442796108,3.5379444279610794
31,144,90,99.00575802787966,9.005758027879665
31,145,89,87.98376147666825,-1.0162385233317508
31,146,88,88.53271170127485,0.5327117012748488
31,147,87,89.04592376981473,2.045923769814735
31,148,86,90.66292082894401,4.66292082894401
31,149,85,95.28933136076084,10.28933136076084
31,150,84,94.81279700395268,10.812797003952682
31,151,83,94.60090533386327,11.600905333863267
31,152,82,97.12995579411583,15.12995579411583
31,153,81,98.13008548421962,17.13008548421962
31,154,80,97.7102492714724,17.710249271472406
31,155,79,98.26130997035507,19.26130997035507
31,156,78,97.15459020076607,19.154590200766066
31,157,77,94.49044808906046,17.490448089060465
31,158,76,94.69417762612812,18.694177626128123
31,159,75,86.54027869020227,11.540278690202271
31,160,74,88.55400113435397,14.554001134353967
31,161,73,86.3764500867756,13.376450086775606
31,162,72,87.20645425130049,15.206454251300485
31,163,71,85.71129556179997,14.711295561799972
31,164,70,93.39083102299007,23.39083102299007
31,165,69,91.07645748567977,22.076457485679768
31,166,68,90.24152148249055,22.241521482490555
31,167,67,89.68129544322008,22.68129544322008
31,168,66,93.98135806663214,27.98135806663214
31,169,65,86.84899961907979,21.84899961907979
31,170,64,86.31257711725999,22.31257711725999
31,171,63,85.8511671004434,22.851167100443405
31,172,62,77.42189551515705,15.421895515157047
31,173,61,80.49712635540693,19.497126355406934
31,174,60,78.54521346678378,18.54521346678378
31,175,59,73.02183972319489,14.021839723194887
31,176,58,72.98821241011954,14.988212410119544
31,177,57,73.2289245897897,16.2289245897897
31,178,56,78.68230863496491,22.68230863496491
31,179,55,65.38634820449343,10.38634820449343
31,180,54,75.67900930751702,21.67900930751702
31,181,53,69.73654817511253,16.73654817511253
31,182,52,77.78787859796604,25.787878597966042
31,183,51,79.41035631940663,28.41035631940663
31,184,50,76.66113975111692,26.66113975111692
31,185,49,75.67560062007537,26.67560062007537
31,186,48,78.35703864980037,30.357038649800373
31,187,47,79.74942503642062,32.74942503642062
31,188,46,70.96302915404598,24.963029154045984
31,189,45,79.97189011810853,34.97189011810853
31,190,44,74.69322322799246,30.693223227992462
31,191,43,77.82623658340484,34.826236583404835
31,192,42,85.32076518860843,43.32076518860843
31,193,41,74.81290449134198,33.81290449134198
31,194,40,65.77149610688303,25.771496106883035
31,195,39,55.46988816166421,16.46988816166421
31,196,38,53.50055555555556,15.500555555555557
31,197,37,50.328008883477665,13.328008883477665
31,198,36,47.28014136904763,11.280141369047627
31,199,35,47.14511904761904,12.14511904761904
31,200,34,42.572006448412694,8.572006448412694
31,201,33,35.49824585137084,2.4982458513708394
31,202,32,37.56103670634919,5.561036706349192
31,203,31,31.865119047619046,0.8651190476190465
31,204,30,31.783697916666654,1.7836979166666538
31,205,29,27.01773313492064,-1.9822668650793602
31,206,28,27.639177239974934,-0.36082276002506575
31,207,27,27.64769097222222,0.6476909722222217
31,208,26,25.34250000000001,-0.6574999999999918
31,209,25,25.023557119963375,0.023557119963374618
31,210,24,24.526086309523816,0.5260863095238157
31,211,23,25.768717532467527,2.7687175324675266
31,212,22,23.43130681818182,1.4313068181818203
31,213,21,28.111488095238094,7.111488095238094
31,214,20,23.55446428571429,3.554464285714289
31,215,19,22.281187770562763,3.281187770562763
31,216,18,23.341138167388163,5.341138167388163
31,217,17,21.354281204906204,4.354281204906204
31,218,16,15.916209077380955,-0.08379092261904475
31,219,15,13.176402310924367,-1.8235976890756334
31,220,14,13.534322916666664,-0.46567708333333613
31,221,13,9.661785714285717,-3.338214285714283
31,222,12,9.762723214285717,-2.2372767857142826
31,223,11,6.684980158730159,-4.315019841269841
31,224,10,5.280119047619049,-4.719880952380951
31,225,9,5.616169299450549,-3.383830700549451
31,226,8,3.7675148809523797,-4.23248511904762
31,227,7,1.108839285714284,-5.891160714285716
31,228,6,1.5908258928571444,-4.409174107142856
31,229,5,0.0,-5.0
31,230,4,0.0,-4.0
31,231,3,0.0,-3.0
31,232,2,0.0,-2.0
31,233,1,0.0,-1.0
31,234,0,0.0,0.0
32,1,125,103.3945924593543,-21.6054075406457
32,2,125,113.11287972636765,-11.887120273632348
32,3,125,115.31415143339548,-9.68584856660452
32,4,125,117.83679069103728,-7.1632093089627205
32,5,125,118.62329426118549,-6.376705738814508
32,6,125,118.11769233898079,-6.882307661019212
32,7,125,115.97793040870894,-9.022069591291057
32,8,125,117.54679509890843,-7.453204901091567
32,9,125,116.93318064980409,-8.066819350195914
32,10,125,114.99483424460736,-10.005165755392639
32,11,125,116.7832652649777,-8.2167347350223
32,12,125,116.70109699431725,-8.298903005682746
32,13,125,115.66297005089783,-9.337029949102174
32,14,125,114.37066165572375,-10.629338344276249
32,15,125,112.09617904460477,-12.903820955395233
32,16,125,114.92170129762901,-10.078298702370986
32,17,125,115.04441351812632,-9.95558648187368
32,18,125,117.94391359480724,-7.056086405192758
32,19,125,117.4657536164045,-7.534246383595502
32,20,125,111.37183037584441,-13.62816962415559
32,21,125,108.29403167387116,-16.70596832612884
32,22,125,110.13271246600416,-14.867287533995835
32,23,125,113.16994196072149,-11.830058039278512
32,24,125,113.57792015482019,-11.422079845179809
32,25,125,112.366377002087,-12.633622997912994
32,26,125,111.08221052239742,-13.917789477602582
32,27,125,111.24756687722356,-13.752433122776438
32,28,125,110.81510310708116,-14.184896892918843
32,29,125,114.0143931484198,-10.9856068515802
32,30,125,112.87616192538762,-12.12383807461238
32,31,125,114.99547369194269,-10.004526308057308
32,32,125,114.10743291844483,-10.892567081555171
32,33,125,115.58065285265236,-9.419347147347636
32,34,125,112.84284165409058,-12.157158345909423
32,35,125,112.49155880710501,-12.508441192894992
32,36,125,114.51840231660924,-10.48159768339076
32,37,125,116.73319343234193,-8.266806567658065
32,38,125,114.82957937742017,-10.170420622579826
32,39,125,111.12296845867222,-13.877031541327781
32,40,125,114.26477287335118,-10.735227126648823
32,41,125,114.48408485366367,-10.515915146336326
32,42,125,113.43638562323937,-11.563614376760626
32,43,125,114.1338538425127,-10.866146157487293
32,44,125,110.74991543738057,-14.250084562619435
32,45,125,111.67936923921783,-13.320630760782166
32,46,125,113.84784265826022,-11.15215734173978
32,47,125,110.47289366095492,-14.527106339045076
32,48,125,114.82449291576457,-10.175507084235434
32,49,125,111.96202080668783,-13.037979193312168
32,50,125,112.94360383064618,-12.056396169353818
32,51,125,113.67394583161445,-11.326054168385554
32,52,125,112.35355192266891,-12.646448077331087
32,53,125,110.60286043032627,-14.397139569673726
32,54,125,113.14862507421269,-11.851374925787312
32,55,125,112.06175715282502,-12.938242847174976
32,56,125,112.73481154094796,-12.265188459052041
32,57,125,111.25938826775193,-13.74061173224807
32,58,125,110.57498816337836,-14.425011836621636
32,59,125,109.1902696080723,-15.809730391927701
32,60,125,109.38692926077108,-15.613070739228917
32,61,125,113.13546014372714,-11.864539856272856
32,62,125,108.71207970575286,-16.287920294247144
32,63,125,108.77986606558015,-16.22013393441985
32,64,125,103.98537787741638,-21.014622122583617
32,65,125,103.26087768494656,-21.739122315053436
32,66,125,97.29878941386347,-27.701210586136526
32,67,124,104.68872703818886,-19.31127296181114
32,68,123,105.67777265748893,-17.32222734251107
32,69,122,107.6271200151845,-14.372879984815498
32,70,121,108.47076153800151,-12.529238461998489
32,71,120,108.27171930753937,-11.728280692460629
32,72,119,105.2162571531782,-13.783742846821795
32,73,118,108.49904209451668,-9.500957905483318
32,74,117,108.4599201530779,-8.540079846922097
32,75,116,105.97457614608088,-10.025423853919122
32,76,115,106.52852281638252,-8.47147718361748
32,77,114,110.10670406818433,-3.893295931815672
32,78,113,108.13864364256179,-4.861356357438211
32,79,112,107.23030921733115,-4.769690782668846
32,80,111,107.18079979023904,-3.8192002097609645
32,81,110,107.03058821103559,-2.9694117889644076
32,82,109,105.87839645157575,-3.121603548424247
32,83,108,98.28272781819496,-9.717272181805043
32,84,107,103.81748798625915,-3.1825120137408476
32,85,106,99.85413892679856,-6.145861073201445
32,86,105,102.42094745609859,-2.579052543901412
32,87,104,99.2344339072265,-4.765566092773497
32,88,103,96.81453488237594,-6.185465117624062
32,89,102,98.84649643313166,-3.1535035668683378
32,90,101,102.25057260230008,1.2505726023000818
32,91,100,93.62869542214094,-6.371304577859064
32,92,99,95.62045515921362,-3.37954484078638
32,93,98,87.18637551149062,-10.813624488509376
32,94,97,94.6341436823749,-2.365856317625102
32,95,96,89.22152452267977,-6.778475477320228
32,96,95,91.00665836397935,-3.993341636020645
32,97,94,89.31865362593592,-4.681346374064077
32,98,93,83.97733794508854,-9.022662054911464
32,99,92,85.29938518623261,-6.7006148137673875
32,100,91,82.83480750681551,-8.165192493184492
32,101,90,83.31739247119303,-6.682607528806969
32,102,89,87.06578495389843,-1.9342150461015706
32,103,88,83.4689977828083,-4.531002217191698
32,104,87,71.93011310082194,-15.069886899178059
32,105,86,70.69148685515873,-15.308513144841271
32,106,85,75.50168628246755,-9.498313717532454
32,107,84,71.55404780115717,-12.445952198842832
32,108,83,67.78961481227108,-15.210385187728917
32,109,82,72.07255952380949,-9.927440476190512
32,110,81,68.50557359307359,-12.494426406926408
32,111,80,64.58820627289376,-15.411793727106243
32,112,79,75.16731582562174,-3.832684174378258
32,113,78,64.94707303113553,-13.052926968864469
32,114,77,65.39214285714289,-11.607857142857114
32,115,76,55.971206376605515,-20.028793623394485
32,116,75,58.97843324472344,-16.02156675527656
32,117,74,65.78514227609239,-8.214857723907613
32,118,73,53.90697491139012,-19.093025088609878
32,119,72,56.199193376760874,-15.800806623239126
32,120,71,51.44615838543641,-19.553841614563588
32,121,70,51.27412946428571,-18.725870535714293
32,122,69,47.69388058731808,-21.306119412681923
32,123,68,50.31537946428574,-17.68462053571426
32,124,67,53.631076388888914,-13.368923611111086
32,125,66,55.763095238095254,-10.236904761904746
32,126,65,54.47070684523811,-10.529293154761888
32,127,64,55.90301206987063,-8.096987930129373
32,128,63,66.55493536556034,3.5549353655603397
32,129,62,62.07186424448375,0.07186424448374851
32,130,61,64.87045055850317,3.8704505585031654
32,131,60,55.00275793650793,-4.997242063492067
32,132,59,52.14641070156696,-6.853589298433043
32,133,58,53.80290971143889,-4.197090288561107
32,134,57,43.05213541666666,-13.947864583333342
32,135,56,39.976217326604576,-16.023782673395424
32,136,55,38.48322420634921,-16.516775793650787
32,137,54,39.608271329365074,-14.391728670634926
32,138,53,36.41154459972394,-16.58845540027606
32,139,52,36.16517628376214,-15.834823716237857
32,140,51,37.48039006132757,-13.519609938672431
32,141,50,33.98746899801587,-16.01253100198413
32,142,49,34.12248759920634,-14.877512400793663
32,143,48,31.581316432969643,-16.418683567030357
32,144,47,36.740852347883596,-10.259147652116404
32,145,46,33.18846354166666,-12.811536458333343
32,146,45,34.21750496031744,-10.782495039682559
32,147,44,36.958640873015874,-7.041359126984126
32,148,43,38.70335126231295,-4.29664873768705
32,149,42,34.734513888888884,-7.265486111111116
32,150,41,36.862838283040475,-4.137161716959525
32,151,40,36.59078124999999,-3.409218750000008
32,152,39,37.86764364068621,-1.132356359313789
32,153,38,34.211755952380955,-3.7882440476190453
32,154,37,32.309821428571446,-4.690178571428554
32,155,36,34.678569386087766,-1.3214306139122343
32,156,35,32.788929143772904,-2.2110708562270958
32,157,34,31.43027325513539,-2.56972674486461
32,158,33,28.12931353424802,-4.87068646575198
32,159,32,22.905952380952392,-9.094047619047608
32,160,31,22.594824134199126,-8.405175865800874
32,161,30,16.909479166666664,-13.090520833333336
32,162,29,18.73133928571429,-10.268660714285708
32,163,28,16.039181547619048,-11.960818452380952
32,164,27,17.896145833333325,-9.103854166666675
32,165,26,12.096760912698414,-13.903239087301586
32,166,25,11.537364042207791,-13.462635957792209
32,167,24,9.859510168650795,-14.140489831349205
32,168,23,9.59608878968254,-13.40391121031746
32,169,22,8.248123759920635,-13.751876240079365
32,170,21,9.791383928571431,-11.208616071428569
32,171,20,10.715885416666666,-9.284114583333334
32,172,19,8.819821428571426,-10.180178571428574
32,173,18,6.835069444444441,-11.164930555555559
32,174,17,5.387544642857147,-11.612455357142853
32,175,16,5.428902243589745,-10.571097756410255
32,176,15,6.066555059523807,-8.933444940476193
32,177,14,4.040907738095239,-9.959092261904761
32,178,13,1.3321825396825417,-11.667817460317458
32,179,12,3.043003472222223,-8.956996527777777
32,180,11,3.9274181547619076,-7.072581845238092
32,181,10,0.7058373397435904,-9.29416266025641
32,182,9,3.083730384199134,-5.916269615800866
32,183,8,2.5633955627705607,-5.436604437229439
32,184,7,3.856855158730159,-3.143144841269841
32,185,6,2.5093251349904575,-3.4906748650095425
32,186,5,2.014324510614834,-2.985675489385166
32,187,4,0.0,-4.0
32,188,3,0.0,-3.0
32,189,2,0.0,-2.0
32,190,1,0.0,-1.0
32,191,0,0.0,0.0
33,1,125,118.86719134024577,-6.132808659754232
33,2,125,119.53320428144066,-5.466795718559339
33,3,125,118.63878625607833,-6.361213743921667
33,4,125,119.12273287751286,-5.87726712248714
33,5,125,119.21591922433409,-5.784080775665913
33,6,125,119.03765162724669,-5.962348372753311
33,7,125,118.82494758175392,-6.175052418246082
33,8,125,119.25453101219011,-5.745468987809886
33,9,125,119.35367964100074,-5.646320358999262
33,10,125,119.60609283544518,-5.393907164554818
33,11,125,119.01804761904759,-5.981952380952407
33,12,125,119.59746433342612,-5.402535666573883
33,13,125,119.91811650733914,-5.0818834926608645
33,14,125,119.92227800483288,-5.077721995167124
33,15,125,119.63775755906973,-5.362242440930274
33,16,125,119.63423499103942,-5.3657650089605795
33,17,125,119.91958333333332,-5.080416666666679
33,18,125,119.74630952380953,-5.253690476190471
33,19,125,119.86875000000002,-5.13124999999998
33,20,125,119.9670833333333,-5.032916666666694
33,21,125,119.92760416666667,-5.072395833333331
33,22,125,119.89893372703412,-5.10106627296588
33,23,125,119.50406249999999,-5.495937500000011
33,24,125,119.82358552631577,-5.176414473684233
33,25,125,119.87441885964911,-5.125581140350889
33,26,125,119.71531249999998,-5.284687500000018
33,27,125,119.78046875,-5.219531250000003
33,28,125,119.48901901032536,-5.510980989674636
33,29,125,119.68492303144066,-5.315076968559339
33,30,125,119.80852166425316,-5.191478335746837
33,31,125,119.84124999999999,-5.158750000000012
33,32,125,119.9560688405797,-5.043931159420296
33,33,125,119.9532705229331,-5.046729477066904
33,34,125,119.84469979296065,-5.155300207039346
33,35,125,119.75088957055216,-5.249110429447839
33,36,125,119.59267857142856,-5.407321428571436
33,37,125,119.8728912601626,-5.1271087398373965
33,38,125,119.71433656957929,-5.285663430420712
33,39,125,119.69135416666666,-5.308645833333344
33,40,125,119.89994563179604,-5.100054368203956
33,41,125,119.96911149825783,-5.030888501742169
33,42,125,119.9012385620116,-5.098761437988401
33,43,125,119.87702380952382,-5.12297619047618
33,44,125,119.49252403846155,-5.5074759615384465
33,45,125,119.7420924908425,-5.257907509157505
33,46,125,119.88177083333332,-5.11822916666668
33,47,125,119.93125,-5.068749999999994
33,48,125,119.65707230257685,-5.34292769742315
33,49,125,119.13112500265898,-5.868874997341024
33,50,125,119.65637890598364,-5.343621094016356
33,51,125,119.11388936434246,-5.886110635657545
33,52,125,118.17389790659279,-6.826102093407215
33,53,125,117.97988534775962,-7.02011465224038
33,54,125,118.91652452039287,-6.083475479607131
33,55,125,118.61591449376529,-6.384085506234712
33,56,125,119.09984721740891,-5.900152782591093
33,57,125,119.08096612072953,-5.919033879270472
33,58,125,119.07154975394194,-5.928450246058063
33,59,125,118.99781367786618,-6.002186322133824
33,60,125,118.93843410899237,-6.061565891007632
33,61,125,119.67851518012242,-5.321484819877583
33,62,125,118.85107859347443,-6.148921406525574
33,63,125,119.22175251831501,-5.778247481684986
33,64,125,118.76492934636276,-6.235070653637237
33,65,125,119.37844772062797,-5.621552279372025
33,66,125,119.2776418086396,-5.722358191360399
33,67,125,115.59991896119944,-9.400081038800565
33,68,125,115.26247541008028,-9.737524589919715
33,69,125,116.74323670870874,-8.256763291291264
33,70,125,117.83362874690098,-7.166371253099015
33,71,125,118.08009990311855,-6.919900096881449
33,72,125,119.02136120614946,-5.978638793850536
33,73,125,116.77284398036235,-8.227156019637647
33,74,125,117.4595348887087,-7.540465111291297
33,75,125,118.78609444727499,-6.213905552725009
33,76,124,117.33418290620003,-6.665817093799973
33,77,123,117.10730068743858,-5.892699312561419
33,78,122,117.48780116915859,-4.512198830841413
33,79,121,118.36904852619838,-2.630951473801616
33,80,120,118.93927090267816,-1.0607290973218397
33,81,119,116.88228486554024,-2.1177151344597576
33,82,118,117.61771740694572,-0.3822825930542848
33,83,117,115.90029354207937,-1.0997064579206324
33,84,116,117.56737554594247,1.5673755459424683
33,85,115,116.22586890018572,1.2258689001857164
33,86,114,116.31275783531464,2.312757835314642
33,87,113,118.65515017406331,5.6551501740633086
33,88,112,118.36330877765913,6.363308777659128
33,89,111,116.0911736793659,5.091173679365895
33,90,110,113.70190292122632,3.7019029212263206
33,91,109,111.44710878690455,2.4471087869045505
33,92,108,112.27016037662777,4.270160376627771
33,93,107,111.36580199611895,4.365801996118947
33,94,106,114.68733240933045,8.687332409330452
33,95,105,112.65081943843322,7.650819438433217
33,96,104,110.95932658345093,6.959326583450931
33,97,103,114.03651736075726,11.036517360757259
33,98,102,112.09315826023392,10.09315826023392
33,99,101,111.17560550016142,10.175605500161424
33,100,100,112.25125935998669,12.25125935998669
33,101,99,115.01935959870164,16.01935959870164
33,102,98,115.6938335047067,17.693833504706703
33,103,97,116.56880078511719,19.56880078511719
33,104,96,112.60181474056773,16.601814740567733
33,105,95,112.62444732188646,17.624447321886464
33,106,94,110.09218300437776,16.09218300437776
33,107,93,106.97346460709102,13.973464607091017
33,108,92,105.61968737933555,13.619687379335545
33,109,91,111.30482943918085,20.30482943918085
33,110,90,111.48875659455113,21.488756594551134
33,111,89,113.20610632411763,24.206106324117627
33,112,88,108.97249592704812,20.972495927048115
33,113,87,111.5147794397005,24.514779439700504
33,114,86,111.39240359147178,25.392403591471776
33,115,85,110.62010145098154,25.620101450981537
33,116,84,104.19878389550266,20.198783895502658
33,117,83,103.43596378853977,20.435963788539766
33,118,82,101.19486474785376,19.194864747853757
33,119,81,96.66552797813168,15.665527978131678
33,120,80,94.41532579876113,14.415325798761131
33,121,79,93.60023794918878,14.60023794918878
33,122,78,93.75328090939313,15.753280909393126
33,123,77,95.92192117047259,18.921921170472586
33,124,76,96.72069684833333,20.720696848333333
33,125,75,93.96032587676653,18.960325876766532
33,126,74,98.93350741780125,24.933507417801252
33,127,73,102.90801316740419,29.908013167404192
33,128,72,99.39221476043963,27.39221476043963
33,129,71,99.10573333236792,28.10573333236792
33,130,70,99.37978556492821,29.379785564928213
33,131,69,98.82104482287734,29.82104482287734
33,132,68,93.93479465440029,25.934794654400292
33,133,67,90.41507031444999,23.41507031444999
33,134,66,91.11748260994199,25.117482609941987
33,135,65,89.98847687172895,24.98847687172895
33,136,64,91.30361585453028,27.30361585453028
33,137,63,93.38029186262436,30.38029186262436
33,138,62,90.94846337669527,28.948463376695273
33,139,61,93.89805225832824,32.898052258328235
33,140,60,97.11372265694362,37.11372265694362
33,141,59,90.81251599520887,31.81251599520887
33,142,58,93.4360033159087,35.43600331590871
33,143,57,93.38475377858671,36.38475377858671
33,144,56,86.68777860428784,30.687778604287843
33,145,55,84.38114808454809,29.381148084548087
33,146,54,85.62755876406523,31.627558764065228
33,147,53,77.02744224823137,24.027442248231367
33,148,52,77.20081733453331,25.200817334533312
33,149,51,73.9543533522037,22.954353352203697
33,150,50,75.22421176631292,25.22421176631292
33,151,49,82.96821237413232,33.96821237413232
33,152,48,77.82664184718027,29.82664184718027
33,153,47,86.11569837125231,39.11569837125231
33,154,46,80.57323082363561,34.57323082363561
33,155,45,82.11980052624219,37.11980052624219
33,156,44,76.71180259813588,32.711802598135876
33,157,43,87.50332541961617,44.503325419616175
33,158,42,68.84897124040529,26.84897124040529
33,159,41,67.72584957384153,26.72584957384153
33,160,40,69.95610512765714,29.95610512765714
33,161,39,69.9741609985302,30.974160998530195
33,162,38,73.4490880962069,35.44908809620691
33,163,37,68.90495600981617,31.904956009816175
33,164,36,73.17738555639288,37.17738555639288
33,165,35,58.42520838817713,23.425208388177133
33,166,34,62.17550595238096,28.17550595238096
33,167,33,57.742621965452884,24.742621965452884
33,168,32,60.457968750000006,28.457968750000006
33,169,31,55.93406498015874,24.934064980158738
33,170,30,54.25134052579366,24.25134052579366
33,171,29,55.27769097222222,26.277690972222217
33,172,28,51.00314819109464,23.00314819109464
33,173,27,50.17125763125764,23.17125763125764
33,174,26,47.80609548947784,21.80609548947784
33,175,25,42.0154092254556,17.0154092254556
33,176,24,42.15141369047619,18.15141369047619
33,177,23,40.89053911019537,17.89053911019537
33,178,22,39.11451191799664,17.114511917996637
33,179,21,36.43851938502675,15.438519385026751
33,180,20,39.22186921296297,19.22186921296297
33,181,19,27.480115327380943,8.480115327380943
33,182,18,30.06561549272488,12.06561549272488
33,183,17,21.412325562169308,4.412325562169308
33,184,16,22.946071428571422,6.946071428571422
33,185,15,20.81217509920636,5.81217509920636
33,186,14,21.867522321428574,7.867522321428574
33,187,13,17.29229910714286,4.29229910714286
33,188,12,17.177366071428583,5.177366071428583
33,189,11,13.983139880952386,2.983139880952386
33,190,10,9.68962053571428,-0.3103794642857203
33,191,9,10.48300843253968,1.4830084325396804
33,192,8,7.953226461038957,-0.04677353896104286
33,193,7,7.294456845238088,0.2944568452380878
33,194,6,6.101032196969699,0.10103219696969923
33,195,5,4.548600965007216,-0.4513990349927841
33,196,4,1.3786160714285725,-2.6213839285714275
33,197,3,0.0,-3.0
33,198,2,0.0,-2.0
33,199,1,0.0,-1.0
33,200,0,0.0,0.0
34,1,125,116.6054243074158,-8.394575692584198
34,2,125,111.88493936492402,-13.115060635075977
34,3,125,115.0853718821329,-9.914628117867096
34,4,125,116.94144715161997,-8.058552848380032
34,5,125,116.93132192549274,-8.068678074507261
34,6,125,116.09364122418235,-8.906358775817651
34,7,125,116.75577015508597,-8.244229844914031
34,8,125,118.0803722242847,-6.919627775715298
34,9,125,119.0107179932897,-5.989282006710297
34,10,125,118.00634606101164,-6.993653938988359
34,11,125,115.3356128603504,-9.664387139649605
34,12,125,113.62284037506247,-11.377159624937534
34,13,125,112.4983725422197,-12.501627457780302
34,14,125,115.31035003706882,-9.689649962931185
34,15,125,114.92193948127674,-10.078060518723262
34,16,125,115.6312911988947,-9.3687088011053
34,17,125,114.83466924648405,-10.165330753515946
34,18,125,116.88761370529903,-8.112386294700968
34,19,125,112.46466692756698,-12.53533307243302
34,20,125,115.09001838739962,-9.909981612600376
34,21,125,115.7427301162455,-9.257269883754503
34,22,125,115.37240502639763,-9.62759497360237
34,23,125,117.76272662909062,-7.237273370909378
34,24,125,113.99727953021443,-11.002720469785572
34,25,125,115.67202638833699,-9.327973611663012
34,26,125,114.17545579556729,-10.824544204432712
34,27,125,116.1966537286476,-8.803346271352396
34,28,125,117.89127185327388,-7.108728146726122
34,29,125,115.55386372236356,-9.446136277636441
34,30,125,114.94886115091143,-10.051138849088574
34,31,125,115.63103801005495,-9.36896198994505
34,32,125,116.3006678002798,-8.699332199720203
34,33,125,116.20125776061033,-8.798742239389668
34,34,125,117.34124842586115,-7.658751574138847
34,35,125,115.94885997978972,-9.051140020210283
34,36,125,113.84340831318829,-11.156591686811709
34,37,125,115.64014152043839,-9.359858479561609
34,38,125,110.13920281935305,-14.860797180646955
34,39,125,115.87996506649968,-9.120034933500321
34,40,125,113.23286804909685,-11.76713195090315
34,41,125,116.88419196986266,-8.115808030137345
34,42,125,117.18920893958978,-7.810791060410224
34,43,125,119.20308297251279,-5.796917027487211
34,44,125,118.13439731776825,-6.865602682231753
34,45,125,117.75754460824892,-7.242455391751079
34,46,125,117.48736953012053,-7.512630469879468
34,47,125,114.14097587871365,-10.859024121286353
34,48,125,114.8419599047713,-10.1580400952287
34,49,125,115.78236389803772,-9.217636101962285
34,50,125,116.09520716890378,-8.904792831096216
34,51,125,112.15603497853624,-12.84396502146376
34,52,125,116.49265785619396,-8.507342143806042
34,53,125,113.12494012896707,-11.875059871032931
34,54,125,110.93842456134239,-14.061575438657613
34,55,125,115.5673652705741,-9.4326347294259
34,56,125,113.67151947778832,-11.328480522211677
34,57,125,112.56284588003496,-12.437154119965044
34,58,125,114.05891951485293,-10.941080485147069
34,59,125,112.0535987922905,-12.9464012077095
34,60,125,111.62863336731809,-13.371366632681912
34,61,125,110.56413249539362,-14.435867504606378
34,62,125,113.16614173866851,-11.833858261331486
34,63,125,112.28653125043031,-12.713468749569685
34,64,125,114.11793647565268,-10.882063524347316
34,65,125,114.4415845902524,-10.558415409747596
34,66,125,113.2545233033491,-11.745476696650897
34,67,125,114.03692103835078,-10.963078961649217
34,68,125,114.39211868917376,-10.607881310826244
34,69,125,115.05163796042334,-9.948362039576665
34,70,125,109.54482747765834,-15.455172522341655
34,71,124,106.55627735089959,-17.44372264910041
34,72,123,108.36132198117869,-14.63867801882131
34,73,122,104.10988286885076,-17.89011713114924
34,74,121,108.29777045231523,-12.702229547684766
34,75,120,108.23725752116259,-11.76274247883741
34,76,119,106.25261571812132,-12.74738428187868
34,77,118,103.9985226464373,-14.001477353562706
34,78,117,106.95394819750877,-10.046051802491235
34,79,116,99.77713281714198,-16.222867182858025
34,80,115,102.34692117760781,-12.653078822392189
34,81,114,101.90704756908565,-12.092952430914352
34,82,113,95.74710673632143,-17.252893263678573
34,83,112,99.11497769174473,-12.885022308255273
34,84,111,90.2909703395502,-20.7090296604498
34,85,110,92.1738677440841,-17.826132255915894
34,86,109,89.79722572975223,-19.202774270247772
34,87,108,89.84003555680708,-18.15996444319292
34,88,107,89.16638961203589,-17.833610387964114
34,89,106,88.88124550552001,-17.118754494479987
34,90,105,85.48533477962472,-19.514665220375278
34,91,104,85.07393682514281,-18.92606317485719
34,92,103,83.49708703300468,-19.502912966995325
34,93,102,80.97733036584148,-21.022669634158518
34,94,101,91.43110745923285,-9.568892540767152
34,95,100,89.07088729691283,-10.92911270308717
34,96,99,88.53213710247424,-10.467862897525762
34,97,98,89.77797014091489,-8.222029859085112
34,98,97,100.42591701356199,3.4259170135619854
34,99,96,84.18150392714475,-11.818496072855254
34,100,95,76.17862833231929,-18.821371667680708
34,101,94,74.44828130340055,-19.55171869659945
34,102,93,76.20486373716155,-16.795136262838454
34,103,92,90.73177820996243,-1.2682217900375719
34,104,91,80.68351392909943,-10.316486070900567
34,105,90,82.16408031597857,-7.835919684021434
34,106,89,70.84233672427797,-18.15766327572203
34,107,88,76.29660339239513,-11.703396607604873
34,108,87,78.79859674171921,-8.201403258280791
34,109,86,84.66542498850922,-1.3345750114907844
34,110,85,76.59770189912474,-8.402298100875257
34,111,84,70.0944807547525,-13.905519245247504
34,112,83,76.41966804335368,-6.580331956646319
34,113,82,75.04554463742862,-6.95445536257138
34,114,81,66.64075443175676,-14.359245568243239
34,115,80,67.93035142645859,-12.069648573541414
34,116,79,65.14229098089332,-13.857709019106679
34,117,78,68.96295055076979,-9.03704944923021
34,118,77,67.34674134289409,-9.653258657105908
34,119,76,61.89006286252473,-14.10993713747527
34,120,75,57.76230731487941,-17.237692685120592
34,121,74,67.34999405565192,-6.650005944348081
34,122,73,57.25437036008581,-15.745629639914192
34,123,72,65.76459889069262,-6.235401109307375
34,124,71,59.025327380952376,-11.974672619047624
34,125,70,53.65029017857144,-16.34970982142856
34,126,69,52.13682291666667,-16.863177083333333
34,127,68,52.83399057539683,-15.166009424603168
34,128,67,53.59948202838831,-13.400517971611691
34,129,66,49.21840716575091,-16.78159283424909
34,130,65,46.21358630952382,-18.78641369047618
34,131,64,45.68801091269843,-18.31198908730157
34,132,63,48.25191919191917,-14.748080808080829
34,133,62,46.6654560608158,-15.3345439391842
34,134,61,43.0896185064935,-17.9103814935065
34,135,60,50.619722076330525,-9.380277923669475
34,136,59,45.46216570100198,-13.537834298998021
34,137,58,52.15943452380954,-5.840565476190463
34,138,57,57.48582904942278,0.48582904942278304
34,139,56,51.544811219545956,-4.455188780454044
34,140,55,48.55773600965006,-6.442263990349943
34,141,54,50.51154284109477,-3.488457158905227
34,142,53,49.50542366946778,-3.494576330532219
34,143,52,42.861106150793645,-9.138893849206355
34,144,51,43.46692319399351,-7.533076806006491
34,145,50,44.70464785768309,-5.295352142316908
34,146,49,43.33709325396826,-5.662906746031737
34,147,48,42.039191468254,-5.960808531745997
34,148,47,36.700577426046195,-10.299422573953805
34,149,46,42.99945141615491,-3.000548583845088
34,150,45,38.359972718253964,-6.640027281746036
34,151,44,37.65604910714286,-6.343950892857137
34,152,43,39.52717261904762,-3.4728273809523813
34,153,42,40.025310019841285,-1.9746899801587148
34,154,41,38.12992931547618,-2.8700706845238173
34,155,40,36.03026785714285,-3.969732142857147
34,156,39,38.77488095238097,-0.22511904761903168
34,157,38,36.28593005952381,-1.7140699404761932
34,158,37,33.119513888888875,-3.880486111111125
34,159,36,33.19700892857143,-2.802991071428572
34,160,35,30.222626488095244,-4.777373511904756
34,161,34,31.03327380952382,-2.96672619047618
34,162,33,26.1317931547619,-6.868206845238099
34,163,32,27.68883928571428,-4.31116071428572
34,164,31,27.130394345238095,-3.869605654761905
34,165,30,22.57390376984127,-7.4260962301587305
34,166,29,20.89578373015873,-8.10421626984127
34,167,28,21.68547867063492,-6.314521329365078
34,168,27,21.48333581349206,-5.516664186507938
34,169,26,21.097440476190474,-4.902559523809526
34,170,25,22.512368551587304,-2.487631448412696
34,171,24,22.856569940476184,-1.1434300595238156
34,172,23,21.18581845238096,-1.8141815476190395
34,173,22,16.29436011904763,-5.7056398809523685
34,174,21,16.48397321428572,-4.516026785714281
34,175,20,18.05837053571429,-1.941629464285711
34,176,19,17.32166666666667,-1.678333333333331
34,177,18,16.472008928571423,-1.527991071428577
34,178,17,12.17169642857143,-4.82830357142857
34,179,16,14.469627976190477,-1.530372023809523
34,180,15,13.846815476190475,-1.153184523809525
34,181,14,14.69670386904762,0.6967038690476208
34,182,13,13.240617559523809,0.24061755952380892
34,183,12,13.417351190476182,1.4173511904761824
34,184,11,11.247686011904761,0.24768601190476147
34,185,10,6.668982683982687,-3.331017316017313
34,186,9,4.967135416666668,-4.032864583333332
34,187,8,4.041123511904761,-3.958876488095239
34,188,7,2.493787202380955,-4.506212797619045
34,189,6,2.2315625,-3.7684375
34,190,5,3.9496651785714274,-1.0503348214285726
34,191,4,1.0799553571428575,-2.9200446428571425
34,192,3,0.0,-3.0
34,193,2,0.03383928571428463,-1.9661607142857154
34,194,1,0.0,-1.0
34,195,0,0.0,0.0
35,1,125,117.43977999320946,-7.560220006790544
35,2,125,116.93432006762171,-8.065679932378288
35,3,125,118.13471455519448,-6.865285444805522
35,4,125,113.57869369085813,-11.421306309141869
35,5,125,116.25806634221325,-8.741933657786745
35,6,125,117.06940728869922,-7.9305927113007755
35,7,125,116.56389143951017,-8.436108560489828
35,8,125,111.86690442340073,-13.133095576599274
35,9,125,115.01946950185084,-9.980530498149164
35,10,125,117.05066099229933,-7.949339007700672
35,11,125,116.4126231082217,-8.587376891778305
35,12,125,114.92092049964874,-10.079079500351256
35,13,125,114.70188414787943,-10.298115852120574
35,14,125,115.36252247364207,-9.637477526357927
35,15,125,114.63570010138487,-10.36429989861513
35,16,125,111.44328907634522,-13.556710923654776
35,17,125,114.03933647671894,-10.960663523281056
35,18,125,113.52867762024653,-11.471322379753474
35,19,125,113.76603023188632,-11.233969768113681
35,20,125,113.59368997524211,-11.406310024757886
35,21,125,116.00497604513298,-8.995023954867023
35,22,125,113.78452908461684,-11.215470915383165
35,23,125,115.68808473472643,-9.31191526527357
35,24,125,115.41298421529248,-9.587015784707518
35,25,125,115.08227170287996,-9.917728297120036
35,26,125,115.88896599117736,-9.111034008822642
35,27,125,116.12894706472844,-8.871052935271564
35,28,125,116.73743708496878,-8.262562915031225
35,29,125,113.40679872466345,-11.593201275336554
35,30,125,116.79958427940396,-8.200415720596041
35,31,125,117.1046367486759,-7.895363251324099
35,32,125,118.21301423761295,-6.786985762387047
35,33,125,116.37721347442229,-8.622786525577709
35,34,125,118.39954031247105,-6.600459687528954
35,35,125,117.18653565432876,-7.813464345671235
35,36,125,117.69704183447311,-7.3029581655268885
35,37,125,117.80635234911217,-7.193647650887826
35,38,125,117.24529609657925,-7.754703903420747
35,39,125,114.44298140301063,-10.557018596989366
35,40,125,114.90083034276032,-10.099169657239685
35,41,125,116.13190342895962,-8.868096571040383
35,42,125,114.1951118880028,-10.804888111997201
35,43,125,117.13193744809996,-7.868062551900039
35,44,125,111.45678987019191,-13.543210129808088
35,45,125,113.3932603744652,-11.6067396255348
35,46,125,114.72304780197342,-10.276952198026578
35,47,125,115.51180414749265,-9.488195852507346
35,48,125,111.60014274099417,-13.399857259005827
35,49,125,113.86756062301163,-11.132439376988373
35,50,125,115.43877746025014,-9.561222539749863
35,51,125,116.11136089184217,-8.888639108157832
35,52,125,116.0197120166304,-8.980287983369607
35,53,125,116.18389017485867,-8.816109825141325
35,54,125,115.94211481270716,-9.05788518729284
35,55,125,115.16032663165406,-9.839673368345942
35,56,125,112.05514754553795,-12.944852454462051
35,57,124,115.46969150516843,-8.530308494831573
35,58,123,113.83514486551167,-9.164855134488334
35,59,122,115.29655289202647,-6.703447107973531
35,60,121,115.05259533210588,-5.947404667894119
35,61,120,114.52880115588076,-5.471198844119243
35,62,119,110.90097469505392,-8.099025304946082
35,63,118,111.84934089583251,-6.150659104167488
35,64,117,110.23498150274766,-6.765018497252342
35,65,116,106.15981223021558,-9.840187769784421
35,66,115,109.96858337789006,-5.031416622109944
35,67,114,109.73307557342625,-4.266924426573752
35,68,113,107.69516048185119,-5.30483951814881
35,69,112,106.50736933179277,-5.492630668207227
35,70,111,111.3990041698834,0.3990041698833977
35,71,110,103.08806089138076,-6.9119391086192365
35,72,109,108.50958547618639,-0.4904145238136124
35,73,108,102.64892798823855,-5.351072011761445
35,74,107,105.68208963092854,-1.3179103690714555
35,75,106,106.46902718009883,0.46902718009883415
35,76,105,106.5293473916249,1.5293473916248956
35,77,104,105.47263294774693,1.4726329477469307
35,78,103,106.95772027831929,3.957720278319286
35,79,102,104.8695788402265,2.8695788402264952
35,80,101,101.88165177030143,0.8816517703014313
35,81,100,102.75584379350937,2.7558437935093707
35,82,99,100.72835169227078,1.7283516922707776
35,83,98,94.08485843379499,-3.9151415662050084
35,84,97,99.74417427348658,2.7441742734865784
35,85,96,98.06351035260646,2.063510352606457
35,86,95,95.32891109576029,0.3289110957602901
35,87,94,96.96106030494113,2.961060304941128
35,88,93,94.87867000340653,1.8786700034065262
35,89,92,96.89130680762693,4.891306807626933
35,90,91,93.86282751654869,2.862827516548691
35,91,90,99.36448059057561,9.36448059057561
35,92,89,97.68235683890558,8.682356838905577
35,93,88,92.97448885431699,4.974488854316988
35,94,87,95.27003346336295,8.27003346336295
35,95,86,91.32486017237606,5.324860172376063
35,96,85,95.9930572068563,10.993057206856307
35,97,84,92.23813054664029,8.238130546640292
35,98,83,88.92211277513323,5.922112775133229
35,99,82,90.457970964755,8.457970964755006
35,100,81,93.66040467933023,12.660404679330227
35,101,80,89.49071984802922,9.490719848029215
35,102,79,81.10106860752101,2.1010686075210145
35,103,78,86.715275903522,8.715275903521999
35,104,77,79.81102079256624,2.8110207925662394
35,105,76,74.47052323929306,-1.5294767607069417
35,106,75,65.48271092132505,-9.517289078674949
35,107,74,67.91478835978837,-6.085211640211625
35,108,73,80.74995051034135,7.74995051034135
35,109,72,85.56581957934378,13.565819579343781
35,110,71,86.08872173964902,15.088721739649017
35,111,70,72.16401589201396,2.164015892013964
35,112,69,78.88089733561493,9.880897335614932
35,113,68,81.53481190321187,13.534811903211875
35,114,67,91.36004620531955,24.36004620531955
35,115,66,83.12618822032448,17.12618822032448
35,116,65,81.85294268029541,16.852942680295413
35,117,64,75.76898587559921,11.768985875599213
35,118,63,90.2380273763913,27.2380273763913
35,119,62,85.50086123831264,23.500861238312638
35,120,61,80.6031362119721,19.6031362119721
35,121,60,81.78726789046931,21.78726789046931
35,122,59,76.46478838819033,17.46478838819033
35,123,58,76.6794952374896,18.679495237489604
35,124,57,63.58800684566877,6.588006845668772
35,125,56,67.82023575165115,11.820235751651154
35,126,55,55.75530235389611,0.7553023538961128
35,127,54,73.10805163894126,19.108051638941262
35,128,53,70.1673709598574,17.167370959857394
35,129,52,64.68070086163839,12.680700861638385
35,130,51,71.26901508859356,20.269015088593562
35,131,50,70.58618303571428,20.586183035714285
35,132,49,62.36019330648925,13.36019330648925
35,133,48,66.0872082017753,18.087208201775297
35,134,47,64.14819008762917,17.148190087629175
35,135,46,67.70924019607841,21.70924019607841
35,136,45,58.73655688700917,13.736556887009172
35,137,44,64.05540178571428,20.05540178571428
35,138,43,54.6815272227772,11.681527222777198
35,139,42,57.333883928571446,15.333883928571446
35,140,41,54.38347222222221,13.38347222222221
35,141,40,57.17630704365082,17.176307043650823
35,142,39,53.65932114270828,14.65932114270828
35,143,38,49.821592261904755,11.821592261904755
35,144,37,48.03537202380952,11.035372023809522
35,145,36,43.3176096491228,7.317609649122801
35,146,35,47.366279141865085,12.366279141865085
35,147,34,44.38939299466872,10.389392994668718
35,148,33,44.949263392857155,11.949263392857155
35,149,32,42.84376030219779,10.843760302197794
35,150,31,43.84252903244631,12.842529032446308
35,151,30,46.52616191025159,16.526161910251588
35,152,29,37.32377232142858,8.323772321428578
35,153,28,39.199360999103966,11.199360999103966
35,154,27,37.133152281746035,10.133152281746035
35,155,26,28.028015873015875,2.0280158730158746
35,156,25,28.231790674603175,3.2317906746031753
35,157,24,27.30781994047618,3.307819940476179
35,158,23,19.576374007936515,-3.423625992063485
35,159,22,19.56252232142857,-2.4374776785714296
35,160,21,19.646039186507934,-1.3539608134920655
35,161,20,20.690021645021638,0.6900216450216377
35,162,19,19.763859126984126,0.7638591269841264
35,163,18,19.601346726190467,1.6013467261904673
35,164,17,18.928115732038425,1.9281157320384246
35,165,16,14.30991071428571,-1.69008928571429
35,166,15,13.233343253968254,-1.766656746031746
35,167,14,9.963616071428579,-4.036383928571421
35,168,13,10.820223214285718,-2.1797767857142816
35,169,12,9.88690104166667,-2.11309895833333
35,170,11,12.208912450396827,1.2089124503968272
35,171,10,9.155699404761915,-0.8443005952380851
35,172,9,8.485104166666668,-0.5148958333333322
35,173,8,6.370923520923526,-1.629076479076474
35,174,7,4.800435606060608,-2.199564393939392
35,175,6,4.857514880952376,-1.142485119047624
35,176,5,2.4461086309523834,-2.5538913690476166
35,177,4,1.4801900183150183,-2.5198099816849817
35,178,3,0.46152840215340163,-2.5384715978465984
35,179,2,0.0,-2.0
35,180,1,0.0,-1.0
35,181,0,0.0,0.0
36,1,125,115.32399908975563,-9.676000910244369
36,2,125,110.2320302294803,-14.767969770519699
36,3,125,116.3249784560168,-8.675021543983206
36,4,125,117.22162826899766,-7.778371731002338
36,5,125,114.35774941580264,-10.642250584197356
36,6,125,114.09725569302805,-10.902744306971954
36,7,125,112.57158714472749,-12.428412855272512
36,8,125,113.43571727377494,-11.56428272622506
36,9,125,113.8988712121762,-11.101128787823797
36,10,125,113.13698280073918,-11.863017199260824
36,11,125,112.44930524474894,-12.550694755251058
36,12,125,109.76739337954973,-15.23260662045027
36,13,125,115.1447618372852,-9.855238162714798
36,14,125,115.61488355683278,-9.38511644316722
36,15,125,116.02058517245061,-8.979414827549391
36,16,125,115.38530715825421,-9.614692841745793
36,17,125,114.92671541500886,-10.073284584991143
36,18,125,114.78286674182098,-10.217133258179018
36,19,125,114.83793472268171,-10.162065277318291
36,20,125,113.72475809324551,-11.275241906754488
36,21,125,114.94778480472378,-10.052215195276219
36,22,125,111.66631552500522,-13.333684474994783
36,23,125,110.7449358504484,-14.2550641495516
36,24,125,115.8726570904496,-9.127342909550407
36,25,125,117.21458797650823,-7.785412023491773
36,26,125,116.17677836580738,-8.82322163419262
36,27,125,115.5891467360962,-9.410853263903803
36,28,125,113.33850293312405,-11.661497066875953
36,29,125,116.6035372443685,-8.396462755631504
36,30,125,114.03056053640996,-10.969439463590035
36,31,125,112.67822454482197,-12.321775455178027
36,32,125,115.12656257170468,-9.873437428295318
36,33,125,115.1372134978697,-9.862786502130305
36,34,124,113.05787688071068,-10.94212311928932
36,35,123,113.28673279318741,-9.713267206812588
36,36,122,113.95390971197739,-8.046090288022612
36,37,121,110.33465556097185,-10.665344439028146
36,38,120,111.51230286712821,-8.487697132871787
36,39,119,114.16973756647977,-4.830262433520232
36,40,118,116.31578442783527,-1.6842155721647316
36,41,117,108.95390250453936,-8.046097495460643
36,42,116,112.4327728351248,-3.567227164875206
36,43,115,117.12413404689396,2.124134046893957
36,44,114,115.0674057511055,1.0674057511054968
36,45,113,113.08955509498776,0.08955509498775882
36,46,112,112.54214292432974,0.5421429243297382
36,47,111,109.01340842042798,-1.9865915795720213
36,48,110,115.6080450552507,5.608045055250699
36,49,109,113.10589577377391,4.105895773773909
36,50,108,109.64038162850918,1.640381628509175
36,51,107,109.85129846125638,2.851298461256377
36,52,106,106.2931432319593,0.2931432319593057
36,53,105,106.30211976622203,1.3021197662220345
36,54,104,107.34289320054947,3.3428932005494687
36,55,103,109.3185960044411,6.318596004441105
36,56,102,108.90457357071266,6.904573570712657
36,57,101,102.29193526118415,1.2919352611841504
36,58,100,106.25343683116778,6.253436831167775
36,59,99,108.4484504931086,9.448450493108595
36,60,98,102.51054702605049,4.510547026050489
36,61,97,102.22734000642473,5.2273400064247255
36,62,96,107.40469784385604,11.404697843856042
36,63,95,107.86735674732583,12.867356747325829
36,64,94,106.45448170930459,12.454481709304588
36,65,93,100.20698047657238,7.206980476572383
36,66,92,99.60132404726842,7.60132404726842
36,67,91,103.28188634123092,12.281886341230916
36,68,90,104.38602800668237,14.386028006682366
36,69,89,107.22090456238627,18.220904562386266
36,70,88,100.35990541066307,12.359905410663075
36,71,87,95.98958173466198,8.989581734661982
36,72,86,98.26721895655865,12.26721895655865
36,73,85,101.08007504030067,16.08007504030067
36,74,84,99.9796866222675,15.979686622267494
36,75,83,100.33762431996907,17.337624319969066
36,76,82,99.86877872099896,17.86877872099896
36,77,81,100.44096904643166,19.44096904643166
36,78,80,96.79815690723679,16.798156907236788
36,79,79,101.78507110237904,22.785071102379035
36,80,78,97.63116027729907,19.631160277299074
36,81,77,96.86138858805042,19.861388588050417
36,82,76,96.09463290880338,20.094632908803376
36,83,75,92.9007784449618,17.9007784449618
36,84,74,97.51175521111568,23.511755211115684
36,85,73,85.87369151907177,12.87369151907177
36,86,72,88.96562003558395,16.965620035583953
36,87,71,89.11087721974292,18.110877219742918
36,88,70,86.46242672634493,16.46242672634493
36,89,69,82.193641748366,13.193641748366005
36,90,68,84.74404761904758,16.744047619047578
36,91,67,85.03414712785519,18.034147127855192
36,92,66,89.04045552248678,23.04045552248678
36,93,65,93.38692834832962,28.38692834832962
36,94,64,87.608516212406,23.608516212406002
36,95,63,84.37449367678109,21.374493676781086
36,96,62,79.46153290914066,17.461532909140658
36,97,61,83.25492673992673,22.25492673992673
36,98,60,72.70638392857144,12.70638392857144
36,99,59,76.74468540140418,17.744685401404183
36,100,58,69.55244859307362,11.55244859307362
36,101,57,67.06049986471862,10.060499864718622
36,102,56,59.46489125457876,3.4648912545787596
36,103,55,59.701927083333345,4.701927083333345
36,104,54,53.14820684523812,-0.8517931547618787
36,105,53,55.02267930716945,2.0226793071694473
36,106,52,53.930647321428566,1.930647321428566
36,107,51,62.069637208283226,11.069637208283226
36,108,50,68.01487599206348,18.01487599206348
36,109,49,67.50150793650798,18.501507936507977
36,110,48,60.03953869047618,12.039538690476178
36,111,47,56.455339358304286,9.455339358304286
36,112,46,43.14317256668063,-2.856827433319367
36,113,45,47.558531069624834,2.5585310696248342
36,114,44,46.88166080447329,2.8816608044732916
36,115,43,50.76371775793649,7.76371775793649
36,116,42,41.92967261904762,-0.0703273809523779
36,117,41,42.56218757120073,1.562187571200731
36,118,40,49.416865601503744,9.416865601503744
36,119,39,47.69540201118326,8.695402011183262
36,120,38,44.69657490079365,6.6965749007936495
36,121,37,45.024893353174605,8.024893353174605
36,122,36,42.98308947277316,6.983089472773159
36,123,35,33.89297997039725,-1.1070200296027508
36,124,34,34.863998546388245,0.8639985463882454
36,125,33,30.550613095238106,-2.4493869047618944
36,126,32,27.998687718531464,-4.001312281468536
36,127,31,26.360962301587307,-4.639037698412693
36,128,30,26.269724702380962,-3.7302752976190376
36,129,29,22.435845905172414,-6.564154094827586
36,130,28,25.842703373015876,-2.157296626984124
36,131,27,21.976540629509365,-5.0234593704906345
36,132,26,23.259791837712093,-2.7402081622879066
36,133,25,21.247222683647095,-3.752777316352905
36,134,24,18.669234943977585,-5.330765056022415
36,135,23,17.11176339285714,-5.888236607142861
36,136,22,17.214437905844164,-4.785562094155836
36,137,21,15.70266617063492,-5.29733382936508
36,138,20,14.243556718664482,-5.7564432813355175
36,139,19,18.464424603174614,-0.5355753968253865
36,140,18,14.766413690476195,-3.2335863095238047
36,141,17,17.091984126984137,0.09198412698413705
36,142,16,15.44774915370482,-0.5522508462951805
36,143,15,13.325096049783546,-1.6749039502164536
36,144,14,9.096086309523812,-4.9039136904761875
36,145,13,10.876403544372295,-2.1235964556277054
36,146,12,7.930944940476191,-4.069055059523809
36,147,11,5.431288442460319,-5.568711557539681
36,148,10,6.453084077380954,-3.5469159226190463
36,149,9,3.3944940476190517,-5.605505952380948
36,150,8,4.215997023809525,-3.784002976190475
36,151,7,2.7161815476190467,-4.283818452380953
36,152,6,1.0962499999999995,-4.9037500000000005
36,153,5,0.05457379426129627,-4.945426205738704
36,154,4,1.103318608474857,-2.896681391525143
36,155,3,0.09225233299841751,-2.9077476670015825
36,156,2,0.0,-2.0
36,157,1,0.0,-1.0
36,158,0,0.0,0.0
37,1,125,115.658462887242,-9.341537112758004
37,2,125,116.7152811169295,-8.284718883070497
37,3,125,116.89117855948271,-8.10882144051729
37,4,125,117.4923178396941,-7.5076821603059045
37,5,125,118.00726449929235,-6.992735500707653
37,6,125,117.54402061931198,-7.455979380688021
37,7,125,117.45390822453074,-7.5460917754692645
37,8,125,115.08150181598701,-9.91849818401299
37,9,125,116.75388955526132,-8.246110444738676
37,10,125,116.71033517016431,-8.289664829835687
37,11,125,114.2767830804501,-10.723216919549898
37,12,125,116.53458891257908,-8.465411087420918
37,13,125,118.04972337079646,-6.950276629203543
37,14,125,115.8021648348818,-9.197835165118207
37,15,125,117.97865378377722,-7.021346216222781
37,16,125,116.80054435382996,-8.199455646170037
37,17,125,116.94447039299708,-8.055529607002924
37,18,125,117.96413143796285,-7.035868562037152
37,19,125,117.75204462801143,-7.247955371988567
37,20,125,117.49748109685092,-7.502518903149081
37,21,125,118.19116198910547,-6.808838010894533
37,22,125,118.004606295424,-6.995393704576003
37,23,125,117.97005705171175,-7.029942948288252
37,24,125,118.21337995450139,-6.7866200454986085
37,25,125,118.73977924597811,-6.260220754021887
37,26,125,116.09349907315084,-8.906500926849162
37,27,125,118.21053735062262,-6.789462649377384
37,28,125,118.38646546844389,-6.6135345315561125
37,29,125,115.96641602552313,-9.03358397447687
37,30,125,115.52651590980494,-9.473484090195058
37,31,125,117.03782796063214,-7.962172039367857
37,32,125,116.64786108759567,-8.352138912404328
37,33,125,116.25402691620017,-8.745973083799825
37,34,125,116.39987341113472,-8.60012658886528
37,35,125,116.6704002996709,-8.329599700329098
37,36,125,116.29891683388394,-8.701083166116064
37,37,125,118.91532372692447,-6.08467627307553
37,38,125,116.86414630926774,-8.135853690732262
37,39,125,116.08869947287023,-8.911300527129768
37,40,125,116.21909268773678,-8.780907312263224
37,41,125,117.59278082698884,-7.407219173011157
37,42,125,114.84209731017361,-10.157902689826386
37,43,125,117.86835715278741,-7.131642847212589
37,44,125,114.76661192933696,-10.23338807066304
37,45,125,115.24351789668825,-9.756482103311754
37,46,124,116.12704455785476,-7.872955442145241
37,47,123,114.95141086386022,-8.048589136139782
37,48,122,115.24522361328869,-6.754776386711313
37,49,121,116.16845000753271,-4.831549992467288
37,50,120,116.3276720116398,-3.6723279883601947
37,51,119,116.06082623011696,-2.939173769883041
37,52,118,115.61752056604341,-2.38247943395659
37,53,117,113.18181851636606,-3.8181814836339356
37,54,116,114.65115478704317,-1.3488452129568316
37,55,115,113.92439846076759,-1.0756015392324088
37,56,114,113.59107863015058,-0.4089213698494234
37,57,113,111.40922858771845,-1.5907714122815548
37,58,112,108.65213426634057,-3.3478657336594324
37,59,111,109.6379756742762,-1.3620243257237945
37,60,110,113.11963860169581,3.1196386016958115
37,61,109,110.7996123381478,1.7996123381477958
37,62,108,110.30859245981533,2.30859245981533
37,63,107,108.72431310887798,1.724313108877979
37,64,106,111.10424178003252,5.104241780032524
37,65,105,112.48271773966765,7.482717739667649
37,66,104,109.80765640719753,5.807656407197527
37,67,103,108.71881203117307,5.718812031173073
37,68,102,109.08742081459971,7.08742081459971
37,69,101,110.88321481467624,9.883214814676236
37,70,100,108.82201227511094,8.822012275110936
37,71,99,107.20488816027839,8.204888160278387
37,72,98,107.8005539972933,9.800553997293306
37,73,97,109.02168780249448,12.021687802494483
37,74,96,105.95526446828259,9.955264468282593
37,75,95,99.71238095238093,4.712380952380926
37,76,94,105.08271328699261,11.082713286992615
37,77,93,104.4518861437293,11.451886143729297
37,78,92,106.73053622215483,14.730536222154825
37,79,91,103.27820797402383,12.278207974023829
37,80,90,100.43342227366718,10.433422273667176
37,81,89,102.66532053836025,13.665320538360248
37,82,88,100.85952403268179,12.85952403268179
37,83,87,100.64725941226115,13.64725941226115
37,84,86,99.13411891842111,13.134118918421109
37,85,85,100.90927161058418,15.909271610584184
37,86,84,99.31161413971112,15.311614139711125
37,87,83,102.29022597486077,19.290225974860775
37,88,82,95.40902440030001,13.409024400300012
37,89,81,96.74760941827246,15.74760941827246
37,90,80,97.10317374492315,17.103173744923154
37,91,79,90.30632043950078,11.30632043950078
37,92,78,87.18264376758701,9.18264376758701
37,93,77,90.6650295967385,13.665029596738506
37,94,76,82.9233342359293,6.923334235929303
37,95,75,86.17862758866313,11.178627588663133
37,96,74,88.00014418256106,14.000144182561058
37,97,73,85.86060940942039,12.860609409420391
37,98,72,92.74420659968328,20.74420659968328
37,99,71,84.0301553683939,13.030155368393906
37,100,70,92.8341308049419,22.834130804941907
37,101,69,91.65397781301974,22.653977813019736
37,102,68,86.29120451270728,18.29120451270728
37,103,67,78.88104385504201,11.881043855042009
37,104,66,86.83833531381043,20.838335313810433
37,105,65,87.00497343794324,22.004973437943235
37,106,64,71.90877299783548,7.908772997835484
37,107,63,75.23414186507935,12.234141865079351
37,108,62,77.98617483211233,15.986174832112326
37,109,61,69.56863165999536,8.568631659995361
37,110,60,74.79284007841574,14.792840078415736
37,111,59,83.44760340354091,24.44760340354091
37,112,58,75.15178819444445,17.15178819444445
37,113,57,66.88790130876069,9.88790130876069
37,114,56,71.76108630952379,15.76108630952379
37,115,55,66.37211424512988,11.372114245129879
37,116,54,63.75048905017658,9.750489050176583
37,117,53,63.61342947595705,10.613429475957048
37,118,52,53.39904174498746,1.399041744987457
37,119,51,60.08174851190475,9.081748511904749
37,120,50,49.45204117063493,-0.5479588293650721
37,121,49,57.07835069444443,8.078350694444431
37,122,48,50.60915674603177,2.609156746031772
37,123,47,54.33638144841272,7.336381448412723
37,124,46,51.14197484464067,5.1419748446406714
37,125,45,46.85098279430598,1.8509827943059776
37,126,44,44.574864893620045,0.5748648936200453
37,127,43,43.853191964285706,0.8531919642857062
37,128,42,43.94922965101726,1.9492296510172622
37,129,41,44.026130542089575,3.026130542089575
37,130,40,44.11964106316371,4.119641063163712
37,131,39,40.537947313103565,1.5379473131035653
37,132,38,42.49761532738093,4.497615327380927
37,133,37,37.81692302489178,0.8169230248917785
37,134,36,39.63817572324629,3.6381757232462917
37,135,35,33.806309523809524,-1.1936904761904756
37,136,34,36.28935515873016,2.28935515873016
37,137,33,33.948607954545466,0.9486079545454658
37,138,32,36.437643849206346,4.437643849206346
37,139,31,35.195624999999986,4.1956249999999855
37,140,30,34.332028769841244,4.332028769841244
37,141,29,31.284583333333323,2.284583333333323
37,142,28,26.85013062917476,-1.1498693708252397
37,143,27,27.455691964285727,0.45569196428572667
37,144,26,23.937890963203472,-2.062109036796528
37,145,25,24.17465773809524,-0.8253422619047583
37,146,24,21.259352678571435,-2.7406473214285647
37,147,23,23.77745475467516,0.7774547546751585
37,148,22,20.892371031746034,-1.107628968253966
37,149,21,21.349037404322722,0.349037404322722
37,150,20,16.46236607142858,-3.5376339285714202
37,151,19,18.681525869963366,-0.31847413003663405
37,152,18,11.893010531135527,-6.106989468864473
37,153,17,11.125788690476188,-5.874211309523812
37,154,16,9.679255952380945,-6.320744047619055
37,155,15,6.775014880952378,-8.224985119047622
37,156,14,5.862485119047621,-8.137514880952379
37,157,13,6.332232142857139,-6.667767857142861
37,158,12,6.300305059523808,-5.699694940476192
37,159,11,6.151659226190482,-4.848340773809518
37,160,10,7.265572916666665,-2.734427083333335
37,161,9,5.3985639880952405,-3.6014360119047595
37,162,8,5.331748511904761,-2.6682514880952386
37,163,7,4.77362713675214,-2.2263728632478603
37,164,6,2.051904761904761,-3.948095238095239
37,165,5,2.313407738095239,-2.686592261904761
37,166,4,2.2717485119047636,-1.7282514880952364
37,167,3,0.3440079365079365,-2.6559920634920635
37,168,2,0.0,-2.0
37,169,1,0.0,-1.0
37,170,0,0.0,0.0
38,1,125,106.33157911364246,-18.668420886357538
38,2,125,113.57110668085002,-11.428893319149978
38,3,125,116.14674133870919,-8.853258661290809
38,4,125,118.55860208075816,-6.441397919241837
38,5,125,116.09332465506671,-8.90667534493329
38,6,125,117.57396591861944,-7.426034081380564
38,7,125,116.79558904936195,-8.20441095063805
38,8,125,114.87115556453243,-10.12884443546757
38,9,125,116.66469285545585,-8.335307144544146
38,10,125,117.17076294287945,-7.829237057120551
38,11,125,116.14682397649176,-8.85317602350824
38,12,125,111.79910735111937,-13.200892648880625
38,13,125,113.97743978738902,-11.022560212610983
38,14,125,114.19850683415657,-10.801493165843425
38,15,125,116.41934147034844,-8.580658529651558
38,16,125,117.68034697958517,-7.319653020414833
38,17,125,115.54235372060923,-9.457646279390772
38,18,125,116.16589948486713,-8.834100515132874
38,19,125,114.0574045389139,-10.9425954610861
38,20,125,116.92959075905137,-8.070409240948635
38,21,125,116.90960572749589,-8.090394272504113
38,22,125,111.8795217150686,-13.120478284931394
38,23,125,113.03112757503598,-11.968872424964019
38,24,125,116.33056125017102,-8.669438749828984
38,25,125,115.52431155353051,-9.47568844646949
38,26,125,116.19475831536138,-8.805241684638617
38,27,125,114.95941685990101,-10.040583140098988
38,28,125,117.36459973205949,-7.635400267940511
38,29,125,116.47677702581373,-8.523222974186268
38,30,125,118.07795742739192,-6.922042572608078
38,31,125,116.47836197951328,-8.52163802048672
38,32,125,114.72656061817834,-10.27343938182166
38,33,125,116.52814808732728,-8.471851912672719
38,34,125,115.00815749489934,-9.991842505100664
38,35,125,116.39458331511257,-8.60541668488743
38,36,125,114.23780901050031,-10.762190989499686
38,37,125,115.42318510684746,-9.576814893152545
38,38,125,114.03153397852843,-10.96846602147157
38,39,125,115.67111216469159,-9.328887835308407
38,40,125,114.9971029886708,-10.002897011329196
38,41,125,113.58009157450306,-11.419908425496942
38,42,125,113.8967651465241,-11.103234853475897
38,43,125,113.38405799982453,-11.615942000175465
38,44,125,113.78856652553051,-11.211433474469487
38,45,125,113.94581042628643,-11.054189573713572
38,46,125,113.16339847689946,-11.83660152310054
38,47,125,111.65165317609372,-13.348346823906283
38,48,125,114.42851539377159,-10.57148460622841
38,49,125,112.28188211110125,-12.718117888898746
38,50,125,112.37450825761331,-12.625491742386686
38,51,125,116.06091454268486,-8.939085457315144
38,52,125,111.74987551030247,-13.250124489697527
38,53,125,114.01710939100963,-10.982890608990374
38,54,125,117.26281276755961,-7.737187232440391
38,55,125,114.0964908394867,-10.903509160513295
38,56,125,116.69160478770941,-8.308395212290591
38,57,125,112.75331068813452,-12.246689311865481
38,58,125,113.15265069862048,-11.847349301379523
38,59,125,114.07708245622746,-10.922917543772542
38,60,125,110.52703297324635,-14.47296702675365
38,61,125,114.29813733718461,-10.701862662815387
38,62,125,110.64936238590519,-14.350637614094808
38,63,125,112.2678212254755,-12.732178774524499
38,64,125,112.68609173683888,-12.313908263161125
38,65,125,110.53706307779859,-14.462936922201408
38,66,125,112.30069447195353,-12.699305528046466
38,67,125,109.60329688030765,-15.396703119692347
38,68,125,114.05140571546126,-10.948594284538743
38,69,125,108.39481832127542,-16.605181678724577
38,70,124,108.5251115648286,-15.474888435171394
38,71,123,104.66740382160233,-18.332596178397665
38,72,122,106.37903144628456,-15.620968553715443
38,73,121,107.49643833965168,-13.503561660348325
38,74,120,102.80833855630026,-17.191661443699743
38,75,119,103.06575180449309,-15.93424819550691
38,76,118,101.71365417881331,-16.286345821186686
38,77,117,103.26273320426705,-13.73726679573295
38,78,116,107.44338337354463,-8.556616626455366
38,79,115,104.08339966884148,-10.91660033115852
38,80,114,105.84735836710115,-8.152641632898849
38,81,113,97.74418730969197,-15.255812690308034
38,82,112,101.96340648918681,-10.03659351081319
38,83,111,102.08513046237447,-8.914869537625535
38,84,110,97.9268268380116,-12.073173161988393
38,85,109,98.71943831761382,-10.280561682386178
38,86,108,97.36909459745104,-10.630905402548962
38,87,107,101.61900165201469,-5.380998347985312
38,88,106,101.85552442244042,-4.144475577559575
38,89,105,97.80967722060879,-7.1903227793912095
38,90,104,94.09340521284777,-9.90659478715223
38,91,103,93.45528895352892,-9.544711046471079
38,92,102,93.61509933397835,-8.38490066602165
38,93,101,90.86814454856382,-10.13185545143618
38,94,100,91.79750425068553,-8.202495749314465
38,95,99,92.08694744552423,-6.913052554475769
38,96,98,90.2713309698993,-7.728669030100704
38,97,97,89.53195299354076,-7.468047006459244
38,98,96,83.68063166326799,-12.319368336732012
38,99,95,81.30351304830276,-13.696486951697239
38,100,94,90.39505652042644,-3.6049434795735635
38,101,93,81.42414722910446,-11.575852770895537
38,102,92,92.13473240186406,0.13473240186405633
38,103,91,79.51242648835941,-11.48757351164059
38,104,90,83.44242357209131,-6.5575764279086854
38,105,89,77.4413993457267,-11.558600654273306
38,106,88,80.70945101673094,-7.290548983269062
38,107,87,83.91512836333717,-3.0848716366628253
38,108,86,91.84864350347068,5.848643503470683
38,109,85,85.78718846567973,0.7871884656797334
38,110,84,90.95722776284833,6.957227762848333
38,111,83,83.06524324853518,0.06524324853518237
38,112,82,83.24539368972093,1.2453936897209275
38,113,81,87.01602838964256,6.016028389642557
38,114,80,79.13128600815004,-0.8687139918499582
38,115,79,79.61968728513595,0.619687285135953
38,116,78,79.16343954233892,1.1634395423389208
38,117,77,73.53473072488602,-3.4652692751139824
38,118,76,79.11393051876107,3.113930518761066
38,119,75,74.13411703554198,-0.8658829644580237
38,120,74,78.35818141123785,4.358181411237851
38,121,73,80.96185833830542,7.961858338305419
38,122,72,91.26602308971404,19.26602308971404
38,123,71,90.73638683158313,19.736386831583133
38,124,70,88.56027466674227,18.560274666742274
38,125,69,83.58965890726921,14.58965890726921
38,126,68,83.81526310011795,15.815263100117946
38,127,67,69.54528769841272,2.5452876984127215
38,128,66,74.70004325669683,8.70004325669683
38,129,65,74.07338797990857,9.073387979908574
38,130,64,67.03538213621852,3.035382136218516
38,131,63,64.68040922619049,1.6804092261904913
38,132,62,73.53281746031745,11.532817460317446
38,133,61,75.58544394841269,14.585443948412689
38,134,60,66.47500049603177,6.475000496031768
38,135,59,66.56302393008414,7.563023930084142
38,136,58,65.68303887152818,7.683038871528183
38,137,57,61.837759930128385,4.837759930128385
38,138,56,58.15478608630953,2.154786086309528
38,139,55,61.8410775637698,6.841077563769801
38,140,54,53.68149912925694,-0.31850087074305833
38,141,53,59.41362981381364,6.4136298138136425
38,142,52,53.664823238417014,1.6648232384170143
38,143,51,50.74219080687832,-0.2578091931216804
38,144,50,49.953792343073566,-0.046207656926434026
38,145,49,45.1731726565054,-3.8268273434945996
38,146,48,38.35616957877649,-9.643830421223512
38,147,47,39.18851190476191,-7.81148809523809
38,148,46,49.561277056277035,3.561277056277035
38,149,45,44.137419056637796,-0.8625809433622038
38,150,44,41.171135396466276,-2.8288646035337237
38,151,43,39.966898974867725,-3.033101025132275
38,152,42,35.46036458333333,-6.53963541666667
38,153,41,35.49755950877826,-5.502440491221741
38,154,40,33.89239583333331,-6.10760416666669
38,155,39,29.114903273809517,-9.885096726190483
38,156,38,29.235066964285714,-8.764933035714286
38,157,37,34.162821362665106,-2.837178637334894
38,158,36,30.233204365079366,-5.7667956349206335
38,159,35,31.985391865079336,-3.014608134920664
38,160,34,30.606369047619054,-3.3936309523809456
38,161,33,32.786878939075635,-0.21312106092436522
38,162,32,28.409747023809516,-3.5902529761904844
38,163,31,28.371041666666663,-2.628958333333337
38,164,30,29.89307663690476,-0.10692336309524109
38,165,29,27.72252232142857,-1.2774776785714295
38,166,28,27.088609012515256,-0.9113909874847437
38,167,27,22.51707837301588,-4.482921626984119
38,168,26,20.332544798352988,-5.667455201647012
38,169,25,18.970491071428576,-6.029508928571424
38,170,24,19.766229118663592,-4.233770881336408
38,171,23,18.611927083333324,-4.388072916666676
38,172,22,18.101733630952374,-3.898266369047626
38,173,21,17.607678571428565,-3.392321428571435
38,174,20,14.978050595238091,-5.021949404761909
38,175,19,16.443556547619046,-2.556443452380954
38,176,18,14.430181051587304,-3.5698189484126956
38,177,17,12.17340773809524,-4.826592261904761
38,178,16,8.957641369047618,-7.042358630952382
38,179,15,11.957839781746035,-3.042160218253965
38,180,14,7.830029761904763,-6.169970238095237
38,181,13,7.902442956349201,-5.097557043650799
38,182,12,6.52767857142857,-5.47232142857143
38,183,11,6.992378472222224,-4.007621527777776
38,184,10,7.022504960317459,-2.977495039682541
38,185,9,4.881510416666664,-4.118489583333336
38,186,8,5.709618055555552,-2.290381944444448
38,187,7,3.6826661706349206,-3.3173338293650794
38,188,6,3.055312500000001,-2.944687499999999
38,189,5,0.6099246933621929,-4.390075306637807
38,190,4,0.0,-4.0
38,191,3,0.0,-3.0
38,192,2,0.0,-2.0
38,193,1,0.0,-1.0
38,194,0,0.0,0.0
39,1,125,112.8737295925401,-12.126270407459899
39,2,125,115.69798211085511,-9.302017889144892
39,3,125,117.53991725694034,-7.460082743059658
39,4,124,117.42880678759721,-6.57119321240279
39,5,123,117.27987994899361,-5.72012005100639
39,6,122,117.37723988068353,-4.622760119316467
39,7,121,116.83493192790516,-4.16506807209484
39,8,120,115.72620308708615,-4.273796912913852
39,9,119,116.34337259526544,-2.6566274047345644
39,10,118,116.85217693787197,-1.147823062128026
39,11,117,118.41589782019392,1.4158978201939192
39,12,116,117.04322646998901,1.0432264699890084
39,13,115,116.89363809190729,1.8936380919072917
39,14,114,115.45313997690997,1.4531399769099664
39,15,113,113.5049127041337,0.5049127041337016
39,16,112,116.96462402355687,4.9646240235568655
39,17,111,115.55513517001239,4.555135170012392
39,18,110,117.53655988794192,7.5365598879419196
39,19,109,116.6030607339671,7.603060733967098
39,20,108,118.50061505551848,10.50061505551848
39,21,107,117.01269289783673,10.012692897836729
39,22,106,117.14020714102062,11.140207141020625
39,23,105,115.90102071425727,10.901020714257271
39,24,104,118.07139055284264,14.071390552842644
39,25,103,116.2560558959274,13.256055895927403
39,26,102,113.51475120289085,11.51475120289085
39,27,101,112.25922445501449,11.25922445501449
39,28,100,113.15977726740559,13.159777267405588
39,29,99,113.4127268553403,14.412726855340296
39,30,98,113.5589931258377,15.558993125837702
39,31,97,116.29051774751694,19.290517747516944
39,32,96,117.10289703728704,21.102897037287036
39,33,95,117.21858417225295,22.218584172252946
39,34,94,115.65298979991337,21.65298979991337
39,35,93,115.245065289598,22.245065289598003
39,36,92,112.47836053338601,20.47836053338601
39,37,91,114.17830236294984,23.178302362949836
39,38,90,114.41819951017423,24.418199510174233
39,39,89,116.13364066813863,27.133640668138625
39,40,88,112.62387699613066,24.62387699613066
39,41,87,113.3245040378144,26.324504037814407
39,42,86,113.35651957120675,27.356519571206746
39,43,85,114.63978984199926,29.63978984199926
39,44,84,112.8126757705893,28.812675770589294
39,45,83,113.53035921653161,30.530359216531608
39,46,82,110.3075907202395,28.307590720239503
39,47,81,111.47178569904807,30.47178569904807
39,48,80,111.80174894336137,31.801748943361375
39,49,79,114.3795473814807,35.379547381480705
39,50,78,113.6460852833379,35.6460852833379
39,51,77,110.43340254913726,33.433402549137256
39,52,76,109.94716422429306,33.94716422429306
39,53,75,115.03408061644754,40.03408061644754
39,54,74,113.17304472714378,39.173044727143775
39,55,73,114.76651304754566,41.76651304754566
39,56,72,107.75122970598758,35.75122970598758
39,57,71,111.31652232911992,40.31652232911992
39,58,70,108.18765786276295,38.18765786276295
39,59,69,111.44269098340794,42.44269098340794
39,60,68,113.03636642880545,45.03636642880545
39,61,67,110.55965161319125,43.55965161319125
39,62,66,112.63511068942418,46.63511068942418
39,63,65,107.03721016877266,42.03721016877266
39,64,64,105.59764947649823,41.59764947649823
39,65,63,103.72909058002809,40.729090580028085
39,66,62,95.95118055555555,33.95118055555555
39,67,61,97.8540550595238,36.8540550595238
39,68,60,87.5604910714286,27.5604910714286
39,69,59,76.94200892857144,17.94200892857144
39,70,58,75.84382440476193,17.843824404761932
39,71,57,80.47959201388889,23.47959201388889
39,72,56,78.52098710317463,22.520987103174633
39,73,55,74.79890027507216,19.798900275072157
39,74,54,90.50546626984129,36.50546626984129
39,75,53,84.58861359126983,31.588613591269834
39,76,52,76.39345982142858,24.39345982142858
39,77,51,76.90960565476189,25.90960565476189
39,78,50,65.30080853174606,15.300808531746057
39,79,49,73.24498883928575,24.244988839285753
39,80,48,72.18069097222224,24.180690972222237
39,81,47,68.23561507936508,21.235615079365076
39,82,46,62.43264723389355,16.432647233893547
39,83,45,65.1644419642857,20.1644419642857
39,84,44,56.20863839285713,12.208638392857132
39,85,43,52.14463979341739,9.14463979341739
39,86,42,56.67349454365079,14.67349454365079
39,87,41,49.54346891534391,8.543468915343908
39,88,40,52.06114831349206,12.061148313492062
39,89,39,53.68222222222222,14.682222222222222
39,90,38,48.02627480158729,10.026274801587292
39,91,37,46.12327876984126,9.123278769841257
39,92,36,45.88355654761905,9.883556547619051
39,93,35,45.17154007073845,10.171540070738452
39,94,34,41.8782316468254,7.878231646825398
39,95,33,44.77822420634919,11.778224206349194
39,96,32,36.72035714285715,4.7203571428571465
39,97,31,35.36926091269842,4.369260912698422
39,98,30,34.535733225108224,4.535733225108224
39,99,29,33.412842261904764,4.412842261904764
39,100,28,29.2394376007979,1.239437600797899
39,101,27,28.644861111111112,1.644861111111112
39,102,26,27.939684794372297,1.9396847943722975
39,103,25,24.00124007936509,-0.9987599206349103
39,104,24,24.303499278499277,0.3034992784992774
39,105,23,24.86638136883542,1.8663813688354196
39,106,22,22.6614732142857,0.6614732142856994
39,107,21,25.96760085978836,4.967600859788359
39,108,20,27.332680224867723,7.3326802248677225
39,109,19,23.381926256613763,4.381926256613763
39,110,18,21.32468344155844,3.3246834415584416
39,111,17,21.942321428571415,4.9423214285714145
39,112,16,17.73534970238095,1.735349702380951
39,113,15,15.866651785714286,0.8666517857142857
39,114,14,12.211125992063494,-1.7888740079365064
39,115,13,8.805922619047617,-4.194077380952383
39,116,12,7.805238095238096,-4.194761904761904
39,117,11,6.732291666666665,-4.267708333333335
39,118,10,1.9719742063492065,-8.028025793650794
39,119,9,0.583541666666668,-8.416458333333331
39,120,8,0.0,-8.0
39,121,7,0.0,-7.0
39,122,6,0.0,-6.0
39,123,5,0.0,-5.0
39,124,4,0.0,-4.0
39,125,3,0.0,-3.0
39,126,2,0.0,-2.0
39,127,1,0.0,-1.0
39,128,0,0.0,0.0
40,1,125,103.9899173592393,-21.0100826407607
40,2,125,102.73458333333333,-22.265416666666667
40,3,125,98.91860356845896,-26.081396431541037
40,4,125,112.7699053406863,-12.230094659313707
40,5,125,113.7863510840501,-11.213648915949904
40,6,125,113.09100177078759,-11.908998229212415
40,7,125,112.97107559596148,-12.02892440403852
40,8,125,113.02611048117845,-11.97388951882155
40,9,125,108.95621257931467,-16.043787420685334
40,10,125,111.66090373740266,-13.339096262597337
40,11,125,107.07925172881039,-17.92074827118961
40,12,125,107.93942050779359,-17.060579492206415
40,13,125,110.97957607824807,-14.020423921751927
40,14,125,112.39302391085403,-12.606976089145974
40,15,125,113.12796867689865,-11.872031323101353
40,16,125,111.7748885034079,-13.225111496592106
40,17,125,106.93908287299493,-18.06091712700507
40,18,125,104.92125379182619,-20.07874620817381
40,19,125,108.87718800523585,-16.12281199476415
40,20,125,111.59099709656721,-13.409002903432793
40,21,125,112.64447967396589,-12.35552032603411
40,22,125,108.82431582139262,-16.175684178607384
40,23,125,107.7750980702582,-17.224901929741804
40,24,125,112.58396981057604,-12.416030189423964
40,25,125,111.3332668760039,-13.666733123996096
40,26,125,109.52007164166564,-15.479928358334362
40,27,125,113.17114028293841,-11.82885971706159
40,28,125,116.09456556802702,-8.905434431972978
40,29,125,116.48568508144714,-8.514314918552856
40,30,125,111.7171088458545,-13.282891154145503
40,31,125,112.51088983730571,-12.489110162694288
40,32,125,110.92257990739651,-14.07742009260349
40,33,125,112.86064636988253,-12.13935363011747
40,34,125,109.85533560480704,-15.144664395192962
40,35,125,110.62688286741596,-14.373117132584042
40,36,125,100.1392017840684,-24.860798215931595
40,37,125,111.3783396744969,-13.6216603255031
40,38,125,108.63106114043728,-16.368938859562718
40,39,125,103.08784972747507,-21.912150272524926
40,40,125,102.26359926937516,-22.736400730624837
40,41,125,110.48302117951145,-14.516978820488546
40,42,125,108.41104274827796,-16.588957251722036
40,43,125,108.26408262515619,-16.735917374843808
40,44,125,112.21997574207076,-12.780024257929242
40,45,125,111.06828821834654,-13.931711781653462
40,46,125,102.5883964453594,-22.411603554640607
40,47,125,99.60087542165077,-25.39912457834923
40,48,125,98.46885845134702,-26.531141548652982
40,49,125,100.82181134264104,-24.17818865735896
40,50,125,107.41009187321444,-17.58990812678556
40,51,125,105.27729205305442,-19.722707946945576
40,52,125,106.072822296494,-18.927177703506004
40,53,125,114.54984969188033,-10.450150308119674
40,54,125,109.6523618038681,-15.347638196131896
40,55,125,102.92340111818157,-22.076598881818427
40,56,125,110.19373193449192,-14.806268065508078
40,57,125,107.54023227370892,-17.459767726291076
40,58,125,108.44412536526038,-16.555874634739624
40,59,125,107.84961748584399,-17.150382514156007
40,60,125,111.9416772132254,-13.058322786774596
40,61,125,108.96979060932654,-16.030209390673463
40,62,125,109.52344370275777,-15.476556297242226
40,63,125,95.92905143359245,-29.07094856640755
40,64,124,106.25772264906337,-17.742277350936632
40,65,123,102.76752861856599,-20.23247138143401
40,66,122,105.09011592325987,-16.909884076740127
40,67,121,105.9187323082494,-15.081267691750597
40,68,120,103.35258456819565,-16.647415431804347
40,69,119,102.58474283444586,-16.415257165554138
40,70,118,100.95075874630848,-17.04924125369152
40,71,117,102.97032139332848,-14.029678606671524
40,72,116,98.72513460281888,-17.274865397181117
40,73,115,94.46171794204284,-20.53828205795716
40,74,114,94.07457988991402,-19.92542011008598
40,75,113,98.86248320879682,-14.137516791203183
40,76,112,84.99251488095238,-27.007485119047615
40,77,111,80.9045847505669,-30.095415249433103
40,78,110,91.54862263351524,-18.451377366484763
40,79,109,83.4929953686108,-25.507004631389194
40,80,108,84.59554691500254,-23.404453084997456
40,81,107,93.11985159422298,-13.880148405777021
40,82,106,88.8550636398176,-17.1449363601824
40,83,105,90.71454365079364,-14.285456349206356
40,84,104,85.87553775388184,-18.124462246118156
40,85,103,87.0796279761905,-15.920372023809506
40,86,102,81.74294642857141,-20.257053571428585
40,87,101,75.46718253968254,-25.53281746031746
40,88,100,81.15572375541123,-18.84427624458877
40,89,99,81.41199156746032,-17.58800843253968
40,90,98,84.7426488095238,-13.2573511904762
40,91,97,67.05208806818182,-29.947911931818183
40,92,96,69.54970367494822,-26.45029632505178
40,93,95,69.2671651785714,-25.732834821428597
40,94,94,75.49206845238095,-18.50793154761905
40,95,93,71.83621775793651,-21.16378224206349
40,96,92,76.91296130952381,-15.087038690476192
40,97,91,74.11014565295815,-16.889854347041847
40,98,90,75.22348642676766,-14.776513573232336
40,99,89,72.30715029761906,-16.69284970238094
40,100,88,65.4614608134921,-22.538539186507904
40,101,87,69.29283978174604,-17.70716021825396
40,102,86,67.33227415966385,-18.667725840336146
40,103,85,64.09921673812298,-20.900783261877024
40,104,84,65.60202380952379,-18.397976190476214
40,105,83,63.1058246491412,-19.894175350858802
40,106,82,57.258333333333326,-24.741666666666674
40,107,81,66.59234126984128,-14.407658730158715
40,108,80,57.658113159242205,-22.341886840757795
40,109,79,52.308616747835515,-26.691383252164485
40,110,78,59.50940476190475,-18.490595238095253
40,111,77,60.5304910714286,-16.4695089285714
40,112,76,60.58112373737373,-15.41887626262627
40,113,75,62.87723710317459,-12.122762896825407
40,114,74,59.12401041666668,-14.875989583333322
40,115,73,64.7263872035883,-8.273612796411697
40,116,72,48.94136072954823,-23.05863927045177
40,117,71,56.56108283730159,-14.43891716269841
40,118,70,57.39218729606123,-12.60781270393877
40,119,69,47.892359966422475,-21.107640033577525
40,120,68,57.23509063852813,-10.764909361471872
40,121,67,52.6820982142857,-14.317901785714298
40,122,66,48.710133928571416,-17.289866071428584
40,123,65,49.25975627670938,-15.740243723290618
40,124,64,47.502167378775844,-16.497832621224156
40,125,63,51.995385187728935,-11.004614812271065
40,126,62,44.05654523172906,-17.94345476827094
40,127,61,47.679151785714296,-13.320848214285704
40,128,60,44.03971793831168,-15.960282061688318
40,129,59,45.638632828864694,-13.361367171135306
40,130,58,42.66151041666668,-15.33848958333332
40,131,57,43.174867124474986,-13.825132875525014
40,132,56,39.48886073179272,-16.51113926820728
40,133,55,38.314951938131706,-16.685048061868294
40,134,54,39.45382188644688,-14.546178113553118
40,135,53,35.88667983058609,-17.11332016941391
40,136,52,35.61619143009767,-16.383808569902328
40,137,51,41.43507684676436,-9.56492315323564
40,138,50,39.1350827991453,-10.864917200854698
40,139,49,43.771628909285155,-5.228371090714845
40,140,48,39.97168498168499,-8.028315018315013
40,141,47,41.042621149571765,-5.957378850428235
40,142,46,38.0426489659139,-7.957351034086102
40,143,45,41.78853918650795,-3.211460813492053
40,144,44,35.9153184254471,-8.084681574552903
40,145,43,28.14048363095238,-14.859516369047618
40,146,42,35.90273313492063,-6.097266865079369
40,147,41,32.46949185692182,-8.53050814307818
40,148,40,29.389510511466412,-10.610489488533588
40,149,39,30.43495202175697,-8.56504797824303
40,150,38,29.108549107142856,-8.891450892857144
40,151,37,29.500211767399257,-7.499788232600743
40,152,36,26.553124144772852,-9.446875855227148
40,153,35,28.14018515667759,-6.859814843322411
40,154,34,20.58540178571429,-13.41459821428571
40,155,33,21.66919642857143,-11.330803571428572
40,156,32,19.290104839422273,-12.709895160577727
40,157,31,19.6426899377175,-11.357310062282501
40,158,30,16.49890760281385,-13.501092397186149
40,159,29,17.21957217261904,-11.780427827380962
40,160,28,15.034415636446887,-12.965584363553113
40,161,27,15.241074862637365,-11.758925137362635
40,162,26,14.892395833333342,-11.107604166666658
40,163,25,19.122872023809528,-5.877127976190472
40,164,24,16.638064414112925,-7.361935585887075
40,165,23,17.660284090909094,-5.339715909090906
40,166,22,14.680211038961033,-7.319788961038967
40,167,21,15.898229166666674,-5.101770833333326
40,168,20,14.97149496336997,-5.02850503663003
40,169,19,11.456212797619049,-7.543787202380951
40,170,18,12.79998782467533,-5.2000121753246695
40,171,17,13.844650297619047,-3.1553497023809527
40,172,16,11.778940972222223,-4.221059027777777
40,173,15,9.447929067460313,-5.552070932539687
40,174,14,7.5818725198412675,-6.4181274801587325
40,175,13,7.019389880952376,-5.980610119047624
40,176,12,6.501797969187679,-5.498202030812321
40,177,11,6.5894543650793675,-4.4105456349206325
40,178,10,3.3541752013305324,-6.645824798669468
40,179,9,5.9773561507936535,-3.0226438492063465
40,180,8,3.1354315476190457,-4.864568452380954
40,181,7,1.0426667542016812,-5.957333245798319
40,182,6,0.0,-6.0
40,183,5,0.0,-5.0
40,184,4,0.0,-4.0
40,185,3,0.0,-3.0
40,186,2,0.0,-2.0
40,187,1,0.0,-1.0
40,188,0,0.0,0.0
41,1,125,118.55802858819584,-6.441971411804161
41,2,125,117.36609755389713,-7.633902446102866
41,3,125,117.09160778450094,-7.908392215499063
41,4,125,114.30981022853113,-10.690189771468866
41,5,125,116.79678699025287,-8.203213009747131
41,6,125,115.93649841776796,-9.063501582232036
41,7,125,116.91281190146753,-8.087188098532465
41,8,125,117.95210275760765,-7.047897242392352
41,9,125,118.14158867919632,-6.8584113208036825
41,10,125,117.67830103981426,-7.321698960185742
41,11,125,118.4910955567303,-6.508904443269699
41,12,125,118.06358527800731,-6.936414721992691
41,13,125,118.37391513087282,-6.626084869127183
41,14,125,119.63984730082106,-5.36015269917894
41,15,125,117.99531232290178,-7.004687677098218
41,16,125,117.58891595129141,-7.411084048708588
41,17,125,117.7774783321228,-7.222521667877203
41,18,125,117.04888326924541,-7.951116730754592
41,19,125,117.86773784280717,-7.132262157192827
41,20,125,117.2565555879537,-7.743444412046301
41,21,125,117.3332005587024,-7.666799441297599
41,22,125,116.39552254822236,-8.60447745177764
41,23,125,118.66378037101947,-6.33621962898053
41,24,125,117.40309116821092,-7.596908831789079
41,25,125,116.74165800021164,-8.258341999788357
41,26,125,115.6598751946165,-9.340124805383496
41,27,125,115.6120790221203,-9.387920977879702
41,28,125,116.56210843304711,-8.437891566952885
41,29,125,116.41107464695195,-8.588925353048054
41,30,125,117.8549709860026,-7.1450290139974015
41,31,125,117.04218009051417,-7.957819909485835
41,32,125,114.59865562736888,-10.401344372631115
41,33,125,116.3810168345012,-8.618983165498804
41,34,125,117.40266552138644,-7.597334478613561
41,35,125,117.01689135825409,-7.983108641745915
41,36,125,116.59646350024386,-8.403536499756143
41,37,125,117.58840371755961,-7.411596282440385
41,38,125,117.12177459972618,-7.87822540027382
41,39,125,117.0972476934486,-7.902752306551406
41,40,125,116.73421948615692,-8.265780513843083
41,41,125,117.225642038817,-7.774357961183
41,42,125,115.37536962830147,-9.62463037169853
41,43,125,116.33741398180743,-8.66258601819257
41,44,125,115.9106157345013,-9.089384265498694
41,45,125,114.8336385366908,-10.166361463309201
41,46,125,117.34861790104333,-7.651382098956674
41,47,125,114.47955780999226,-10.520442190007742
41,48,125,115.60631650462123,-9.393683495378767
41,49,125,111.86136568348923,-13.138634316510775
41,50,125,112.9319126525995,-12.068087347400507
41,51,125,111.984739625887,-13.015260374112998
41,52,125,110.42710427492496,-14.572895725075043
41,53,125,111.03367660045281,-13.966323399547193
41,54,125,110.81656506109925,-14.183434938900746
41,55,125,111.00607596296557,-13.993924037034432
41,56,125,110.09636021548013,-14.903639784519868
41,57,125,108.95265960973549,-16.04734039026451
41,58,125,108.03418156526433,-16.965818434735667
41,59,125,111.16412298305492,-13.835877016945076
41,60,125,114.0505070843559,-10.9494929156441
41,61,125,110.50182671340367,-14.498173286596327
41,62,125,107.75251307305409,-17.24748692694591
41,63,125,110.88802249554908,-14.11197750445092
41,64,125,108.66907546337727,-16.33092453662273
41,65,125,109.8893561010949,-15.110643898905096
41,66,125,106.20125023318526,-18.798749766814737
41,67,125,106.67688962181929,-18.323110378180715
41,68,125,103.58922875389644,-21.410771246103565
41,69,125,105.20224613677003,-19.79775386322997
41,70,125,102.98589252544939,-22.014107474550613
41,71,125,103.31431819395921,-21.68568180604079
41,72,125,107.89876048237679,-17.101239517623213
41,73,125,107.17833180484072,-17.821668195159276
41,74,125,103.86407785335184,-21.135922146648156
41,75,125,102.83310308699276,-22.166896913007236
41,76,125,101.06567587074451,-23.934324129255486
41,77,125,105.43584683873719,-19.56415316126281
41,78,125,104.16272415867607,-20.83727584132393
41,79,125,107.41336703102824,-17.586632968971756
41,80,125,106.76888138001911,-18.23111861998089
41,81,125,100.750835143078,-24.249164856921993
41,82,125,101.2649372836365,-23.7350627163635
41,83,125,97.32667034309158,-27.67332965690842
41,84,125,95.63672477660651,-29.363275223393487
41,85,125,98.93938310795026,-26.060616892049737
41,86,125,97.62007136735579,-27.37992863264421
41,87,125,100.56582882410558,-24.43417117589442
41,88,125,106.56735240019736,-18.432647599802635
41,89,125,102.42057550958313,-22.57942449041687
41,90,125,107.25476994693653,-17.745230053063466
41,91,125,108.8972562822785,-16.102743717721495
41,92,124,105.19404558811019,-18.805954411889815
41,93,123,104.56954238034521,-18.43045761965479
41,94,122,110.30885406951172,-11.691145930488275
41,95,121,106.95493093392615,-14.04506906607385
41,96,120,102.22137583342878,-17.77862416657122
41,97,119,95.18078566109818,-23.819214338901816
41,98,118,94.06355534392709,-23.936444656072908
41,99,117,97.61515786385337,-19.38484213614663
41,100,116,93.15776447510822,-22.842235524891777
41,101,115,89.41462646422204,-25.58537353577796
41,102,114,92.57766057880437,-21.42233942119563
41,103,113,93.13664594725451,-19.863354052745493
41,104,112,93.56541193804358,-18.43458806195642
41,105,111,93.82730800938894,-17.172691990611057
41,106,110,98.83347549152236,-11.166524508477636
41,107,109,95.67251325757576,-13.327486742424242
41,108,108,97.19364674952708,-10.806353250472924
41,109,107,93.01266149639739,-13.987338503602615
41,110,106,91.33379536875725,-14.66620463124275
41,111,105,98.37611928104575,-6.623880718954254
41,112,104,93.02757763811266,-10.97242236188734
41,113,103,87.24794034090911,-15.75205965909089
41,114,102,90.54006181744847,-11.459938182551525
41,115,101,92.32145265763607,-8.678547342363927
41,116,100,93.04133581519274,-6.958664184807262
41,117,99,95.05469130756761,-3.9453086924323912
41,118,98,94.51500030821117,-3.484999691788829
41,119,97,96.65537547342414,-0.3446245265758563
41,120,96,88.44532909385688,-7.554670906143116
41,121,95,87.48002107941142,-7.519978920588585
41,122,94,86.49518086665326,-7.504819133346743
41,123,93,85.66763554665744,-7.332364453342564
41,124,92,80.04925623946897,-11.950743760531026
41,125,91,80.7368923932377,-10.263107606762304
41,126,90,79.18356742965841,-10.81643257034159
41,127,89,80.08750518483056,-8.912494815169438
41,128,88,64.25029449002794,-23.74970550997206
41,129,87,76.82167287484438,-10.178327125155619
41,130,86,70.80775793650791,-15.192242063492088
41,131,85,76.53012993106742,-8.469870068932579
41,132,84,66.36854166666666,-17.63145833333334
41,133,83,75.02639832559039,-7.973601674409608
41,134,82,72.88069399815001,-9.119306001849992
41,135,81,74.56871336996342,-6.431286630036581
41,136,80,77.43532242063495,-2.5646775793650534
41,137,79,79.51892014562611,0.5189201456261117
41,138,78,83.16922900815999,5.169229008159988
41,139,77,68.87363014505655,-8.126369854943448
41,140,76,77.40031304548945,1.4003130454894546
41,141,75,72.53445856227106,-2.4655414377289446
41,142,74,70.72681939223057,-3.273180607769433
41,143,73,68.38634152300412,-4.61365847699588
41,144,72,70.46477710183207,-1.5352228981679303
41,145,71,67.35492098281618,-3.645079017183818
41,146,70,63.49384077380955,-6.506159226190448
41,147,69,63.79220275081461,-5.20779724918539
41,148,68,57.98596650882011,-10.014033491179887
41,149,67,55.13042223299576,-11.869577767004238
41,150,66,57.267609598933106,-8.732390401066894
41,151,65,58.17130233990148,-6.82869766009852
41,152,64,60.569053576980735,-3.4309464230192646
41,153,63,58.3460424684803,-4.653957531519701
41,154,62,59.1253977272727,-2.8746022727273015
41,155,61,60.12966517857146,-0.8703348214285427
41,156,60,55.42210416062976,-4.5778958393702425
41,157,59,55.21380482006022,-3.7861951799397815
41,158,58,53.40618315821981,-4.593816841780189
41,159,57,52.34733588968504,-4.652664110314959
41,160,56,51.44734857625484,-4.552651423745161
41,161,55,51.556289682539706,-3.443710317460294
41,162,54,51.94599026751506,-2.0540097324849427
41,163,53,48.112099358974376,-4.887900641025624
41,164,52,46.86205145344852,-5.137948546551478
41,165,51,51.71518973214286,0.7151897321428606
41,166,50,46.81630276751506,-3.1836972324849384
41,167,49,48.0490128968254,-0.9509871031745973
41,168,48,45.828430059523825,-2.171569940476175
41,169,47,46.170329861111114,-0.8296701388888863
41,170,46,45.56901785714285,-0.43098214285714675
41,171,45,45.7673511904762,0.767351190476198
41,172,44,44.21824652777778,0.21824652777777942
41,173,43,48.12914840367968,5.129148403679679
41,174,42,47.186562499999965,5.186562499999965
41,175,41,39.76753720238095,-1.2324627976190499
41,176,40,42.297321428571436,2.2973214285714363
41,177,39,39.1695635775862,0.169563577586203
41,178,38,39.227361111111136,1.2273611111111364
41,179,37,40.583727678571435,3.583727678571435
41,180,36,37.2360782967033,1.2360782967032975
41,181,35,32.16063988095239,-2.839360119047612
41,182,34,35.55113839285714,1.5511383928571405
41,183,33,34.43155944749695,1.4315594474969515
41,184,32,32.215089285714285,0.21508928571428498
41,185,31,32.54796874999999,1.5479687499999883
41,186,30,28.245967261904767,-1.7540327380952334
41,187,29,26.919156746031764,-2.0808432539682364
41,188,28,24.358950892857138,-3.6410491071428623
41,189,27,19.924605654761905,-7.075394345238095
41,190,26,23.96124999999999,-2.038750000000011
41,191,25,20.705960735171267,-4.294039264828733
41,192,24,18.23609983766234,-5.763900162337659
41,193,23,20.55764136904763,-2.44235863095237
41,194,22,18.07156994047619,-3.9284300595238086
41,195,21,14.84123511904761,-6.15876488095239
41,196,20,16.402782738095233,-3.597217261904767
41,197,19,15.403563988095243,-3.596436011904757
41,198,18,17.400319940476187,-0.5996800595238128
41,199,17,14.593648313492068,-2.406351686507932
41,200,16,14.705387780112044,-1.2946122198879557
41,201,15,14.738303571428567,-0.26169642857143316
41,202,14,14.370543154761911,0.37054315476191135
41,203,13,15.485190972222231,2.485190972222231
41,204,12,11.75400297619047,-0.24599702380952948
41,205,11,10.391976686507927,-0.6080233134920725
41,206,10,9.022723214285715,-0.9772767857142846
41,207,9,7.991929563492061,-1.0080704365079391
41,208,8,6.740539547258296,-1.2594604527417044
41,209,7,5.865833333333331,-1.134166666666669
41,210,6,4.031284722222221,-1.968715277777779
41,211,5,1.0576636904761916,-3.9423363095238084
41,212,4,0.03483630952381045,-3.9651636904761896
41,213,3,0.0,-3.0
41,214,2,0.0,-2.0
41,215,1,0.0,-1.0
41,216,0,0.0,0.0
42,1,125,117.08777651378121,-7.912223486218792
42,2,125,118.81604394019533,-6.183956059804672
42,3,125,117.62479392135643,-7.375206078643572
42,4,125,119.02679463036182,-5.97320536963818
42,5,125,117.92317071575334,-7.0768292842466565
42,6,125,117.16816740062988,-7.8318325993701166
42,7,125,117.8379121946072,-7.162087805392801
42,8,125,117.90882581651806,-7.0911741834819395
42,9,125,116.81074312736317,-8.189256872636832
42,10,125,116.60926890246544,-8.390731097534555
42,11,125,115.85990884500814,-9.140091154991865
42,12,125,118.06618628298045,-6.933813717019547
42,13,125,116.50758123671805,-8.492418763281947
42,14,125,114.17345277068485,-10.826547229315153
42,15,125,112.94649024761137,-12.053509752388635
42,16,125,117.15781721144033,-7.842182788559668
42,17,125,114.38813679847081,-10.61186320152919
42,18,125,115.33753683331761,-9.662463166682386
42,19,125,117.04848659713562,-7.951513402864379
42,20,125,114.67320981767398,-10.326790182326022
42,21,125,116.24262786206414,-8.75737213793586
42,22,125,115.67651438056082,-9.323485619439182
42,23,125,115.94455520618438,-9.055444793815624
42,24,125,116.66025058768336,-8.339749412316635
42,25,125,115.71258065940079,-9.287419340599214
42,26,125,117.546317105969,-7.4536828940310045
42,27,125,116.70055237512277,-8.299447624877232
42,28,125,115.2509188333787,-9.749081166621295
42,29,125,118.07815465342041,-6.9218453465795875
42,30,125,116.01033906761356,-8.989660932386442
42,31,125,117.14424810441983,-7.85575189558017
42,32,125,116.99207834017821,-8.00792165982179
42,33,125,116.23110836695939,-8.76889163304061
42,34,125,116.67460716417432,-8.325392835825681
42,35,125,117.31583509575307,-7.684164904246927
42,36,125,117.54727831765577,-7.452721682344233
42,37,125,116.96085688809826,-8.039143111901737
42,38,125,115.81010443313873,-9.189895566861267
42,39,125,114.74574290273627,-10.254257097263732
42,40,125,114.79807292501144,-10.20192707498856
42,41,125,116.22778833647196,-8.77221166352804
42,42,125,116.32007697932154,-8.679923020678459
42,43,125,117.51259688780081,-7.487403112199189
42,44,125,116.9950793946153,-8.004920605384697
42,45,125,116.21050256248323,-8.789497437516772
42,46,125,117.55513626554657,-7.444863734453435
42,47,125,116.82449444008701,-8.175505559912992
42,48,125,116.27209436478122,-8.727905635218775
42,49,125,115.58903286933119,-9.410967130668809
42,50,125,115.75901441460844,-9.240985585391556
42,51,125,114.57211813628564,-10.427881863714362
42,52,125,112.9245788747406,-12.075421125259396
42,53,125,112.22852849589768,-12.771471504102323
42,54,125,114.23426656446945,-10.76573343553055
42,55,125,114.10588109489177,-10.894118905108229
42,56,125,115.20073022259574,-9.799269777404263
42,57,125,112.64296006523689,-12.357039934763108
42,58,125,113.92830250304485,-11.071697496955153
42,59,125,114.09639882176143,-10.903601178238574
42,60,125,109.04531492674434,-15.95468507325566
42,61,125,108.00643531063733,-16.99356468936267
42,62,125,107.89223632408168,-17.10776367591832
42,63,125,107.53248909578568,-17.467510904214322
42,64,125,106.86535418023834,-18.13464581976166
42,65,125,107.83990335878859,-17.16009664121141
42,66,125,110.09990953129527,-14.900090468704732
42,67,125,104.5854309401282,-20.414569059871795
42,68,125,103.67518420664392,-21.32481579335608
42,69,125,103.56239293357562,-21.437607066424377
42,70,125,105.68622272160765,-19.31377727839235
42,71,125,104.59418141491842,-20.405818585081576
42,72,124,102.99830781229923,-21.00169218770077
42,73,123,110.46408636540704,-12.535913634592958
42,74,122,102.72895536853184,-19.271044631468158
42,75,121,101.61468846324019,-19.385311536759815
42,76,120,103.63219656641029,-16.367803433589714
42,77,119,104.41954509741227,-14.580454902587732
42,78,118,104.86410103843482,-13.135898961565175
42,79,117,101.29845728026324,-15.701542719736764
42,80,116,104.8920399775775,-11.107960022422503
42,81,115,105.56448291771797,-9.435517082282033
42,82,114,101.10481409137272,-12.895185908627283
42,83,113,97.30012684147248,-15.699873158527524
42,84,112,106.00805912256665,-5.9919408774333505
42,85,111,100.88646953649202,-10.113530463507985
42,86,110,101.82211839108359,-8.177881608916408
42,87,109,96.45054264033004,-12.549457359669958
42,88,108,102.4563473415069,-5.543652658493102
42,89,107,100.08405435810614,-6.915945641893856
42,90,106,98.49338499522199,-7.506615004778013
42,91,105,99.88347484540998,-5.116525154590022
42,92,104,102.90050808815423,-1.0994919118457744
42,93,103,96.4370502515304,-6.562949748469606
42,94,102,99.44366784255787,-2.556332157442128
42,95,101,97.8044018025627,-3.195598197437306
42,96,100,95.08045652378604,-4.91954347621396
42,97,99,95.7978192304104,-3.202180769589603
42,98,98,91.5276962977814,-6.472303702218596
42,99,97,97.28412174749778,0.2841217474977782
42,100,96,91.87241748618948,-4.127582513810523
42,101,95,91.54359829657311,-3.4564017034268915
42,102,94,89.48260382407685,-4.517396175923153
42,103,93,89.6862775349348,-3.3137224650651973
42,104,92,89.7676408681983,-2.232359131801701
42,105,91,87.86350440472873,-3.1364955952712705
42,106,90,87.89419961063705,-2.1058003893629547
42,107,89,86.81654189112002,-2.183458108879975
42,108,88,84.83134224469836,-3.1686577553016377
42,109,87,85.15220845378028,-1.8477915462197245
42,110,86,85.52441106330485,-0.47558893669514646
42,111,85,82.67523430022939,-2.3247656997706088
42,112,84,84.96837359235886,0.9683735923588586
42,113,83,86.50829281497106,3.508292814971057
42,114,82,89.91517846493468,7.915178464934684
42,115,81,89.64073871447155,8.640738714471553
42,116,80,88.53194389933736,8.531943899337364
42,117,79,87.64544023106332,8.645440231063318
42,118,78,92.16264731054716,14.162647310547158
42,119,77,89.87401847599445,12.874018475994447
42,120,76,84.72815242961666,8.728152429616657
42,121,75,88.90153912271975,13.901539122719754
42,122,74,89.58705883385663,15.58705883385663
42,123,73,82.76371499804115,9.763714998041152
42,124,72,84.78106315533628,12.781063155336284
42,125,71,84.54049445223038,13.540494452230377
42,126,70,91.10874907220301,21.10874907220301
42,127,69,82.19418219619162,13.194182196191619
42,128,68,80.96622699820902,12.966226998209024
42,129,67,77.06708527030126,10.067085270301263
42,130,66,83.26119282404441,17.261192824044414
42,131,65,83.69202933434283,18.692029334342834
42,132,64,71.0008231438848,7.000823143884801
42,133,63,70.37067469609175,7.370674696091754
42,134,62,73.23901230915723,11.239012309157232
42,135,61,64.81266646890334,3.8126664689033447
42,136,60,71.2565885847979,11.256588584797896
42,137,59,71.02575045201407,12.025750452014066
42,138,58,67.18544931813435,9.185449318134346
42,139,57,80.32082059216995,23.32082059216995
42,140,56,88.5037292125978,32.503729212597804
42,141,55,86.18966343121502,31.189663431215024
42,142,54,87.30805908383093,33.308059083830926
42,143,53,87.52907062940919,34.52907062940919
42,144,52,80.26683496315192,28.266834963151922
42,145,51,82.6256665060553,31.625666506055296
42,146,50,75.97063969017097,25.97063969017097
42,147,49,78.27974956203218,29.27974956203218
42,148,48,80.89931763285026,32.899317632850256
42,149,47,85.9050928932179,38.9050928932179
42,150,46,59.10919011544013,13.109190115440128
42,151,45,64.59471331619767,19.59471331619767
42,152,44,62.80140055987502,18.80140055987502
42,153,43,58.432412411236406,15.432412411236406
42,154,42,66.34613199606767,24.34613199606767
42,155,41,65.91063719372596,24.91063719372596
42,156,40,62.63858285886816,22.638582858868162
42,157,39,64.11139239028944,25.11139239028944
42,158,38,57.8801331168831,19.8801331168831
42,159,37,66.28817775974031,29.288177759740307
42,160,36,60.795476357934476,24.795476357934476
42,161,35,56.87051711309523,21.870517113095232
42,162,34,55.606051339285706,21.606051339285706
42,163,33,55.23258057428317,22.23258057428317
42,164,32,47.52407670454545,15.52407670454545
42,165,31,51.28391741460168,20.28391741460168
42,166,30,46.49574917036652,16.495749170366523
42,167,29,37.996548911184284,8.996548911184284
42,168,28,35.200248015873015,7.200248015873015
42,169,27,34.33974702380952,7.339747023809522
42,170,26,32.747039592352095,6.747039592352095
42,171,25,29.768819444444446,4.768819444444446
42,172,24,26.749279175685427,2.7492791756854267
42,173,23,26.814967261904776,3.8149672619047763
42,174,22,28.687914186507953,6.687914186507953
42,175,21,25.105815972222235,4.105815972222235
42,176,20,30.327414321789313,10.327414321789313
42,177,19,27.8055891504329,8.805589150432901
42,178,18,21.906257440476196,3.906257440476196
42,179,17,22.067522321428577,5.0675223214285765
42,180,16,21.7362822420635,5.736282242063499
42,181,15,13.82298859126984,-1.1770114087301593
42,182,14,15.213132440476187,1.213132440476187
42,183,13,12.926073908730157,-0.0739260912698434
42,184,12,13.375959821428573,1.375959821428573
42,185,11,14.23312251984127,3.2331225198412703
42,186,10,10.071116071428573,0.07111607142857324
42,187,9,10.782269345238095,1.7822693452380953
42,188,8,8.848095238095231,0.8480952380952314
42,189,7,7.5137493235930695,0.5137493235930695
42,190,6,4.937804383116884,-1.0621956168831161
42,191,5,2.4893070652173916,-2.5106929347826084
42,192,4,4.6449320652173895,0.6449320652173895
42,193,3,2.6799736555714784,-0.3200263444285216
42,194,2,2.060047123015873,0.060047123015873005
42,195,1,1.4604380175983405,0.46043801759834047
42,196,0,1.7002430555555552,1.7002430555555552
43,1,125,117.40204861111116,-7.597951388888845
43,2,125,119.44555428350888,-5.5544457164911165
43,3,125,117.08966131407169,-7.910338685928309
43,4,125,119.67332846064315,-5.326671539356852
43,5,125,119.87905052968156,-5.120949470318436
43,6,125,119.76902887048887,-5.230971129511133
43,7,125,119.96977716091287,-5.030222839087131
43,8,125,119.48720210402784,-5.512797895972156
43,9,125,119.42991990705816,-5.570080092941836
43,10,125,118.37678501909622,-6.623214980903782
43,11,125,118.39294536490077,-6.607054635099232
43,12,125,119.05682001099645,-5.9431799890035535
43,13,125,119.23260939146317,-5.767390608536829
43,14,125,119.25027271029812,-5.74972728970188
43,15,125,119.04306645610538,-5.956933543894621
43,16,125,118.96475081622505,-6.035249183774951
43,17,125,118.62552447501642,-6.3744755249835805
43,18,125,118.96291525105372,-6.037084748946285
43,19,125,118.5611881800766,-6.4388118199234015
43,20,125,118.91406047169048,-6.085939528309524
43,21,125,116.60379695007461,-8.39620304992539
43,22,125,118.01458546474183,-6.9854145352581725
43,23,125,118.5033081526818,-6.496691847318203
43,24,125,118.4848476746462,-6.515152325353796
43,25,125,118.36955408124788,-6.630445918752116
43,26,125,119.09009783201938,-5.9099021679806185
43,27,125,118.43733821551905,-6.562661784480952
43,28,125,118.69301273464286,-6.306987265357137
43,29,125,118.5864083495333,-6.413591650466699
43,30,125,118.42633253190039,-6.5736674680996146
43,31,125,118.21726383231692,-6.782736167683083
43,32,125,117.86156246021137,-7.138437539788626
43,33,125,119.08297615687493,-5.917023843125065
43,34,125,118.28425649394372,-6.715743506056285
43,35,125,118.20608682491309,-6.793913175086914
43,36,125,119.30699049039804,-5.693009509601964
43,37,125,119.2176726954281,-5.7823273045718935
43,38,125,118.61162243448378,-6.3883775655162225
43,39,125,119.17578015818553,-5.824219841814468
43,40,125,117.00127692500594,-7.998723074994061
43,41,125,116.67513186081904,-8.324868139180964
43,42,125,116.67743965496584,-8.322560345034162
43,43,125,115.7961677496208,-9.203832250379193
43,44,125,116.49270416768323,-8.507295832316771
43,45,125,115.36465741278403,-9.635342587215973
43,46,125,114.8934945196228,-10.106505480377194
43,47,125,115.73825122882332,-9.261748771176684
43,48,125,114.89483852347182,-10.105161476528181
43,49,125,114.69722954890044,-10.302770451099562
43,50,125,115.7538811658986,-9.246118834101395
43,51,125,114.4158001741325,-10.5841998258675
43,52,125,114.16116113202978,-10.838838867970225
43,53,125,115.04768504851452,-9.952314951485477
43,54,125,116.28993388993868,-8.71006611006132
43,55,125,115.91481404646069,-9.085185953539309
43,56,125,115.98892889760782,-9.01107110239218
43,57,125,113.94594074423067,-11.054059255769332
43,58,125,113.14585790379053,-11.854142096209472
43,59,125,110.64842987751058,-14.35157012248942
43,60,125,115.46663043678673,-9.53336956321327
43,61,125,116.10954870488642,-8.890451295113579
43,62,125,109.25834301550576,-15.741656984494242
43,63,125,110.73521097271673,-14.264789027283271
43,64,125,111.36417823742389,-13.635821762576114
43,65,125,112.17731483451857,-12.822685165481431
43,66,125,111.54463757688487,-13.455362423115133
43,67,125,111.57554183502612,-13.424458164973885
43,68,125,112.28073824946689,-12.719261750533107
43,69,125,114.17667503360192,-10.823324966398076
43,70,125,112.43278799852389,-12.567212001476108
43,71,125,112.26552294131992,-12.734477058680085
43,72,125,115.45003735021817,-9.549962649781833
43,73,125,114.11067269866382,-10.88932730133618
43,74,125,113.3569866877619,-11.643013312238097
43,75,125,114.18881679856865,-10.811183201431348
43,76,125,112.89273456222,-12.10726543778
43,77,125,111.76275821797815,-13.237241782021854
43,78,125,110.91556347158648,-14.08443652841352
43,79,125,109.65199692625963,-15.348003073740372
43,80,125,109.16895443618535,-15.831045563814655
43,81,125,113.32236246708992,-11.677637532910083
43,82,125,110.78960523565797,-14.210394764342027
43,83,124,108.97854071376798,-15.021459286232016
43,84,123,113.70835058949191,-9.291649410508086
43,85,122,109.28112501356622,-12.718874986433775
43,86,121,104.6728637453657,-16.327136254634297
43,87,120,100.62866778621864,-19.371332213781358
43,88,119,104.11306986407354,-14.886930135926463
43,89,118,103.9253135359149,-14.074686464085104
43,90,117,109.74092964013398,-7.259070359866016
43,91,116,106.7243197980471,-9.275680201952895
43,92,115,101.15216634508826,-13.847833654911739
43,93,114,104.99675491530499,-9.00324508469501
43,94,113,110.13457980652515,-2.865420193474847
43,95,112,108.65723730511979,-3.342762694880207
43,96,111,109.02670939733858,-1.9732906026614216
43,97,110,100.28023222789247,-9.71976777210753
43,98,109,106.57680932316813,-2.423190676831865
43,99,108,108.3816477681981,0.381647768198107
43,100,107,103.34700436349246,-3.6529956365075407
43,101,106,104.01228475276564,-1.9877152472343624
43,102,105,106.90386426627319,1.9038642662731888
43,103,104,106.06473593400979,2.0647359340097893
43,104,103,99.3699624774121,-3.630037522587898
43,105,102,98.42343382658851,-3.576566173411493
43,106,101,99.99942247365979,-1.0005775263402086
43,107,100,102.65280958017965,2.6528095801796496
43,108,99,102.02634397531804,3.026343975318042
43,109,98,97.72788960014528,-0.27211039985472496
43,110,97,100.76224214282031,3.7622421428203126
43,111,96,92.32872578675679,-3.6712742132432084
43,112,95,100.32668260362013,5.326682603620128
43,113,94,93.12072670352009,-0.8792732964799086
43,114,93,99.03258433687017,6.032584336870173
43,115,92,88.67601626604684,-3.323983733953156
43,116,91,91.29534842093287,0.29534842093286784
43,117,90,87.13204604981442,-2.86795395018558
43,118,89,96.84091139211428,7.840911392114279
43,119,88,90.94445170543041,2.94445170543041
43,120,87,91.36135229221912,4.361352292219124
43,121,86,88.80889339201664,2.8088933920166426
43,122,85,89.29379983367667,4.2937998336766725
43,123,84,88.96044848576695,4.960448485766946
43,124,83,87.21087229305118,4.210872293051182
43,125,82,95.51594959026383,13.51594959026383
43,126,81,93.74586073657187,12.74586073657187
43,127,80,89.45061729755986,9.450617297559859
43,128,79,92.28542725287424,13.285427252874243
43,129,78,90.24347934184912,12.243479341849124
43,130,77,86.39973617508747,9.399736175087469
43,131,76,87.00568019930505,11.005680199305047
43,132,75,93.4322836252519,18.4322836252519
43,133,74,84.70207221566281,10.70207221566281
43,134,73,91.99834487039794,18.998344870397943
43,135,72,90.14556157378573,18.145561573785727
43,136,71,82.93544536080873,11.935445360808728
43,137,70,85.09769054597344,15.097690545973435
43,138,69,83.45110505171263,14.45110505171263
43,139,68,84.75212059799618,16.752120597996182
43,140,67,83.30062995828281,16.300629958282812
43,141,66,89.45583978219857,23.455839782198566
43,142,65,86.38582347191075,21.385823471910754
43,143,64,85.6394216626169,21.639421662616897
43,144,63,94.2367098224714,31.236709822471397
43,145,62,92.35149979823638,30.351499798236375
43,146,61,93.08007337501326,32.08007337501326
43,147,60,89.5640168676504,29.564016867650395
43,148,59,85.85026258506582,26.85026258506582
43,149,58,84.25188202021309,26.25188202021309
43,150,57,86.67193194737871,29.67193194737871
43,151,56,79.07376514387434,23.07376514387434
43,152,55,82.35235593469815,27.352355934698153
43,153,54,82.06252376896511,28.062523768965107
43,154,53,73.51851382056819,20.518513820568188
43,155,52,75.34436382463255,23.344363824632552
43,156,51,78.54185661640864,27.541856616408637
43,157,50,76.18176653140969,26.181766531409693
43,158,49,75.45154305876116,26.45154305876116
43,159,48,68.88540679868203,20.885406798682027
43,160,47,72.46054614643235,25.46054614643235
43,161,46,72.64442445728291,26.64442445728291
43,162,45,69.21581058729463,24.215810587294627
43,163,44,60.873697916666686,16.873697916666686
43,164,43,72.67475486829349,29.67475486829349
43,165,42,68.77306116854638,26.773061168546377
43,166,41,59.706522817460296,18.706522817460296
43,167,40,60.770479910714286,20.770479910714286
43,168,39,60.006844093406585,21.006844093406585
43,169,38,48.36711061507937,10.367110615079369
43,170,37,54.2607452876984,17.2607452876984
43,171,36,45.291977362914864,9.291977362914864
43,172,35,44.572168109668134,9.572168109668134
43,173,34,43.39270936884097,9.392709368840968
43,174,33,44.25444676539584,11.25444676539584
43,175,32,42.76147021409371,10.761470214093713
43,176,31,39.34551066468255,8.34551066468255
43,177,30,40.120267990969595,10.120267990969595
43,178,29,38.100206304112554,9.100206304112554
43,179,28,38.447938112745106,10.447938112745106
43,180,27,39.915821608946615,12.915821608946615
43,181,26,35.3426762820513,9.3426762820513
43,182,25,37.40094967532469,12.40094967532469
43,183,24,34.64757482101231,10.647574821012313
43,184,23,29.385826452892985,6.385826452892985
43,185,22,25.951643311001853,3.9516433110018525
43,186,21,24.659109371987654,3.659109371987654
43,187,20,24.799394459706964,4.7993944597069635
43,188,19,22.203162202380962,3.2031622023809625
43,189,18,18.26881696428572,0.268816964285719
43,190,17,13.318099296536797,-3.681900703463203
43,191,16,13.12098958333333,-2.87901041666667
43,192,15,12.997805059523802,-2.0021949404761976
43,193,14,10.217422161172157,-3.7825778388278426
43,194,13,9.047842261904766,-3.9521577380952344
43,195,12,9.958876488095246,-2.041123511904754
43,196,11,8.843055555555555,-2.156944444444445
43,197,10,8.111547619047622,-1.888452380952378
43,198,9,6.3331820436507975,-2.6668179563492025
43,199,8,5.938563988095236,-2.061436011904764
43,200,7,4.950282738095241,-2.0497172619047586
43,201,6,1.4485813492063517,-4.551418650793648
43,202,5,0.8482738095238105,-4.1517261904761895
43,203,4,0.0,-4.0
43,204,3,0.0,-3.0
43,205,2,0.0,-2.0
43,206,1,0.0,-1.0
43,207,0,0.0,0.0
44,1,125,118.2310397127832,-6.7689602872167995
44,2,125,116.38185133962043,-8.618148660379575
44,3,125,118.23330607967951,-6.766693920320492
44,4,125,116.62252839929212,-8.377471600707878
44,5,125,117.81858511120818,-7.181414888791821
44,6,125,116.245099944629,-8.754900055370996
44,7,125,115.57525634984931,-9.424743650150688
44,8,125,118.35488695046908,-6.64511304953092
44,9,125,118.64877705939406,-6.351222940605936
44,10,125,117.6758736892784,-7.324126310721596
44,11,125,115.96800417159713,-9.03199582840287
44,12,125,117.33339393456284,-7.666606065437165
44,13,125,117.33326920290376,-7.6667307970962355
44,14,125,115.77100544341445,-9.228994556585548
44,15,125,116.25438740079366,-8.74561259920634
44,16,125,117.04668374140894,-7.953316258591059
44,17,125,115.69651834891684,-9.30348165108316
44,18,125,117.4692687645748,-7.530731235425193
44,19,125,118.03835711945551,-6.961642880544488
44,20,125,117.57227002735729,-7.427729972642709
44,21,125,115.42259191176473,-9.577408088235273
44,22,125,116.0663416062331,-8.933658393766905
44,23,125,112.20020993666677,-12.799790063333234
44,24,125,113.35317512069669,-11.64682487930331
44,25,125,113.99162865796185,-11.008371342038146
44,26,125,116.63147053129401,-8.368529468705987
44,27,125,114.29828676422684,-10.701713235773155
44,28,125,115.48828808633498,-9.511711913665025
44,29,125,112.32080879174632,-12.679191208253684
44,30,125,115.13072297994162,-9.869277020058377
44,31,125,114.85794728286744,-10.142052717132557
44,32,125,116.69592625458843,-8.304073745411571
44,33,125,116.81905360406445,-8.18094639593555
44,34,125,117.27431188194097,-7.7256881180590256
44,35,125,117.96024863718678,-7.03975136281322
44,36,125,116.61073274914898,-8.38926725085102
44,37,125,118.26436366530757,-6.73563633469243
44,38,125,115.46469810261775,-9.535301897382254
44,39,125,112.94327652969791,-12.056723470302089
44,40,125,114.5852176784794,-10.414782321520605
44,41,125,116.33973278970981,-8.660267210290186
44,42,125,118.895320062365,-6.104679937634998
44,43,125,117.71508000455158,-7.284919995448419
44,44,125,115.31911087704586,-9.680889122954142
44,45,125,116.50161858594342,-8.498381414056581
44,46,125,116.7847711833178,-8.215228816682199
44,47,125,113.95439145923517,-11.045608540764832
44,48,125,116.63965276981101,-8.360347230188992
44,49,125,116.81740844602896,-8.182591553971037
44,50,125,115.4116391370266,-9.588360862973403
44,51,125,113.62718459887125,-11.372815401128747
44,52,125,114.08660120290881,-10.91339879709119
44,53,125,114.56961369278199,-10.430386307218015
44,54,125,112.5021988251352,-12.497801174864804
44,55,125,108.83023755656109,-16.169762443438913
44,56,125,111.52404398818842,-13.475956011811576
44,57,125,113.34924107142857,-11.650758928571435
44,58,125,109.86945920868348,-15.13054079131652
44,59,125,108.68791666666668,-16.31208333333332
44,60,125,111.25751747513539,-13.742482524864613
44,61,125,111.91665661857512,-13.083343381424882
44,62,125,111.86139056974403,-13.138609430255968
44,63,125,111.97232199498077,-13.027678005019226
44,64,125,113.71365327816743,-11.286346721832572
44,65,125,112.74731123901924,-12.25268876098076
44,66,125,111.50146096840137,-13.498539031598625
44,67,125,111.26685386263539,-13.733146137364614
44,68,124,108.25378051456653,-15.746219485433471
44,69,123,109.90348329452301,-13.096516705476986
44,70,122,109.4368595897718,-12.5631404102282
44,71,121,108.71412882989368,-12.285871170106319
44,72,120,108.15639347429257,-11.843606525707429
44,73,119,110.10674450301929,-8.893255496980714
44,74,118,109.87323193206979,-8.126768067930215
44,75,117,109.93855589617525,-7.061444103824755
44,76,116,109.30088614711349,-6.699113852886512
44,77,115,107.48178419935057,-7.518215800649429
44,78,114,110.52399098392559,-3.476009016074414
44,79,113,107.25776065040756,-5.742239349592438
44,80,112,107.25531631846427,-4.744683681535733
44,81,111,103.93102490972379,-7.068975090276211
44,82,110,106.33459213743603,-3.665407862563967
44,83,109,102.79683584959814,-6.203164150401861
44,84,108,101.82652671996667,-6.173473280033335
44,85,107,99.93204614614142,-7.067953853858583
44,86,106,98.68238900491387,-7.3176109950861274
44,87,105,101.335905122435,-3.664094877565006
44,88,104,101.68924752877606,-2.3107524712239353
44,89,103,100.96936416354461,-2.0306358364553887
44,90,102,97.21659068316963,-4.783409316830372
44,91,101,94.80848589983563,-6.191514100164369
44,92,100,94.40555004625386,-5.594449953746135
44,93,99,98.428793593519,-0.5712064064809965
44,94,98,92.93555926642645,-5.064440733573548
44,95,97,96.49415291313976,-0.5058470868602427
44,96,96,98.14759708754828,2.1475970875482773
44,97,95,97.77208261880631,2.7720826188063086
44,98,94,85.6987105262065,-8.301289473793503
44,99,93,92.75995821359713,-0.24004178640286966
44,100,92,97.78130232749795,5.781302327497954
44,101,91,96.3763293727674,5.376329372767401
44,102,90,95.81066713047304,5.8106671304730355
44,103,89,98.26737279070387,9.267372790703874
44,104,88,92.92640442704186,4.926404427041859
44,105,87,98.41338830808748,11.413388308087477
44,106,86,97.02114502059581,11.02114502059581
44,107,85,95.90940660035025,10.909406600350252
44,108,84,88.39410137910798,4.39410137910798
44,109,83,95.21163048145542,12.211630481455416
44,110,82,94.18269657400188,12.18269657400188
44,111,81,88.79084744117057,7.79084744117057
44,112,80,92.81263147203535,12.81263147203535
44,113,79,90.31463650678495,11.31463650678495
44,114,78,88.70092474499441,10.70092474499441
44,115,77,91.9232258919343,14.923225891934294
44,116,76,91.26225251007948,15.262252510079477
44,117,75,90.89023014660788,15.890230146607877
44,118,74,81.76292836043834,7.7629283604383374
44,119,73,88.8436637075405,15.8436637075405
44,120,72,78.61986513295223,6.619865132952228
44,121,71,84.15761300066507,13.157613000665066
44,122,70,89.70357092406152,19.703570924061523
44,123,69,84.19114405233357,15.19114405233357
44,124,68,80.31987648903213,12.319876489032126
44,125,67,85.34927964537897,18.34927964537897
44,126,66,87.97536011924069,21.97536011924069
44,127,65,87.18480487352173,22.184804873521728
44,128,64,81.37187707208885,17.37187707208885
44,129,63,89.80026497924533,26.800264979245327
44,130,62,85.50789012474462,23.50789012474462
44,131,61,71.54889312893816,10.548893128938161
44,132,60,73.43310049470817,13.433100494708171
44,133,59,75.9553861215539,16.9553861215539
44,134,58,79.77119468217212,21.771194682172123
44,135,57,68.92961727138773,11.929617271387727
44,136,56,78.38640758072727,22.386407580727266
44,137,55,71.30961584736869,16.30961584736869
44,138,54,73.17257903158,19.17257903158
44,139,53,66.47033234126981,13.47033234126981
44,140,52,68.30658797136279,16.306587971362788
44,141,51,68.61019371345029,17.610193713450286
44,142,50,79.98351389838231,29.983513898382313
44,143,49,71.04443255634851,22.04443255634851
44,144,48,72.8675719246032,24.867571924603197
44,145,47,67.89381760432667,20.89381760432667
44,146,46,58.128314011121105,12.128314011121105
44,147,45,69.72371071620888,24.723710716208885
44,148,44,63.132464340915305,19.132464340915305
44,149,43,59.63900868362613,16.63900868362613
44,150,42,64.24511584051724,22.245115840517244
44,151,41,66.41713067015598,25.417130670155984
44,152,40,52.17641166125543,12.176411661255429
44,153,39,48.54874053030304,9.548740530303043
44,154,38,53.623186927746964,15.623186927746964
44,155,37,55.63185808982687,18.63185808982687
44,156,36,63.52203455795616,27.52203455795616
44,157,35,56.75094438170527,21.750944381705267
44,158,34,57.013943162590536,23.013943162590536
44,159,33,44.04914790071038,11.04914790071038
44,160,32,54.28713961038962,22.287139610389623
44,161,31,45.21497258562516,14.214972585625162
44,162,30,43.94125988503457,13.941259885034569
44,163,29,46.688735736577016,17.688735736577016
44,164,28,53.91298430735931,25.91298430735931
44,165,27,46.96124846059113,19.96124846059113
44,166,26,50.12122332673376,24.121223326733762
44,167,25,46.30687669695071,21.30687669695071
44,168,24,37.938466678337974,13.938466678337974
44,169,23,34.90627728174604,11.906277281746043
44,170,22,40.38174107142857,18.38174107142857
44,171,21,34.31120287698411,13.311202876984112
44,172,20,28.954624669312167,8.954624669312167
44,173,19,23.194647686925645,4.194647686925645
44,174,18,22.723267450142448,4.723267450142448
44,175,17,21.39443948412698,4.3944394841269805
44,176,16,17.842281746031745,1.8422817460317447
44,177,15,18.334010416666665,3.334010416666665
44,178,14,13.993809523809514,-0.006190476190486294
44,179,13,11.28650297619048,-1.71349702380952
44,180,12,13.082306547619044,1.0823065476190443
44,181,11,11.55169890873016,0.5516989087301596
44,182,10,8.588139880952383,-1.411860119047617
44,183,9,10.087790178571424,1.0877901785714243
44,184,8,5.470372023809523,-2.5296279761904774
44,185,7,4.699499007936504,-2.300500992063496
44,186,6,3.8117228084415586,-2.1882771915584414
44,187,5,3.006809613997115,-1.993190386002885
44,188,4,1.6621947934312074,-2.3378052065687926
44,189,3,1.0591517857142847,-1.9408482142857153
44,190,2,0.5751190476190482,-1.4248809523809518
44,191,1,0.45908887987012914,-0.5409111201298709
44,192,0,0.0,0.0
45,1,125,119.30022177419355,-5.699778225806455
45,2,125,119.34270833333335,-5.6572916666666515
45,3,125,119.8274366554054,-5.172563344594593
45,4,125,117.98489583333333,-7.015104166666674
45,5,125,119.0421875,-5.957812500000003
45,6,125,119.94583333333335,-5.054166666666646
45,7,125,119.27025489631338,-5.729745103686625
45,8,125,119.84674687445158,-5.153253125548417
45,9,125,118.73133020778491,-6.268669792215093
45,10,125,119.2032344560618,-5.796765543938207
45,11,125,119.4508962264151,-5.549103773584903
45,12,125,119.57606694014797,-5.423933059852033
45,13,125,119.05383287716795,-5.946167122832051
45,14,125,119.29053908355797,-5.709460916442026
45,15,125,119.01392857142858,-5.986071428571421
45,16,125,119.5965460280024,-5.403453971997607
45,17,125,119.84660332207207,-5.15339667792793
45,18,125,119.07307313233264,-5.926926867667362
45,19,125,119.87758820829694,-5.122411791703058
45,20,125,118.90286231884056,-6.097137681159438
45,21,125,118.07228036006067,-6.927719639939326
45,22,125,118.61228373015874,-6.387716269841263
45,23,125,118.04633454106283,-6.9536654589371665
45,24,125,119.18562028486849,-5.814379715131508
45,25,125,119.18745803809823,-5.812541961901772
45,26,125,119.05275467266377,-5.947245327336233
45,27,125,119.35895291147953,-5.641047088520466
45,28,125,119.02240367214536,-5.977596327854641
45,29,125,119.08489938913647,-5.915100610863533
45,30,125,119.76508638480705,-5.234913615192951
45,31,125,118.98541113232224,-6.014588867677759
45,32,125,116.71813177420816,-8.28186822579184
45,33,125,119.90222832207208,-5.097771677927923
45,34,124,119.58704584869756,-4.4129541513024435
45,35,123,119.2721130952381,-3.7278869047619025
45,36,122,117.64178763440859,-4.358212365591413
45,37,121,119.498125,-1.5018749999999983
45,38,120,119.39864583333333,-0.6013541666666669
45,39,119,119.22348731884058,0.22348731884058282
45,40,118,118.69562499999999,0.6956249999999926
45,41,117,118.80383634091042,1.803836340910422
45,42,116,119.22956415476327,3.229564154763267
45,43,115,119.4896459436,4.489645943599996
45,44,114,117.46927005844046,3.4692700584404577
45,45,113,113.50652989037118,0.5065298903711835
45,46,112,119.07528128049066,7.075281280490657
45,47,111,119.52614583333335,8.526145833333345
45,48,110,119.58331205274388,9.583312052743878
45,49,109,119.2249575944466,10.224957594446593
45,50,108,116.42554860205598,8.425548602055983
45,51,107,118.98552493667103,11.985524936671027
45,52,106,117.29941195022566,11.299411950225661
45,53,105,113.7796437689295,8.779643768929503
45,54,104,115.98712785575651,11.987127855756512
45,55,103,115.67794151779262,12.677941517792618
45,56,102,116.66285179086485,14.662851790864849
45,57,101,114.5876171966022,13.587617196602196
45,58,100,114.20889400118358,14.20889400118358
45,59,99,112.89800230183201,13.898002301832008
45,60,98,112.5378466562963,14.537846656296296
45,61,97,109.45052807679053,12.450528076790533
45,62,96,109.87935839438914,13.879358394389143
45,63,95,115.75283251411679,20.75283251411679
45,64,94,113.58392382896514,19.58392382896514
45,65,93,110.52700978822925,17.52700978822925
45,66,92,105.21612031365437,13.216120313654372
45,67,91,112.56903072757078,21.569030727570777
45,68,90,115.17899905515662,25.178999055156623
45,69,89,115.4912480068032,26.491248006803204
45,70,88,116.52754935063892,28.52754935063892
45,71,87,116.08592477424881,29.08592477424881
45,72,86,112.29768203687615,26.297682036876154
45,73,85,115.89243527643634,30.892435276436345
45,74,84,117.44686688639408,33.446866886394076
45,75,83,114.34980740628392,31.349807406283915
45,76,82,114.90521330533991,32.90521330533991
45,77,81,109.907906387663,28.907906387663004
45,78,80,112.00501186458374,32.005011864583736
45,79,79,111.65337259018709,32.65337259018709
45,80,78,112.04323443512676,34.04323443512676
45,81,77,111.46889164196891,34.46889164196891
45,82,76,111.24446358335301,35.24446358335301
45,83,75,102.06715492011008,27.067154920110085
45,84,74,103.26949188122872,29.269491881228717
45,85,73,105.65837543348967,32.65837543348967
45,86,72,102.69701009407838,30.69701009407838
45,87,71,94.56841949517721,23.56841949517721
45,88,70,89.37075271694927,19.37075271694927
45,89,69,98.25467761199877,29.254677611998773
45,90,68,92.61103000752595,24.611030007525954
45,91,67,85.09045612043295,18.090456120432947
45,92,66,92.75940834587716,26.759408345877162
45,93,65,88.64542983117586,23.64542983117586
45,94,64,93.54180395074698,29.54180395074698
45,95,63,90.02360549969464,27.02360549969464
45,96,62,94.87369025249426,32.87369025249426
45,97,61,86.74503106497566,25.745031064975663
45,98,60,83.75036557991834,23.750365579918338
45,99,59,85.60736777453624,26.607367774536243
45,100,58,84.43792058937836,26.437920589378365
45,101,57,79.69579502458903,22.69579502458903
45,102,56,82.47909074714134,26.479090747141342
45,103,55,89.17470531556891,34.174705315568914
45,104,54,88.4818943308481,34.48189433084811
45,105,53,86.69304721208451,33.69304721208451
45,106,52,77.83567256069094,25.835672560690938
45,107,51,84.61831640989732,33.61831640989732
45,108,50,71.70897321428575,21.70897321428575
45,109,49,76.08523568139378,27.085235681393783
45,110,48,75.40818490938885,27.40818490938885
45,111,47,86.78847248237874,39.78847248237874
45,112,46,85.57427445460081,39.57427445460081
45,113,45,89.40041819638698,44.40041819638698
45,114,44,70.80665178571431,26.80665178571431
45,115,43,87.23846682764477,44.23846682764477
45,116,42,71.30584997616805,29.305849976168048
45,117,41,75.20834451656353,34.20834451656353
45,118,40,67.05969494047619,27.05969494047619
45,119,39,72.43297321847163,33.43297321847163
45,120,38,68.63530450008952,30.635304500089518
45,121,37,62.592218828320796,25.592218828320796
45,122,36,64.66386904761903,28.66386904761903
45,123,35,60.94648944805195,25.94648944805195
45,124,34,61.68203373015872,27.68203373015872
45,125,33,64.95982233044732,31.959822330447324
45,126,32,53.281612103174574,21.281612103174574
45,127,31,56.12074404761904,25.12074404761904
45,128,30,50.70776785714285,20.707767857142848
45,129,29,51.56366567460318,22.56366567460318
45,130,28,49.76672619047618,21.766726190476177
45,131,27,49.134457102645875,22.134457102645875
45,132,26,40.91893353174601,14.918933531746013
45,133,25,41.81292906746033,16.81292906746033
45,134,24,43.23716112012987,19.23716112012987
45,135,23,36.755799062049064,13.755799062049064
45,136,22,34.60960813492064,12.609608134920641
45,137,21,35.95018353174602,14.95018353174602
45,138,20,33.542628968253965,13.542628968253965
45,139,19,29.46845982142859,10.468459821428588
45,140,18,24.47596726190476,6.47596726190476
45,141,17,24.307730654761922,7.307730654761922
45,142,16,21.350610795454543,5.350610795454543
45,143,15,23.741599702380956,8.741599702380956
45,144,14,24.10709293394778,10.10709293394778
45,145,13,15.10678323412699,2.10678323412699
45,146,12,15.072753711415395,3.0727537114153947
45,147,11,15.5944568452381,4.594456845238099
45,148,10,11.85593005952381,1.8559300595238106
45,149,9,9.439618055555552,0.43961805555555244
45,150,8,8.473085317460317,0.4730853174603169
45,151,7,10.268720238095238,3.268720238095238
45,152,6,8.23600694444444,2.2360069444444406
45,153,5,5.514199862637362,0.5141998626373621
45,154,4,5.6445312500000036,1.6445312500000036
45,155,3,3.414211309523811,0.4142113095238109
45,156,2,0.0,-2.0
45,157,1,0.0,-1.0
45,158,0,0.0,0.0
46,1,125,116.08941991590214,-8.910580084097859
46,2,125,116.26745710784314,-8.732542892156857
46,3,125,117.69256931826783,-7.307430681732171
46,4,125,118.49522493131869,-6.504775068681312
46,5,125,117.92754095873784,-7.072459041262164
46,6,125,119.2436988191261,-5.756301180873905
46,7,125,119.0735087692608,-5.926491230739202
46,8,125,119.04319313979015,-5.956806860209852
46,9,125,119.42562159145393,-5.5743784085460675
46,10,125,119.61184586498148,-5.3881541350185245
46,11,125,119.5968014951693,-5.403198504830698
46,12,125,119.73626891035428,-5.263731089645717
46,13,125,119.436338795002,-5.563661204997999
46,14,125,118.86857169701179,-6.131428302988212
46,15,125,117.85574628027753,-7.144253719722471
46,16,125,119.5651541794771,-5.434845820522895
46,17,125,118.96821181141145,-6.03178818858855
46,18,125,118.63653877411643,-6.363461225883569
46,19,125,119.01257413034712,-5.987425869652881
46,20,125,119.17953869047622,-5.820461309523779
46,21,125,118.54784226190478,-6.452157738095224
46,22,125,119.64200552002535,-5.35799447997465
46,23,125,119.79437159145391,-5.20562840854609
46,24,125,119.71259304207119,-5.287406957928809
46,25,125,119.39749056807605,-5.602509431923949
46,26,125,119.53402244119336,-5.465977558806642
46,27,125,119.43626392533994,-5.563736074660056
46,28,125,119.87104938271605,-5.128950617283948
46,29,125,119.81448688271605,-5.185513117283946
46,30,125,119.73375000000001,-5.266249999999985
46,31,125,120.0,-5.0
46,32,125,119.85104166666665,-5.148958333333354
46,33,125,119.97107168113538,-5.028928318864615
46,34,125,119.99992897727273,-5.000071022727269
46,35,125,119.94534564393939,-5.05465435606061
46,36,125,119.78591261061948,-5.2140873893805235
46,37,125,119.87760416666666,-5.122395833333343
46,38,125,119.94797091094749,-5.05202908905251
46,39,125,119.05808657653188,-5.941913423468122
46,40,125,119.90231256844235,-5.097687431557645
46,41,125,118.9973065321708,-6.002693467829204
46,42,125,119.07201727150705,-5.92798272849295
46,43,125,119.50503952446692,-5.494960475533077
46,44,125,118.7039506428038,-6.296049357196196
46,45,125,118.95046965245942,-6.049530347540582
46,46,125,116.85085799210246,-8.149142007897538
46,47,125,118.52717132171408,-6.4728286782859215
46,48,125,119.3108997579834,-5.689100242016593
46,49,125,118.87670179531656,-6.1232982046834366
46,50,125,116.20764612324282,-8.792353876757176
46,51,125,115.85852313867488,-9.141476861325117
46,52,125,117.52718904091822,-7.472810959081784
46,53,125,116.35334248739505,-8.646657512604946
46,54,125,113.82894590705277,-11.17105409294723
46,55,125,114.99323834502896,-10.006761654971044
46,56,125,113.6633616582269,-11.336638341773096
46,57,125,115.1004774800759,-9.899522519924105
46,58,125,115.77270433697484,-9.22729566302516
46,59,125,117.14427749031456,-7.855722509685435
46,60,125,117.0589547589052,-7.941045241094798
46,61,125,116.3190895083792,-8.680910491620807
46,62,125,114.2232743035426,-10.776725696457405
46,63,125,115.94936363700326,-9.050636362996741
46,64,125,114.40163419913418,-10.598365800865821
46,65,125,116.89166746243954,-8.108332537560457
46,66,125,117.32838569223983,-7.671614307760166
46,67,125,115.05245821064389,-9.947541789356109
46,68,125,116.59011262224408,-8.409887377755922
46,69,125,113.53110822307164,-11.46889177692836
46,70,125,116.88948622804082,-8.110513771959177
46,71,125,118.39517051216424,-6.604829487835758
46,72,125,117.13990363802864,-7.860096361971358
46,73,125,115.76731619917965,-9.232683800820354
46,74,125,112.92828327162825,-12.071716728371754
46,75,125,114.71036605323354,-10.289633946766457
46,76,125,115.96714548319328,-9.032854516806722
46,77,125,116.49868500712253,-8.501314992877468
46,78,125,116.94970557509619,-8.05029442490381
46,79,125,115.2955266372522,-9.704473362747805
46,80,125,117.49012901274007,-7.50987098725993
46,81,125,115.80641081979584,-9.193589180204157
46,82,125,117.6350788670577,-7.3649211329423
46,83,125,117.54683896062633,-7.4531610393736685
46,84,125,116.07977055219389,-8.920229447806108
46,85,125,115.33061815798399,-9.669381842016008
46,86,125,116.05107085231934,-8.948929147680659
46,87,125,115.59424840156123,-9.40575159843877
46,88,125,113.68049728286981,-11.319502717130192
46,89,125,117.50877176387007,-7.491228236129928
46,90,125,117.04869440769212,-7.951305592307875
46,91,125,114.22535265643248,-10.774647343567523
46,92,125,112.33361378053874,-12.666386219461259
46,93,125,112.79707779261375,-12.202922207386251
46,94,125,111.54675752437011,-13.453242475629892
46,95,125,110.74484105197982,-14.255158948020181
46,96,125,110.43288007966505,-14.567119920334946
46,97,125,110.6735684059203,-14.326431594079693
46,98,125,110.75166921013754,-14.248330789862464
46,99,125,111.76794009122348,-13.23205990877652
46,100,125,109.64379126974727,-15.356208730252732
46,101,125,110.39835021375106,-14.601649786248942
46,102,125,114.16086852959646,-10.839131470403544
46,103,125,113.40701573774803,-11.592984262251974
46,104,125,111.62273413937585,-13.37726586062415
46,105,125,109.96240115486896,-15.037598845131043
46,106,125,112.4278778736402,-12.572122126359801
46,107,125,112.70174010019579,-12.298259899804208
46,108,125,111.93656284204573,-13.063437157954269
46,109,125,106.97408057602081,-18.02591942397919
46,110,125,105.7337296193322,-19.266270380667805
46,111,125,109.84432571081516,-15.155674289184844
46,112,125,107.16354849610043,-17.836451503899568
46,113,125,106.65103225750545,-18.34896774249455
46,114,125,105.85944728232485,-19.14055271767515
46,115,125,107.92139409351617,-17.07860590648383
46,116,125,106.39949815538348,-18.600501844616517
46,117,125,101.63486081723536,-23.365139182764636
46,118,125,102.39336810014746,-22.606631899852545
46,119,125,105.3918691870452,-19.608130812954798
46,120,125,104.50428922782385,-20.495710772176153
46,121,125,98.63017468748208,-26.369825312517918
46,122,125,102.19541821696548,-22.80458178303452
46,123,125,99.62434530116316,-25.37565469883684
46,124,125,105.76153339369318,-19.238466606306815
46,125,125,102.51514503927956,-22.48485496072044
46,126,125,101.08607094415947,-23.913929055840526
46,127,125,102.75402626456784,-22.24597373543216
46,128,125,103.33926250540044,-21.66073749459956
46,129,125,96.70106428997971,-28.298935710020288
46,130,125,99.72103720991599,-25.27896279008401
46,131,125,96.94846171592687,-28.051538284073132
46,132,124,105.87728343732518,-18.122716562674825
46,133,123,103.73406567144335,-19.265934328556654
46,134,122,105.18062366071777,-16.81937633928223
46,135,121,103.42867000010449,-17.57132999989551
46,136,120,103.14977146592439,-16.85022853407561
46,137,119,104.94096796930997,-14.059032030690034
46,138,118,105.68199417350127,-12.318005826498734
46,139,117,105.09141955068307,-11.90858044931693
46,140,116,102.15667762362781,-13.843322376372186
46,141,115,98.40482180171273,-16.59517819828727
46,142,114,98.50441103179222,-15.495588968207784
46,143,113,107.33028147394093,-5.6697185260590715
46,144,112,100.65989835549075,-11.340101644509247
46,145,111,98.19890009689115,-12.801099903108849
46,146,110,102.39956796463316,-7.600432035366836
46,147,109,90.94712531939176,-18.05287468060824
46,148,108,93.62333338044363,-14.376666619556374
46,149,107,91.05040025347998,-15.949599746520022
46,150,106,94.49325374661676,-11.506746253383241
46,151,105,95.63681561561407,-9.363184384385931
46,152,104,95.25322336109645,-8.746776638903555
46,153,103,95.31624507405998,-7.683754925940022
46,154,102,93.39851358501178,-8.601486414988216
46,155,101,91.29182585687448,-9.708174143125518
46,156,100,97.91372084689979,-2.0862791531002074
46,157,99,97.91204771017865,-1.0879522898213452
46,158,98,100.19446847815843,2.194468478158427
46,159,97,102.54611745225618,5.546117452256183
46,160,96,103.73215794801999,7.732157948019989
46,161,95,105.04239257649408,10.04239257649408
46,162,94,107.16395468087924,13.163954680879243
46,163,93,108.15182830318311,15.151828303183109
46,164,92,103.41727015092738,11.41727015092738
46,165,91,97.77770650853863,6.777706508538628
46,166,90,101.15892679693232,11.15892679693232
46,167,89,102.77186209094991,13.77186209094991
46,168,88,101.64673831679184,13.64673831679184
46,169,87,101.06655260274206,14.066552602742064
46,170,86,100.3934484069518,14.393448406951805
46,171,85,102.54941014691164,17.54941014691164
46,172,84,101.36227206890806,17.362272068908055
46,173,83,103.54819983310396,20.548199833103965
46,174,82,92.85547327695824,10.855473276958236
46,175,81,104.83108729734764,23.831087297347636
46,176,80,99.63933701831775,19.639337018317747
46,177,79,97.59587498472516,18.595874984725157
46,178,78,105.42336871309642,27.423368713096423
46,179,77,94.98560994197241,17.985609941972413
46,180,76,93.43517923091093,17.435179230910933
46,181,75,91.69462843279697,16.694628432796975
46,182,74,93.77754455386089,19.777544553860892
46,183,73,94.43985858941409,21.439858589414087
46,184,72,96.75122191963946,24.751221919639462
46,185,71,95.81143957154936,24.811439571549357
46,186,70,93.0377947109047,23.037794710904706
46,187,69,90.47993938313222,21.47993938313222
46,188,68,88.27644739915573,20.276447399155728
46,189,67,80.4389957234384,13.438995723438396
46,190,66,73.23366875633789,7.233668756337892
46,191,65,73.33001894264827,8.330018942648266
46,192,64,77.48679142053687,13.486791420536875
46,193,63,69.46301918795977,6.463019187959773
46,194,62,66.68667404470531,4.686674044705313
46,195,61,64.0172574951325,3.0172574951324975
46,196,60,73.53641264142509,13.536412641425088
46,197,59,68.7671279761905,9.767127976190494
46,198,58,69.23512378246753,11.235123782467525
46,199,57,72.09483358934975,15.094833589349747
46,200,56,76.30497959726821,20.304979597268215
46,201,55,70.5598822237904,15.559882223790396
46,202,54,77.57816685526653,23.57816685526653
46,203,53,78.85210057767222,25.852100577672218
46,204,52,81.49812526603341,29.498125266033412
46,205,51,80.6159894775356,29.615989477535607
46,206,50,77.09929180757975,27.099291807579746
46,207,49,78.34639425058957,29.34639425058957
46,208,48,77.3273227627325,29.327322762732507
46,209,47,75.67609695141086,28.676096951410855
46,210,46,69.36461226851853,23.364612268518528
46,211,45,65.49868799603176,20.498687996031762
46,212,44,64.53308283730158,20.533082837301578
46,213,43,60.794491907682044,17.794491907682044
46,214,42,62.17779543373295,20.177795433732953
46,215,41,62.273339460784314,21.273339460784314
46,216,40,60.08998363629817,20.08998363629817
46,217,39,54.56993489583333,15.569934895833327
46,218,38,49.5480505952381,11.548050595238102
46,219,37,42.591696428571424,5.591696428571424
46,220,36,37.64213983781919,1.6421398378191867
46,221,35,34.60620535714287,-0.39379464285713084
46,222,34,38.65404208638584,4.654042086385843
46,223,33,43.473095238095254,10.473095238095254
46,224,32,41.88936531670085,9.889365316700847
46,225,31,37.05059523809525,6.050595238095248
46,226,30,44.99827380952381,14.998273809523809
46,227,29,38.73432291666666,9.734322916666663
46,228,28,40.092349473443214,12.092349473443214
46,229,27,40.60022569444444,13.60022569444444
46,230,26,38.57258308531745,12.572583085317447
46,231,25,30.58651413690476,5.586514136904761
46,232,24,33.471627209595965,9.471627209595965
46,233,23,28.45038814484129,5.450388144841291
46,234,22,28.704069940476202,6.704069940476202
46,235,21,24.400031719924822,3.4000317199248222
46,236,20,25.79238667582417,5.792386675824169
46,237,19,24.120629960317462,5.120629960317462
46,238,18,17.49508928571429,-0.5049107142857103
46,239,17,13.968896329365073,-3.031103670634927
46,240,16,13.72849702380952,-2.2715029761904795
46,241,15,16.7835689484127,1.7835689484127002
46,242,14,12.013990575396818,-1.986009424603182
46,243,13,8.359865900383141,-4.6401340996168585
46,244,12,9.79931547619048,-2.200684523809519
46,245,11,9.240870535714288,-1.7591294642857118
46,246,10,6.818066603535353,-3.181933396464647
46,247,9,6.539263392857141,-2.4607366071428594
46,248,8,4.699315476190476,-3.300684523809524
46,249,7,4.577693452380952,-2.4223065476190477
46,250,6,1.9363095238095243,-4.063690476190476
46,251,5,1.5737905844155815,-3.4262094155844185
46,252,4,0.9111755952380927,-3.0888244047619073
46,253,3,0.0,-3.0
46,254,2,0.0,-2.0
46,255,1,0.0,-1.0
46,256,0,0.0,0.0
47,1,125,118.97276153952461,-6.027238460475388
47,2,125,118.95105654761906,-6.048943452380939
47,3,125,119.58760416666667,-5.412395833333335
47,4,125,119.88020833333333,-5.119791666666671
47,5,125,119.67989583333333,-5.320104166666667
47,6,125,119.5015081521739,-5.498491847826102
47,7,125,119.27913690476191,-5.720863095238087
47,8,125,119.71593750000002,-5.284062499999976
47,9,125,119.91661858974358,-5.083381410256422
47,10,125,119.60650815217392,-5.393491847826084
47,11,125,119.78016025641026,-5.219839743589745
47,12,125,119.89456399204244,-5.1054360079575645
47,13,125,119.7529962270341,-5.247003772965897
47,14,125,119.14430733670012,-5.855692663299877
47,15,125,118.93441434765528,-6.065585652344723
47,16,125,118.70748443756258,-6.292515562437416
47,17,125,119.51778246737413,-5.482217532625867
47,18,125,118.89369128925993,-6.106308710740066
47,19,125,118.98719826321658,-6.012801736783416
47,20,125,119.32233324144514,-5.677666758554864
47,21,125,119.38547161036145,-5.614528389638551
47,22,125,119.3509335923396,-5.649066407660399
47,23,125,118.30840773809523,-6.691592261904773
47,24,125,119.40290955400613,-5.597090445993871
47,25,125,119.60461163708703,-5.395388362912968
47,26,125,119.51601286400906,-5.483987135990944
47,27,125,119.0052407079244,-5.994759292075599
47,28,125,118.9686170306757,-6.031382969324298
47,29,125,118.74064507198231,-6.259354928017686
47,30,125,119.70260416666667,-5.297395833333326
47,31,125,119.91453540388548,-5.0854645961145195
47,32,125,119.4472751475706,-5.552724852429407
47,33,125,119.7820756238805,-5.217924376119498
47,34,125,119.4335316584082,-5.566468341591801
47,35,125,119.33141759665807,-5.668582403341929
47,36,125,119.96447161835749,-5.035528381642507
47,37,125,119.97687676740898,-5.0231232325910184
47,38,125,119.85764285714659,-5.142357142853413
47,39,125,119.23448550725008,-5.765514492749915
47,40,125,119.7238877688172,-5.276112231182793
47,41,125,119.26027190290552,-5.739728097094485
47,42,125,118.98577182708259,-6.014228172917413
47,43,125,119.05054942554594,-5.949450574454062
47,44,125,119.44891859396512,-5.551081406034882
47,45,125,118.8982353500991,-6.1017646499009
47,46,125,119.80537162653143,-5.194628373468575
47,47,125,119.01931418373024,-5.980685816269755
47,48,125,119.7642917732124,-5.235708226787594
47,49,125,117.74410571289647,-7.25589428710353
47,50,125,118.92404349453773,-6.075956505462273
47,51,125,117.72640700033635,-7.273592999663649
47,52,125,117.2228144564688,-7.777185543531203
47,53,125,117.54957402767317,-7.450425972326826
47,54,125,115.70389693059637,-9.296103069403628
47,55,125,116.67610332600876,-8.323896673991243
47,56,125,115.09478754490685,-9.90521245509315
47,57,125,115.63207175047498,-9.367928249525022
47,58,125,113.90412330635968,-11.09587669364032
47,59,125,117.59188669941591,-7.408113300584091
47,60,125,118.45190429849163,-6.548095701508373
47,61,125,114.79894932010056,-10.201050679899438
47,62,125,115.40866915277309,-9.591330847226914
47,63,125,114.11415213416653,-10.885847865833469
47,64,125,116.05023941820329,-8.94976058179671
47,65,125,112.34007025116951,-12.659929748830493
47,66,125,115.32893212385173,-9.671067876148271
47,67,125,113.45653742357788,-11.543462576422115
47,68,125,116.5491968300039,-8.450803169996107
47,69,125,114.10516366158595,-10.894836338414052
47,70,125,113.71096465388707,-11.289035346112925
47,71,125,114.42922217174723,-10.570777828252773
47,72,125,112.00853104130783,-12.991468958692167
47,73,125,113.72658249123076,-11.273417508769242
47,74,125,114.37768699710867,-10.622313002891332
47,75,125,115.75812028485043,-9.241879715149565
47,76,125,116.02712474304985,-8.972875256950147
47,77,125,117.74805627245811,-7.251943727541885
47,78,125,115.3240130416925,-9.675986958307504
47,79,125,113.13757305675651,-11.862426943243491
47,80,125,118.10084795254902,-6.899152047450983
47,81,125,117.48150325586869,-7.518496744131312
47,82,125,117.28829779238944,-7.711702207610557
47,83,125,118.38365596830613,-6.61634403169387
47,84,125,116.67179375719869,-8.328206242801315
47,85,125,117.86481499694608,-7.13518500305392
47,86,125,116.82956080258847,-8.170439197411525
47,87,125,115.31551170424981,-9.684488295750185
47,88,125,114.57907602740713,-10.420923972592874
47,89,125,114.95788814920923,-10.042111850790775
47,90,124,115.9424120375619,-8.057587962438106
47,91,123,115.70845013667808,-7.291549863321919
47,92,122,115.3700080072924,-6.629991992707602
47,93,121,115.60123627698627,-5.3987637230137295
47,94,120,112.83043425709332,-7.169565742906684
47,95,119,109.003303940339,-9.996696059661005
47,96,118,106.84301867526763,-11.15698132473237
47,97,117,112.22130152255318,-4.778698477446824
47,98,116,110.21692040595458,-5.783079594045418
47,99,115,107.17673066751104,-7.823269332488962
47,100,114,107.37283221410954,-6.627167785890464
47,101,113,102.55588272531006,-10.444117274689944
47,102,112,104.31696429830193,-7.683035701698074
47,103,111,103.40400704178185,-7.595992958218147
47,104,110,106.45865969439824,-3.5413403056017643
47,105,109,99.33804691887686,-9.661953081123144
47,106,108,97.540828950597,-10.459171049402997
47,107,107,99.720955674424,-7.279044325575995
47,108,106,101.67072639058742,-4.329273609412581
47,109,105,94.51087131892227,-10.48912868107773
47,110,104,104.77403204902892,0.7740320490289179
47,111,103,97.46910714285714,-5.5308928571428595
47,112,102,98.39854447818263,-3.601455521817371
47,113,101,97.26145089285716,-3.7385491071428447
47,114,100,97.68070106291744,-2.3192989370825643
47,115,99,98.61679637047283,-0.38320362952717346
47,116,98,98.10080428450092,0.10080428450092427
47,117,97,95.12664605416668,-1.8733539458333155
47,118,96,93.67542353479853,-2.324576465201474
47,119,95,89.70278732238206,-5.297212677617935
47,120,94,83.77090773809525,-10.229092261904754
47,121,93,98.49290550454953,5.492905504549526
47,122,92,97.1925783648606,5.192578364860594
47,123,91,100.03641454285093,9.036414542850935
47,124,90,93.42450743259265,3.424507432592648
47,125,89,86.14686513704325,-2.8531348629567503
47,126,88,91.45177472060487,3.451774720604874
47,127,87,90.89439995714558,3.8943999571455805
47,128,86,85.28695741758239,-0.7130425824176143
47,129,85,84.50573931277057,-0.49426068722942773
47,130,84,89.05565099868382,5.0556509986838165
47,131,83,88.57234294044383,5.572342940443832
47,132,82,84.98709936850183,2.9870993685018306
47,133,81,90.43375407622518,9.433754076225185
47,134,80,96.24935301531976,16.249353015319755
47,135,79,78.83834602591037,-0.16165397408963145
47,136,78,80.65343960216661,2.653439602166614
47,137,77,81.07359226251629,4.073592262516286
47,138,76,83.32616274656718,7.326162746567178
47,139,75,78.09200853378802,3.092008533788018
47,140,74,92.9301713950318,18.930171395031806
47,141,73,91.15113609366692,18.15113609366692
47,142,72,83.03076376748255,11.030763767482554
47,143,71,96.16965018531103,25.169650185311028
47,144,70,89.34968617879403,19.34968617879403
47,145,69,85.35222404309823,16.352224043098232
47,146,68,80.43949381755907,12.439493817559068
47,147,67,72.97291428566089,5.972914285660892
47,148,66,81.7682254612003,15.768225461200302
47,149,65,85.66217101260669,20.66217101260669
47,150,64,83.70691337826817,19.70691337826817
47,151,63,68.89031678391052,5.890316783910521
47,152,62,76.05682129417423,14.056821294174227
47,153,61,64.47385292658728,3.473852926587284
47,154,60,67.0373052438462,7.037305243846205
47,155,59,71.60103480472654,12.601034804726538
47,156,58,67.86172144396554,9.861721443965536
47,157,57,71.74699274001571,14.746992740015713
47,158,56,62.91323893890808,6.91323893890808
47,159,55,60.99255422437513,5.992554224375127
47,160,54,59.47090570887448,5.470905708874483
47,161,53,59.873145413023494,6.873145413023494
47,162,52,60.64688747016872,8.646887470168721
47,163,51,58.88050984535357,7.880509845353572
47,164,50,59.91336767399268,9.913367673992681
47,165,49,60.75783302837263,11.75783302837263
47,166,48,58.50519443549873,10.50519443549873
47,167,47,53.94140185335497,6.941401853354968
47,168,46,66.36679525335778,20.36679525335778
47,169,45,54.13667124542123,9.136671245421233
47,170,44,54.497175099206345,10.497175099206345
47,171,43,48.08670889874014,5.086708898740142
47,172,42,49.0428823953824,7.042882395382399
47,173,41,50.81720238095238,9.81720238095238
47,174,40,49.79026041666665,9.790260416666648
47,175,39,47.51691062409812,8.516910624098117
47,176,38,42.928293650793655,4.9282936507936554
47,177,37,47.662600859788355,10.662600859788355
47,178,36,48.17618303571429,12.176183035714288
47,179,35,42.66218253968254,7.66218253968254
47,180,34,40.23146122872226,6.23146122872226
47,181,33,42.855565476190456,9.855565476190456
47,182,32,40.973692956349204,8.973692956349204
47,183,31,41.2768981967787,10.276898196778703
47,184,30,41.08771792691435,11.087717926914351
47,185,29,38.78266961763518,9.782669617635179
47,186,28,38.3513169642857,10.3513169642857
47,187,27,36.14977279223835,9.149772792238352
47,188,26,39.33114786255412,13.331147862554118
47,189,25,38.614092261904766,13.614092261904766
47,190,24,39.66149909420289,15.661499094202888
47,191,23,41.50337797619047,18.50337797619047
47,192,22,30.37902526994283,8.37902526994283
47,193,21,35.485159080238226,14.485159080238226
47,194,20,24.285460570753123,4.2854605707531235
47,195,19,25.945833333333344,6.9458333333333435
47,196,18,26.99401537698413,8.99401537698413
47,197,17,24.665729166666665,7.665729166666665
47,198,16,22.618343253968256,6.618343253968256
47,199,15,19.633878453973573,4.633878453973573
47,200,14,14.51622023809524,0.5162202380952401
47,201,13,15.874030257936504,2.8740302579365036
47,202,12,12.478774801587296,0.4787748015872957
47,203,11,12.610007440476181,1.6100074404761813
47,204,10,9.161922123015875,-0.8380778769841246
47,205,9,8.528606150793653,-0.47139384920634697
47,206,8,7.361507936507934,-0.6384920634920661
47,207,7,3.188204365079363,-3.811795634920637
47,208,6,1.0512797619047616,-4.948720238095238
47,209,5,2.7569469246031755,-2.2430530753968245
47,210,4,1.3192807539682523,-2.6807192460317477
47,211,3,0.5454166666666662,-2.454583333333334
47,212,2,1.5725202726017926,-0.4274797273982074
47,213,1,0.40455619747898997,-0.59544380252101
47,214,0,0.0,0.0
48,1,125,114.32526951035507,-10.67473048964493
48,2,125,116.09642178920213,-8.903578210797875
48,3,125,116.91407905795793,-8.085920942042065
48,4,125,113.91286245832983,-11.087137541670174
48,5,125,116.54099454058466,-8.459005459415337
48,6,125,117.19262198915735,-7.807378010842655
48,7,125,116.84171090433685,-8.15828909566315
48,8,125,116.41262757960075,-8.587372420399248
48,9,125,116.3334054863991,-8.666594513600899
48,10,125,115.93306208630244,-9.066937913697558
48,11,125,116.38796791848253,-8.61203208151747
48,12,125,117.77833357658844,-7.221666423411563
48,13,125,117.73481476985134,-7.26518523014866
48,14,125,118.72775838750101,-6.272241612498988
48,15,125,118.88606105415583,-6.113938945844168
48,16,125,118.87418889775529,-6.125811102244711
48,17,125,118.78368665402805,-6.216313345971955
48,18,125,118.40696123085954,-6.593038769140463
48,19,125,118.75017240915358,-6.249827590846422
48,20,125,118.81534706988266,-6.184652930117338
48,21,125,119.10414896097787,-5.8958510390221335
48,22,125,117.59495782156998,-7.405042178430023
48,23,125,118.39352983445713,-6.6064701655428735
48,24,125,118.1333034811058,-6.8666965188942015
48,25,125,119.64079854774938,-5.359201452250616
48,26,125,119.44063960825144,-5.559360391748555
48,27,125,118.76771998234292,-6.232280017657075
48,28,125,118.4249835736221,-6.5750164263779
48,29,125,119.15214226932976,-5.847857730670242
48,30,125,117.81963506535988,-7.180364934640124
48,31,125,117.46809292491783,-7.531907075082174
48,32,125,118.22914603605992,-6.770853963940084
48,33,125,118.04566234419137,-6.954337655808629
48,34,125,117.38770716106856,-7.612292838931438
48,35,125,114.49439109038467,-10.505608909615333
48,36,125,115.72528947960859,-9.274710520391409
48,37,125,114.8417169474701,-10.158283052529896
48,38,125,113.978492800017,-11.021507199983006
48,39,125,115.50480513788072,-9.495194862119277
48,40,125,115.73156396042623,-9.268436039573771
48,41,125,114.80516069878789,-10.194839301212113
48,42,125,115.81345887847169,-9.186541121528307
48,43,125,115.01053634622706,-9.989463653772944
48,44,125,115.67739487912517,-9.322605120874826
48,45,125,115.6595239779609,-9.340476022039098
48,46,125,116.47287781288519,-8.527122187114813
48,47,125,117.08816024198272,-7.91183975801728
48,48,125,116.94798982306865,-8.052010176931347
48,49,125,116.66450027753015,-8.335499722469848
48,50,125,118.11282516575939,-6.887174834240611
48,51,125,116.2120682383381,-8.787931761661895
48,52,125,117.2943983227761,-7.705601677223896
48,53,125,116.10009509857301,-8.899904901426993
48,54,125,114.56755166682555,-10.432448333174449
48,55,125,118.09014013620477,-6.9098598637952335
48,56,125,118.200239284096,-6.799760715904
48,57,125,118.53834393033681,-6.461656069663192
48,58,125,117.29148813119953,-7.708511868800471
48,59,125,118.12291760760407,-6.877082392395934
48,60,125,118.16182276231504,-6.83817723768496
48,61,125,116.23559904422052,-8.764400955779479
48,62,125,116.51733221285254,-8.482667787147463
48,63,125,115.77643817490761,-9.22356182509239
48,64,125,116.17922040627745,-8.820779593722548
48,65,125,116.3304886687805,-8.669511331219496
48,66,125,112.73268786450114,-12.267312135498855
48,67,125,112.65893857446422,-12.341061425535784
48,68,125,115.44538970100999,-9.554610298990013
48,69,125,115.91286090534564,-9.087139094654361
48,70,125,115.66250280896108,-9.33749719103892
48,71,125,113.6280227372431,-11.3719772627569
48,72,125,114.90475869995223,-10.095241300047775
48,73,125,114.60766935858348,-10.392330641416521
48,74,125,112.89039804841795,-12.10960195158205
48,75,125,110.88277610408011,-14.117223895919892
48,76,125,109.24343342407886,-15.756566575921141
48,77,125,105.92280153259262,-19.077198467407385
48,78,125,111.38680189255192,-13.613198107448085
48,79,125,110.49608283031407,-14.503917169685934
48,80,125,112.11656573799209,-12.88343426200791
48,81,125,114.92579806642553,-10.074201933574471
48,82,125,112.74124047264179,-12.258759527358208
48,83,125,113.53093085242247,-11.469069147577528
48,84,125,113.25541085159493,-11.744589148405069
48,85,125,113.65349671075369,-11.346503289246314
48,86,125,115.17148300826204,-9.828516991737956
48,87,125,114.99492386073806,-10.005076139261945
48,88,125,116.91484774452442,-8.085152255475577
48,89,125,116.51727399830379,-8.482726001696207
48,90,125,115.85337039436486,-9.146629605635141
48,91,125,109.66876106979939,-15.331238930200612
48,92,125,113.91333210423333,-11.086667895766666
48,93,125,114.21068458737057,-10.789315412629435
48,94,125,109.84101552857896,-15.158984471421036
48,95,125,103.99125513591335,-21.00874486408665
48,96,125,101.62214269464104,-23.37785730535896
48,97,125,99.12138888888887,-25.878611111111127
48,98,125,100.92903644742356,-24.070963552576444
48,99,125,101.9115792238814,-23.088420776118596
48,100,125,107.51872679564819,-17.481273204351808
48,101,125,103.21394163995724,-21.78605836004276
48,102,125,105.51543878620411,-19.484561213795885
48,103,125,103.86380188182879,-21.136198118171208
48,104,125,109.01745546300758,-15.982544536992421
48,105,125,108.71508399421558,-16.284916005784424
48,106,125,106.76744261211772,-18.23255738788228
48,107,124,111.89504963641897,-12.104950363581025
48,108,123,103.2558493825679,-19.744150617432098
48,109,122,104.51880242024524,-17.481197579754763
48,110,121,103.03886581591537,-17.961134184084628
48,111,120,102.89783390634724,-17.102166093652755
48,112,119,96.7752969048556,-22.224703095144406
48,113,118,108.98546457136959,-9.01453542863041
48,114,117,109.45988881456101,-7.540111185438988
48,115,116,104.42711764347777,-11.572882356522229
48,116,115,107.95844556138304,-7.041554438616956
48,117,114,106.02233957894273,-7.977660421057266
48,118,113,104.64386220403568,-8.356137795964315
48,119,112,103.91567663600449,-8.084323363995509
48,120,111,95.44895135619541,-15.551048643804592
48,121,110,101.61121153927411,-8.388788460725891
48,122,109,102.17504032515278,-6.824959674847221
48,123,108,102.91806781721209,-5.081932182787909
48,124,107,97.11251796578932,-9.887482034210677
48,125,106,95.80516617063492,-10.19483382936508
48,126,105,100.29902918798453,-4.70097081201547
48,127,104,90.74741071428573,-13.252589285714265
48,128,103,98.00183550183115,-4.998164498168848
48,129,102,96.25003246753249,-5.749967532467508
48,130,101,99.79554380784445,-1.204456192155547
48,131,100,96.29629517686263,-3.7037048231373717
48,132,99,103.21861437447788,4.21861437447788
48,133,98,86.2981175595238,-11.701882440476197
48,134,97,90.69720982142857,-6.302790178571428
48,135,96,100.39186502631355,4.391865026313553
48,136,95,90.42476114207523,-4.575238857924774
48,137,94,93.99910639332782,-0.0008936066721787483
48,138,93,78.6320152071041,-14.367984792895896
48,139,92,94.38450439995844,2.3845043999584448
48,140,91,86.66166919696697,-4.338330803033031
48,141,90,83.04652186355311,-6.95347813644689
48,142,89,81.86346227506155,-7.136537724938449
48,143,88,81.30345734126985,-6.696542658730152
48,144,87,84.03291666666665,-2.967083333333349
48,145,86,82.99150049603173,-3.0084995039682667
48,146,85,81.58975446428569,-3.41024553571431
48,147,84,80.92843840187591,-3.0715615981240916
48,148,83,81.10587887806632,-1.8941211219336793
48,149,82,87.32059128371627,5.3205912837162685
48,150,81,80.8546616541353,-0.14533834586470107
48,151,80,75.3856349206349,-4.6143650793651005
48,152,79,67.02655911796538,-11.973440882034623
48,153,78,67.57351934523808,-10.426480654761917
48,154,77,64.51841517857143,-12.48158482142857
48,155,76,65.6021070075758,-10.397892992424204
48,156,75,62.70734623015872,-12.29265376984128
48,157,74,67.97542410714286,-6.024575892857143
48,158,73,62.86223958333332,-10.13776041666668
48,159,72,61.14324404761905,-10.85675595238095
48,160,71,63.745254836309485,-7.254745163690515
48,161,70,63.720461534992765,-6.279538465007235
48,162,69,59.2692261904762,-9.730773809523797
48,163,68,61.13602704228242,-6.8639729577175785
48,164,67,62.37189732142858,-4.628102678571423
48,165,66,56.59125744047617,-9.40874255952383
48,166,65,58.691837797619044,-6.308162202380956
48,167,64,55.979748198621564,-8.020251801378436
48,168,63,63.450096726190466,0.45009672619046626
48,169,62,58.272946428571444,-3.7270535714285558
48,170,61,62.031220238095244,1.0312202380952442
48,171,60,57.64498263888889,-2.355017361111109
48,172,59,57.72052083333334,-1.2794791666666612
48,173,58,58.09426339285717,0.09426339285717233
48,174,57,62.0843601190476,5.084360119047602
48,175,56,52.541577380952376,-3.4584226190476244
48,176,55,54.96850198412697,-0.031498015873026475
48,177,54,50.7592857142857,-3.240714285714297
48,178,53,49.44566964285715,-3.5543303571428524
48,179,52,51.92147438909774,-0.07852561090226118
48,180,51,47.979739583333355,-3.0202604166666447
48,181,50,47.55863095238095,-2.441369047619048
48,182,49,47.55739583333332,-1.4426041666666833
48,183,48,45.30981398809523,-2.690186011904771
48,184,47,44.56383928571428,-2.4361607142857196
48,185,46,44.24884176587301,-1.75115823412699
48,186,45,51.52440228174603,6.524402281746028
48,187,44,45.47913938492063,1.4791393849206287
48,188,43,45.49579861111111,2.4957986111111126
48,189,42,46.98734126984131,4.987341269841309
48,190,41,46.2949503968254,5.294950396825399
48,191,40,45.93570713702148,5.935707137021481
48,192,39,42.70832589285715,3.7083258928571468
48,193,38,43.415617559523824,5.415617559523824
48,194,37,45.61396577380954,8.61396577380954
48,195,36,47.546875,11.546875
48,196,35,43.25007688492063,8.250076884920631
48,197,34,40.8465003619691,6.846500361969099
48,198,33,40.63398538961038,7.63398538961038
48,199,32,34.474684794372294,2.474684794372294
48,200,31,33.268162202380935,2.2681622023809354
48,201,30,33.899962797619025,3.8999627976190254
48,202,29,32.34329613095238,3.343296130952382
48,203,28,30.74079365079364,2.7407936507936412
48,204,27,27.143965773809533,0.14396577380953346
48,205,26,28.68558779761905,2.68558779761905
48,206,25,25.533906249999994,0.533906249999994
48,207,24,24.536530257936523,0.5365302579365228
48,208,23,24.04613162878789,1.0461316287878901
48,209,22,19.963479662698422,-2.036520337301578
48,210,21,21.011934523809526,0.011934523809525643
48,211,20,20.489766865079364,0.48976686507936407
48,212,19,18.07438672438672,-0.92561327561328
48,213,18,19.872336309523806,1.8723363095238064
48,214,17,22.60744791666666,5.607447916666661
48,215,16,17.569330357142857,1.5693303571428565
48,216,15,21.219655257936505,6.219655257936505
48,217,14,19.95003720238096,5.950037202380958
48,218,13,19.342668650793662,6.342668650793662
48,219,12,14.523303571428574,2.523303571428574
48,220,11,14.393392857142864,3.3933928571428638
48,221,10,11.74689732142857,1.7468973214285697
48,222,9,10.362366071428573,1.362366071428573
48,223,8,6.58043898809524,-1.4195610119047597
48,224,7,5.402864583333336,-1.5971354166666636
48,225,6,6.4350173611111074,0.43501736111110745
48,226,5,6.974957837301588,1.974957837301588
48,227,4,8.051612103174605,4.051612103174605
48,228,3,5.61951636904762,2.61951636904762
48,229,2,6.109181547619054,4.109181547619054
48,230,1,2.383772321428573,1.383772321428573
48,231,0,1.9961904761904758,1.9961904761904758
49,1,125,117.27141481884674,-7.728585181153264
49,2,125,116.22221462359956,-8.777785376400445
49,3,125,116.20086276212287,-8.799137237877133
49,4,125,116.61725642106406,-8.382743578935944
49,5,125,115.3243764574477,-9.675623542552302
49,6,125,115.85134163705077,-9.148658362949234
49,7,125,116.92847295755742,-8.071527042442582
49,8,125,117.25042567851924,-7.749574321480765
49,9,125,115.83849003185037,-9.16150996814963
49,10,125,117.33436224397717,-7.665637756022832
49,11,125,119.02365954060026,-5.9763404593997365
49,12,125,117.63082715592728,-7.369172844072722
49,13,125,113.91161091694217,-11.088389083057834
49,14,125,113.69002437195797,-11.309975628042025
49,15,125,112.88463080561853,-12.115369194381472
49,16,125,115.05410276030177,-9.945897239698226
49,17,125,116.04923437422887,-8.950765625771126
49,18,125,114.18339098488568,-10.816609015114324
49,19,125,114.56787333781435,-10.432126662185652
49,20,125,115.43714314853216,-9.562856851467842
49,21,125,115.15426405599351,-9.845735944006492
49,22,125,116.05690194341355,-8.94309805658645
49,23,125,116.52165362593223,-8.478346374067769
49,24,125,114.58104471887665,-10.418955281123345
49,25,125,117.83684387448571,-7.163156125514291
49,26,125,117.61646583846941,-7.383534161530591
49,27,125,118.19386451867895,-6.80613548132105
49,28,125,118.21437458130256,-6.785625418697435
49,29,125,115.52270485863615,-9.477295141363854
49,30,125,118.54531046241725,-6.454689537582752
49,31,125,116.87227097824461,-8.127729021755385
49,32,125,116.66452795509485,-8.335472044905146
49,33,125,114.34089132840586,-10.65910867159414
49,34,125,116.52644679179689,-8.473553208203114
49,35,125,113.4405994896558,-11.559400510344204
49,36,125,114.8178736224218,-10.1821263775782
49,37,125,117.55124736228666,-7.448752637713341
49,38,125,117.28688649701367,-7.713113502986332
49,39,125,117.4836576846005,-7.516342315399498
49,40,125,117.04137693146592,-7.958623068534081
49,41,125,117.17747664904975,-7.822523350950249
49,42,125,117.7995459991477,-7.200454000852304
49,43,125,117.75557760414388,-7.24442239585612
49,44,125,116.56349442174312,-8.436505578256885
49,45,125,118.17514437386994,-6.824855626130059
49,46,125,116.00349503566876,-8.996504964331237
49,47,125,113.07434365657,-11.925656343430006
49,48,125,116.79959454182499,-8.200405458175013
49,49,125,114.8080658039333,-10.191934196066697
49,50,125,116.59000485681176,-8.40999514318824
49,51,125,116.74168923646569,-8.258310763534311
49,52,125,116.41010207807469,-8.589897921925314
49,53,125,115.77894136078865,-9.22105863921135
49,54,125,114.75443305604954,-10.245566943950465
49,55,125,116.4774156257096,-8.522584374290403
49,56,125,114.22875069956379,-10.77124930043621
49,57,125,113.73863017641047,-11.261369823589533
49,58,125,115.38666595338547,-9.613334046614526
49,59,125,112.00173110423262,-12.998268895767382
49,60,125,111.33649669839915,-13.663503301600855
49,61,125,110.62290622640167,-14.377093773598332
49,62,125,112.12739820694237,-12.872601793057626
49,63,125,109.84901418393454,-15.150985816065457
49,64,125,109.7768838622558,-15.2231161377442
49,65,125,114.1217431465521,-10.878256853447894
49,66,125,113.47314150333155,-11.526858496668453
49,67,125,112.61525351096043,-12.384746489039571
49,68,125,106.75223662167275,-18.24776337832725
49,69,125,113.58214205908993,-11.417857940910068
49,70,125,109.74291014584567,-15.25708985415433
49,71,125,107.07680018834526,-17.92319981165474
49,72,125,111.5389418888279,-13.461058111172093
49,73,125,108.43391248040905,-16.56608751959095
49,74,125,103.22856740641762,-21.771432593582375
49,75,125,102.0962582939591,-22.903741706040904
49,76,125,101.93011692761645,-23.069883072383547
49,77,125,101.19359300661768,-23.806406993382325
49,78,125,99.68950317245087,-25.31049682754913
49,79,125,101.73773079695908,-23.262269203040915
49,80,125,102.68041155817355,-22.319588441826454
49,81,125,100.49999814642669,-24.50000185357331
49,82,125,103.9516591909155,-21.048340809084493
49,83,125,99.07188522705971,-25.92811477294029
49,84,125,101.97170215201467,-23.02829784798533
49,85,125,101.8406222539747,-23.1593777460253
49,86,125,103.07166767983942,-21.928332320160578
49,87,125,101.67264927652086,-23.327350723479142
49,88,125,103.7173697971693,-21.282630202830703
49,89,125,99.09238028214604,-25.90761971785396
49,90,125,99.32183077302368,-25.678169226976323
49,91,124,96.68946781230703,-27.31053218769297
49,92,123,89.76336514234123,-33.23663485765877
49,93,122,96.72983784001072,-25.270162159989283
49,94,121,90.02328209364433,-30.976717906355674
49,95,120,82.48300180953693,-37.51699819046307
49,96,119,87.19996989800909,-31.800030101990913
49,97,118,85.28416746199667,-32.715832538003326
49,98,117,86.43772579409404,-30.562274205905965
49,99,116,82.12310857352,-33.87689142648
49,100,115,89.36281367481205,-25.637186325187955
49,101,114,86.64303218172049,-27.356967818279514
49,102,113,87.89985610349288,-25.10014389650712
49,103,112,88.09500360750363,-23.904996392496372
49,104,111,90.38948392541431,-20.61051607458569
49,105,110,82.96064675253909,-27.03935324746091
49,106,109,76.3471172284631,-32.652882771536895
49,107,108,82.94305200548919,-25.056947994510807
49,108,107,87.04449206735283,-19.955507932647166
49,109,106,89.38407457070288,-16.61592542929712
49,110,105,82.70809051820423,-22.29190948179577
49,111,104,89.93452780978666,-14.065472190213342
49,112,103,94.9985395110819,-8.001460488918099
49,113,102,88.54769149612359,-13.45230850387641
49,114,101,86.18539222308478,-14.814607776915224
49,115,100,85.76499072802196,-14.235009271978043
49,116,99,80.53070195486386,-18.469298045136142
49,117,98,83.12861453111948,-14.871385468880518
49,118,97,82.30799984737484,-14.692000152625155
49,119,96,86.12428005597471,-9.875719944025292
49,120,95,88.09785067835624,-6.902149321643762
49,121,94,89.46984705143713,-4.530152948562872
49,122,93,89.19372151277909,-3.806278487220908
49,123,92,87.33262285825413,-4.667377141745874
49,124,91,85.41062440666056,-5.58937559333944
49,125,90,82.89727002164499,-7.102729978355015
49,126,89,82.3700582184628,-6.629941781537198
49,127,88,83.89644168270453,-4.103558317295466
49,128,87,88.75822464905502,1.7582246490550233
49,129,86,88.70147321428573,2.701473214285727
49,130,85,87.44525002803127,2.4452500280312677
49,131,84,81.69729851745478,-2.302701482545217
49,132,83,71.6474357140565,-11.352564285943501
49,133,82,76.60169205182072,-5.39830794817928
49,134,81,68.70313041125542,-12.296869588744585
49,135,80,59.44389745670995,-20.556102543290052
49,136,79,63.97431204212454,-15.025687957875462
49,137,78,65.73216564813387,-12.267834351866128
49,138,77,73.77929315476187,-3.2207068452381264
49,139,76,60.4371548388859,-15.562845161114097
49,140,75,64.41206461940837,-10.587935380591631
49,141,74,69.29867311507935,-4.701326884920647
49,142,73,65.9640632939929,-7.0359367060071065
49,143,72,72.52356431159421,0.5235643115942139
49,144,71,67.46968983426703,-3.5303101657329705
49,145,70,61.83407137286734,-8.165928627132658
49,146,69,60.51779010631158,-8.48220989368842
49,147,68,61.1215478445166,-6.8784521554834015
49,148,67,48.188978937728926,-18.811021062271074
49,149,66,52.43629127816628,-13.56370872183372
49,150,65,53.65478201727906,-11.34521798272094
49,151,64,48.57097832722832,-15.429021672771682
49,152,63,50.267906746031734,-12.732093253968266
49,153,62,50.336746031746046,-11.663253968253954
49,154,61,49.70154761904761,-11.29845238095239
49,155,60,48.64138392857143,-11.358616071428571
49,156,59,57.43259604978357,-1.5674039502164305
49,157,58,47.50555059523809,-10.494449404761909
49,158,57,42.33130208333332,-14.66869791666668
49,159,56,38.77693452380952,-17.223065476190477
49,160,55,38.52074890010353,-16.479251099896473
49,161,54,39.67386350373483,-14.326136496265171
49,162,53,34.61890128968252,-18.38109871031748
49,163,52,31.425319264069266,-20.574680735930734
49,164,51,35.905625,-15.094375
49,165,50,33.32824652777778,-16.67175347222222
49,166,49,32.01759920634919,-16.98240079365081
49,167,48,31.823283730158728,-16.176716269841272
49,168,47,30.650831505847947,-16.349168494152053
49,169,46,25.28247898391813,-20.71752101608187
49,170,45,27.64565234317412,-17.35434765682588
49,171,44,25.46256410256409,-18.53743589743591
49,172,43,26.816519510582005,-16.183480489417995
49,173,42,28.492294146825394,-13.507705853174606
49,174,41,31.89401209235379,-9.10598790764621
49,175,40,29.59697374997006,-10.403026250029939
49,176,39,21.46408882783883,-17.53591117216117
49,177,38,23.002816887973133,-14.997183112026867
49,178,37,26.513140448140444,-10.486859551859556
49,179,36,24.970333480802225,-11.029666519197775
49,180,35,26.774934243388174,-8.225065756611826
49,181,34,27.809492004113707,-6.190507995886293
49,182,33,20.73332296176046,-12.26667703823954
49,183,32,21.4235011574074,-10.5764988425926
49,184,31,18.734961587206648,-12.265038412793352
49,185,30,16.394785112763053,-13.605214887236947
49,186,29,16.146850198412693,-12.853149801587307
49,187,28,18.97070188492063,-9.02929811507937
49,188,27,15.432730654761901,-11.567269345238099
49,189,26,13.82583214375493,-12.17416785624507
49,190,25,14.164942956349204,-10.835057043650796
49,191,24,13.592581845238097,-10.407418154761903
49,192,23,13.626473214285717,-9.373526785714283
49,193,22,11.662470238095235,-10.337529761904765
49,194,21,10.071391594516589,-10.928608405483411
49,195,20,6.953504464285713,-13.046495535714287
49,196,19,8.206641865079362,-10.793358134920638
49,197,18,4.7047693452380965,-13.295230654761903
49,198,17,3.62598843864469,-13.37401156135531
49,199,16,5.004828869047616,-10.995171130952384
49,200,15,2.7291069958121597,-12.27089300418784
49,201,14,5.16297619047619,-8.83702380952381
49,202,13,2.598050595238094,-10.401949404761906
49,203,12,3.900728490259741,-8.099271509740259
49,204,11,0.8898536706349232,-10.110146329365076
49,205,10,1.5703199404761916,-8.429680059523808
49,206,9,0.0,-9.0
49,207,8,0.0,-8.0
49,208,7,0.0,-7.0
49,209,6,0.0,-6.0
49,210,5,0.0,-5.0
49,211,4,0.0,-4.0
49,212,3,0.0,-3.0
49,213,2,0.0,-2.0
49,214,1,0.0,-1.0
49,215,0,0.0,0.0
50,1,125,116.30253537121862,-8.697464628781375
50,2,125,116.08215701857455,-8.917842981425451
50,3,125,116.9408102680347,-8.059189731965304
50,4,125,116.14523562739018,-8.854764372609822
50,5,125,118.60049400681392,-6.399505993186082
50,6,125,115.20043795586977,-9.799562044130226
50,7,125,116.77285995218926,-8.227140047810735
50,8,125,115.66876869831064,-9.331231301689357
50,9,125,117.54715045479081,-7.45284954520919
50,10,125,117.11030956381504,-7.889690436184964
50,11,125,114.83745307598163,-10.162546924018372
50,12,125,115.13351317479028,-9.86648682520972
50,13,125,115.14967870346712,-9.850321296532883
50,14,125,115.87099055542546,-9.129009444574535
50,15,125,117.00555295105221,-7.994447048947791
50,16,125,117.42551500584989,-7.574484994150112
50,17,125,116.32838794758952,-8.671612052410481
50,18,125,118.04163746126497,-6.958362538735031
50,19,125,116.12840343037894,-8.871596569621062
50,20,125,114.83389447334066,-10.166105526659337
50,21,125,116.0700671293948,-8.9299328706052
50,22,125,116.3327194724314,-8.667280527568593
50,23,125,115.75050917760468,-9.249490822395316
50,24,125,116.7929018801819,-8.207098119818099
50,25,125,114.5440923967185,-10.455907603281503
50,26,125,114.06491216458014,-10.935087835419864
50,27,125,114.79005575872286,-10.209944241277142
50,28,125,116.18487000429957,-8.815129995700431
50,29,125,116.81137423575618,-8.188625764243824
50,30,125,115.43729204637891,-9.562707953621086
50,31,125,117.1953805567535,-7.804619443246494
50,32,125,115.52348599836417,-9.476514001635834
50,33,125,117.82206557837614,-7.17793442162386
50,34,125,114.5658310615842,-10.434168938415795
50,35,125,114.88884064799518,-10.111159352004819
50,36,125,116.46524820007839,-8.534751799921608
50,37,125,113.60467921172338,-11.39532078827662
50,38,125,113.47706516619473,-11.522934833805266
50,39,125,113.37740355057042,-11.62259644942958
50,40,125,111.43672263041489,-13.563277369585109
50,41,125,110.74328348504682,-14.256716514953183
50,42,125,111.05874304532941,-13.941256954670592
50,43,125,108.78040407443063,-16.219595925569365
50,44,125,113.09820881960941,-11.901791180390589
50,45,125,116.16888190011136,-8.831118099888641
50,46,125,112.95328905642823,-12.046710943571767
50,47,125,113.98054796429574,-11.019452035704262
50,48,125,112.00249272935302,-12.997507270646977
50,49,125,115.90204585663912,-9.09795414336088
50,50,125,110.52772091733092,-14.472279082669075
50,51,125,112.03136390453338,-12.968636095466621
50,52,125,112.36335960294052,-12.63664039705948
50,53,125,105.89598421544827,-19.104015784551734
50,54,125,109.67018846370675,-15.32981153629325
50,55,125,112.52134227083755,-12.47865772916245
50,56,125,109.88133684087215,-15.118663159127848
50,57,125,108.91553573391855,-16.084464266081454
50,58,125,107.73706478798351,-17.262935212016487
50,59,125,106.54605301768024,-18.453946982319763
50,60,125,104.78585453153929,-20.214145468460714
50,61,125,106.26939437671449,-18.730605623285513
50,62,125,104.76646946428187,-20.23353053571813
50,63,125,107.12439897208633,-17.875601027913675
50,64,125,107.88165015698334,-17.11834984301666
50,65,125,107.12727861714127,-17.872721382858728
50,66,125,105.82935384641303,-19.170646153586972
50,67,125,98.90699373543123,-26.09300626456877
50,68,125,98.78639096320346,-26.21360903679654
50,69,125,100.94445175438598,-24.05554824561402
50,70,125,99.94390983442285,-25.056090165577146
50,71,125,100.06644570128269,-24.93355429871731
50,72,125,104.79796278795115,-20.20203721204885
50,73,125,107.08616175804241,-17.913838241957592
50,74,124,100.12823938340811,-23.871760616591885
50,75,123,103.08415074081725,-19.91584925918275
50,76,122,98.8772439881883,-23.122756011811703
50,77,121,101.534586921288,-19.465413078712004
50,78,120,103.65248771554647,-16.34751228445353
50,79,119,105.81420989753808,-13.185790102461922
50,80,118,95.63621169834308,-22.363788301656925
50,81,117,97.15967602287834,-19.840323977121656
50,82,116,99.7025177901402,-16.297482209859794
50,83,115,94.19607471080181,-20.80392528919819
50,84,114,90.7988458902025,-23.2011541097975
50,85,113,91.75655753880025,-21.24344246119975
50,86,112,92.53605921421882,-19.463940785781176
50,87,111,87.19345359302471,-23.806546406975286
50,88,110,94.3610212620333,-15.638978737966696
50,89,109,85.47895677982156,-23.52104322017844
50,90,108,82.1668448117182,-25.833155188281793
50,91,107,91.15992909018662,-15.840070909813377
50,92,106,81.23213686776188,-24.76786313223812
50,93,105,91.01887106404766,-13.981128935952341
50,94,104,89.03799522228616,-14.962004777713844
50,95,103,84.86549179331023,-18.134508206689773
50,96,102,79.58794058819764,-22.41205941180236
50,97,101,85.56205253641356,-15.43794746358644
50,98,100,76.72370801368837,-23.276291986311634
50,99,99,74.74572522893425,-24.254274771065752
50,100,98,85.08779050630329,-12.912209493696707
50,101,97,84.6826644685153,-12.317335531484702
50,102,96,76.43974880565686,-19.560251194343138
50,103,95,81.98441921782418,-13.015580782175817
50,104,94,76.8486672887894,-17.1513327112106
50,105,93,77.1056142723672,-15.894385727632795
50,106,92,75.11628527851104,-16.883714721488957
50,107,91,69.02151792345724,-21.97848207654276
50,108,90,87.84379594010193,-2.156204059898073
50,109,89,88.30410558484569,-0.6958944151543136
50,110,88,83.4333828027997,-4.566617197200301
50,111,87,73.18312833915391,-13.81687166084609
50,112,86,85.8014845986203,-0.19851540137969437
50,113,85,75.15440650457467,-9.845593495425334
50,114,84,85.19551795473652,1.1955179547365162
50,115,83,81.26891870618834,-1.7310812938116555
50,116,82,75.65546773696113,-6.344532263038872
50,117,81,80.33361365450493,-0.66638634549507
50,118,80,95.44796108307062,15.447961083070624
50,119,79,78.56282382581114,-0.43717617418886334
50,120,78,75.52133840960863,-2.4786615903913685
50,121,77,72.1578408981108,-4.8421591018891945
50,122,76,75.44833128812076,-0.5516687118792447
50,123,75,73.93063656540123,-1.0693634345987704
50,124,74,66.27863038023222,-7.721369619767785
50,125,73,70.93769474685098,-2.0623052531490202
50,126,72,67.03313019241789,-4.966869807582114
50,127,71,70.92322662281444,-0.07677337718556032
50,128,70,61.87227660683192,-8.127723393168083
50,129,69,65.99475042318792,-3.0052495768120764
50,130,68,62.71605940934066,-5.283940590659341
50,131,67,64.78130099577712,-2.2186990042228842
50,132,66,55.13772514168178,-10.862274858318223
50,133,65,56.34731794247419,-8.652682057525809
50,134,64,61.47307146891852,-2.526928531081481
50,135,63,60.07042220845669,-2.929577791543309
50,136,62,54.52441716269842,-7.47558283730158
50,137,61,58.53371009199135,-2.4662899080086476
50,138,60,52.82982142857143,-7.170178571428572
50,139,59,52.31365725709476,-6.686342742905239
50,140,58,58.26578693181822,0.26578693181821933
50,141,57,52.53792410714285,-4.4620758928571504
50,142,56,49.739278273809546,-6.260721726190454
50,143,55,51.13059546580212,-3.8694045341978835
50,144,54,48.07927652310924,-5.920723476890757
50,145,53,50.03844122891,-2.9615587710899973
50,146,52,50.10998421717172,-1.8900157828282786
50,147,51,45.37526537698413,-5.624734623015868
50,148,50,50.036874999999974,0.03687499999997357
50,149,49,49.67677083333332,0.6767708333333218
50,150,48,49.09950825216451,1.0995082521645116
50,151,47,48.479486607142874,1.4794866071428743
50,152,46,47.24736687147979,1.247366871479791
50,153,45,46.459605654761916,1.4596056547619156
50,154,44,42.62777281746031,-1.3722271825396888
50,155,43,44.671961805555554,1.6719618055555543
50,156,42,42.64944196428572,0.649441964285721
50,157,41,38.20260359432232,-2.7973964056776808
50,158,40,35.776252480158746,-4.223747519841254
50,159,39,36.28774057539681,-2.7122594246031895
50,160,38,37.20951388888889,-0.7904861111111074
50,161,37,35.719986359126985,-1.2800136408730154
50,162,36,33.70735119047619,-2.2926488095238113
50,163,35,35.22661536654136,0.22661536654135972
50,164,34,32.65548115079365,-1.3445188492063522
50,165,33,28.93315007069544,-4.06684992930456
50,166,32,29.338583829365078,-2.661416170634922
50,167,31,28.969347718253957,-2.0306522817460433
50,168,30,24.734858630952367,-5.265141369047633
50,169,29,27.013348214285713,-1.9866517857142867
50,170,28,26.57300353925354,-1.4269964607464587
50,171,27,25.403362522893776,-1.5966374771062242
50,172,26,27.97575148809525,1.9757514880952485
50,173,25,26.48629464285716,1.4862946428571604
50,174,24,22.283348214285716,-1.7166517857142836
50,175,23,26.581493055555562,3.581493055555562
50,176,22,25.254181547619044,3.2541815476190443
50,177,21,24.444761904761897,3.444761904761897
50,178,20,24.157031249999996,4.157031249999996
50,179,19,22.08113343253969,3.0811334325396906
50,180,18,15.884021523464455,-2.1159784765355454
50,181,17,15.409864326494766,-1.5901356735052339
50,182,16,13.982457837301588,-2.017542162698412
50,183,15,11.457303507424474,-3.5426964925755264
50,184,14,9.305777220967446,-4.694222779032554
50,185,13,7.501754913779013,-5.498245086220987
50,186,12,7.530282738095236,-4.469717261904764
50,187,11,8.649593253968254,-2.350406746031746
50,188,10,6.164526289682536,-3.835473710317464
50,189,9,6.884955357142861,-2.1150446428571392
50,190,8,3.900381944444442,-4.099618055555558
50,191,7,2.551696428571428,-4.448303571428572
50,192,6,3.626527014652016,-2.373472985347984
50,193,5,2.373965773809525,-2.626034226190475
50,194,4,2.1205952380952384,-1.8794047619047616
50,195,3,0.0,-3.0
50,196,2,0.0,-2.0
50,197,1,0.0,-1.0
50,198,0,0.0,0.0
51,1,125,114.0193229166667,-10.980677083333305
51,2,125,115.14761513157893,-9.852384868421069
51,3,125,116.26641018273949,-8.733589817260508
51,4,125,118.20135416666668,-6.798645833333325
51,5,125,118.15937500000003,-6.840624999999974
51,6,125,117.12161946614583,-7.87838053385417
51,7,125,117.97200061274509,-7.0279993872549085
51,8,125,118.71144090443188,-6.288559095568118
51,9,125,118.2837633376885,-6.716236662311502
51,10,125,117.84273945517005,-7.157260544829953
51,11,125,118.48191964285714,-6.518080357142864
51,12,125,118.96220588546107,-6.037794114538926
51,13,125,118.69635089807495,-6.303649101925046
51,14,125,118.02502717681625,-6.974972823183748
51,15,125,118.72151063530005,-6.278489364699951
51,16,125,118.11735481803808,-6.882645181961919
51,17,125,118.9410319509268,-6.058968049073201
51,18,125,119.28590664518552,-5.71409335481448
51,19,125,119.59286421809256,-5.407135781907442
51,20,125,119.26940604425943,-5.730593955740574
51,21,125,119.37011664580143,-5.629883354198569
51,22,125,119.75625,-5.243750000000006
51,23,125,119.7377104664193,-5.262289533580699
51,24,125,119.27116255350454,-5.7288374464954614
51,25,125,119.87713721264365,-5.122862787356354
51,26,125,119.74437499999999,-5.255625000000009
51,27,125,119.91333333333334,-5.086666666666659
51,28,125,118.88380952380953,-6.116190476190468
51,29,125,118.3552164493899,-6.6447835506101
51,30,125,119.10410717479984,-5.895892825200164
51,31,125,117.17416407867499,-7.825835921325009
51,32,125,116.89462984691026,-8.105370153089737
51,33,125,116.90441778056251,-8.095582219437489
51,34,125,117.05214017700901,-7.947859822990992
51,35,125,117.61197094298248,-7.388029057017519
51,36,125,116.78558660896833,-8.21441339103167
51,37,125,118.1010623053962,-6.898937694603802
51,38,125,118.43612494244572,-6.563875057554284
51,39,125,118.73790785220255,-6.262092147797446
51,40,125,119.07790064421872,-5.922099355781285
51,41,125,117.66460739209806,-7.335392607901937
51,42,125,119.54569259914203,-5.454307400857971
51,43,125,119.60648501016257,-5.393514989837428
51,44,125,118.31738599985113,-6.682614000148874
51,45,125,119.46620716569119,-5.533792834308812
51,46,125,118.66136257763976,-6.338637422360236
51,47,125,119.7366550925926,-5.263344907407401
51,48,125,119.26945412242046,-5.730545877579544
51,49,125,119.04691953771112,-5.953080462288881
51,50,125,117.62219889071962,-7.377801109280384
51,51,125,116.68199003647844,-8.318009963521561
51,52,125,115.72393163283732,-9.27606836716268
51,53,125,112.81331106564676,-12.186688934353242
51,54,125,114.10317282699225,-10.89682717300775
51,55,125,111.1940210719755,-13.805978928024501
51,56,125,112.15271855686292,-12.847281443137078
51,57,125,115.08399730199952,-9.916002698000483
51,58,125,113.71071348626079,-11.289286513739214
51,59,125,117.35926553058312,-7.640734469416884
51,60,125,116.33142828859772,-8.66857171140228
51,61,125,114.62107685203026,-10.378923147969743
51,62,125,114.0255373431742,-10.974462656825807
51,63,125,112.89095905841103,-12.109040941588972
51,64,125,109.59122889421656,-15.408771105783444
51,65,125,114.61818587158976,-10.381814128410241
51,66,125,113.17103859003637,-11.828961409963625
51,67,125,115.11927546743345,-9.880724532566546
51,68,125,113.01132668948526,-11.988673310514741
51,69,125,113.60973855816424,-11.390261441835762
51,70,125,117.48364158051515,-7.516358419484845
51,71,125,114.59439846446733,-10.405601535532668
51,72,125,116.91279684216879,-8.087203157831212
51,73,125,115.22581748100018,-9.774182518999822
51,74,125,116.67538079511196,-8.324619204888037
51,75,125,117.1805669447704,-7.819433055229595
51,76,125,117.4641250667086,-7.535874933291396
51,77,125,114.3557344660979,-10.6442655339021
51,78,125,116.43323443518474,-8.566765564815256
51,79,125,117.03689225798477,-7.963107742015225
51,80,125,112.80617932499088,-12.193820675009121
51,81,125,113.38471345148389,-11.61528654851611
51,82,125,114.28104068760845,-10.718959312391547
51,83,125,113.69155059981685,-11.30844940018315
51,84,125,107.75403638779876,-17.245963612201237
51,85,125,110.59470546702599,-14.405294532974011
51,86,125,107.22500505207923,-17.774994947920774
51,87,125,108.93906644118692,-16.060933558813076
51,88,125,109.53572332287392,-15.46427667712608
51,89,124,106.58059800006754,-17.41940199993246
51,90,123,103.192987012987,-19.807012987012996
51,91,122,105.1685176185247,-16.831482381475297
51,92,121,100.97615917967843,-20.023840820321567
51,93,120,106.6061107818937,-13.393889218106295
51,94,119,105.68452429237114,-13.315475707628863
51,95,118,112.2893249874144,-5.710675012585597
51,96,117,109.26016648979916,-7.739833510200839
51,97,116,110.16503405920454,-5.834965940795456
51,98,115,112.77684850287535,-2.223151497124647
51,99,114,105.089798265392,-8.910201734607995
51,100,113,115.97800067842033,2.9780006784203295
51,101,112,113.17209423470895,1.1720942347089505
51,102,111,105.35736718522546,-5.642632814774544
51,103,110,109.54245155167239,-0.4575484483276142
51,104,109,107.65443540052436,-1.3455645994756367
51,105,108,104.0489782008137,-3.951021799186293
51,106,107,98.80030260309869,-8.199697396901314
51,107,106,107.27793912927488,1.277939129274884
51,108,105,100.66405885998786,-4.335941140012139
51,109,104,98.5511830357143,-5.448816964285697
51,110,103,90.7810416666667,-12.218958333333305
51,111,102,107.90282900618897,5.902829006188966
51,112,101,105.43790056980488,4.4379005698048815
51,113,100,82.88118077020344,-17.118819229796557
51,114,99,97.83428571428571,-1.1657142857142873
51,115,98,103.93378580138749,5.9337858013874865
51,116,97,100.50156676157306,3.5015667615730592
51,117,96,103.17917043930247,7.179170439302467
51,118,95,100.6821633382164,5.682163338216398
51,119,94,94.69173793859648,0.691737938596475
51,120,93,102.65166579832733,9.651665798327329
51,121,92,96.53190886699505,4.531908866995053
51,122,91,92.5840625,1.5840625000000017
51,123,90,93.80159226190476,3.8015922619047586
51,124,89,98.29923909988591,9.29923909988591
51,125,88,91.8070386904762,3.8070386904762046
51,126,87,94.01148065476193,7.011480654761925
51,127,86,96.58375248015872,10.583752480158722
51,128,85,96.64147079180512,11.64147079180512
51,129,84,87.14365327380952,3.1436532738095195
51,130,83,81.78511994949498,-1.2148800505050161
51,131,82,83.16127976190475,1.1612797619047512
51,132,81,76.67428030303033,-4.325719696969671
51,133,80,85.27800919566545,5.278009195665447
51,134,79,84.39143601190474,5.391436011904744
51,135,78,77.35306547619048,-0.6469345238095201
51,136,77,81.26697916666669,4.266979166666687
51,137,76,77.98437454906204,1.9843745490620393
51,138,75,80.56059523809522,5.5605952380952175
51,139,74,84.28760416666665,10.287604166666654
51,140,73,79.0092261904762,6.009226190476198
51,141,72,79.53776198308273,7.537761983082731
51,142,71,79.23148561507938,8.231485615079379
51,143,70,75.56566964285713,5.565669642857131
51,144,69,66.55840029761904,-2.4415997023809553
51,145,68,71.26242198773453,3.262421987734527
51,146,67,71.48869678932179,4.488696789321793
51,147,66,71.33636904761903,5.33636904761903
51,148,65,72.74849837662337,7.748498376623374
51,149,64,68.93846861471863,4.93846861471863
51,150,63,64.59889272186147,1.5988927218614748
51,151,62,69.68715029761904,7.687150297619041
51,152,61,62.87528273809524,1.8752827380952368
51,153,60,62.08172619047619,2.0817261904761892
51,154,59,61.53116071428573,2.5311607142857326
51,155,58,58.96966765873018,0.9696676587301809
51,156,57,58.43923363095239,1.439233630952387
51,157,56,51.911190476190484,-4.088809523809516
51,158,55,52.919107142857136,-2.0808928571428638
51,159,54,53.09395833333333,-0.9060416666666669
51,160,53,52.32628968253969,-0.6737103174603121
51,161,52,51.501865079365096,-0.4981349206349037
51,162,51,52.13702380952382,1.1370238095238179
51,163,50,49.836458333333326,-0.16354166666667425
51,164,49,50.99062996031747,1.9906299603174702
51,165,48,49.23492063492063,1.234920634920627
51,166,47,54.04283730158731,7.042837301587312
51,167,46,53.227673611111115,7.227673611111115
51,168,45,58.14087301587301,13.140873015873012
51,169,44,59.28457093253968,15.28457093253968
51,170,43,54.8843154761905,11.884315476190501
51,171,42,49.41252976190477,7.412529761904771
51,172,41,45.925543154761904,4.925543154761904
51,173,40,43.98535218253969,3.9853521825396925
51,174,39,42.776691468253986,3.7766914682539863
51,175,38,43.12394359827264,5.123943598272639
51,176,37,43.168043154761904,6.168043154761904
51,177,36,39.35132703081233,3.351327030812328
51,178,35,38.32453176209752,3.3245317620975214
51,179,34,36.09182800751881,2.0918280075188065
51,180,33,37.287090773809524,4.287090773809524
51,181,32,37.00608630952381,5.006086309523809
51,182,31,34.46288442460317,3.4628844246031676
51,183,30,33.92894345238097,3.9289434523809703
51,184,29,33.92344742063492,4.923447420634922
51,185,28,32.96954861111111,4.969548611111108
51,186,27,30.177819940476184,3.1778199404761835
51,187,26,31.37497023809525,5.374970238095251
51,188,25,33.828854166666666,8.828854166666666
51,189,24,30.853303571428576,6.853303571428576
51,190,23,25.923616071428576,2.923616071428576
51,191,22,28.548521825396833,6.548521825396833
51,192,21,24.77754712301587,3.7775471230158715
51,193,20,25.199283234126987,5.1992832341269875
51,194,19,27.27410714285714,8.27410714285714
51,195,18,19.163385416666657,1.1633854166666566
51,196,17,24.404947916666664,7.404947916666664
51,197,16,19.606294642857147,3.606294642857147
51,198,15,16.94243303571428,1.9424330357142807
51,199,14,17.025848214285713,3.0258482142857126
51,200,13,17.26353422619048,4.26353422619048
51,201,12,15.289914772727265,3.289914772727265
51,202,11,17.444898313492068,6.444898313492068
51,203,10,14.237782738095238,4.2377827380952375
51,204,9,11.544717261904761,2.5447172619047613
51,205,8,10.419925595238098,2.419925595238098
51,206,7,8.48361359126984,1.4836135912698403
51,207,6,7.189737103174602,1.1897371031746022
51,208,5,7.61981398809524,2.61981398809524
51,209,4,5.876912202380954,1.8769122023809537
51,210,3,4.371406249999996,1.3714062499999962
51,211,2,2.723988095238094,0.7239880952380942
51,212,1,1.1236458333333346,0.12364583333333456
51,213,0,0.0,0.0
52,1,125,116.87692464968436,-8.123075350315645
52,2,125,110.39352610316901,-14.606473896830991
52,3,125,114.48477856687782,-10.515221433122178
52,4,125,110.71519907564841,-14.284800924351586
52,5,125,114.35814481108466,-10.641855188915343
52,6,125,114.82726715183166,-10.172732848168337
52,7,125,114.92743145346999,-10.072568546530007
52,8,125,116.06674047240406,-8.933259527595936
52,9,125,116.03531505936546,-8.964684940634541
52,10,125,117.05123344113527,-7.948766558864733
52,11,125,113.00530292289497,-11.99469707710503
52,12,125,113.6202800783647,-11.3797199216353
52,13,125,115.37789999013611,-9.622100009863885
52,14,125,116.82573236248882,-8.174267637511178
52,15,125,117.41021008994878,-7.589789910051223
52,16,125,116.76689398910369,-8.233106010896307
52,17,125,116.59440895418484,-8.405591045815157
52,18,125,116.71986929389838,-8.280130706101616
52,19,125,116.39285074977981,-8.60714925022019
52,20,125,116.21900755423954,-8.780992445760461
52,21,125,118.10967356027106,-6.890326439728938
52,22,125,117.94345109083221,-7.0565489091677875
52,23,125,116.45960891032239,-8.540391089677613
52,24,125,117.2853260656151,-7.714673934384905
52,25,125,117.82138830673357,-7.178611693266433
52,26,125,117.72746793687031,-7.272532063129688
52,27,125,117.02622014018569,-7.973779859814314
52,28,125,117.54879570627017,-7.45120429372983
52,29,125,115.78952688199425,-9.210473118005751
52,30,125,117.37389568177404,-7.626104318225956
52,31,125,116.93777308925405,-8.062226910745949
52,32,125,115.17921977362121,-9.820780226378787
52,33,125,117.19800237548289,-7.801997624517114
52,34,125,118.41776396245855,-6.582236037541449
52,35,125,118.08414814608975,-6.9158518539102545
52,36,125,117.58894550644126,-7.411054493558737
52,37,125,116.9501373268077,-8.049862673192294
52,38,125,115.66731285097455,-9.332687149025446
52,39,125,115.34022811426613,-9.659771885733875
52,40,125,117.99127017512326,-7.008729824876738
52,41,125,114.01308484817034,-10.986915151829663
52,42,125,115.31081794726217,-9.689182052737834
52,43,125,114.69531692662922,-10.304683073370782
52,44,125,115.57367185704818,-9.426328142951817
52,45,125,114.51127322917674,-10.488726770823263
52,46,125,114.69625019180748,-10.30374980819252
52,47,125,116.26841952603266,-8.731580473967341
52,48,125,117.29484890757904,-7.705151092420962
52,49,125,116.69815219752748,-8.301847802472523
52,50,125,116.33062768279824,-8.669372317201763
52,51,125,113.58060919868574,-11.419390801314265
52,52,125,115.99976494900334,-9.000235050996665
52,53,125,115.70652141850175,-9.293478581498249
52,54,125,112.31370379485728,-12.686296205142725
52,55,125,112.47519402452178,-12.524805975478216
52,56,125,114.52910210642764,-10.470897893572356
52,57,125,113.81290292574067,-11.187097074259327
52,58,125,114.73982638417287,-10.260173615827128
52,59,125,111.36627403178348,-13.633725968216524
52,60,125,114.8623597988443,-10.137640201155705
52,61,125,114.4652580855142,-10.534741914485807
52,62,125,112.79805288411622,-12.201947115883783
52,63,125,110.43723096064745,-14.562769039352546
52,64,125,113.85814402385526,-11.14185597614474
52,65,125,114.12010042124771,-10.879899578752287
52,66,125,112.07774874188325,-12.922251258116745
52,67,125,109.73833796231168,-15.261662037688325
52,68,125,110.72065728266318,-14.279342717336817
52,69,125,109.56236822502174,-15.437631774978257
52,70,125,105.9839009502479,-19.0160990497521
52,71,125,105.21075457073837,-19.789245429261626
52,72,125,103.42689555486675,-21.573104445133254
52,73,125,106.3780370254639,-18.621962974536103
52,74,125,105.13922501845539,-19.86077498154461
52,75,125,108.07122785744396,-16.928772142556042
52,76,125,105.09045290876406,-19.909547091235936
52,77,125,105.43734542222558,-19.562654577774424
52,78,125,103.24663734698075,-21.753362653019252
52,79,125,104.15104062258756,-20.84895937741244
52,80,125,102.04947045526274,-22.950529544737265
52,81,125,99.85614120580166,-25.143858794198337
52,82,125,100.35692413897088,-24.643075861029118
52,83,125,97.35241912399493,-27.647580876005065
52,84,125,96.43133247741233,-28.568667522587674
52,85,125,99.28699702509621,-25.713002974903787
52,86,125,97.54822707563403,-27.45177292436597
52,87,125,95.46744078538305,-29.532559214616953
52,88,125,93.96216199030312,-31.037838009696884
52,89,124,88.80641070664363,-35.19358929335637
52,90,123,93.78802612889994,-29.211973871100056
52,91,122,96.33905330097006,-25.660946699029935
52,92,121,99.65822727738721,-21.341772722612788
52,93,120,93.64012553592335,-26.359874464076654
52,94,119,94.17353147832199,-24.82646852167801
52,95,118,95.14684253149899,-22.85315746850101
52,96,117,90.48713807815871,-26.512861921841292
52,97,116,93.98994931473437,-22.010050685265625
52,98,115,93.55259570505967,-21.447404294940327
52,99,114,94.47369614075566,-19.526303859244337
52,100,113,94.60324387716437,-18.396756122835626
52,101,112,95.5674784590703,-16.4325215409297
52,102,111,95.02392484429649,-15.976075155703512
52,103,110,98.15029113698078,-11.849708863019217
52,104,109,93.93057443649191,-15.06942556350809
52,105,108,97.19844987876141,-10.801550121238591
52,106,107,92.51153919725729,-14.488460802742708
52,107,106,92.99472837913613,-13.005271620863866
52,108,105,95.9133353391251,-9.086664660874902
52,109,104,87.86217775219133,-16.13782224780867
52,110,103,85.89029212817117,-17.10970787182883
52,111,102,87.64825586602726,-14.351744133972744
52,112,101,87.83323869549643,-13.166761304503567
52,113,100,96.18878222308824,-3.811217776911761
52,114,99,94.46900885324699,-4.53099114675301
52,115,98,98.87170422617949,0.8717042261794887
52,116,97,96.59662430494026,-0.40337569505973647
52,117,96,94.57756426961355,-1.4224357303864537
52,118,95,95.70760518431958,0.7076051843195756
52,119,94,93.8814158777618,-0.1185841222382038
52,120,93,97.9425899608872,4.942589960887204
52,121,92,89.183522601394,-2.816477398605997
52,122,91,97.05801888497832,6.058018884978324
52,123,90,84.16966493436826,-5.830335065631743
52,124,89,85.45782669355025,-3.5421733064497545
52,125,88,89.30427336915815,1.3042733691581532
52,126,87,88.00114308695332,1.00114308695332
52,127,86,90.60095760002537,4.600957600025367
52,128,85,86.45953275553335,1.4595327555333455
52,129,84,85.2484334568633,1.248433456863296
52,130,83,77.61510310839459,-5.384896891605408
52,131,82,80.45081484356842,-1.5491851564315766
52,132,81,71.78429491777949,-9.21570508222051
52,133,80,80.78720077876383,0.7872007787638324
52,134,79,85.99156189509037,6.991561895090371
52,135,78,82.28233995286327,4.282339952863268
52,136,77,73.9025179308773,-3.097482069122705
52,137,76,78.939805845578,2.939805845577993
52,138,75,75.66506526757608,0.6650652675760824
52,139,74,82.31707018034412,8.317070180344118
52,140,73,80.77204643344808,7.772046433448082
52,141,72,73.03435649420024,1.0343564942002388
52,142,71,68.15147640145803,-2.8485235985419735
52,143,70,67.8067099964986,-2.193290003501403
52,144,69,60.891858840852436,-8.108141159147564
52,145,68,61.355485965219415,-6.644514034780585
52,146,67,69.18542328042331,2.185423280423308
52,147,66,69.39515121109982,3.395151211099815
52,148,65,69.2284210927961,4.228421092796097
52,149,64,66.93333676739927,2.9333367673992683
52,150,63,76.69298991721197,13.692989917211975
52,151,62,77.23803819444443,15.238038194444428
52,152,61,70.20775297619046,9.207752976190463
52,153,60,64.73277529761907,4.732775297619071
52,154,59,65.50710565476193,6.507105654761929
52,155,58,62.91884788359788,4.918847883597877
52,156,57,59.085019841269826,2.085019841269826
52,157,56,59.683856646825376,3.683856646825376
52,158,55,58.76367792950513,3.7636779295051284
52,159,54,67.89689402203187,13.896894022031873
52,160,53,61.296875,8.296875
52,161,52,53.03952751292826,1.0395275129282595
52,162,51,51.664836747198876,0.6648367471988763
52,163,50,48.86211259920638,-1.1378874007936233
52,164,49,48.44757935181648,-0.5524206481835208
52,165,48,48.85612771739129,0.8561277173912885
52,166,47,44.012054525335785,-2.9879454746642153
52,167,46,48.18918302475207,2.1891830247520687
52,168,45,43.02282818896789,-1.9771718110321075
52,169,44,35.09113877442004,-8.908861225579962
52,170,43,37.75046875,-5.249531249999997
52,171,42,35.60726034503996,-6.392739654960039
52,172,41,35.218238260582,-5.781761739418002
52,173,40,34.16622128914289,-5.833778710857111
52,174,39,37.55773561507935,-1.442264384920648
52,175,38,32.58903098404359,-5.410969015956411
52,176,37,29.549776785714286,-7.450223214285714
52,177,36,29.01292423420982,-6.9870757657901805
52,178,35,24.024657738095243,-10.975342261904757
52,179,34,25.34357886904761,-8.656421130952388
52,180,33,22.522516597985355,-10.477483402014645
52,181,32,26.82099950396825,-5.179000496031751
52,182,31,27.980223214285722,-3.019776785714278
52,183,30,25.20010502933058,-4.7998949706694205
52,184,29,22.970911733591226,-6.029088266408774
52,185,28,23.50155505952382,-4.49844494047618
52,186,27,19.939732142857142,-7.060267857142858
52,187,26,15.062641369047618,-10.937358630952382
52,188,25,13.963420138888889,-11.036579861111111
52,189,24,15.667582707901996,-8.332417292098004
52,190,23,14.450825892857132,-8.549174107142868
52,191,22,16.011517857142852,-5.988482142857148
52,192,21,13.77597556504486,-7.22402443495514
52,193,20,11.078830227743264,-8.921169772256736
52,194,19,12.405638263457558,-6.594361736542442
52,195,18,11.756374007936508,-6.2436259920634924
52,196,17,9.104553571428568,-7.895446428571432
52,197,16,9.96711805555555,-6.0328819444444495
52,198,15,9.22208829365079,-5.77791170634921
52,199,14,6.349627976190476,-7.650372023809524
52,200,13,5.835245535714288,-7.164754464285712
52,201,12,4.877723214285714,-7.122276785714286
52,202,11,3.1303869047619024,-7.869613095238098
52,203,10,1.50792658730159,-8.49207341269841
52,204,9,2.811877480158725,-6.188122519841275
52,205,8,1.3397030053280066,-6.660296994671993
52,206,7,0.03396605998168223,-6.966033940018318
52,207,6,0.0,-6.0
52,208,5,0.0,-5.0
52,209,4,0.0,-4.0
52,210,3,0.0,-3.0
52,211,2,0.0,-2.0
52,212,1,0.0,-1.0
52,213,0,0.0,0.0
53,1,125,109.68668024227232,-15.313319757727683
53,2,125,114.37442008862726,-10.62557991137274
53,3,125,117.18205907342613,-7.817940926573868
53,4,125,116.32662510081818,-8.673374899181823
53,5,125,118.30640144702245,-6.693598552977548
53,6,125,116.77758067490754,-8.22241932509246
53,7,125,113.71355776178946,-11.28644223821054
53,8,125,117.83029459119241,-7.169705408807587
53,9,125,118.3213924908221,-6.678607509177894
53,10,125,117.41759510179187,-7.582404898208125
53,11,125,117.06637471078845,-7.933625289211548
53,12,125,115.88526774073998,-9.114732259260023
53,13,125,116.42873235664051,-8.57126764335949
53,14,125,113.62651541411815,-11.373484585881855
53,15,125,115.86217901700218,-9.137820982997823
53,16,125,116.45867600782826,-8.54132399217174
53,17,125,115.01655506985165,-9.983444930148352
53,18,125,115.52481539829787,-9.475184601702125
53,19,125,116.42225669273913,-8.577743307260874
53,20,125,115.85584747388182,-9.144152526118177
53,21,125,117.31181888274227,-7.688181117257727
53,22,125,116.65555873693572,-8.344441263064283
53,23,125,117.17308226493196,-7.826917735068037
53,24,125,116.85154262680037,-8.148457373199633
53,25,125,113.53217213838764,-11.467827861612363
53,26,125,115.88319521917212,-9.116804780827877
53,27,125,117.1007283480094,-7.8992716519906025
53,28,125,116.52038051395252,-8.479619486047483
53,29,125,117.21240772521836,-7.787592274781645
53,30,125,118.86176242396888,-6.138237576031116
53,31,125,117.544539883314,-7.455460116685998
53,32,125,116.68876740985877,-8.31123259014123
53,33,125,118.63980964770272,-6.3601903522972805
53,34,125,113.56954602735615,-11.430453972643846
53,35,125,117.72699359780138,-7.273006402198618
53,36,125,117.3019698033346,-7.6980301966654
53,37,125,117.34767418060531,-7.65232581939469
53,38,125,117.16000620946673,-7.839993790533271
53,39,125,114.9126758757554,-10.087324124244603
53,40,125,114.97835699905781,-10.021643000942191
53,41,125,117.81466113335371,-7.1853388666462905
53,42,125,116.8935192158211,-8.106480784178899
53,43,125,118.42585650511474,-6.574143494885263
53,44,125,114.89514816977578,-10.10485183022422
53,45,125,113.77439019698406,-11.225609803015942
53,46,125,112.79712043066347,-12.202879569336531
53,47,125,114.68628827743575,-10.31371172256425
53,48,125,115.36553020845065,-9.63446979154935
53,49,125,115.20262793992677,-9.79737206007323
53,50,125,116.68958617464486,-8.310413825355141
53,51,125,116.36207471536609,-8.637925284633909
53,52,125,114.61570016797339,-10.384299832026613
53,53,125,113.27370366363616,-11.726296336363845
53,54,125,114.0802362750455,-10.919763724954507
53,55,125,112.54760841002897,-12.452391589971029
53,56,125,114.43056499228233,-10.569435007717672
53,57,125,111.69587829268644,-13.304121707313556
53,58,125,106.97767346646542,-18.02232653353458
53,59,125,111.41216352384068,-13.587836476159325
53,60,125,112.42580558698918,-12.574194413010815
53,61,125,110.51788707807937,-14.482112921920631
53,62,125,111.2213691991155,-13.7786308008845
53,63,125,109.68404874969437,-15.31595125030563
53,64,125,113.07943024049708,-11.920569759502925
53,65,125,112.97783880197888,-12.022161198021124
53,66,125,115.72236399403464,-9.277636005965363
53,67,125,109.9958844089283,-15.004115591071695
53,68,125,111.7322199692256,-13.267780030774404
53,69,125,109.4116268326114,-15.588373167388596
53,70,125,106.36892954458497,-18.631070455415028
53,71,124,114.4459252815806,-9.5540747184194
53,72,123,112.4462991450954,-10.553700854904605
53,73,122,106.06659117670267,-15.933408823297327
53,74,121,97.09726595074734,-23.902734049252658
53,75,120,107.94274058174214,-12.057259418257857
53,76,119,97.6374974353768,-21.3625025646232
53,77,118,99.76926206075443,-18.23073793924557
53,78,117,103.06699292398949,-13.933007076010512
53,79,116,103.07726042361303,-12.922739576386974
53,80,115,103.17742816973082,-11.822571830269183
53,81,114,105.53259101455706,-8.467408985442944
53,82,113,94.69054193339556,-18.309458066604435
53,83,112,96.88473327107458,-15.11526672892542
53,84,111,94.3438878685393,-16.656112131460702
53,85,110,91.35479061495622,-18.645209385043785
53,86,109,88.00205681900502,-20.99794318099498
53,87,108,88.50550162816026,-19.49449837183974
53,88,107,85.0120831343364,-21.987916865663607
53,89,106,95.33127324507029,-10.668726754929708
53,90,105,81.36684622433935,-23.633153775660645
53,91,104,94.16685991735194,-9.833140082648058
53,92,103,77.75686029173961,-25.243139708260387
53,93,102,86.89241591270026,-15.107584087299742
53,94,101,96.29441584314893,-4.705584156851074
53,95,100,94.20399539644137,-5.796004603558629
53,96,99,87.82007987737954,-11.179920122620459
53,97,98,96.28723581754033,-1.712764182459665
53,98,97,91.87604549121332,-5.123954508786682
53,99,96,78.17999637944291,-17.820003620557088
53,100,95,83.81462100195161,-11.185378998048392
53,101,94,79.95709776512784,-14.042902234872159
53,102,93,84.56263262206772,-8.437367377932276
53,103,92,82.2909585813492,-9.709041418650799
53,104,91,82.14082474833171,-8.85917525166829
53,105,90,84.34652345457994,-5.653476545420062
53,106,89,75.127333857602,-13.872666142398003
53,107,88,82.80358024468535,-5.1964197553146505
53,108,87,73.48782175257188,-13.512178247428125
53,109,86,77.69959395633786,-8.300406043662136
53,110,85,68.0333287984127,-16.966671201587303
53,111,84,77.65795665002953,-6.342043349970467
53,112,83,70.65608322291982,-12.343916777080182
53,113,82,68.81430986087301,-13.18569013912699
53,114,81,65.48688092463092,-15.513119075369076
53,115,80,69.0782806013431,-10.921719398656904
53,116,79,77.48505876967411,-1.5149412303258885
53,117,78,70.14834663341341,-7.851653366586589
53,118,77,69.30308298735795,-7.6969170126420465
53,119,76,74.65388748987014,-1.3461125101298563
53,120,75,75.81036293212034,0.8103629321203414
53,121,74,67.22237644558422,-6.777623554415783
53,122,73,73.0547930124915,0.05479301249150126
53,123,72,55.22416298222032,-16.77583701777968
53,124,71,58.19689351357454,-12.803106486425463
53,125,70,60.14520427875024,-9.854795721249758
53,126,69,55.9906919642857,-13.009308035714298
53,127,68,57.11326651898607,-10.886733481013927
53,128,67,56.35172867063494,-10.648271329365059
53,129,66,60.16004216269842,-5.839957837301583
53,130,65,67.16014898176225,2.160148981762248
53,131,64,55.81070436507938,-8.189295634920619
53,132,63,60.73416704822954,-2.265832951770463
53,133,62,58.74588278114428,-3.2541172188557184
53,134,61,54.73927827380951,-6.260721726190489
53,135,60,54.8175148809524,-5.182485119047598
53,136,59,51.909568660506146,-7.090431339493854
53,137,58,53.552637744200254,-4.447362255799746
53,138,57,53.158147902983025,-3.841852097016975
53,139,56,48.83949528769841,-7.160504712301588
53,140,55,50.78829737103174,-4.211702628968261
53,141,54,47.046257440476175,-6.953742559523825
53,142,53,45.97393601190476,-7.026063988095238
53,143,52,44.49264880952381,-7.507351190476193
53,144,51,47.39797305125429,-3.60202694874571
53,145,50,46.20466812755014,-3.7953318724498573
53,146,49,47.86540302579364,-1.1345969742063602
53,147,48,47.7106168154762,-0.28938318452379974
53,148,47,43.85773314269544,-3.1422668573045627
53,149,46,45.69355654761904,-0.30644345238096093
53,150,45,44.42821180555556,-0.5717881944444372
53,151,44,41.98731894841269,-2.0126810515873075
53,152,43,44.189131944444455,1.1891319444444548
53,153,42,43.176671626984124,1.176671626984124
53,154,41,40.31753720238096,-0.6824627976190385
53,155,40,39.22980654761906,-0.7701934523809371
53,156,39,39.85920544733044,0.8592054473304387
53,157,38,38.55748511904764,0.5574851190476409
53,158,37,37.05435267857145,0.054352678571447655
53,159,36,35.358668154761915,-0.641331845238085
53,160,35,32.40310210622708,-2.596897893772919
53,161,34,36.23438186813187,2.2343818681318695
53,162,33,32.8630316293184,-0.1369683706816005
53,163,32,30.562103174603152,-1.437896825396848
53,164,31,25.180535714285714,-5.819464285714286
53,165,30,28.902857142857144,-1.097142857142856
53,166,29,27.802857142857135,-1.1971428571428646
53,167,28,26.217075892857146,-1.782924107142854
53,168,27,24.79022817460317,-2.2097718253968317
53,169,26,23.08636724386725,-2.913632756132749
53,170,25,20.261235795454546,-4.738764204545454
53,171,24,19.41824156746032,-4.581758432539679
53,172,23,18.8173685515873,-4.1826314484127
53,173,22,17.887983630952384,-4.112016369047616
53,174,21,17.489560248778997,-3.5104397512210035
53,175,20,16.832862103174598,-3.167137896825402
53,176,19,19.224717261904765,0.2247172619047646
53,177,18,18.265520833333333,0.26552083333333343
53,178,17,13.875977182539678,-3.1240228174603217
53,179,16,14.075873015873011,-1.924126984126989
53,180,15,14.709885912698411,-0.29011408730158905
53,181,14,11.34712053571429,-2.6528794642857108
53,182,13,12.366577380952386,-0.6334226190476144
53,183,12,8.311259920634916,-3.6887400793650844
53,184,11,7.2212003968253935,-3.7787996031746065
53,185,10,6.867998511904759,-3.1320014880952414
53,186,9,6.684816468253969,-2.3151835317460314
53,187,8,5.125334821428568,-2.8746651785714317
53,188,7,6.032641143578648,-0.9673588564213524
53,189,6,3.0890340909090916,-2.9109659090909084
53,190,5,1.8402604166666645,-3.1597395833333355
53,191,4,1.589196428571431,-2.410803571428569
53,192,3,0.2176364338838983,-2.7823635661161017
53,193,2,0.0,-2.0
53,194,1,0.0,-1.0
53,195,0,0.0,0.0
54,1,125,117.82501177694094,-7.17498822305906
54,2,125,116.71938003896943,-8.280619961030567
54,3,125,118.40191852124538,-6.598081478754622
54,4,125,119.7949023432323,-5.205097656767705
54,5,125,119.52184027777778,-5.478159722222216
54,6,125,119.80718642258266,-5.19281357741734
54,7,125,119.62708333333333,-5.372916666666669
54,8,125,119.71409090909091,-5.285909090909087
54,9,125,119.45302566661266,-5.54697433338734
54,10,125,119.74820959090752,-5.251790409092479
54,11,125,119.9088219413735,-5.091178058626497
54,12,125,119.92805447813821,-5.071945521861792
54,13,125,119.98117947813822,-5.018820521861784
54,14,125,119.86815864480488,-5.131841355195121
54,15,125,119.78882446687696,-5.21117553312304
54,16,125,119.99821564091265,-5.0017843590873525
54,17,125,119.94055447813821,-5.0594455218617895
54,18,125,119.92474142559654,-5.075258574403463
54,19,125,119.74883820829696,-5.251161791703041
54,20,125,119.33938536015671,-5.660614639843288
54,21,125,119.56250653937165,-5.437493460628346
54,22,125,119.703712677105,-5.296287322894997
54,23,125,119.94010722632197,-5.05989277367803
54,24,125,119.81531591634455,-5.184684083655455
54,25,125,119.87940886047086,-5.1205911395291395
54,26,125,119.81383020778489,-5.186169792215111
54,27,125,119.14958943318318,-5.850410566816819
54,28,125,119.8015289040928,-5.198471095907195
54,29,125,119.3707493946479,-5.629250605352098
54,30,125,119.23789505599154,-5.762104944008456
54,31,125,119.58818722943724,-5.411812770562761
54,32,125,119.02692299667201,-5.973077003327987
54,33,125,118.66690734795961,-6.333092652040392
54,34,125,119.70632769104694,-5.293672308953063
54,35,125,118.69510370216669,-6.304896297833309
54,36,125,119.20813808950547,-5.791861910494532
54,37,125,119.24069832734457,-5.759301672655425
54,38,125,119.14788019149748,-5.852119808502522
54,39,125,118.71884463006575,-6.281155369934254
54,40,125,118.55873931623935,-6.441260683760646
54,41,125,118.16553845249719,-6.834461547502812
54,42,125,118.15021221623344,-6.849787783766558
54,43,125,117.91291558924934,-7.087084410750663
54,44,125,117.4081976010101,-7.591802398989898
54,45,125,117.19615117521369,-7.803848824786314
54,46,125,116.80744848424149,-8.19255151575851
54,47,125,117.6560859279609,-7.343914072039098
54,48,125,118.31717147435897,-6.682828525641028
54,49,125,118.0247752351983,-6.975224764801695
54,50,125,118.15304105616606,-6.84695894383394
54,51,125,119.33080468601106,-5.669195313988936
54,52,125,119.18661650821343,-5.813383491786567
54,53,125,117.92952338209923,-7.070476617900766
54,54,125,118.74320405222284,-6.256795947777164
54,55,125,118.58883273829902,-6.411167261700982
54,56,125,119.25695071996329,-5.743049280036715
54,57,125,118.49468971555018,-6.50531028444982
54,58,125,119.63419328042922,-5.365806719570784
54,59,125,119.49775797441889,-5.502242025581111
54,60,125,119.16429666246324,-5.835703337536756
54,61,125,118.27374710040058,-6.726252899599416
54,62,125,117.2455551623816,-7.754444837618394
54,63,125,118.84692022221775,-6.153079777782253
54,64,125,118.5739751431214,-6.426024856878598
54,65,125,119.07094725581024,-5.929052744189761
54,66,125,118.90512647294167,-6.094873527058326
54,67,125,117.66652957654291,-7.333470423457086
54,68,125,117.2943897151267,-7.705610284873302
54,69,125,117.7712117702087,-7.228788229791306
54,70,125,116.81861957866181,-8.18138042133819
54,71,125,117.2906106411863,-7.709389358813695
54,72,125,117.71817371744848,-7.2818262825515205
54,73,125,117.86535540993387,-7.134644590066131
54,74,125,113.23906322729385,-11.760936772706145
54,75,125,115.05227198726907,-9.947728012730934
54,76,125,117.23791869026377,-7.762081309736232
54,77,125,116.12906300217996,-8.870936997820039
54,78,125,116.12700332786619,-8.872996672133809
54,79,125,116.65794818994796,-8.342051810052041
54,80,125,116.9030151200056,-8.096984879994395
54,81,125,116.70203232414698,-8.297967675853016
54,82,125,114.98038415441167,-10.019615845588334
54,83,125,114.52928506383512,-10.470714936164882
54,84,125,116.2835756208807,-8.716424379119303
54,85,125,117.89191902839607,-7.1080809716039255
54,86,125,117.6907467759952,-7.309253224004806
54,87,125,117.74487759009533,-7.255122409904672
54,88,125,114.74546917827527,-10.254530821724728
54,89,125,114.02173183992834,-10.978268160071664
54,90,125,116.03597706545243,-8.964022934547572
54,91,125,116.60717291111061,-8.39282708888939
54,92,125,116.58564656327658,-8.414353436723417
54,93,125,115.61864075732322,-9.38135924267678
54,94,125,117.87756746776456,-7.122432532235436
54,95,125,117.50276383557814,-7.497236164421864
54,96,125,116.40766241818764,-8.592337581812359
54,97,125,115.70558659721178,-9.294413402788223
54,98,125,114.55626854787363,-10.443731452126372
54,99,125,114.96773721014577,-10.03226278985423
54,100,125,115.96208519769993,-9.037914802300065
54,101,125,115.07110667735041,-9.928893322649586
54,102,125,113.51181399663778,-11.488186003362216
54,103,125,113.45595797174144,-11.54404202825856
54,104,125,114.96036742489267,-10.039632575107333
54,105,125,115.05193560404355,-9.94806439595645
54,106,125,113.37133037160388,-11.628669628396125
54,107,125,113.69008392113362,-11.30991607886638
54,108,125,113.12326566664471,-11.876734333355287
54,109,125,112.97112442957871,-12.028875570421292
54,110,125,113.48513489528689,-11.51486510471311
54,111,125,114.59181889239412,-10.408181107605884
54,112,125,108.37879824254267,-16.621201757457328
54,113,125,113.53098609232882,-11.469013907671183
54,114,125,111.82943141173135,-13.170568588268651
54,115,125,113.35788595994998,-11.642114040050018
54,116,125,114.34859285807768,-10.65140714192232
54,117,125,113.18611465380687,-11.813885346193132
54,118,125,115.57823164980573,-9.42176835019427
54,119,125,114.44371203511255,-10.556287964887446
54,120,125,113.69548901067874,-11.304510989321258
54,121,125,112.61508655740447,-12.384913442595533
54,122,125,112.42575250881896,-12.57424749118104
54,123,125,114.36892775806868,-10.63107224193132
54,124,125,114.94272589563211,-10.057274104367892
54,125,125,113.40322504868246,-11.596774951317542
54,126,125,111.47321014575155,-13.526789854248449
54,127,125,104.19912623778907,-20.800873762210927
54,128,125,110.7798105719751,-14.220189428024895
54,129,125,111.30928877918146,-13.690711220818542
54,130,125,112.06203484467201,-12.937965155327987
54,131,125,109.17802938832283,-15.821970611677173
54,132,125,112.08338982706309,-12.916610172936913
54,133,124,110.15128889320538,-13.848711106794624
54,134,123,112.47191103779221,-10.52808896220779
54,135,122,109.22850833155766,-12.771491668442337
54,136,121,103.84026058054994,-17.159739419450062
54,137,120,98.59602430555556,-21.40397569444444
54,138,119,99.50783435035392,-19.492165649646083
54,139,118,99.01182847211116,-18.988171527888838
54,140,117,100.52992764354372,-16.470072356456285
54,141,116,103.80503257511029,-12.194967424889711
54,142,115,107.45594143392353,-7.5440585660764725
54,143,114,101.17054039829902,-12.829459601700975
54,144,113,97.41383908404725,-15.586160915952746
54,145,112,91.94989753668766,-20.050102463312342
54,146,111,99.61089223881238,-11.389107761187617
54,147,110,101.58413113508911,-8.415868864910891
54,148,109,98.38691470764893,-10.613085292351073
54,149,108,102.17137807355198,-5.828621926448022
54,150,107,100.74490479903868,-6.255095200961321
54,151,106,99.48228251859868,-6.51771748140132
54,152,105,89.21572066326534,-15.784279336734656
54,153,104,98.05454835990813,-5.945451640091875
54,154,103,102.8321731293939,-0.16782687060610613
54,155,102,103.73128759827482,1.7312875982748182
54,156,101,100.35914856943464,-0.6408514305653625
54,157,100,99.86625676156618,-0.13374323843382285
54,158,99,92.48055586458129,-6.519444135418709
54,159,98,98.04237665228734,0.042376652287344996
54,160,97,89.02893030205527,-7.971069697944728
54,161,96,89.72641053594178,-6.273589464058219
54,162,95,95.10426350010722,0.10426350010722274
54,163,94,90.2230379851838,-3.776962014816206
54,164,93,87.2821010516324,-5.717898948367605
54,165,92,89.78246732003726,-2.217532679962744
54,166,91,89.39067431456198,-1.609325685438023
54,167,90,91.41006100472802,1.4100610047280213
54,168,89,79.30113343253967,-9.698866567460328
54,169,88,82.10284909754236,-5.897150902457639
54,170,87,72.74302074781062,-14.256979252189382
54,171,86,84.5521976550235,-1.4478023449764947
54,172,85,90.93537926920114,5.935379269201135
54,173,84,82.07027088350813,-1.9297291164918704
54,174,83,82.2683028950216,-0.7316971049783945
54,175,82,72.72926253999626,-9.270737460003744
54,176,81,82.89637134020275,1.896371340202748
54,177,80,79.13214781746031,-0.8678521825396928
54,178,79,66.84758725649348,-12.152412743506517
54,179,78,71.7111011904762,-6.2888988095238005
54,180,77,66.39155753968252,-10.608442460317477
54,181,76,59.80337053571428,-16.19662946428572
54,182,75,61.38544642857143,-13.614553571428573
54,183,74,64.21797962454214,-9.782020375457861
54,184,73,67.32377976190479,-5.676220238095212
54,185,72,64.83754464285714,-7.162455357142861
54,186,71,55.30147321428571,-15.698526785714293
54,187,70,57.384457521645004,-12.615542478354996
54,188,69,62.75936011904763,-6.240639880952372
54,189,68,62.77914434523805,-5.220855654761948
54,190,67,58.16537946428571,-8.834620535714294
54,191,66,58.43877879140784,-7.561221208592158
54,192,65,57.42243303571426,-7.577566964285737
54,193,64,57.85177083333332,-6.148229166666681
54,194,63,50.89517857142857,-12.104821428571427
54,195,62,60.540892180735895,-1.459107819264105
54,196,61,63.76552353896105,2.765523538961048
54,197,60,55.645755370082824,-4.354244629917176
54,198,59,55.47495535714287,-3.5250446428571323
54,199,58,54.649459325396855,-3.3505406746031454
54,200,57,58.969977678571446,1.9699776785714462
54,201,56,56.46102962018141,0.4610296201814066
54,202,55,53.82213541666666,-1.1778645833333385
54,203,54,49.805505952380955,-4.194494047619045
54,204,53,53.43397321428571,0.43397321428570734
54,205,52,48.61484329906203,-3.3851567009379693
54,206,51,52.3444687950938,1.3444687950938032
54,207,50,54.860098443223436,4.8600984432234355
54,208,49,52.44019367784995,3.4401936778499476
54,209,48,48.5085412157287,0.5085412157286981
54,210,47,49.06101686507937,2.0610168650793668
54,211,46,48.390922619047615,2.3909226190476147
54,212,45,47.003714826839825,2.0037148268398255
54,213,44,51.488060064935084,7.488060064935084
54,214,43,43.64816964285715,0.6481696428571482
54,215,42,42.32959821428573,0.3295982142857312
54,216,41,46.019099702380984,5.019099702380984
54,217,40,35.641674107142855,-4.358325892857145
54,218,39,37.69562499999999,-1.3043750000000074
54,219,38,36.3513988095238,-1.6486011904761995
54,220,37,35.488333333333316,-1.5116666666666845
54,221,36,36.401956845238104,0.4019568452381037
54,222,35,33.08177827380953,-1.9182217261904668
54,223,34,33.344243100649365,-0.6557568993506351
54,224,33,33.19886103479854,0.19886103479854
54,225,32,28.718390376984146,-3.2816096230158536
54,226,31,24.8134375,-6.186562500000001
54,227,30,23.873226686507945,-6.1267733134920555
54,228,29,28.579766865079378,-0.42023313492062186
54,229,28,24.780917658730175,-3.219082341269825
54,230,27,26.776875000000008,-0.22312499999999247
54,231,26,24.2299330357143,-1.7700669642857
54,232,25,26.111309523809517,1.111309523809517
54,233,24,26.072336309523802,2.072336309523802
54,234,23,24.857589285714276,1.8575892857142762
54,235,22,23.856235119047618,1.8562351190476178
54,236,21,21.47077380952381,0.4707738095238092
54,237,20,22.345491071428576,2.345491071428576
54,238,19,16.88737351190477,-2.1126264880952306
54,239,18,15.674332837301588,-2.3256671626984122
54,240,17,15.256897321428575,-1.7431026785714252
54,241,16,14.954590773809525,-1.0454092261904755
54,242,15,12.79364831349207,-2.2063516865079293
54,243,14,11.496465773809518,-2.5035342261904816
54,244,13,8.944352678571425,-4.055647321428575
54,245,12,9.363258928571426,-2.636741071428574
54,246,11,9.130200892857143,-1.8697991071428568
54,247,10,6.414687500000001,-3.585312499999999
54,248,9,5.46990800865801,-3.5300919913419904
54,249,8,3.642110389610389,-4.357889610389611
54,250,7,4.903787202380951,-2.0962127976190494
54,251,6,3.2095657467532472,-2.7904342532467528
54,252,5,1.2034821428571432,-3.796517857142857
54,253,4,0.11881425865800832,-3.8811857413419917
54,254,3,0.0,-3.0
54,255,2,0.0,-2.0
54,256,1,0.0,-1.0
54,257,0,0.0,0.0
55,1,125,117.9756450319333,-7.024354968066703
55,2,125,112.91308995108791,-12.086910048912088
55,3,125,112.00543723979001,-12.994562760209988
55,4,125,111.36591099279569,-13.63408900720431
55,5,125,112.0105585337762,-12.989441466223795
55,6,125,112.06235195996615,-12.93764804003385
55,7,125,110.95711286082174,-14.042887139178262
55,8,125,114.6377935412672,-10.3622064587328
55,9,125,114.78245851299023,-10.217541487009768
55,10,125,115.95530950592767,-9.044690494072327
55,11,125,114.76813057598602,-10.23186942401398
55,12,125,115.34985189665092,-9.650148103349082
55,13,125,116.0218727237768,-8.978127276223205
55,14,125,117.43720028908653,-7.562799710913467
55,15,125,116.81833604156566,-8.181663958434342
55,16,125,116.03813620395002,-8.961863796049983
55,17,125,117.23132155301569,-7.76867844698431
55,18,125,117.27534321411261,-7.72465678588739
55,19,125,118.03955544449198,-6.960444555508019
55,20,125,116.74839427739683,-8.251605722603173
55,21,125,117.73204246844531,-7.267957531554686
55,22,125,115.20028221621621,-9.799717783783791
55,23,125,116.9819226596532,-8.018077340346807
55,24,125,114.84812684790568,-10.151873152094325
55,25,125,116.33825610682091,-8.661743893179093
55,26,125,116.06682637873674,-8.933173621263265
55,27,125,118.85087590273842,-6.149124097261577
55,28,125,117.88820420383293,-7.111795796167073
55,29,125,117.86026517619527,-7.13973482380473
55,30,125,115.25416422039284,-9.745835779607162
55,31,125,115.74587876920893,-9.254121230791071
55,32,125,115.42210296119242,-9.577897038807578
55,33,125,115.98859402862445,-9.011405971375552
55,34,125,113.93445219328775,-11.065547806712246
55,35,125,116.57519031416692,-8.424809685833083
55,36,125,116.29393100318062,-8.706068996819383
55,37,125,118.74810037216335,-6.25189962783665
55,38,125,117.12830614112696,-7.871693858873044
55,39,125,117.53371074455916,-7.4662892554408415
55,40,125,115.98308513244713,-9.01691486755287
55,41,125,109.8797250361927,-15.120274963807304
55,42,125,111.56819885761043,-13.431801142389574
55,43,125,111.93479800930706,-13.065201990692941
55,44,125,114.23637187770376,-10.76362812229624
55,45,125,108.95420475981125,-16.045795240188752
55,46,125,114.22537343403937,-10.77462656596063
55,47,125,113.56890910519982,-11.431090894800178
55,48,125,111.49129463500421,-13.50870536499579
55,49,125,114.99982960224676,-10.000170397753237
55,50,125,113.48926789323984,-11.510732106760159
55,51,125,117.25591056528137,-7.7440894347186315
55,52,125,116.8049339508525,-8.1950660491475
55,53,125,116.39978724962077,-8.600212750379228
55,54,125,114.02286036806584,-10.977139631934165
55,55,125,115.17386231907497,-9.82613768092503
55,56,125,114.20876962170237,-10.791230378297627
55,57,125,115.07256027449168,-9.927439725508322
55,58,125,110.9062232317588,-14.093776768241199
55,59,125,111.03944993440442,-13.960550065595584
55,60,125,113.9855471071401,-11.014452892859893
55,61,125,113.71538766085396,-11.284612339146037
55,62,125,107.41966877013878,-17.580331229861216
55,63,125,105.2890972336882,-19.710902766311804
55,64,125,105.1708094869859,-19.829190513014098
55,65,125,104.97042498301701,-20.02957501698299
55,66,125,108.1473072754274,-16.852692724572606
55,67,125,114.21720041383635,-10.782799586163648
55,68,125,110.42115248009534,-14.578847519904656
55,69,124,110.27138784621343,-13.728612153786571
55,70,123,110.83725074348976,-12.162749256510239
55,71,122,100.67065842633636,-21.32934157366364
55,72,121,105.0788354928231,-15.921164507176897
55,73,120,102.43318162216414,-17.566818377835858
55,74,119,103.48908239345774,-15.510917606542264
55,75,118,97.6491163813159,-20.350883618684094
55,76,117,105.31891729101658,-11.681082708983425
55,77,116,104.91548562272078,-11.08451437727922
55,78,115,103.61071838077706,-11.389281619222942
55,79,114,102.39621514724783,-11.60378485275217
55,80,113,102.53552823272678,-10.464471767273224
55,81,112,104.2982133688585,-7.701786631141502
55,82,111,99.66217573826626,-11.337824261733743
55,83,110,95.16700761768365,-14.832992382316348
55,84,109,94.43540474733962,-14.564595252660382
55,85,108,94.88890118178519,-13.111098818214813
55,86,107,90.40272445571895,-16.597275544281047
55,87,106,95.63075837202095,-10.36924162797905
55,88,105,93.27427172863892,-11.725728271361078
55,89,104,90.78317122421957,-13.216828775780428
55,90,103,83.1291789189348,-19.870821081065202
55,91,102,92.30786095147222,-9.692139048527778
55,92,101,91.23355966053904,-9.766440339460956
55,93,100,91.40392434578811,-8.596075654211887
55,94,99,97.41695946272671,-1.5830405372732912
55,95,98,96.55711131234426,-1.4428886876557385
55,96,97,97.67820178078321,0.6782017807832119
55,97,96,100.59059979869224,4.590599798692239
55,98,95,93.45441468837393,-1.5455853116260698
55,99,94,98.27861482428452,4.278614824284517
55,100,93,93.3531114232615,0.35311142326149536
55,101,92,92.08068957097281,0.08068957097280816
55,102,91,93.1884082149484,2.188408214948396
55,103,90,100.60457633189526,10.60457633189526
55,104,89,95.49800922183549,6.498009221835488
55,105,88,90.50105522969808,2.501055229698082
55,106,87,87.54866832582942,0.5486683258294249
55,107,86,89.74723621176928,3.747236211769277
55,108,85,83.74876039854416,-1.2512396014558362
55,109,84,83.87624870472303,-0.12375129527697482
55,110,83,79.44704422713136,-3.5529557728686427
55,111,82,79.34651577605945,-2.653484223940552
55,112,81,84.13607204117538,3.1360720411753817
55,113,80,83.1534112159556,3.1534112159556003
55,114,79,76.35086133342183,-2.6491386665781675
55,115,78,81.86668536949853,3.8666853694985264
55,116,77,88.29958208977192,11.299582089771917
55,117,76,88.55260418563468,12.552604185634678
55,118,75,87.22493885393506,12.224938853935058
55,119,74,89.61071364290726,15.610713642907257
55,120,73,87.40725539339654,14.40725539339654
55,121,72,89.99588503937079,17.99588503937079
55,122,71,84.25384914556099,13.253849145560991
55,123,70,87.32047853712635,17.32047853712635
55,124,69,83.02342083191604,14.023420831916042
55,125,68,76.75189375348093,8.751893753480928
55,126,67,83.67406092635717,16.67406092635717
55,127,66,75.60190629509383,9.601906295093826
55,128,65,76.68538837624365,11.685388376243651
55,129,64,69.36994421818432,5.369944218184315
55,130,63,68.01304117953329,5.013041179533289
55,131,62,63.19978794642856,1.1997879464285575
55,132,61,65.70145833333335,4.701458333333349
55,133,60,60.99562399738264,0.9956239973826371
55,134,59,60.44127232142857,1.4412723214285705
55,135,58,53.76562068110293,-4.234379318897069
55,136,57,59.72641369047621,2.726413690476207
55,137,56,54.17678571428576,-1.8232142857142435
55,138,55,52.12836963881481,-2.87163036118519
55,139,54,54.730311253987225,0.7303112539872245
55,140,53,51.665840773809535,-1.3341592261904651
55,141,52,58.30615384615386,6.306153846153862
55,142,51,49.46738974567099,-1.5326102543290077
55,143,50,48.85675347222225,-1.1432465277777482
55,144,49,48.93156456679894,-0.06843543320105994
55,145,48,52.930157424812045,4.9301574248120446
55,146,47,47.427904456654446,0.42790445665444565
55,147,46,51.668919450844854,5.668919450844854
55,148,45,46.88871607782899,1.8887160778289882
55,149,44,43.785052083333326,-0.21494791666667368
55,150,43,46.458586309523824,3.458586309523824
55,151,42,47.18596726190475,5.18596726190475
55,152,41,42.86144097222221,1.861440972222212
55,153,40,44.76225446428572,4.762254464285718
55,154,39,40.849999999999994,1.8499999999999943
55,155,38,38.701059027777774,0.7010590277777737
55,156,37,39.089523809523804,2.0895238095238042
55,157,36,31.37671130952382,-4.62328869047618
55,158,35,30.87767609126984,-4.122323908730159
55,159,34,35.69912946428572,1.6991294642857184
55,160,33,32.90714781746031,-0.09285218253968708
55,161,32,32.02075644841269,0.02075644841269053
55,162,31,30.783422619047613,-0.216577380952387
55,163,30,30.493497023809525,0.49349702380952465
55,164,29,26.28807043650794,-2.7119295634920597
55,165,28,28.441802491830067,0.44180249183006737
55,166,27,22.83221726190476,-4.167782738095241
55,167,26,22.386577380952378,-3.613422619047622
55,168,25,22.63683035714285,-2.3631696428571516
55,169,24,21.27414930555555,-2.72585069444445
55,170,23,19.369766865079377,-3.6302331349206227
55,171,22,21.092132936507944,-0.9078670634920556
55,172,21,17.659833245798307,-3.340166754201693
55,173,20,17.081614583333334,-2.9183854166666663
55,174,19,17.379561011904762,-1.6204389880952377
55,175,18,21.009528769841275,3.0095287698412747
55,176,17,15.207105654761907,-1.7928943452380928
55,177,16,15.321763392857143,-0.6782366071428569
55,178,15,12.759650297619046,-2.2403497023809535
55,179,14,9.3449181547619,-4.655081845238101
55,180,13,6.918214285714281,-6.081785714285719
55,181,12,5.059117063492067,-6.940882936507933
55,182,11,5.847336309523808,-5.152663690476192
55,183,10,4.119645337301588,-5.880354662698412
55,184,9,2.687857142857145,-6.312142857142855
55,185,8,2.414645337301586,-5.585354662698414
55,186,7,1.2649627976190496,-5.73503720238095
55,187,6,1.883774801587303,-4.116225198412697
55,188,5,1.212053571428572,-3.787946428571428
55,189,4,0.0,-4.0
55,190,3,0.0,-3.0
55,191,2,0.0,-2.0
55,192,1,0.0,-1.0
55,193,0,0.0,0.0
56,1,125,115.79311520372498,-9.20688479627502
56,2,125,108.14905006973304,-16.850949930266964
56,3,125,110.44141192214215,-14.558588077857848
56,4,125,116.05503605582938,-8.944963944170624
56,5,125,114.72454634757864,-10.275453652421362
56,6,125,114.69395294688165,-10.306047053118348
56,7,125,115.27992775278976,-9.72007224721024
56,8,125,114.83844568566663,-10.161554314333372
56,9,125,111.4772291886474,-13.5227708113526
56,10,125,112.54977839379221,-12.45022160620779
56,11,125,107.60061442227655,-17.39938557772345
56,12,125,114.62321881531825,-10.376781184681747
56,13,125,116.91572147230711,-8.084278527692888
56,14,125,115.85899231212204,-9.14100768787796
56,15,125,116.12535475472184,-8.87464524527816
56,16,125,116.15298152410867,-8.847018475891332
56,17,125,116.58562691940412,-8.41437308059588
56,18,125,116.16228458877633,-8.83771541122367
56,19,125,115.62371601598784,-9.376283984012161
56,20,125,117.1753958508082,-7.824604149191799
56,21,125,116.7137837598153,-8.2862162401847
56,22,125,117.75556349307445,-7.2444365069255525
56,23,125,113.74954829359464,-11.250451706405357
56,24,125,113.77116990193133,-11.22883009806867
56,25,125,114.06884398024711,-10.93115601975289
56,26,125,113.78431538836655,-11.21568461163345
56,27,125,114.50197628939404,-10.498023710605963
56,28,125,116.87935012416354,-8.120649875836463
56,29,125,116.31344450520339,-8.686555494796607
56,30,125,116.60123457693301,-8.39876542306699
56,31,125,114.83471399365139,-10.165286006348609
56,32,125,114.65518775638854,-10.344812243611457
56,33,125,116.5494065913067,-8.450593408693294
56,34,125,114.20291977240761,-10.797080227592389
56,35,125,116.27710147532824,-8.722898524671763
56,36,125,116.50223458774909,-8.497765412250914
56,37,125,114.96692338434343,-10.033076615656569
56,38,125,115.04244297351254,-9.957557026487464
56,39,125,115.7151871727963,-9.284812827203694
56,40,125,117.37950801079664,-7.620491989203359
56,41,125,116.74947896725955,-8.250521032740451
56,42,125,116.49745548772451,-8.502544512275492
56,43,125,114.54699555801183,-10.45300444198817
56,44,125,115.30387944863966,-9.696120551360337
56,45,125,115.79599127284362,-9.204008727156378
56,46,125,115.0649885812795,-9.935011418720507
56,47,125,112.94988449535438,-12.050115504645618
56,48,125,114.37182741085515,-10.628172589144853
56,49,125,111.82236490467533,-13.177635095324675
56,50,125,114.39727924619963,-10.60272075380037
56,51,125,113.532638394126,-11.467361605874004
56,52,125,109.74865626431767,-15.251343735682326
56,53,125,109.66430137398913,-15.335698626010867
56,54,125,110.9977731132719,-14.002226886728096
56,55,125,110.42481420528755,-14.575185794712453
56,56,125,113.22174638406148,-11.778253615938524
56,57,125,108.67854214088575,-16.321457859114247
56,58,125,109.56354565447786,-15.436454345522137
56,59,125,109.64217504933401,-15.357824950665986
56,60,125,106.76224624723677,-18.237753752763226
56,61,125,110.6244578608823,-14.375542139117698
56,62,125,107.71281232417195,-17.28718767582805
56,63,125,109.54897657571578,-15.451023424284216
56,64,125,109.69895739087565,-15.301042609124352
56,65,125,110.53225676768277,-14.467743232317233
56,66,125,106.23452572375513,-18.765474276244873
56,67,125,111.14964372557468,-13.850356274425323
56,68,125,108.47776787373365,-16.522232126266346
56,69,125,110.90222814902522,-14.09777185097478
56,70,125,104.91502802213026,-20.084971977869742
56,71,125,104.51065945940911,-20.489340540590888
56,72,125,106.25921600703282,-18.74078399296718
56,73,125,105.15863683783468,-19.841363162165322
56,74,125,101.73895974420478,-23.261040255795223
56,75,125,105.16609990058055,-19.833900099419452
56,76,125,99.246430981,-25.753569018999997
56,77,125,101.46734484560432,-23.532655154395684
56,78,125,101.90431260982227,-23.09568739017773
56,79,125,99.40425735159099,-25.595742648409015
56,80,125,100.67568679461775,-24.324313205382253
56,81,125,96.8238362178436,-28.176163782156394
56,82,125,89.72117780777374,-35.27882219222626
56,83,125,101.29633839743335,-23.703661602566655
56,84,125,98.7676540935634,-26.232345906436606
56,85,125,99.99632677345531,-25.00367322654469
56,86,125,96.19186204960491,-28.808137950395093
56,87,125,93.02940502421997,-31.97059497578003
56,88,125,101.83455598584142,-23.16544401415858
56,89,125,101.18615932383773,-23.813840676162272
56,90,125,90.53655063973102,-34.46344936026898
56,91,125,93.49178062899881,-31.50821937100119
56,92,125,95.52127746578844,-29.478722534211556
56,93,125,94.58028004905003,-30.41971995094997
56,94,125,98.94205593830998,-26.057944061690023
56,95,125,97.80334131364589,-27.196658686354112
56,96,125,89.11172879516371,-35.888271204836286
56,97,125,85.73139691772346,-39.26860308227654
56,98,125,87.90471947448124,-37.09528052551876
56,99,125,84.7789561072517,-40.2210438927483
56,100,125,84.98671154275536,-40.01328845724464
56,101,125,89.94419831660481,-35.05580168339519
56,102,125,86.31343149107146,-38.686568508928545
56,103,125,92.49268635001522,-32.50731364998478
56,104,125,79.67326548201966,-45.32673451798034
56,105,125,89.5791444803505,-35.42085551964951
56,106,125,87.54509021466562,-37.45490978533438
56,107,125,82.79902919848954,-42.200970801510465
56,108,125,90.20776731747453,-34.792232682525466
56,109,125,75.37248000765679,-49.62751999234321
56,110,125,70.63690575879357,-54.363094241206426
56,111,125,70.46768796190878,-54.53231203809122
56,112,125,75.13160026193114,-49.86839973806886
56,113,125,79.40328681710318,-45.59671318289682
56,114,125,81.35327349782123,-43.646726502178765
56,115,125,74.21148212551337,-50.78851787448663
56,116,125,78.39912748598381,-46.60087251401619
56,117,125,70.03868961867418,-54.961310381325816
56,118,125,66.34223794453024,-58.65776205546976
56,119,125,81.22438638427062,-43.775613615729384
56,120,125,68.6776119624516,-56.32238803754839
56,121,125,63.39271870541978,-61.60728129458022
56,122,125,76.50956878898141,-48.49043121101859
56,123,125,79.5270488338318,-45.4729511661682
56,124,125,73.32620910404094,-51.67379089595906
56,125,125,87.17840595289896,-37.821594047101044
56,126,125,83.17191107737223,-41.82808892262777
56,127,125,89.43599312403096,-35.56400687596904
56,128,125,87.12896422013003,-37.87103577986997
56,129,125,79.67361817076468,-45.326381829235316
56,130,125,80.23916753436708,-44.760832465632916
56,131,125,79.86387040339487,-45.13612959660513
56,132,125,83.52420331544474,-41.47579668455526
56,133,125,76.83450987161982,-48.165490128380185
56,134,125,76.96653270186569,-48.03346729813431
56,135,125,78.47468955166588,-46.525310448334125
56,136,125,87.0159212091389,-37.984078790861105
56,137,125,83.05626704177845,-41.943732958221545
56,138,125,74.98894624325764,-50.011053756742356
56,139,125,84.89185658821418,-40.10814341178582
56,140,125,82.29160173558293,-42.70839826441707
56,141,125,74.8218930286423,-50.17810697135771
56,142,125,74.35867745433093,-50.64132254566907
56,143,125,67.87964119038337,-57.12035880961663
56,144,125,76.10107564468578,-48.89892435531422
56,145,125,64.05960644288032,-60.94039355711968
56,146,125,60.74022561949127,-64.25977438050873
56,147,125,64.08780286348608,-60.912197136513925
56,148,125,65.62774094950296,-59.372259050497036
56,149,125,71.71870719449745,-53.281292805502545
56,150,125,68.68416310387128,-56.315836896128715
56,151,124,70.17484035101278,-53.825159648987224
56,152,123,73.78694938077585,-49.21305061922415
56,153,122,69.94078821555217,-52.059211784447825
56,154,121,65.28280079816017,-55.71719920183983
56,155,120,72.28028379253482,-47.71971620746518
56,156,119,62.771456329824744,-56.228543670175256
56,157,118,66.81582607970566,-51.18417392029434
56,158,117,69.60635038418879,-47.39364961581121
56,159,116,75.46269916518315,-40.53730083481685
56,160,115,69.0795626336091,-45.9204373663909
56,161,114,73.16165710125175,-40.83834289874825
56,162,113,70.6121498466811,-42.387850153318894
56,163,112,65.33829772418673,-46.66170227581327
56,164,111,74.43355778769842,-36.56644221230158
56,165,110,69.7540384012917,-40.245961598708305
56,166,109,66.16735508786846,-42.83264491213154
56,167,108,61.70994646486642,-46.29005353513358
56,168,107,60.381577380952336,-46.618422619047664
56,169,106,56.2133705357143,-49.7866294642857
56,170,105,53.781227678571405,-51.218772321428595
56,171,104,56.87465719063546,-47.12534280936454
56,172,103,58.29091124775382,-44.70908875224618
56,173,102,53.35120707417583,-48.64879292582417
56,174,101,47.15990678346808,-53.84009321653192
56,175,100,56.228690476190465,-43.771309523809535
56,176,99,47.41604262159409,-51.58395737840591
56,177,98,53.78625248015874,-44.21374751984126
56,178,97,49.54640398550724,-47.45359601449276
56,179,96,59.48308283730161,-36.51691716269839
56,180,95,50.06433283730157,-44.93566716269843
56,181,94,56.635220734126975,-37.364779265873025
56,182,93,53.25558530388694,-39.74441469611306
56,183,92,47.5949486971362,-44.4050513028638
56,184,91,45.73823660714287,-45.26176339285713
56,185,90,47.52546875,-42.47453125
56,186,89,46.588090416527905,-42.411909583472095
56,187,88,48.25135912698414,-39.74864087301586
56,188,87,51.07385416666667,-35.92614583333333
56,189,86,45.57140567765568,-40.42859432234432
56,190,85,42.195029189560415,-42.804970810439585
56,191,84,43.27588113275614,-40.72411886724386
56,192,83,38.27365658967392,-44.72634341032608
56,193,82,48.60484577922076,-33.39515422077924
56,194,81,42.506367243867246,-38.493632756132754
56,195,80,41.195501612103186,-38.804498387896814
56,196,79,47.99204100473802,-31.00795899526198
56,197,78,45.81117400715227,-32.18882599284773
56,198,77,43.43466517857145,-33.56533482142855
56,199,76,40.81514136904762,-35.18485863095238
56,200,75,43.19517113095238,-31.80482886904762
56,201,74,46.17152963789681,-27.82847036210319
56,202,73,44.71586833739177,-28.28413166260823
56,203,72,41.31576108523118,-30.68423891476882
56,204,71,40.5686065429136,-30.4313934570864
56,205,70,43.62223214285714,-26.377767857142857
56,206,69,40.81159226190477,-28.18840773809523
56,207,68,40.76569940476191,-27.23430059523809
56,208,67,44.31629216269841,-22.68370783730159
56,209,66,42.288811553030314,-23.711188446969686
56,210,65,43.36547998366014,-21.634520016339863
56,211,64,41.281718749999996,-22.718281250000004
56,212,63,39.318578477443594,-23.681421522556406
56,213,62,35.04052905701755,-26.95947094298245
56,214,61,33.56369047619047,-27.436309523809527
56,215,60,37.22109318039417,-22.77890681960583
56,216,59,37.24736607142857,-21.752633928571427
56,217,58,39.424226190476176,-18.575773809523824
56,218,57,33.26497767857144,-23.73502232142856
56,219,56,34.292326388888895,-21.707673611111105
56,220,55,35.26486607142858,-19.735133928571422
56,221,54,34.97791666666667,-19.022083333333327
56,222,53,31.17806513798702,-21.82193486201298
56,223,52,29.639219322344317,-22.360780677655683
56,224,51,33.176603422619046,-17.823396577380954
56,225,50,29.49096726190475,-20.50903273809525
56,226,49,31.177747695852517,-17.822252304147483
56,227,48,26.597400473630312,-21.402599526369688
56,228,47,26.90936227918586,-20.09063772081414
56,229,46,24.64154729902713,-21.35845270097287
56,230,45,21.207772817460313,-23.792227182539687
56,231,44,22.740694124423964,-21.259305875576036
56,232,43,19.54860615079365,-23.45139384920635
56,233,42,18.23735863095238,-23.76264136904762
56,234,41,16.362484559011776,-24.637515440988224
56,235,40,17.466326324884804,-22.533673675115196
56,236,39,18.351132872503847,-20.648867127496153
56,237,38,18.89640817012289,-19.10359182987711
56,238,37,19.792449836789558,-17.207550163210442
56,239,36,20.31902281746032,-15.680977182539682
56,240,35,16.732470238095235,-18.267529761904765
56,241,34,15.049925595238093,-18.950074404761907
56,242,33,13.009927849927848,-19.99007215007215
56,243,32,13.277891865079372,-18.722108134920628
56,244,31,15.361235119047613,-15.638764880952387
56,245,30,18.064002976190473,-11.935997023809527
56,246,29,18.057068452380953,-10.942931547619047
56,247,28,17.85473214285715,-10.145267857142851
56,248,27,17.793549107142855,-9.206450892857145
56,249,26,15.682113095238094,-10.317886904761906
56,250,25,12.48854166666667,-12.51145833333333
56,251,24,11.332388392857144,-12.667611607142856
56,252,23,9.343281249999999,-13.656718750000001
56,253,22,11.206701163419911,-10.793298836580089
56,254,21,9.539613095238092,-11.460386904761908
56,255,20,8.282924107142858,-11.717075892857142
56,256,19,5.458484623015867,-13.541515376984133
56,257,18,3.2208854166666647,-14.779114583333335
56,258,17,4.335617559523808,-12.664382440476192
56,259,16,4.886577380952385,-11.113422619047615
56,260,15,5.746741071428568,-9.253258928571432
56,261,14,3.5687822420634916,-10.431217757936508
56,262,13,4.550704365079362,-8.449295634920638
56,263,12,2.4859399801587276,-9.514060019841272
56,264,11,2.732782738095236,-8.267217261904765
56,265,10,4.074573412698413,-5.925426587301587
56,266,9,3.2987648809523797,-5.70123511904762
56,267,8,1.6980158730158736,-6.301984126984126
56,268,7,3.73595238095238,-3.26404761904762
56,269,6,1.653980654761904,-4.346019345238096
56,270,5,0.0,-5.0
56,271,4,0.0,-4.0
56,272,3,0.0,-3.0
56,273,2,0.0,-2.0
56,274,1,0.0,-1.0
56,275,0,0.0,0.0
57,1,125,116.96894598709147,-8.031054012908527
57,2,125,117.57557598198892,-7.424424018011081
57,3,125,117.50116050384744,-7.498839496152556
57,4,125,117.96058273873443,-7.039417261265569
57,5,125,117.23933728881441,-7.760662711185589
57,6,125,116.12482138734667,-8.875178612653329
57,7,125,115.852784434446,-9.147215565554006
57,8,125,114.94663700446115,-10.053362995538848
57,9,125,114.94560017148629,-10.05439982851371
57,10,125,117.5740270011142,-7.425972998885797
57,11,125,116.55048735420925,-8.449512645790747
57,12,125,117.11173947759232,-7.888260522407677
57,13,124,116.32787272124779,-7.672127278752214
57,14,123,117.9751326359744,-5.024867364025596
57,15,122,118.98120808939481,-3.018791910605188
57,16,121,117.78234028847567,-3.217659711524334
57,17,120,118.65571372206864,-1.34428627793136
57,18,119,118.40733132890122,-0.5926686710987781
57,19,118,117.80087032415777,-0.1991296758422294
57,20,117,117.29940138336231,0.2994013833623086
57,21,116,118.43615340903455,2.436153409034546
57,22,115,117.40655153588577,2.406551535885768
57,23,114,118.69376103835987,4.693761038359867
57,24,113,117.56822876259454,4.5682287625945435
57,25,112,116.34615142847956,4.346151428479558
57,26,111,117.38618536814087,6.386185368140872
57,27,110,117.95287760003733,7.952877600037326
57,28,109,117.18486351564563,8.184863515645631
57,29,108,117.96338784795253,9.963387847952532
57,30,107,113.82170413491369,6.821704134913688
57,31,106,114.81200460983305,8.812004609833053
57,32,105,116.42374556160021,11.423745561600214
57,33,104,115.13639397408073,11.136393974080733
57,34,103,115.1565506939404,12.156550693940403
57,35,102,116.27600955449631,14.276009554496312
57,36,101,116.55594689974671,15.555946899746715
57,37,100,114.83691258632057,14.836912586320565
57,38,99,115.13079297490633,16.130792974906328
57,39,98,115.90189305569223,17.901893055692227
57,40,97,117.19454586856462,20.194545868564617
57,41,96,115.98359947432068,19.983599474320684
57,42,95,118.24244226882293,23.242442268822927
57,43,94,115.75120892338607,21.751208923386073
57,44,93,117.40482649043581,24.40482649043581
57,45,92,114.72948051605013,22.72948051605013
57,46,91,116.60913665375276,25.609136653752756
57,47,90,115.9516283830388,25.951628383038795
57,48,89,116.34716501028615,27.347165010286147
57,49,88,117.26587483166391,29.265874831663908
57,50,87,114.88526869018536,27.885268690185356
57,51,86,116.89099858221182,30.89099858221182
57,52,85,117.32420846132884,32.32420846132884
57,53,84,115.44940796450149,31.44940796450149
57,54,83,117.74959594303041,34.749595943030414
57,55,82,115.97873430563345,33.97873430563345
57,56,81,115.77201188884973,34.77201188884973
57,57,80,114.74935227712731,34.749352277127315
57,58,79,112.80478226549137,33.80478226549137
57,59,78,113.95323014974834,35.953230149748336
57,60,77,112.73269630151762,35.73269630151762
57,61,76,112.51538135661431,36.51538135661431
57,62,75,113.8551990622888,38.855199062288804
57,63,74,111.59249116999214,37.592491169992144
57,64,73,112.00058493982733,39.000584939827334
57,65,72,112.16412383845741,40.164123838457414
57,66,71,113.30021099635375,42.300210996353755
57,67,70,111.62343191750465,41.62343191750465
57,68,69,111.58936229530704,42.58936229530704
57,69,68,109.20954340461876,41.209543404618756
57,70,67,111.1424510647103,44.1424510647103
57,71,66,110.81882354279136,44.818823542791364
57,72,65,111.95287129830953,46.95287129830953
57,73,64,109.7019957522629,45.7019957522629
57,74,63,109.66985351117418,46.66985351117418
57,75,62,108.28183436912477,46.281834369124766
57,76,61,106.71100306530363,45.71100306530363
57,77,60,103.95521740284013,43.955217402840134
57,78,59,104.48229740294273,45.482297402942734
57,79,58,102.3250488561977,44.3250488561977
57,80,57,102.23243989415604,45.232439894156045
57,81,56,100.33109974302684,44.33109974302684
57,82,55,100.97285135849631,45.972851358496314
57,83,54,103.44910019364491,49.44910019364491
57,84,53,99.91102040938297,46.91102040938297
57,85,52,96.34010488243584,44.34010488243584
57,86,51,94.31384386808263,43.31384386808263
57,87,50,95.26523162772864,45.26523162772864
57,88,49,96.51758782293848,47.51758782293848
57,89,48,92.50903308614396,44.50903308614396
57,90,47,95.13325250577947,48.13325250577947
57,91,46,97.39437292782894,51.39437292782894
57,92,45,95.50204351845397,50.50204351845397
57,93,44,94.65517067233692,50.65517067233692
57,94,43,93.10629179137013,50.106291791370126
57,95,42,91.15716378177582,49.15716378177582
57,96,41,90.7882485737748,49.788248573774794
57,97,40,86.27660231973668,46.27660231973668
57,98,39,87.5583962953624,48.5583962953624
57,99,38,89.73673105140061,51.73673105140061
57,100,37,84.96990110896834,47.969901108968344
57,101,36,83.40667957134598,47.406679571345975
57,102,35,74.02890900394249,39.02890900394249
57,103,34,79.19934509814897,45.19934509814897
57,104,33,80.83911458333333,47.83911458333333
57,105,32,76.0592208485958,44.0592208485958
57,106,31,73.9940476190476,42.994047619047606
57,107,30,60.332264384920634,30.332264384920634
57,108,29,59.86884672619047,30.86884672619047
57,109,28,53.600279581529605,25.600279581529605
57,110,27,54.88479166666667,27.884791666666672
57,111,26,53.23363095238094,27.233630952380942
57,112,25,47.748667956789156,22.748667956789156
57,113,24,44.31081388994993,20.310813889949927
57,114,23,42.89988455988455,19.899884559884548
57,115,22,40.53139955530581,18.53139955530581
57,116,21,38.73221710479065,17.73221710479065
57,117,20,36.61099175933295,16.610991759332947
57,118,19,37.080650556418206,18.080650556418206
57,119,18,36.570538419913426,18.570538419913426
57,120,17,37.165384424603175,20.165384424603175
57,121,16,32.02199652777777,16.021996527777773
57,122,15,25.785840773809518,10.785840773809518
57,123,14,18.441934523809522,4.441934523809522
57,124,13,21.560163690476195,8.560163690476195
57,125,12,13.360744047619043,1.3607440476190433
57,126,11,14.116031746031751,3.1160317460317515
57,127,10,13.324883928571424,3.324883928571424
57,128,9,15.0974255952381,6.0974255952381
57,129,8,10.6207637810559,2.6207637810558992
57,130,7,7.819449404761912,0.8194494047619116
57,131,6,7.028839285714287,1.0288392857142874
57,132,5,3.643908730158733,-1.3560912698412668
57,133,4,2.332581845238093,-1.667418154761907
57,134,3,0.9194094967532482,-2.0805905032467518
57,135,2,0.0,-2.0
57,136,1,0.0,-1.0
57,137,0,0.0,0.0
58,1,125,114.64255276351548,-10.357447236484518
58,2,125,113.78898040449921,-11.211019595500787
58,3,125,113.43675163527625,-11.563248364723748
58,4,125,112.70797795520534,-12.292022044794663
58,5,125,113.77925001196147,-11.220749988038534
58,6,125,114.74752576973367,-10.25247423026633
58,7,125,114.2527067491701,-10.747293250829898
58,8,125,115.7610311215467,-9.238968878453306
58,9,125,116.60231109288452,-8.39768890711548
58,10,125,114.51967230301997,-10.480327696980027
58,11,125,115.54273816620739,-9.457261833792614
58,12,125,113.46937299994741,-11.53062700005259
58,13,125,117.25745413333104,-7.742545866668962
58,14,125,114.69862136227486,-10.301378637725136
58,15,125,115.0511518709064,-9.948848129093605
58,16,125,114.51389095076888,-10.486109049231118
58,17,125,114.25073131187237,-10.749268688127628
58,18,125,116.03049534367003,-8.969504656329974
58,19,125,116.02301183833154,-8.976988161668459
58,20,125,115.68828414929892,-9.311715850701077
58,21,125,113.6655560172959,-11.334443982704101
58,22,125,115.2293028789758,-9.770697121024199
58,23,124,117.70885447594567,-6.291145524054329
58,24,123,116.00332718620457,-6.996672813795428
58,25,122,114.83957123147904,-7.160428768520958
58,26,121,114.77414402547554,-6.225855974524464
58,27,120,116.40227596698227,-3.5977240330177267
58,28,119,112.0978421364237,-6.902157863576306
58,29,118,113.517215988361,-4.482784011638998
58,30,117,115.52726068903728,-1.472739310962723
58,31,116,116.74208898372572,0.7420889837257221
58,32,115,115.21311498064884,0.2131149806488395
58,33,114,112.97467616916234,-1.0253238308376638
58,34,113,111.56445450649827,-1.4355454935017349
58,35,112,114.31104910022236,2.3110491002223625
58,36,111,114.19729283267907,3.197292832679068
58,37,110,113.97858745135446,3.978587451354457
58,38,109,114.0012361629435,5.001236162943499
58,39,108,114.46908642458558,6.4690864245855835
58,40,107,113.97636073587114,6.97636073587114
58,41,106,113.8442812570029,7.844281257002905
58,42,105,115.14967290446577,10.149672904465774
58,43,104,115.72404411910111,11.724044119101109
58,44,103,115.51704713297454,12.51704713297454
58,45,102,113.91899667808177,11.918996678081768
58,46,101,115.16591409016084,14.16591409016084
58,47,100,116.51763659460096,16.51763659460096
58,48,99,116.3133458381224,17.3133458381224
58,49,98,111.67263412553402,13.672634125534017
58,50,97,115.59758081541509,18.597580815415085
58,51,96,116.79732891122251,20.797328911222507
58,52,95,115.74133541985448,20.74133541985448
58,53,94,112.72354337206596,18.72354337206596
58,54,93,116.01758505600847,23.01758505600847
58,55,92,115.84922546821277,23.849225468212765
58,56,91,115.74865424778139,24.74865424778139
58,57,90,114.86818340037203,24.868183400372033
58,58,89,115.92467949084735,26.924679490847353
58,59,88,114.11983271346813,26.119832713468128
58,60,87,112.9368710975555,25.936871097555496
58,61,86,109.76852758969403,23.76852758969403
58,62,85,108.51357785481412,23.513577854814116
58,63,84,105.06881022355317,21.06881022355317
58,64,83,109.37178355701448,26.37178355701448
58,65,82,112.1351919937802,30.135191993780197
58,66,81,108.9091921170304,27.9091921170304
58,67,80,111.66844389429006,31.668443894290064
58,68,79,109.70687197700344,30.706871977003445
58,69,78,112.22057036879599,34.22057036879599
58,70,77,110.6080360151187,33.6080360151187
58,71,76,112.30362462534542,36.30362462534542
58,72,75,110.42827100364352,35.428271003643516
58,73,74,108.67004434589748,34.67004434589748
58,74,73,106.5711575141218,33.57115751412179
58,75,72,103.32063733071845,31.320637330718455
58,76,71,106.60701377873215,35.60701377873215
58,77,70,104.64779408795553,34.64779408795553
58,78,69,101.24218704289562,32.24218704289562
58,79,68,100.1915692916574,32.1915692916574
58,80,67,96.16842504449284,29.168425044492835
58,81,66,97.26674884644748,31.266748846447484
58,82,65,96.25021072908059,31.250210729080592
58,83,64,94.33962978918859,30.339629789188592
58,84,63,92.24487198996968,29.24487198996968
58,85,62,96.8886781858001,34.8886781858001
58,86,61,92.45538538687111,31.455385386871114
58,87,60,97.48398826494781,37.48398826494781
58,88,59,94.44607328303519,35.44607328303519
58,89,58,91.90188659059936,33.90188659059936
58,90,57,87.56611906965387,30.566119069653865
58,91,56,95.88971997992712,39.88971997992712
58,92,55,93.93224779762703,38.93224779762703
58,93,54,93.36754178553241,39.36754178553241
58,94,53,85.79256976719122,32.792569767191225
58,95,52,90.75662053220579,38.75662053220579
58,96,51,88.48963917832589,37.48963917832589
58,97,50,91.10026345446286,41.10026345446286
58,98,49,88.87235909190336,39.87235909190336
58,99,48,89.21683414131246,41.21683414131246
58,100,47,90.08409436979639,43.08409436979639
58,101,46,88.36406320681675,42.36406320681675
58,102,45,90.49483097234781,45.49483097234781
58,103,44,82.32121582841434,38.32121582841434
58,104,43,86.39604649889566,43.39604649889566
58,105,42,80.12987961939228,38.129879619392284
58,106,41,75.90181797140716,34.901817971407155
58,107,40,75.08661796536799,35.08661796536799
58,108,39,74.093125,35.093125
58,109,38,76.41294958513706,38.412949585137056
58,110,37,70.03106150793653,33.03106150793653
58,111,36,73.27182196275945,37.27182196275945
58,112,35,64.27295440323566,29.27295440323566
58,113,34,67.55986552509992,33.55986552509992
58,114,33,67.0606607975358,34.0606607975358
58,115,32,57.12164279654168,25.12164279654168
58,116,31,57.72416914682539,26.72416914682539
58,117,30,56.410727886584745,26.410727886584745
58,118,29,51.18137062590189,22.18137062590189
58,119,28,51.36587683150183,23.36587683150183
58,120,27,44.41544108669108,17.415441086691082
58,121,26,48.942774080086586,22.942774080086586
58,122,25,45.54982920725108,20.54982920725108
58,123,24,45.18457971596631,21.184579715966308
58,124,23,42.06666681255836,19.06666681255836
58,125,22,42.3944880952381,20.394488095238103
58,126,21,47.8381461940837,26.8381461940837
58,127,20,44.55620634920636,24.556206349206363
58,128,19,36.73492368742369,17.734923687423688
58,129,18,37.36691745448179,19.366917454481793
58,130,17,34.44651785714285,17.44651785714285
58,131,16,29.27389678030302,13.27389678030302
58,132,15,22.85742311507936,7.85742311507936
58,133,14,22.50101934523809,8.501019345238092
58,134,13,20.36360863095238,7.363608630952381
58,135,12,18.01151041666666,6.01151041666666
58,136,11,16.01850649350649,5.018506493506489
58,137,10,13.410410579004331,3.4104105790043313
58,138,9,11.029032738095239,2.029032738095239
58,139,8,9.561257440476194,1.5612574404761936
58,140,7,8.857715773809522,1.857715773809522
58,141,6,9.564776785714281,3.5647767857142814
58,142,5,7.043445616883114,2.0434456168831137
58,143,4,5.84723958333333,1.8472395833333302
58,144,3,4.271430905695615,1.271430905695615
58,145,2,0.4365252976190481,-1.5634747023809519
58,146,1,0.49577380952381134,-0.5042261904761887
58,147,0,0.0,0.0
59,1,125,119.83737263832658,-5.162627361673415
59,2,125,119.415625,-5.584374999999994
59,3,125,119.72406249999999,-5.275937500000012
59,4,125,120.0,-5.0
59,5,125,119.97629491590214,-5.023705084097855
59,6,125,119.9125,-5.087500000000006
59,7,125,119.99938271604938,-5.000617283950618
59,8,125,119.45433807319225,-5.545661926807753
59,9,125,119.82167438271604,-5.17832561728396
59,10,125,119.80208333333333,-5.197916666666671
59,11,125,119.91847222222222,-5.081527777777779
59,12,125,119.99992897727273,-5.000071022727269
59,13,125,119.98117897727272,-5.0188210227272805
59,14,125,119.82619846528482,-5.173801534715182
59,15,125,119.96354166666667,-5.036458333333329
59,16,125,119.75875771604937,-5.241242283950626
59,17,125,119.99938271604938,-5.000617283950618
59,18,125,119.68768213465403,-5.312317865345975
59,19,125,118.94715358527132,-6.052846414728677
59,20,125,119.31426668050942,-5.685733319490581
59,21,125,119.93234703765226,-5.067652962347736
59,22,125,118.94658110627972,-6.053418893720277
59,23,125,119.54609418767507,-5.453905812324933
59,24,125,119.08999999999999,-5.910000000000011
59,25,125,119.03854166666667,-5.961458333333326
59,26,125,119.753125,-5.246875000000003
59,27,125,119.65999283256879,-5.34000716743121
59,28,125,119.93269201092119,-5.067307989078813
59,29,125,119.7377160493827,-5.262283950617302
59,30,125,119.96813271604938,-5.031867283950618
59,31,125,119.80042438271605,-5.199575617283955
59,32,125,119.99868154158216,-5.001318458417842
59,33,125,119.990625,-5.009375000000006
59,34,125,119.94791666666666,-5.052083333333343
59,35,125,119.90968749999999,-5.09031250000001
59,36,125,119.92306425763154,-5.0769357423684625
59,37,125,119.93861823490427,-5.061381765095732
59,38,125,119.95384700176366,-5.046152998236337
59,39,125,119.47032765399737,-5.529672346002627
59,40,125,119.82931425763154,-5.1706857423684625
59,41,125,119.85733509096488,-5.142664909035119
59,42,125,119.22666666666666,-5.7733333333333405
59,43,125,119.51171929861816,-5.488280701381839
59,44,125,119.51693726852486,-5.483062731475144
59,45,125,119.24568045910492,-5.754319540895082
59,46,125,119.81105127895391,-5.1889487210460885
59,47,125,118.01932663373319,-6.980673366266814
59,48,125,117.01967473498458,-7.9803252650154235
59,49,125,118.1771208112875,-6.8228791887125055
59,50,125,119.02380257457253,-5.976197425427472
59,51,125,119.12633923177923,-5.873660768220773
59,52,125,119.20895179531655,-5.791048204683449
59,53,125,119.63276848402909,-5.367231515970914
59,54,125,119.11957220873788,-5.880427791262122
59,55,125,117.66424431828231,-7.335755681717686
59,56,125,118.45971385335869,-6.540286146641307
59,57,125,118.98407021604939,-6.015929783950611
59,58,125,119.30008068303812,-5.699919316961882
59,59,125,119.57181348727093,-5.42818651272907
59,60,125,119.39510075812059,-5.604899241879409
59,61,125,119.32396675119341,-5.67603324880659
59,62,125,119.15542438271605,-5.844575617283951
59,63,125,119.56584104938273,-5.434158950617274
59,64,125,119.2546408682233,-5.745359131776695
59,65,125,118.9929132581206,-6.007086741879405
59,66,125,119.84113929531657,-5.158860704683434
59,67,125,118.76780294794143,-6.2321970520585666
59,68,125,119.32666325812056,-5.673336741879439
59,69,125,117.52020164470294,-7.4797983552970635
59,70,125,116.54304217627035,-8.456957823729653
59,71,125,118.7034542527442,-6.296545747255806
59,72,125,117.64156302813713,-7.358436971862872
59,73,125,118.10206586568195,-6.897934134318049
59,74,125,118.95414907626778,-6.0458509237322176
59,75,125,117.55973308568238,-7.440266914317618
59,76,125,115.41781926490603,-9.58218073509397
59,77,125,113.09506375511583,-11.90493624488417
59,78,125,115.89572757037897,-9.104272429621034
59,79,125,112.65134535586928,-12.348654644130718
59,80,125,113.73731978879013,-11.262680211209869
59,81,125,113.6442062778744,-11.355793722125597
59,82,125,113.96490772048723,-11.035092279512767
59,83,125,113.74223177347855,-11.25776822652145
59,84,125,113.2495413179843,-11.750458682015704
59,85,125,113.79995429893111,-11.200045701068888
59,86,125,113.18150995462447,-11.818490045375526
59,87,125,112.50848501883233,-12.491514981167668
59,88,125,109.4745363806446,-15.525463619355406
59,89,125,113.18792155998872,-11.812078440011277
59,90,125,114.76885918592409,-10.231140814075914
59,91,125,111.82817981049371,-13.171820189506292
59,92,125,116.18787269324359,-8.812127306756409
59,93,125,114.07399508303095,-10.926004916969049
59,94,125,108.10327381830659,-16.89672618169341
59,95,125,107.57323091736694,-17.426769082633058
59,96,125,109.6452493281819,-15.354750671818095
59,97,125,111.79589846199421,-13.204101538005787
59,98,125,115.34042182670255,-9.659578173297447
59,99,125,111.91958682323772,-13.080413176762278
59,100,125,116.24763811191958,-8.752361888080415
59,101,125,117.42511099296516,-7.574889007034841
59,102,125,108.7096235795213,-16.290376420478694
59,103,125,114.5639784725148,-10.436021527485195
59,104,125,111.80730377782069,-13.192696222179308
59,105,125,112.81436437148668,-12.185635628513324
59,106,125,111.7809305901172,-13.219069409882806
59,107,124,111.32543539564453,-12.674564604355467
59,108,123,109.58216529646108,-13.417834703538915
59,109,122,113.5188827291867,-8.4811172708133
59,110,121,114.95058875823952,-6.049411241760481
59,111,120,113.46464210639041,-6.535357893609586
59,112,119,115.74161005783178,-3.258389942168222
59,113,118,116.58693554258889,-1.4130644574111102
59,114,117,116.8329500310214,-0.1670499689786027
59,115,116,116.54154794529101,0.5415479452910148
59,116,115,115.98446139710805,0.9844613971080491
59,117,114,114.74578040250728,0.745780402507279
59,118,113,113.35489103560971,0.354891035609711
59,119,112,113.508750561535,1.5087505615349954
59,120,111,107.43560938776002,-3.5643906122399756
59,121,110,108.4130020396877,-1.5869979603123028
59,122,109,110.06945821388756,1.0694582138875575
59,123,108,105.45496866635737,-2.5450313336426262
59,124,107,101.85985059991833,-5.140149400081668
59,125,106,101.20545625832676,-4.7945437416732375
59,126,105,98.46054808508946,-6.5394519149105435
59,127,104,99.48113751193493,-4.518862488065068
59,128,103,102.09045304232805,-0.9095469576719495
59,129,102,95.05963538518601,-6.940364614813987
59,130,101,95.59545941540188,-5.404540584598124
59,131,100,104.58363166129406,4.5836316612940635
59,132,99,101.90850694444444,2.90850694444444
59,133,98,99.76479046929356,1.7647904692935583
59,134,97,94.16396804151326,-2.8360319584867426
59,135,96,102.11791418595358,6.11791418595358
59,136,95,94.49881363478802,-0.5011863652119786
59,137,94,100.82146905953475,6.821469059534749
59,138,93,95.94796934568986,2.947969345689856
59,139,92,98.57783540257142,6.577835402571424
59,140,91,97.33682624361583,6.336826243615832
59,141,90,96.71376768457576,6.713767684575757
59,142,89,91.79200790350573,2.792007903505734
59,143,88,99.98350585937835,11.983505859378354
59,144,87,99.26316202435859,12.263162024358593
59,145,86,94.53377503745253,8.533775037452529
59,146,85,99.10250457165152,14.102504571651522
59,147,84,100.22698192044663,16.226981920446633
59,148,83,99.40905343027434,16.40905343027434
59,149,82,98.69335938235147,16.693359382351474
59,150,81,98.32742676407197,17.327426764071973
59,151,80,103.09786283609681,23.09786283609681
59,152,79,100.96006767255389,21.96006767255389
59,153,78,98.82620404899453,20.826204048994526
59,154,77,98.11828494549331,21.118284945493315
59,155,76,89.3329117919163,13.332911791916302
59,156,75,89.53407349620514,14.534073496205139
59,157,74,97.21643944280159,23.216439442801587
59,158,73,85.45503338885678,12.455033388856776
59,159,72,89.06383997512322,17.063839975123216
59,160,71,98.24612489258823,27.246124892588227
59,161,70,103.81255374977032,33.812553749770316
59,162,69,98.06241315246646,29.062413152466462
59,163,68,98.69275784734789,30.69275784734789
59,164,67,97.126194501103,30.126194501103
59,165,66,99.0072669910978,33.007266991097794
59,166,65,98.53671512325222,33.53671512325222
59,167,64,99.36487393997645,35.36487393997645
59,168,63,93.64811258059892,30.64811258059892
59,169,62,94.82841805723977,32.82841805723977
59,170,61,82.51617636128381,21.51617636128381
59,171,60,81.45908898847814,21.459088988478143
59,172,59,84.26837633090545,25.268376330905454
59,173,58,83.88647357479739,25.886473574797392
59,174,57,87.84118160278103,30.841181602781035
59,175,56,81.61276512711052,25.61276512711052
59,176,55,87.40296892792138,32.40296892792138
59,177,54,89.42511434183646,35.42511434183646
59,178,53,84.17254020203238,31.17254020203238
59,179,52,80.41626725844678,28.41626725844678
59,180,51,83.0888273438305,32.0888273438305
59,181,50,82.09052937195261,32.09052937195261
59,182,49,89.90961592394345,40.90961592394345
59,183,48,86.63539465275008,38.63539465275008
59,184,47,86.08872816566716,39.08872816566716
59,185,46,83.01646385009461,37.01646385009461
59,186,45,88.68388414946146,43.68388414946146
59,187,44,76.21198691996521,32.21198691996521
59,188,43,84.94711893264449,41.947118932644486
59,189,42,85.908367325502,43.908367325502
59,190,41,74.61506009615387,33.61506009615387
59,191,40,66.47391845385792,26.47391845385792
59,192,39,70.70594204695767,31.705942046957674
59,193,38,55.82090029761905,17.820900297619048
59,194,37,56.26189732142859,19.26189732142859
59,195,36,67.82247315592902,31.822473155929018
59,196,35,66.14474702380953,31.14474702380953
59,197,34,64.72310998376624,30.723109983766236
59,198,33,68.45502728174604,35.45502728174604
59,199,32,64.2159219426407,32.215921942640705
59,200,31,60.331160714285716,29.331160714285716
59,201,30,56.334591702279205,26.334591702279205
59,202,29,47.998798727824465,18.998798727824465
59,203,28,45.32731799450549,17.327317994505492
59,204,27,47.701809895833335,20.701809895833335
59,205,26,43.358747329059824,17.358747329059824
59,206,25,40.66148036858972,15.661480368589721
59,207,24,33.27238095238095,9.27238095238095
59,208,23,30.358358134920636,7.3583581349206355
59,209,22,34.86919604117821,12.869196041178213
59,210,21,28.09035441349586,7.090354413495859
59,211,20,24.689433192355892,4.689433192355892
59,212,19,27.8278521825397,8.8278521825397
59,213,18,28.255484775641023,10.255484775641023
59,214,17,23.39418841575092,6.3941884157509215
59,215,16,21.671810515873013,5.6718105158730125
59,216,15,20.66306547619048,5.663065476190479
59,217,14,20.65161706349205,6.651617063492051
59,218,13,17.49639880952381,4.496398809523811
59,219,12,16.758400297619048,4.758400297619048
59,220,11,14.607011408730159,3.607011408730159
59,221,10,12.313020833333319,2.3130208333333186
59,222,9,8.805297619047622,-0.19470238095237846
59,223,8,7.775091765873016,-0.22490823412698369
59,224,7,6.53030505952381,-0.46969494047618987
59,225,6,4.607162698412701,-1.3928373015872992
59,226,5,5.824575892857146,0.8245758928571458
59,227,4,3.3510317460317456,-0.6489682539682544
59,228,3,1.3275595238095237,-1.6724404761904763
59,229,2,0.0,-2.0
59,230,1,0.0,-1.0
59,231,0,0.0,0.0
60,1,125,111.60453559351924,-13.395464406480755
60,2,125,114.46825338131373,-10.53174661868627
60,3,125,113.51150733483226,-11.48849266516774
60,4,125,112.85142921404147,-12.148570785958526
60,5,125,114.69621231439321,-10.303787685606792
60,6,125,113.92487010431205,-11.075129895687951
60,7,125,115.49694622494046,-9.503053775059541
60,8,125,117.41058858017477,-7.589411419825225
60,9,125,118.16164805578106,-6.838351944218942
60,10,125,117.32310586674149,-7.676894133258514
60,11,125,118.02680769866365,-6.973192301336354
60,12,125,115.89999020229376,-9.100009797706235
60,13,125,116.25401931008957,-8.745980689910425
60,14,125,117.8472117847904,-7.152788215209597
60,15,125,117.29546528372073,-7.7045347162792694
60,16,125,117.80027112925495,-7.199728870745048
60,17,125,117.37659647956039,-7.623403520439609
60,18,125,117.8695712237613,-7.130428776238702
60,19,125,117.09350392596738,-7.906496074032617
60,20,125,116.87172454620259,-8.128275453797414
60,21,125,118.25658918918472,-6.743410810815277
60,22,125,116.80653786011024,-8.19346213988976
60,23,125,118.24426244078025,-6.755737559219753
60,24,125,116.7870786938486,-8.2129213061514
60,25,125,115.1725614097389,-9.827438590261096
60,26,125,116.93215327192806,-8.067846728071942
60,27,125,116.7246480381516,-8.2753519618484
60,28,125,115.67631208506695,-9.323687914933046
60,29,125,118.48722545632943,-6.512774543670574
60,30,125,116.5896475594216,-8.410352440578393
60,31,125,117.20421750906034,-7.795782490939658
60,32,125,115.83314034360512,-9.166859656394877
60,33,125,117.02384442152011,-7.97615557847989
60,34,125,118.62851701590269,-6.371482984097312
60,35,125,118.05981406497192,-6.940185935028083
60,36,125,116.29132462007954,-8.708675379920464
60,37,125,117.27320381493394,-7.726796185066064
60,38,125,114.9785707461032,-10.021429253896798
60,39,125,115.40855951083097,-9.591440489169031
60,40,125,116.41589999050913,-8.584100009490868
60,41,125,118.31812920791636,-6.681870792083643
60,42,125,117.27360234609948,-7.72639765390052
60,43,125,114.0858597712022,-10.914140228797805
60,44,125,115.81768040943257,-9.182319590567431
60,45,125,114.61837209027092,-10.381627909729076
60,46,125,113.6460455554346,-11.353954444565403
60,47,125,115.61182975069434,-9.38817024930566
60,48,124,114.0640865044368,-9.935913495563199
60,49,123,113.72769463473915,-9.272305365260848
60,50,122,114.47115366600733,-7.528846333992675
60,51,121,113.52622103219012,-7.473778967809878
60,52,120,115.47528753178922,-4.5247124682107795
60,53,119,115.93118880135997,-3.0688111986400344
60,54,118,112.52570531107486,-5.474294688925141
60,55,117,114.16400047527445,-2.835999524725551
60,56,116,112.56589097691389,-3.4341090230861084
60,57,115,112.42181053710769,-2.578189462892311
60,58,114,110.1746089037802,-3.8253910962198034
60,59,113,112.43560656748721,-0.5643934325127873
60,60,112,110.20883760484318,-1.7911623951568174
60,61,111,109.9088170725477,-1.0911829274522944
60,62,110,106.86367829105086,-3.13632170894914
60,63,109,110.21475161730254,1.2147516173025394
60,64,108,109.45289137324349,1.4528913732434887
60,65,107,103.09703328129281,-3.902966718707191
60,66,106,109.38420036774298,3.3842003677429773
60,67,105,105.7364647462609,0.7364647462609071
60,68,104,110.33851631387463,6.338516313874635
60,69,103,110.17026779537693,7.17026779537693
60,70,102,110.68483216672064,8.68483216672064
60,71,101,112.37873726851936,11.378737268519359
60,72,100,109.34709768785198,9.347097687851985
60,73,99,110.2925129271425,11.292512927142496
60,74,98,107.3690558694183,9.369055869418304
60,75,97,109.28321607361299,12.28321607361299
60,76,96,105.16872053878369,9.168720538783688
60,77,95,101.65224109069672,6.6522410906967195
60,78,94,98.63100484098652,4.63100484098652
60,79,93,102.92098988978401,9.92098988978401
60,80,92,100.2740624792859,8.274062479285902
60,81,91,98.50011682866457,7.500116828664574
60,82,90,93.56887095901916,3.568870959019165
60,83,89,101.7477562020866,12.747756202086606
60,84,88,98.10508660896804,10.105086608968037
60,85,87,99.14853127336046,12.148531273360462
60,86,86,98.1120308929922,12.112030892992195
60,87,85,97.20663472166451,12.206634721664514
60,88,84,92.5138856936059,8.5138856936059
60,89,83,93.64147083584122,10.641470835841218
60,90,82,90.26958449446096,8.269584494460958
60,91,81,91.33768840122947,10.337688401229471
60,92,80,90.46769319830297,10.467693198302968
60,93,79,93.07813644280765,14.078136442807647
60,94,78,85.8341253797415,7.834125379741494
60,95,77,82.00267725862376,5.002677258623763
60,96,76,87.59694047531653,11.59694047531653
60,97,75,86.42798568731348,11.42798568731348
60,98,74,79.43430584365407,5.434305843654073
60,99,73,78.77550018456996,5.775500184569964
60,100,72,77.86686240055442,5.8668624005544245
60,101,71,77.19256047771668,6.1925604777166825
60,102,70,75.9837952149426,5.983795214942603
60,103,69,66.23232766146387,-2.76767233853613
60,104,68,71.64518428153934,3.6451842815393434
60,105,67,72.654192882293,5.654192882293003
60,106,66,66.36352721830012,0.3635272183001206
60,107,65,77.94137164644565,12.941371646445646
60,108,64,88.49739618389842,24.497396183898417
60,109,63,86.8438226640104,23.843822664010403
60,110,62,90.40200427969523,28.402004279695234
60,111,61,88.9618108208243,27.961810820824297
60,112,60,85.85002709127835,25.85002709127835
60,113,59,72.63022554087203,13.630225540872033
60,114,58,71.78104344222301,13.781043442223009
60,115,57,86.2427437633521,29.242743763352095
60,116,56,76.69826162885713,20.698261628857125
60,117,55,73.12931742579175,18.129317425791754
60,118,54,69.63272590035936,15.632725900359361
60,119,53,73.89624382383508,20.89624382383508
60,120,52,62.4154963741378,10.415496374137803
60,121,51,54.44787067099568,3.447870670995677
60,122,50,60.996353905597346,10.996353905597346
60,123,49,60.75405675647451,11.754056756474512
60,124,48,68.00539885461761,20.00539885461761
60,125,47,57.946310096153866,10.946310096153866
60,126,46,56.752051957545405,10.752051957545405
60,127,45,54.65401672979798,9.65401672979798
60,128,44,49.641184676230615,5.6411846762306155
60,129,43,53.91546006944443,10.915460069444428
60,130,42,45.44387344852652,3.4438734485265172
60,131,41,51.127329954557034,10.127329954557034
60,132,40,48.72146329365078,8.721463293650778
60,133,39,40.64289930555555,1.6428993055555523
60,134,38,43.83455357142859,5.834553571428593
60,135,37,45.96517146230962,8.96517146230962
60,136,36,45.439553571428576,9.439553571428576
60,137,35,46.81447134021818,11.814471340218176
60,138,34,47.63549107142859,13.63549107142859
60,139,33,44.9812351190476,11.981235119047597
60,140,32,42.97571428571429,10.97571428571429
60,141,31,41.91834077380951,10.918340773809511
60,142,30,36.715751488095236,6.715751488095236
60,143,29,36.7166904357897,7.716690435789701
60,144,28,34.311310399159666,6.311310399159666
60,145,27,35.289216941463216,8.289216941463216
60,146,26,29.22296875,3.2229687499999997
60,147,25,27.875585317460327,2.8755853174603274
60,148,24,29.117640241702745,5.117640241702745
60,149,23,28.800900297619044,5.8009002976190445
60,150,22,24.608806547619043,2.608806547619043
60,151,21,24.75804563492063,3.758045634920631
60,152,20,23.431640286796515,3.4316402867965152
60,153,19,22.12920882936508,3.12920882936508
60,154,18,21.97899553571428,3.9789955357142794
60,155,17,20.29757440476191,3.29757440476191
60,156,16,20.483038063909774,4.483038063909774
60,157,15,17.81767485119047,2.8176748511904712
60,158,14,14.414308035714278,0.4143080357142779
60,159,13,10.524069940476192,-2.475930059523808
60,160,12,10.211473214285713,-1.7885267857142875
60,161,11,7.845163690476188,-3.1548363095238123
60,162,10,6.8396924603174565,-3.1603075396825435
60,163,9,5.197686011904764,-3.8023139880952357
60,164,8,3.434119543650791,-4.565880456349209
60,165,7,4.374335317460323,-2.6256646825396768
60,166,6,2.586235119047622,-3.413764880952378
60,167,5,2.715476190476191,-2.284523809523809
60,168,4,1.523615196078433,-2.476384803921567
60,169,3,0.7388095238095236,-2.2611904761904764
60,170,2,0.030086042429793736,-1.9699139575702063
60,171,1,0.0,-1.0
60,172,0,0.0,0.0
61,1,125,119.88479166666666,-5.115208333333342
61,2,125,117.80050724037365,-7.199492759626352
61,3,125,119.2803125,-5.719687500000006
61,4,125,119.80373443486592,-5.196265565134084
61,5,125,119.143972530104,-5.856027469896006
61,6,125,118.41260613884108,-6.587393861158915
61,7,125,119.78446428571428,-5.215535714285721
61,8,125,119.70779761904762,-5.292202380952375
61,9,125,119.91129135626643,-5.088708643733568
61,10,125,119.93214285714285,-5.06785714285715
61,11,125,119.92497539370079,-5.075024606299209
61,12,125,119.909375,-5.090625000000003
61,13,125,119.6699753937008,-5.3300246062992045
61,14,125,119.93020833333335,-5.069791666666646
61,15,125,119.99019988738739,-5.009800112612609
61,16,125,119.87436655405403,-5.125633445945965
61,17,125,119.909375,-5.090625000000003
61,18,125,119.621875,-5.378124999999997
61,19,125,119.9171875,-5.082812500000003
61,20,125,119.94270833333333,-5.057291666666671
61,21,125,119.7546875,-5.245312499999997
61,22,125,119.52010416666664,-5.479895833333359
61,23,125,119.87437500000001,-5.125624999999985
61,24,125,119.86166666666665,-5.13833333333335
61,25,125,119.97375,-5.0262500000000045
61,26,125,119.60760416666668,-5.392395833333325
61,27,125,119.85729166666667,-5.142708333333331
61,28,125,120.0,-5.0
61,29,125,119.828125,-5.171875
61,30,125,119.68687500000001,-5.313124999999985
61,31,125,119.94955357142858,-5.050446428571419
61,32,125,119.73630952380954,-5.263690476190462
61,33,125,119.46416666666667,-5.535833333333329
61,34,125,119.67447916666667,-5.325520833333329
61,35,125,119.24368208941169,-5.756317910588308
61,36,125,119.7509728422619,-5.249027157738098
61,37,125,119.18307141516516,-5.816928584834841
61,38,125,119.06582647650512,-5.934173523494877
61,39,125,119.65158939631597,-5.34841060368403
61,40,125,119.58615970881594,-5.413840291184059
61,41,125,119.45821328024451,-5.541786719755493
61,42,125,119.55408155146606,-5.445918448533945
61,43,125,118.6049265101133,-6.395073489886698
61,44,125,119.30504458723541,-5.694955412764585
61,45,125,118.88369042056874,-6.11630957943126
61,46,125,119.18043993794326,-5.819560062056738
61,47,125,118.94058030152114,-6.059419698478862
61,48,125,118.59358534204257,-6.406414657957427
61,49,125,118.52527867965368,-6.474721320346319
61,50,125,119.04017381566027,-5.959826184339732
61,51,125,119.8594849277687,-5.140515072231295
61,52,125,119.12590344603477,-5.874096553965231
61,53,125,119.12041666666667,-5.879583333333329
61,54,125,119.00761702127659,-5.992382978723413
61,55,125,119.83897934011718,-5.161020659882823
61,56,125,118.94511892290984,-6.054881077090158
61,57,125,118.9195097412075,-6.080490258792494
61,58,125,118.56557442333474,-6.434425576665262
61,59,125,117.88963094977376,-7.1103690502262396
61,60,125,118.26734350732545,-6.7326564926745505
61,61,124,115.28793707973693,-8.712062920263065
61,62,123,117.56501232714584,-5.434987672854163
61,63,122,118.0466278043065,-3.953372195693504
61,64,121,115.5459404006023,-5.454059599397695
61,65,120,117.12304458893325,-2.8769554110667457
61,66,119,117.60881453523932,-1.3911854647606816
61,67,118,116.71160005955144,-1.2883999404485564
61,68,117,116.22942261243861,-0.7705773875613886
61,69,116,117.05364255661289,1.0536425566128855
61,70,115,115.87336848725768,0.8733684872576788
61,71,114,119.30279698556915,5.302796985569145
61,72,113,117.47381356301446,4.47381356301446
61,73,112,117.2632049422735,5.263204942273504
61,74,111,117.79806788133962,6.79806788133962
61,75,110,117.08038642307778,7.080386423077783
61,76,109,115.32994422960508,6.329944229605076
61,77,108,114.6983711231939,6.698371123193894
61,78,107,115.70685001189672,8.70685001189672
61,79,106,117.16843529280933,11.168435292809335
61,80,105,113.7838262448497,8.783826244849706
61,81,104,113.94856232291582,9.94856232291582
61,82,103,115.67957010116618,12.679570101166178
61,83,102,117.86001692707785,15.86001692707785
61,84,101,116.84600152831715,15.846001528317146
61,85,100,117.17611495889851,17.17611495889851
61,86,99,117.46099786631285,18.46099786631285
61,87,98,118.4539415184374,20.453941518437404
61,88,97,117.03860676399172,20.038606763991723
61,89,96,115.90349778972563,19.903497789725634
61,90,95,118.26239203672985,23.26239203672985
61,91,94,117.63582213852355,23.63582213852355
61,92,93,117.85475817150184,24.854758171501842
61,93,92,118.68811382476906,26.68811382476906
61,94,91,117.64399510480553,26.643995104805526
61,95,90,115.75656734942554,25.756567349425538
61,96,89,114.71207854176672,25.712078541766715
61,97,88,111.77040981739746,23.770409817397464
61,98,87,114.8403606795255,27.840360679525503
61,99,86,115.10264234386895,29.10264234386895
61,100,85,116.66616000907952,31.66616000907952
61,101,84,113.68380026485397,29.68380026485397
61,102,83,112.30576761730148,29.305767617301484
61,103,82,114.684359149885,32.684359149885
61,104,81,114.30353507829211,33.303535078292114
61,105,80,111.72395286694132,31.723952866941318
61,106,79,114.393398783757,35.39339878375699
61,107,78,114.45636904471803,36.45636904471803
61,108,77,112.18838214046278,35.18838214046278
61,109,76,112.65768859241723,36.65768859241723
61,110,75,109.26189262078542,34.26189262078542
61,111,74,107.81682992815972,33.81682992815972
61,112,73,108.83042025333104,35.83042025333104
61,113,72,105.73524538298696,33.73524538298696
61,114,71,99.54007109282436,28.540071092824363
61,115,70,101.95677492037085,31.956774920370847
61,116,69,102.53244861345635,33.53244861345635
61,117,68,103.2002032434497,35.20020324344971
61,118,67,101.83196814288598,34.831968142885984
61,119,66,103.26952813151468,37.269528131514676
61,120,65,103.32292233369324,38.32292233369324
61,121,64,103.68585273584313,39.68585273584313
61,122,63,99.0505375037379,36.0505375037379
61,123,62,95.98035460267454,33.98035460267454
61,124,61,96.57712358610544,35.577123586105444
61,125,60,93.40726614061195,33.40726614061195
61,126,59,92.41794233899711,33.41794233899711
61,127,58,94.28101567324038,36.281015673240375
61,128,57,97.29891305859404,40.29891305859404
61,129,56,88.25587717656722,32.255877176567225
61,130,55,92.97293773775685,37.97293773775685
61,131,54,90.2608887574143,36.26088875741431
61,132,53,88.72264162142008,35.72264162142008
61,133,52,91.64100129566134,39.64100129566134
61,134,51,86.22487735492513,35.22487735492513
61,135,50,86.64031973101073,36.640319731010734
61,136,49,85.52288305341413,36.522883053414134
61,137,48,84.95250894735456,36.95250894735456
61,138,47,86.96476405685443,39.964764056854435
61,139,46,83.5567798525701,37.5567798525701
61,140,45,81.94342755121282,36.94342755121282
61,141,44,77.09911385303904,33.09911385303904
61,142,43,87.62400884709027,44.624008847090266
61,143,42,87.03339385593829,45.033393855938286
61,144,41,91.34104951011014,50.34104951011014
61,145,40,89.62081321011507,49.620813210115074
61,146,39,89.13079540493061,50.13079540493061
61,147,38,89.7564688417975,51.7564688417975
61,148,37,86.00941665026596,49.00941665026596
61,149,36,86.94227346511593,50.94227346511593
61,150,35,79.16308268132795,44.16308268132795
61,151,34,84.09925337860821,50.09925337860821
61,152,33,77.36851495531621,44.368514955316215
61,153,32,73.49447930346805,41.494479303468054
61,154,31,71.46162994696667,40.46162994696667
61,155,30,72.88541734307358,42.885417343073584
61,156,29,65.26556979418551,36.26556979418551
61,157,28,55.35364583333334,27.35364583333334
61,158,27,60.92923859126985,33.92923859126985
61,159,26,51.985071924603155,25.985071924603155
61,160,25,48.14262851731602,23.14262851731602
61,161,24,49.18515376984129,25.185153769841293
61,162,23,47.538798894557814,24.538798894557814
61,163,22,43.960316846848414,21.960316846848414
61,164,21,42.97094433555942,21.970944335559423
61,165,20,32.08913690476189,12.089136904761887
61,166,19,33.14951236263736,14.14951236263736
61,167,18,30.881715367965356,12.881715367965356
61,168,17,27.910574113386602,10.910574113386602
61,169,16,25.559122949966714,9.559122949966714
61,170,15,29.250653573400278,14.250653573400278
61,171,14,25.678018353174593,11.678018353174593
61,172,13,24.476644214703423,11.476644214703423
61,173,12,22.729293154761887,10.729293154761887
61,174,11,19.791788003663,8.791788003663001
61,175,10,15.97420386904762,5.974203869047621
61,176,9,10.495595238095234,1.495595238095234
61,177,8,9.120610119047623,1.1206101190476225
61,178,7,10.290002480158737,3.290002480158737
61,179,6,6.667596726190478,0.667596726190478
61,180,5,3.5349553571428523,-1.4650446428571477
61,181,4,6.876241883116881,2.8762418831168812
61,182,3,1.2499107142857158,-1.7500892857142842
61,183,2,0.0,-2.0
61,184,1,0.0,-1.0
61,185,0,0.0,0.0
62,1,125,108.91248106060607,-16.08751893939393
62,2,125,103.6572500316616,-21.342749968338396
62,3,125,111.9611165991219,-13.038883400878106
62,4,125,102.04544932859051,-22.954550671409493
62,5,125,111.69862449053605,-13.301375509463952
62,6,125,109.57737815220173,-15.422621847798268
62,7,125,109.41201193642353,-15.587988063576475
62,8,125,110.16865365561117,-14.831346344388834
62,9,125,105.2188766775851,-19.7811233224149
62,10,125,106.90114140070921,-18.098858599290793
62,11,125,106.14471247396341,-18.85528752603659
62,12,125,103.6179838975764,-21.382016102423606
62,13,125,98.11717261904762,-26.882827380952378
62,14,125,102.17278594579821,-22.82721405420179
62,15,125,108.59499246476942,-16.40500753523058
62,16,125,101.61443183371873,-23.385568166281274
62,17,125,107.1999312813371,-17.8000687186629
62,18,125,109.95043050326508,-15.049569496734918
62,19,125,108.6606697099501,-16.3393302900499
62,20,125,106.33370074386971,-18.666299256130287
62,21,125,102.16659537133619,-22.833404628663814
62,22,125,106.16400110683396,-18.835998893166035
62,23,125,113.82705109996229,-11.17294890003771
62,24,125,105.97737408573387,-19.02262591426613
62,25,125,110.8119509952322,-14.188049004767805
62,26,125,112.78801344703405,-12.211986552965953
62,27,125,112.36432011133972,-12.635679888660277
62,28,125,113.8681502244312,-11.131849775568796
62,29,125,107.14722311954151,-17.852776880458492
62,30,125,109.4990251773761,-15.500974822623903
62,31,125,109.42583884803919,-15.574161151960809
62,32,125,111.31689197264787,-13.683108027352134
62,33,125,111.75873107572025,-13.241268924279751
62,34,125,110.21498888791625,-14.785011112083751
62,35,125,110.59346356516944,-14.406536434830556
62,36,125,110.36487642150128,-14.635123578498721
62,37,125,110.13846560873026,-14.861534391269743
62,38,125,102.23027623549422,-22.769723764505784
62,39,125,93.53723958333336,-31.46276041666664
62,40,125,100.09939377297094,-24.90060622702906
62,41,125,95.78078373015873,-29.21921626984127
62,42,125,99.98432735438548,-25.015672645614515
62,43,125,106.84642985398746,-18.15357014601254
62,44,125,107.6668718927403,-17.333128107259697
62,45,125,113.74172015780213,-11.258279842197865
62,46,125,102.19123030791266,-22.80876969208734
62,47,125,105.6120640981173,-19.3879359018827
62,48,125,105.77035194501653,-19.22964805498347
62,49,125,110.49128801729023,-14.50871198270977
62,50,125,111.1892052055762,-13.8107947944238
62,51,125,108.01676495714973,-16.983235042850268
62,52,125,109.66309912606849,-15.336900873931512
62,53,125,109.09767068803498,-15.902329311965019
62,54,125,105.90862690831443,-19.09137309168557
62,55,125,104.35788320135744,-20.64211679864256
62,56,124,108.09242189183362,-15.907578108166376
62,57,123,106.07988098283745,-16.92011901716255
62,58,122,102.57602794027093,-19.423972059729067
62,59,121,104.5390835813492,-16.460916418650797
62,60,120,98.71168440934066,-21.288315590659337
62,61,119,96.78536356872294,-22.214636431277057
62,62,118,94.7819521103896,-23.218047889610403
62,63,117,97.70781249999997,-19.292187500000026
62,64,116,92.18146279761903,-23.818537202380966
62,65,115,92.7633548181533,-22.236645181846697
62,66,114,95.97265809045606,-18.027341909543935
62,67,113,95.88295731872296,-17.11704268127704
62,68,112,98.37018709415585,-13.629812905844148
62,69,111,99.20377437850138,-11.796225621498621
62,70,110,100.678595734127,-9.321404265873
62,71,109,102.38124513818896,-6.618754861811041
62,72,108,90.95700873778996,-17.042991262210037
62,73,107,92.03455460858585,-14.96544539141415
62,74,106,92.76205368681563,-13.237946313184366
62,75,105,90.99060639880955,-14.009393601190453
62,76,104,85.96084359217171,-18.039156407828287
62,77,103,88.87984768233181,-14.120152317668186
62,78,102,91.49238330642994,-10.507616693570057
62,79,101,88.98542102206737,-12.01457897793263
62,80,100,81.99015128968259,-18.009848710317414
62,81,99,83.3601636904762,-15.639836309523801
62,82,98,85.89809523809524,-12.101904761904763
62,83,97,90.16794890873015,-6.832051091269847
62,84,96,93.46772656524072,-2.5322734347592757
62,85,95,88.85972321428571,-6.140276785714292
62,86,94,86.57122462606839,-7.4287753739316145
62,87,93,81.32740155677655,-11.67259844322345
62,88,92,82.44540178571427,-9.554598214285733
62,89,91,79.75774025974026,-11.24225974025974
62,90,90,77.94763812576313,-12.052361874236865
62,91,89,75.4153199404762,-13.584680059523805
62,92,88,72.71290426587301,-15.287095734126993
62,93,87,71.17043808621935,-15.829561913780651
62,94,86,69.65036446886448,-16.34963553113552
62,95,85,68.45963421306023,-16.540365786939773
62,96,84,71.77462854011797,-12.225371459882027
62,97,83,65.7435863095238,-17.256413690476194
62,98,82,67.24501488095237,-14.754985119047632
62,99,81,57.77318286594942,-23.226817134050577
62,100,80,61.39508852258851,-18.60491147741149
62,101,79,63.11750000000001,-15.882499999999993
62,102,78,69.79080853174602,-8.209191468253977
62,103,77,61.312797619047615,-15.687202380952385
62,104,76,66.94548354510077,-9.054516454899229
62,105,75,65.83885480328493,-9.161145196715069
62,106,74,60.78631060269386,-13.21368939730614
62,107,73,63.970587563278585,-9.029412436721415
62,108,72,62.19163932091652,-9.808360679083478
62,109,71,60.50596270499396,-10.494037295006038
62,110,70,58.55224500885612,-11.447754991143881
62,111,69,57.58111388009992,-11.41888611990008
62,112,68,56.116215098218774,-11.883784901781226
62,113,67,54.004384084384085,-12.995615915615915
62,114,66,53.80901785714286,-12.190982142857138
62,115,65,52.9176219389271,-12.082378061072902
62,116,64,52.447881944444454,-11.552118055555546
62,117,63,47.80221934417706,-15.197780655822939
62,118,62,44.88788690476191,-17.112113095238087
62,119,61,44.87385050034509,-16.126149499654908
62,120,60,42.10399801587302,-17.896001984126983
62,121,59,41.833898809523824,-17.166101190476176
62,122,58,44.061769818722944,-13.938230181277056
62,123,57,54.28437996031745,-2.7156200396825483
62,124,56,44.60163803700827,-11.398361962991729
62,125,55,48.385007440476194,-6.614992559523806
62,126,54,36.007106105699854,-17.992893894300146
62,127,53,35.05117390359992,-17.948826096400083
62,128,52,26.36042658730159,-25.63957341269841
62,129,51,32.49972267316016,-18.500277326839843
62,130,50,32.84415313852814,-17.155846861471858
62,131,49,30.257016369047605,-18.742983630952395
62,132,48,31.673090930451124,-16.326909069548876
62,133,47,34.710525568181815,-12.289474431818185
62,134,46,32.51195932539683,-13.48804067460317
62,135,45,32.12515873015873,-12.87484126984127
62,136,44,31.831235119047626,-12.168764880952374
62,137,43,27.341204906204922,-15.658795093795078
62,138,42,25.019220848595854,-16.980779151404146
62,139,41,26.803253968253983,-14.196746031746017
62,140,40,28.34765938283209,-11.652340617167908
62,141,39,27.107819107975374,-11.892180892024626
62,142,38,26.879956009816205,-11.120043990183795
62,143,37,22.71358698593074,-14.286413014069261
62,144,36,26.563091583124468,-9.436908416875532
62,145,35,22.138891369047627,-12.861108630952373
62,146,34,20.223979982006295,-13.776020017993705
62,147,33,16.40055307539681,-16.59944692460319
62,148,32,16.45337301587302,-15.54662698412698
62,149,31,18.761645247113982,-12.238354752886018
62,150,30,18.739849612193353,-11.260150387806647
62,151,29,12.361693376068363,-16.638306623931637
62,152,28,15.66341916839199,-12.33658083160801
62,153,27,14.2547619047619,-12.7452380952381
62,154,26,13.77602678571428,-12.22397321428572
62,155,25,14.21192956349206,-10.78807043650794
62,156,24,15.614490327380956,-8.385509672619044
62,157,23,15.656944444444445,-7.343055555555555
62,158,22,15.218149801587305,-6.781850198412695
62,159,21,12.859672619047622,-8.140327380952378
62,160,20,12.425990710678203,-7.574009289321797
62,161,19,11.019661345598845,-7.980338654401155
62,162,18,12.283333333333331,-5.716666666666669
62,163,17,9.620171130952377,-7.379828869047623
62,164,16,6.261327639751553,-9.738672360248447
62,165,15,8.05044642857143,-6.94955357142857
62,166,14,7.043604425465839,-6.956395574534161
62,167,13,3.902704127846791,-9.09729587215321
62,168,12,4.664099702380955,-7.335900297619045
62,169,11,3.5536507936507924,-7.446349206349208
62,170,10,1.4936086309523802,-8.50639136904762
62,171,9,0.9286235119047621,-8.071376488095238
62,172,8,1.1388244047619036,-6.861175595238096
62,173,7,0.226473214285714,-6.773526785714286
62,174,6,0.0,-6.0
62,175,5,0.0,-5.0
62,176,4,0.0,-4.0
62,177,3,0.0,-3.0
62,178,2,0.0,-2.0
62,179,1,0.0,-1.0
62,180,0,0.0,0.0
63,1,125,118.08416964764191,-6.9158303523580855
63,2,125,115.27296726841246,-9.727032731587542
63,3,125,117.83029564689271,-7.169704353107292
63,4,125,118.98624838654818,-6.0137516134518165
63,5,125,117.66931568125483,-7.3306843187451705
63,6,125,117.46997380184527,-7.530026198154729
63,7,125,118.17465366743231,-6.82534633256769
63,8,125,115.79593401377494,-9.20406598622506
63,9,125,118.95697699359212,-6.0430230064078785
63,10,125,115.5374334819926,-9.462566518007407
63,11,125,117.57092852461919,-7.429071475380809
63,12,125,117.76646983042606,-7.233530169573939
63,13,125,118.27085901366397,-6.729140986336034
63,14,125,117.41709761704844,-7.582902382951559
63,15,125,118.82966775827705,-6.170332241722946
63,16,125,117.0298289677434,-7.9701710322566015
63,17,125,115.85092076178269,-9.149079238217311
63,18,125,115.0381576727209,-9.9618423272791
63,19,125,117.37243608874383,-7.627563911256175
63,20,125,115.10540219484082,-9.89459780515918
63,21,125,117.03183477948657,-7.968165220513427
63,22,125,118.37007905784739,-6.629920942152609
63,23,125,118.22471764425197,-6.775282355748033
63,24,125,116.36983469532368,-8.630165304676325
63,25,125,118.0977373952007,-6.902262604799304
63,26,125,114.8031415852696,-10.1968584147304
63,27,125,117.65565685901656,-7.34434314098344
63,28,125,114.79167282051878,-10.208327179481216
63,29,125,115.04213317568039,-9.95786682431961
63,30,125,115.74234301233007,-9.257656987669932
63,31,125,115.47920344966681,-9.520796550333188
63,32,125,116.81259506911017,-8.187404930889826
63,33,125,115.31711217734332,-9.682887822656681
63,34,125,113.20383443552316,-11.796165564476837
63,35,125,115.48005160674415,-9.519948393255845
63,36,125,111.69317492327862,-13.306825076721381
63,37,125,115.05457262714916,-9.945427372850844
63,38,125,113.10784136635327,-11.89215863364673
63,39,125,113.91927516502854,-11.080724834971463
63,40,125,112.87887669397404,-12.121123306025964
63,41,125,116.10639337530536,-8.893606624694641
63,42,125,115.20868040390751,-9.791319596092492
63,43,125,116.22219891524318,-8.777801084756817
63,44,125,114.93929522130334,-10.06070477869666
63,45,125,113.44926044564522,-11.550739554354777
63,46,125,116.10513527215319,-8.894864727846809
63,47,125,116.66737915465353,-8.332620845346469
63,48,125,113.63931352340137,-11.36068647659863
63,49,125,114.00453975636734,-10.995460243632664
63,50,124,112.14368623399443,-11.85631376600557
63,51,123,110.69334564114425,-12.306654358855752
63,52,122,111.21878557773285,-10.781214422267155
63,53,121,112.52826678498482,-8.471733215015178
63,54,120,113.27712867131542,-6.722871328684576
63,55,119,114.79167620432477,-4.208323795675227
63,56,118,112.46442160376151,-5.535578396238492
63,57,117,111.29128606418506,-5.7087139358149415
63,58,116,110.87166655644516,-5.128333443554837
63,59,115,111.42681471708572,-3.573185282914281
63,60,114,110.78520081944225,-3.2147991805577476
63,61,113,110.92600512213491,-2.07399487786509
63,62,112,113.12966507096591,1.1296650709659133
63,63,111,108.86775462012527,-2.132245379874732
63,64,110,100.09066558858092,-9.909334411419081
63,65,109,100.39083043388337,-8.609169566116634
63,66,108,99.07231032349007,-8.927689676509928
63,67,107,105.10236180659055,-1.897638193409449
63,68,106,104.76377797139278,-1.2362220286072159
63,69,105,103.40616073752554,-1.5938392624744608
63,70,104,99.4658763213472,-4.534123678652804
63,71,103,103.13049389156575,0.13049389156574875
63,72,102,106.46798919187772,4.46798919187772
63,73,101,105.5230367873598,4.5230367873598
63,74,100,101.34034474809282,1.340344748092818
63,75,99,106.48174541303335,7.481745413033352
63,76,98,99.84723979655912,1.8472397965591227
63,77,97,97.13259935127734,0.13259935127733513
63,78,96,103.37964637976816,7.379646379768161
63,79,95,101.98599167621657,6.985991676216571
63,80,94,98.85439499999725,4.854394999997254
63,81,93,96.16772065856789,3.1677206585678874
63,82,92,93.90961355967625,1.9096135596762451
63,83,91,95.58658757188769,4.586587571887691
63,84,90,94.64731361645465,4.647313616454653
63,85,89,87.00267894049823,-1.9973210595017719
63,86,88,89.15898977335051,1.1589897733505126
63,87,87,86.0287346720124,-0.9712653279875951
63,88,86,85.89811912817564,-0.10188087182436334
63,89,85,84.01376454508377,-0.9862354549162262
63,90,84,88.99170941558442,4.991709415584424
63,91,83,78.74252090740143,-4.257479092598572
63,92,82,80.77105952876494,-1.2289404712350631
63,93,81,83.4613967779736,2.4613967779736043
63,94,80,87.70605403636748,7.706054036367476
63,95,79,85.25259845678367,6.252598456783673
63,96,78,91.84623440010037,13.846234400100371
63,97,77,77.83974860209238,0.839748602092385
63,98,76,74.29053841991345,-1.709461580086554
63,99,75,70.21026384187618,-4.789736158123816
63,100,74,72.17475263680029,-1.8252473631997077
63,101,73,75.87392178121796,2.873921781217959
63,102,72,71.34961300500018,-0.6503869949998204
63,103,71,67.2055874042347,-3.7944125957652943
63,104,70,68.289546755328,-1.7104532446719958
63,105,69,63.11210610569988,-5.88789389430012
63,106,68,68.92421996278844,0.9242199627884418
63,107,67,65.44166917785324,-1.5583308221467576
63,108,66,68.27540726841492,2.2754072684149236
63,109,65,62.69166348939795,-2.3083365106020466
63,110,64,65.48731730411083,1.4873173041108316
63,111,63,65.0980933959458,2.0980933959457957
63,112,62,64.04049728747205,2.04049728747205
63,113,61,58.91739994721809,-2.0826000527819133
63,114,60,64.48656271107734,4.48656271107734
63,115,59,56.91855756886088,-2.0814424311391235
63,116,58,59.44840029761906,1.4484002976190595
63,117,57,58.46463541666668,1.464635416666681
63,118,56,56.47780563186814,0.4778056318681365
63,119,55,57.93131716813438,2.9313171681343775
63,120,54,58.8234631283069,4.823463128306898
63,121,53,56.36534645909645,3.3653464590964504
63,122,52,57.37245625901876,5.372456259018762
63,123,51,53.63867559523808,2.6386755952380767
63,124,50,60.00444534632034,10.004445346320338
63,125,49,49.24896329365082,0.24896329365081726
63,126,48,50.91039772727273,2.9103977272727306
63,127,47,47.43888392857143,0.43888392857142833
63,128,46,44.954541170634926,-1.0454588293650744
63,129,45,45.01787946428569,0.017879464285691427
63,130,44,43.48495999414631,-0.5150400058536917
63,131,43,43.45814732142858,0.4581473214285765
63,132,42,43.95296874999999,1.9529687499999895
63,133,41,44.46812499999998,3.4681249999999793
63,134,40,43.6976691017316,3.6976691017315986
63,135,39,40.58473823051948,1.584738230519477
63,136,38,37.21338293650793,-0.7866170634920735
63,137,37,34.13647186147186,-2.863528138528139
63,138,36,34.678585345575456,-1.3214146544245438
63,139,35,32.73499102323115,-2.265008976768847
63,140,34,31.938547077922074,-2.061452922077926
63,141,33,30.907924558080808,-2.0920754419191923
63,142,32,29.468048115079363,-2.5319518849206375
63,143,31,29.434632936507953,-1.5653670634920474
63,144,30,28.044112103174598,-1.955887896825402
63,145,29,27.030947420634917,-1.9690525793650835
63,146,28,28.757730654761907,0.7577306547619074
63,147,27,23.625066964285708,-3.3749330357142924
63,148,26,20.092330043859643,-5.9076699561403565
63,149,25,21.097469665750914,-3.902530334249086
63,150,24,21.391808035714273,-2.6081919642857265
63,151,23,23.23100694444445,0.2310069444444487
63,152,22,24.017063492063507,2.0170634920635067
63,153,21,24.444226190476193,3.4442261904761935
63,154,20,22.458660714285706,2.458660714285706
63,155,19,20.235238095238095,1.2352380952380955
63,156,18,18.565696924603177,0.5656969246031771
63,157,17,17.18429067460318,0.18429067460317938
63,158,16,16.998236607142857,0.9982366071428572
63,159,15,12.583551587301596,-2.4164484126984043
63,160,14,13.80976190476191,-0.1902380952380902
63,161,13,11.976034226190475,-1.0239657738095254
63,162,12,12.475788690476197,0.47578869047619676
63,163,11,8.319077380952379,-2.680922619047621
63,164,10,9.976888528138522,-0.023111471861477995
63,165,9,7.119496527777777,-1.8805034722222231
63,166,8,6.679714781746032,-1.320285218253968
63,167,7,5.525133928571432,-1.4748660714285684
63,168,6,3.620736607142856,-2.379263392857144
63,169,5,1.957685364906835,-3.042314635093165
63,170,4,1.000304412525879,-2.999695587474121
63,171,3,0.0,-3.0
63,172,2,0.0,-2.0
63,173,1,0.0,-1.0
63,174,0,0.0,0.0
64,1,125,115.41700375258799,-9.582996247412012
64,2,125,116.1355455019276,-8.864454498072405
64,3,125,116.52584444353049,-8.474155556469512
64,4,125,117.23494266605496,-7.7650573339450375
64,5,125,117.87353744031918,-7.126462559680817
64,6,125,116.38640509988593,-8.613594900114066
64,7,125,116.96573812630311,-8.034261873696892
64,8,125,115.18648708127448,-9.813512918725522
64,9,125,115.34977022439693,-9.650229775603066
64,10,125,115.880560314895,-9.119439685104993
64,11,125,116.67556314673729,-8.32443685326271
64,12,125,117.24812609096027,-7.75187390903973
64,13,125,116.83859203474665,-8.161407965253346
64,14,125,115.99851623823633,-9.001483761763666
64,15,125,115.25131224623897,-9.748687753761033
64,16,125,117.56310307586196,-7.43689692413804
64,17,125,115.81209413625493,-9.187905863745073
64,18,125,117.5806042180481,-7.419395781951906
64,19,125,116.78834366787211,-8.211656332127887
64,20,125,115.95208533967518,-9.047914660324821
64,21,125,115.39022419433365,-9.609775805666345
64,22,125,114.96376453968871,-10.036235460311289
64,23,125,115.8919498410914,-9.108050158908597
64,24,125,113.29746549894023,-11.702534501059773
64,25,125,117.54482188735736,-7.455178112642642
64,26,125,117.32842699666931,-7.671573003330693
64,27,125,117.87711676243069,-7.122883237569312
64,28,125,117.76300346520236,-7.23699653479764
64,29,125,117.26648856958604,-7.733511430413955
64,30,125,116.84442744530277,-8.15557255469723
64,31,125,117.20901372268061,-7.790986277319391
64,32,125,117.00482286112074,-7.9951771388792565
64,33,125,115.58178847920752,-9.418211520792482
64,34,125,116.76140059819188,-8.238599401808116
64,35,125,117.55295780006684,-7.447042199933165
64,36,125,117.56326003736297,-7.436739962637034
64,37,125,118.23307405172,-6.766925948280004
64,38,125,116.51125000617033,-8.488749993829671
64,39,125,117.05274738185487,-7.947252618145129
64,40,125,117.2686092279744,-7.731390772025605
64,41,125,116.6489267407139,-8.351073259286096
64,42,125,117.33323959464728,-7.6667604053527185
64,43,125,117.45625552825052,-7.543744471749477
64,44,125,116.29388865934072,-8.706111340659277
64,45,125,115.22873649638571,-9.771263503614293
64,46,125,114.5979089278029,-10.402091072197095
64,47,125,116.81320049793472,-8.186799502065284
64,48,125,116.62634961631382,-8.373650383686183
64,49,125,112.98312019333096,-12.016879806669039
64,50,125,110.44067225218609,-14.55932774781391
64,51,125,114.60239022599515,-10.397609774004849
64,52,125,116.81536642062281,-8.184633579377191
64,53,125,115.11358572190132,-9.886414278098684
64,54,125,113.6856418865843,-11.314358113415693
64,55,125,114.58812570066182,-10.41187429933818
64,56,125,114.7342227937203,-10.265777206279694
64,57,125,110.57956888284805,-14.42043111715195
64,58,125,110.71555419207075,-14.284445807929245
64,59,125,111.07613680100158,-13.923863198998419
64,60,125,110.10634312564414,-14.893656874355855
64,61,125,108.93198963903424,-16.068010360965758
64,62,125,114.02336757452738,-10.976632425472616
64,63,125,108.92577585669144,-16.074224143308555
64,64,125,110.42082641576144,-14.57917358423856
64,65,125,112.31620120923614,-12.68379879076386
64,66,125,110.88098309660784,-14.119016903392165
64,67,125,106.43478435423711,-18.56521564576289
64,68,125,110.97377407969834,-14.026225920301655
64,69,125,110.43563324725429,-14.564366752745713
64,70,125,109.34319256600224,-15.656807433997756
64,71,125,110.46586828867646,-14.534131711323539
64,72,125,110.21975329040465,-14.780246709595346
64,73,125,107.16361560579341,-17.83638439420659
64,74,125,105.61620015214392,-19.383799847856082
64,75,125,104.57727906146991,-20.42272093853009
64,76,125,108.1139999576912,-16.886000042308794
64,77,125,105.14641519268282,-19.853584807317176
64,78,125,102.33132618523658,-22.668673814763423
64,79,125,100.52175905360669,-24.478240946393313
64,80,125,100.88811731109793,-24.11188268890207
64,81,125,108.29306919809164,-16.706930801908356
64,82,125,106.13813641928448,-18.86186358071552
64,83,125,102.73697061953283,-22.263029380467174
64,84,125,100.61482812323337,-24.385171876766634
64,85,125,94.37747125156253,-30.622528748437475
64,86,125,97.56507918251005,-27.434920817489953
64,87,125,97.12981270657976,-27.870187293420244
64,88,125,98.31688182498097,-26.683118175019032
64,89,125,92.86816640244028,-32.13183359755972
64,90,125,97.09757908045977,-27.902420919540234
64,91,125,91.80837859217571,-33.191621407824286
64,92,125,92.03802957716648,-32.96197042283352
64,93,125,94.74543931873868,-30.254560681261324
64,94,125,93.88344817609887,-31.116551823901133
64,95,125,91.87792091459718,-33.12207908540282
64,96,125,90.77349570199613,-34.226504298003874
64,97,125,93.08485833038364,-31.91514166961636
64,98,125,91.25700073549105,-33.74299926450895
64,99,125,91.59525358654555,-33.40474641345445
64,100,125,90.13686679185447,-34.86313320814553
64,101,125,84.75934824350136,-40.240651756498636
64,102,125,85.22221402283971,-39.77778597716029
64,103,125,92.32697618595337,-32.67302381404663
64,104,125,89.94940674744008,-35.05059325255992
64,105,125,93.05624591299058,-31.943754087009424
64,106,125,90.16326456712906,-34.83673543287094
64,107,125,89.08946564162366,-35.91053435837634
64,108,125,86.93358804597054,-38.06641195402946
64,109,125,86.92007277753763,-38.07992722246237
64,110,125,87.61453780955378,-37.38546219044622
64,111,125,78.5652679792583,-46.434732020741706
64,112,125,81.3852944596013,-43.6147055403987
64,113,125,78.96302334651381,-46.03697665348619
64,114,125,83.46100522772647,-41.538994772273526
64,115,125,87.56153752729551,-37.43846247270449
64,116,125,84.54179016654199,-40.458209833458014
64,117,125,89.98208887244543,-35.01791112755457
64,118,125,87.04369609607423,-37.95630390392577
64,119,125,85.41280083204907,-39.58719916795093
64,120,125,86.38760036676375,-38.61239963323625
64,121,125,88.5564814278866,-36.443518572113405
64,122,125,85.25352385318355,-39.74647614681645
64,123,125,79.30173123216122,-45.69826876783878
64,124,125,87.46297596735874,-37.537024032641256
64,125,125,87.7089755373373,-37.291024462662705
64,126,125,79.97122721082953,-45.028772789170475
64,127,125,83.82653289029204,-41.17346710970796
64,128,125,87.62416126343922,-37.37583873656078
64,129,125,85.50363497280821,-39.496365027191786
64,130,125,81.21543981169047,-43.78456018830953
64,131,125,78.82695186129058,-46.17304813870942
64,132,125,78.5424911057087,-46.457508894291294
64,133,125,91.8795643705379,-33.120435629462094
64,134,125,81.3382756178663,-43.6617243821337
64,135,125,81.01345944813986,-43.986540551860145
64,136,125,80.17080984596717,-44.82919015403283
64,137,125,85.37021166051515,-39.62978833948485
64,138,125,85.80173673776537,-39.19826326223463
64,139,125,87.80560918573917,-37.19439081426083
64,140,125,81.77372227906878,-43.22627772093122
64,141,125,82.00592233693568,-42.99407766306432
64,142,125,85.82221688909561,-39.177783110904386
64,143,125,88.33232268756903,-36.66767731243097
64,144,125,82.3919436483001,-42.6080563516999
64,145,125,91.81417730747786,-33.18582269252214
64,146,125,92.59018808989457,-32.40981191010543
64,147,125,93.37219847374381,-31.627801526256192
64,148,125,85.59766352614471,-39.402336473855286
64,149,125,89.71509102215586,-35.28490897784414
64,150,125,89.47641083421253,-35.52358916578747
64,151,125,87.42380512550268,-37.57619487449732
64,152,125,77.91132934554483,-47.08867065445517
64,153,125,83.03394865572162,-41.966051344278384
64,154,125,85.0814092175647,-39.9185907824353
64,155,125,89.70092847236981,-35.29907152763019
64,156,125,84.02542946122279,-40.974570538777215
64,157,125,86.76216985638146,-38.23783014361854
64,158,125,83.1454538022713,-41.854546197728695
64,159,124,76.86603521837698,-47.13396478162302
64,160,123,89.81957119295267,-33.180428807047335
64,161,122,91.21566103212295,-30.784338967877048
64,162,121,89.86398571610721,-31.13601428389279
64,163,120,86.07204554224381,-33.92795445775619
64,164,119,84.75742468375421,-34.24257531624579
64,165,118,88.18842163158786,-29.811578368412142
64,166,117,84.33847267374526,-32.66152732625474
64,167,116,83.09937506814288,-32.900624931857124
64,168,115,86.85453735810208,-28.14546264189792
64,169,114,82.52038328171906,-31.479616718280937
64,170,113,79.43146914950644,-33.56853085049356
64,171,112,74.96638898810198,-37.03361101189802
64,172,111,68.11335493446975,-42.886645065530246
64,173,110,65.6349271214896,-44.365072878510404
64,174,109,72.85685851447576,-36.14314148552424
64,175,108,76.97621648616669,-31.02378351383331
64,176,107,80.58982056379342,-26.410179436206576
64,177,106,73.48537062865803,-32.51462937134197
64,178,105,66.8141222285465,-38.185877771453505
64,179,104,62.64448229684079,-41.35551770315921
64,180,103,62.67995828823956,-40.32004171176044
64,181,102,66.560284391663,-35.439715608336996
64,182,101,76.2520763933745,-24.747923606625505
64,183,100,88.40870206040763,-11.591297939592366
64,184,99,83.69296078258284,-15.307039217417156
64,185,98,78.33854910714288,-19.66145089285712
64,186,97,81.89783412309566,-15.102165876904337
64,187,96,92.05357992566488,-3.9464200743351228
64,188,95,85.23093883547007,-9.76906116452993
64,189,94,83.22512376525803,-10.774876234741967
64,190,93,83.55517711433733,-9.444822885662674
64,191,92,85.84271964962612,-6.157280350373881
64,192,91,75.34090251280355,-15.659097487196448
64,193,90,75.39099218111286,-14.609007818887136
64,194,89,85.94296047735806,-3.0570395226419436
64,195,88,70.26583545539427,-17.734164544605733
64,196,87,76.04169831262905,-10.958301687370948
64,197,86,69.07956371753244,-16.920436282467563
64,198,85,70.2021111111111,-14.797888888888906
64,199,84,61.87089285714286,-22.129107142857137
64,200,83,69.50295961595597,-13.497040384044027
64,201,82,57.665389123851334,-24.334610876148666
64,202,81,61.14202313311691,-19.857976866883092
64,203,80,61.654894417775864,-18.345105582224136
64,204,79,57.41898561507937,-21.58101438492063
64,205,78,60.170312499999994,-17.829687500000006
64,206,77,55.14386904761905,-21.85613095238095
64,207,76,59.36303774350651,-16.63696225649349
64,208,75,51.771319444444465,-23.228680555555535
64,209,74,54.62877773268398,-19.37122226731602
64,210,73,57.00572916666668,-15.994270833333317
64,211,72,54.13720734126987,-17.86279265873013
64,212,71,61.6058029348103,-9.3941970651897
64,213,70,55.2538095238095,-14.746190476190499
64,214,69,60.84338541666668,-8.156614583333322
64,215,68,57.982852704678365,-10.017147295321635
64,216,67,54.08672867063491,-12.913271329365088
64,217,66,49.735273268398274,-16.264726731601726
64,218,65,55.43678386372519,-9.56321613627481
64,219,64,44.72017113095238,-19.27982886904762
64,220,63,43.64600942460317,-19.35399057539683
64,221,62,44.830163690476176,-17.169836309523824
64,222,61,45.56172050070026,-15.438279499299739
64,223,60,46.433078838542976,-13.566921161457024
64,224,59,48.48143116432179,-10.51856883567821
64,225,58,43.15424107142856,-14.845758928571442
64,226,57,36.78481398809525,-20.21518601190475
64,227,56,34.67662946428573,-21.323370535714268
64,228,55,39.26189168470419,-15.738108315295811
64,229,54,35.454806547619036,-18.545193452380964
64,230,53,35.64178258818883,-17.358217411811168
64,231,52,37.361416396103905,-14.638583603896095
64,232,51,36.49889272186145,-14.501107278138548
64,233,50,31.835706845238107,-18.164293154761893
64,234,49,29.933196022727273,-19.066803977272727
64,235,48,32.58577132936509,-15.414228670634913
64,236,47,32.05517600574712,-14.944823994252879
64,237,46,26.816762265512274,-19.183237734487726
64,238,45,26.72020968614719,-18.27979031385281
64,239,44,30.85932426948053,-13.140675730519469
64,240,43,25.967816220238102,-17.032183779761898
64,241,42,26.95411706349207,-15.04588293650793
64,242,41,24.48066964285715,-16.51933035714285
64,243,40,28.789250992063486,-11.210749007936514
64,244,39,27.630694444444444,-11.369305555555556
64,245,38,27.859456845238093,-10.140543154761907
64,246,37,21.08950116459627,-15.910498835403729
64,247,36,23.910052083333348,-12.089947916666652
64,248,35,22.685610119047617,-12.314389880952383
64,249,34,23.478040674603164,-10.521959325396836
64,250,33,27.645300621345044,-5.354699378654956
64,251,32,28.201173115079364,-3.7988268849206364
64,252,31,25.212291666666665,-5.787708333333335
64,253,30,26.250675652472523,-3.7493243475274767
64,254,29,23.634047619047614,-5.365952380952386
64,255,28,19.317574066558443,-8.682425933441557
64,256,27,18.572854000995985,-8.427145999004015
64,257,26,15.185037202380933,-10.814962797619067
64,258,25,14.61617559523809,-10.38382440476191
64,259,24,14.758675595238099,-9.241324404761901
64,260,23,12.215431547619055,-10.784568452380945
64,261,22,11.049885912698418,-10.950114087301582
64,262,21,10.972544642857148,-10.027455357142852
64,263,20,11.075476190476195,-8.924523809523805
64,264,19,9.194092261904762,-9.805907738095238
64,265,18,11.028936011904761,-6.9710639880952385
64,266,17,6.46522591991342,-10.53477408008658
64,267,16,6.564836309523807,-9.435163690476193
64,268,15,6.461934523809525,-8.538065476190475
64,269,14,4.8860416666666655,-9.113958333333334
64,270,13,5.573472222222218,-7.426527777777782
64,271,12,2.0540401785714284,-9.945959821428572
64,272,11,2.019290674603174,-8.980709325396827
64,273,10,0.6101488095238086,-9.389851190476191
64,274,9,1.4867160443722955,-7.5132839556277045
64,275,8,0.6038408905228767,-7.396159109477123
64,276,7,1.0744370039682547,-5.925562996031745
64,277,6,0.0,-6.0
64,278,5,0.0,-5.0
64,279,4,0.0,-4.0
64,280,3,0.0,-3.0
64,281,2,0.0,-2.0
64,282,1,0.0,-1.0
64,283,0,0.0,0.0
65,1,125,118.49331224604609,-6.506687753953912
65,2,125,119.5243813931424,-5.475618606857594
65,3,125,119.3133600089672,-5.686639991032806
65,4,125,118.6577411334292,-6.342258866570802
65,5,125,118.60971319571676,-6.390286804283235
65,6,125,119.06876035558768,-5.931239644412315
65,7,125,119.01888923358345,-5.981110766416549
65,8,125,119.40401168138355,-5.595988318616449
65,9,125,119.70918399964596,-5.290816000354042
65,10,125,119.42288181149816,-5.577118188501842
65,11,125,119.49618452381324,-5.503815476186759
65,12,125,119.3218207115448,-5.678179288455198
65,13,125,119.97889285714658,-5.021107142853424
65,14,125,119.06333378581493,-5.936666214185067
65,15,125,119.0554562415768,-5.944543758423194
65,16,125,119.11994778973023,-5.880052210269767
65,17,125,119.27782567049807,-5.722174329501925
65,18,125,119.90078895614249,-5.099211043857508
65,19,125,119.934375,-5.065624999999997
65,20,125,119.51763022050804,-5.482369779491961
65,21,125,119.59330728660932,-5.406692713390683
65,22,125,119.84516764589728,-5.154832354102723
65,23,125,118.94813121850363,-6.051868781496367
65,24,125,119.40065994483231,-5.599340055167687
65,25,125,119.87578656887717,-5.124213431122826
65,26,125,119.03214829621518,-5.967851703784817
65,27,125,119.12871711101668,-5.871282888983316
65,28,125,119.03415790120596,-5.965842098794042
65,29,124,118.97217811451382,-5.027821885486176
65,30,123,119.26682878013904,-3.7331712198609637
65,31,122,119.4008218852038,-2.599178114796203
65,32,121,119.22103332739364,-1.7789666726063587
65,33,120,119.42709878604555,-0.5729012139544523
65,34,119,118.49664621074812,-0.5033537892518751
65,35,118,118.04833422364675,0.04833422364674789
65,36,117,117.26817112305795,0.26817112305795376
65,37,116,116.6681092093705,0.668109209370499
65,38,115,114.67838031447664,-0.32161968552335907
65,39,114,115.05417850771326,1.0541785077132602
65,40,113,115.84100883645745,2.8410088364574477
65,41,112,116.04460367985266,4.044603679852656
65,42,111,114.17614248037489,3.1761424803748923
65,43,110,114.86919542637932,4.869195426379321
65,44,109,115.60803556073301,6.608035560733015
65,45,108,117.55425960486691,9.554259604866914
65,46,107,118.2687492336945,11.268749233694507
65,47,106,117.30340167653375,11.303401676533753
65,48,105,118.44171087313441,13.441710873134411
65,49,104,117.90172995422809,13.901729954228088
65,50,103,118.61205950771557,15.612059507715571
65,51,102,119.13942126319546,17.13942126319546
65,52,101,118.54317761408299,17.543177614082992
65,53,100,119.46629330440734,19.466293304407344
65,54,99,117.36290234430957,18.362902344309575
65,55,98,116.82198813489497,18.821988134894966
65,56,97,116.3200791486079,19.320079148607903
65,57,96,115.8287373450772,19.8287373450772
65,58,95,117.9648207620698,22.964820762069806
65,59,94,116.72368720218489,22.72368720218489
65,60,93,115.58040448555194,22.580404485551938
65,61,92,117.09170488158816,25.091704881588157
65,62,91,117.08419692190773,26.084196921907733
65,63,90,116.56008768908043,26.560087689080433
65,64,89,117.08663284256909,28.086632842569088
65,65,88,117.33235343564266,29.33235343564266
65,66,87,116.03485000969208,29.03485000969208
65,67,86,116.13360369103245,30.133603691032448
65,68,85,116.68944332700116,31.689443327001158
65,69,84,114.49236122917235,30.492361229172346
65,70,83,117.18723602503057,34.18723602503057
65,71,82,111.1305045415772,29.130504541577196
65,72,81,113.5009421969017,32.500942196901704
65,73,80,113.90384383244682,33.903843832446825
65,74,79,111.84105115512364,32.84105115512364
65,75,78,112.03411441276576,34.03411441276576
65,76,77,110.56117142452516,33.561171424525156
65,77,76,109.28426821909375,33.28426821909375
65,78,75,111.10247301807378,36.10247301807378
65,79,74,111.27635472106651,37.27635472106651
65,80,73,108.77681162434752,35.776811624347516
65,81,72,107.63720352099881,35.63720352099881
65,82,71,107.50842581919169,36.508425819191686
65,83,70,108.66199449862877,38.66199449862877
65,84,69,108.24775047903165,39.24775047903165
65,85,68,105.6351828472813,37.6351828472813
65,86,67,106.43070498943639,39.43070498943639
65,87,66,107.04396633845545,41.04396633845545
65,88,65,104.09209754078219,39.09209754078219
65,89,64,108.55062358659991,44.55062358659991
65,90,63,105.48725494998423,42.487254949984234
65,91,62,104.39916467789253,42.39916467789253
65,92,61,104.12136672095804,43.12136672095804
65,93,60,105.46214394205101,45.462143942051014
65,94,59,105.87514959513138,46.875149595131376
65,95,58,103.05633170631168,45.05633170631168
65,96,57,99.59983911340467,42.59983911340467
65,97,56,103.39581700541767,47.39581700541767
65,98,55,97.4937439979163,42.4937439979163
65,99,54,92.68216675698395,38.682166756983946
65,100,53,92.49983253337308,39.49983253337308
65,101,52,98.64020210351828,46.64020210351828
65,102,51,90.46357969814434,39.46357969814434
65,103,50,90.54076953129461,40.540769531294615
65,104,49,89.60929116691575,40.60929116691575
65,105,48,92.71902136866952,44.719021368669516
65,106,47,92.78167344753612,45.78167344753612
65,107,46,88.76134483956828,42.76134483956828
65,108,45,85.53304943488105,40.53304943488105
65,109,44,86.21257006743316,42.21257006743316
65,110,43,87.7871737022817,44.787173702281706
65,111,42,89.66108576311893,47.66108576311893
65,112,41,90.46395317748403,49.46395317748403
65,113,40,87.77286458330457,47.77286458330457
65,114,39,89.86513349340314,50.865133493403135
65,115,38,91.88438903147124,53.884389031471244
65,116,37,85.88518225717658,48.88518225717658
65,117,36,82.1727465835294,46.1727465835294
65,118,35,83.96847302292683,48.96847302292683
65,119,34,88.54893136318829,54.54893136318829
65,120,33,88.3053658402732,55.3053658402732
65,121,32,86.77777729948826,54.777777299488264
65,122,31,88.45386289417007,57.45386289417007
65,123,30,85.13913822559952,55.139138225599524
65,124,29,79.27017911984436,50.27017911984436
65,125,28,81.35307160124769,53.35307160124769
65,126,27,73.52587225877194,46.52587225877194
65,127,26,59.96943948412698,33.96943948412698
65,128,25,63.705401048369794,38.705401048369794
65,129,24,61.191871693121726,37.191871693121726
65,130,23,60.27770089285714,37.27770089285714
65,131,22,59.952166145412974,37.952166145412974
65,132,21,52.4055505952381,31.405550595238097
65,133,20,49.80103101657331,29.80103101657331
65,134,19,38.45419642857144,19.454196428571443
65,135,18,32.97991071428571,14.979910714285708
65,136,17,28.084159226190465,11.084159226190465
65,137,16,32.162729414682545,16.162729414682545
65,138,15,28.665094246031742,13.665094246031742
65,139,14,21.454605628093525,7.454605628093525
65,140,13,20.413588293650793,7.413588293650793
65,141,12,23.56037202380953,11.560372023809531
65,142,11,17.81706845238095,6.817068452380951
65,143,10,16.657440476190473,6.657440476190473
65,144,9,16.272686011904764,7.272686011904764
65,145,8,13.540904356060611,5.5409043560606115
65,146,7,11.597433035714289,4.597433035714289
65,147,6,9.097451975108228,3.0974519751082283
65,148,5,5.508546496449458,0.5085464964494584
65,149,4,2.013869047619048,-1.986130952380952
65,150,3,2.0510193452380916,-0.9489806547619084
65,151,2,0.0,-2.0
65,152,1,0.0,-1.0
65,153,0,0.0,0.0
66,1,125,113.4550322420635,-11.544967757936504
66,2,125,98.36334077380953,-26.636659226190474
66,3,125,98.43231398809522,-26.567686011904783
66,4,125,93.50820286544851,-31.49179713455149
66,5,125,97.33774684873951,-27.662253151260487
66,6,125,98.09104760751202,-26.908952392487976
66,7,125,102.04092997627279,-22.959070023727207
66,8,125,98.72303712606838,-26.276962873931623
66,9,125,106.17299505242818,-18.827004947571822
66,10,125,105.15298480226173,-19.847015197738273
66,11,125,106.04356520471563,-18.956434795284366
66,12,125,109.01169557992291,-15.988304420077085
66,13,125,109.92378065999131,-15.076219340008691
66,14,125,107.01240599383084,-17.98759400616916
66,15,125,103.58813525290502,-21.41186474709498
66,16,125,103.89039593962585,-21.109604060374153
66,17,125,104.6838598840563,-20.316140115943696
66,18,125,108.03766892290625,-16.96233107709375
66,19,125,102.38858134920636,-22.611418650793638
66,20,125,111.63371108551189,-13.36628891448811
66,21,125,111.66729301877702,-13.332706981222984
66,22,125,107.59914650537635,-17.400853494623647
66,23,125,104.89362015845067,-20.106379841549327
66,24,125,107.81325981057321,-17.186740189426786
66,25,125,102.12106115560752,-22.87893884439248
66,26,125,109.8922762291505,-15.107723770849503
66,27,125,100.37513676511662,-24.624863234883378
66,28,125,100.44776427123406,-24.552235728765936
66,29,125,99.71192956349209,-25.28807043650791
66,30,125,106.29916305643462,-18.700836943565378
66,31,125,106.96028990326599,-18.039710096734012
66,32,125,110.96665426620568,-14.03334573379432
66,33,125,111.20154551759349,-13.798454482406513
66,34,125,111.44719380822983,-13.552806191770173
66,35,125,109.83826929524284,-15.161730704757161
66,36,125,108.91647396911665,-16.08352603088335
66,37,125,113.17054621848737,-11.829453781512626
66,38,125,101.55693835427871,-23.443061645721286
66,39,125,103.44822185382316,-21.551778146176844
66,40,125,103.28687174888285,-21.713128251117155
66,41,125,111.41374208257021,-13.58625791742979
66,42,125,109.88928764970504,-15.11071235029496
66,43,125,104.39819548566757,-20.60180451433243
66,44,125,106.15418978109679,-18.84581021890321
66,45,125,101.2671286072507,-23.732871392749303
66,46,125,102.86823337353619,-22.131766626463815
66,47,125,103.9702810836505,-21.029718916349495
66,48,125,111.17336608302885,-13.826633916971147
66,49,125,109.01859857978275,-15.981401420217253
66,50,125,109.37693218378229,-15.623067816217713
66,51,125,113.50838800145296,-11.491611998547043
66,52,125,110.54842879545701,-14.451571204542986
66,53,125,107.40631677924924,-17.593683220750762
66,54,125,104.9622828957611,-20.037717104238894
66,55,125,104.70525603991591,-20.29474396008409
66,56,125,99.52355926725104,-25.476440732748955
66,57,125,96.29583108255345,-28.70416891744655
66,58,125,103.17887242965364,-21.821127570346363
66,59,125,104.86055143596988,-20.13944856403012
66,60,125,106.76251349848755,-18.23748650151245
66,61,125,98.20187964646534,-26.798120353534657
66,62,125,101.57667175961292,-23.42332824038708
66,63,125,97.73617559523811,-27.26382440476189
66,64,125,100.50813988095236,-24.491860119047644
66,65,125,96.98337797619048,-28.016622023809518
66,66,125,104.12702816360316,-20.872971836396843
66,67,125,101.82397004272725,-23.176029957272746
66,68,125,101.83997483703476,-23.16002516296524
66,69,125,88.7063656655844,-36.2936343344156
66,70,125,89.80598214285715,-35.19401785714285
66,71,125,84.34205131673885,-40.657948683261154
66,72,125,79.78951636904759,-45.21048363095241
66,73,125,89.10190476190478,-35.89809523809522
66,74,125,83.33643887362638,-41.66356112637362
66,75,125,87.95100198412698,-37.048998015873025
66,76,125,86.9566046626984,-38.043395337301604
66,77,125,77.91221726190481,-47.087782738095186
66,78,124,84.89236607142858,-39.10763392857142
66,79,123,82.84032738095235,-40.159672619047655
66,80,122,85.21067156298002,-36.789328437019975
66,81,121,84.16906650641025,-36.830933493589754
66,82,120,84.88919779055689,-35.11080220944311
66,83,119,75.60378720238097,-43.39621279761903
66,84,118,81.50155257936505,-36.498447420634946
66,85,117,81.74732692307691,-35.25267307692309
66,86,116,76.42380109126984,-39.57619890873016
66,87,115,74.35274747474747,-40.647252525252526
66,88,114,76.03238714920553,-37.96761285079447
66,89,113,74.92878878066375,-38.07121121933625
66,90,112,70.0409676001082,-41.9590323998918
66,91,111,70.75794489885114,-40.242055101148864
66,92,110,78.70234623015871,-31.29765376984129
66,93,109,73.78200148809522,-35.21799851190478
66,94,108,73.61330481150794,-34.386695188492055
66,95,107,74.58589265560474,-32.41410734439526
66,96,106,68.36305691980206,-37.63694308019794
66,97,105,60.28400523088021,-44.71599476911979
66,98,104,55.125245535714285,-48.874754464285715
66,99,103,49.146629464285716,-53.853370535714284
66,100,102,53.255691964285724,-48.744308035714276
66,101,101,51.97306813590823,-49.02693186409177
66,102,100,49.28655137575864,-50.71344862424136
66,103,99,59.25103418640184,-39.74896581359816
66,104,98,60.70268897754136,-37.29731102245864
66,105,97,62.14677083333332,-34.85322916666668
66,106,96,56.55028273809519,-39.44971726190481
66,107,95,59.0562078373016,-35.9437921626984
66,108,94,56.85596688034186,-37.14403311965814
66,109,93,55.37435492025336,-37.62564507974664
66,110,92,52.13737383735547,-39.86262616264453
66,111,91,49.06225915934557,-41.93774084065443
66,112,90,48.92898979089038,-41.07101020910962
66,113,89,55.119889686853,-33.880110313147
66,114,88,58.54603918650791,-29.45396081349209
66,115,87,49.62947420634921,-37.37052579365079
66,116,86,47.27615575396825,-38.72384424603175
66,117,85,52.52389025859726,-32.47610974140274
66,118,84,51.47794645601982,-32.52205354398018
66,119,83,47.32605654761905,-35.67394345238095
66,120,82,41.99235119047618,-40.00764880952382
66,121,81,50.0406572420635,-30.959342757936497
66,122,80,48.4066365856464,-31.593363414353597
66,123,79,45.001438656881405,-33.998561343118595
66,124,78,44.4197472492785,-33.5802527507215
66,125,77,47.78665302579363,-29.213346974206367
66,126,76,48.128715316651736,-27.871284683348264
66,127,75,41.059617471988794,-33.940382528011206
66,128,74,38.28829230410113,-35.71170769589887
66,129,73,38.889447375541124,-34.110552624458876
66,130,72,39.67119295634921,-32.32880704365079
66,131,71,36.49380952380953,-34.50619047619047
66,132,70,33.787142857142854,-36.212857142857146
66,133,69,30.164481792717098,-38.8355182072829
66,134,68,28.190362103174593,-39.80963789682541
66,135,67,25.40474371693121,-41.59525628306879
66,136,66,27.240664682539673,-38.75933531746033
66,137,65,29.235997023809517,-35.76400297619048
66,138,64,35.32068407287156,-28.679315927128442
66,139,63,39.039653134960886,-23.960346865039114
66,140,62,38.71918326465202,-23.280816735347983
66,141,61,31.61529987373737,-29.38470012626263
66,142,60,35.0226075487013,-24.977392451298698
66,143,59,33.772734788359784,-25.227265211640216
66,144,58,26.96235635252906,-31.03764364747094
66,145,57,31.88692212301588,-25.11307787698412
66,146,56,27.478154582077273,-28.521845417922727
66,147,55,24.811547619047634,-30.188452380952366
66,148,54,26.007453967332548,-27.992546032667452
66,149,53,25.806547619047613,-27.193452380952387
66,150,52,23.775062003968248,-28.224937996031752
66,151,51,24.805751488095247,-26.194248511904753
66,152,50,28.890122260780153,-21.109877739219847
66,153,49,27.580743873572814,-21.419256126427186
66,154,48,26.900109126984113,-21.099890873015887
66,155,47,27.668975885225898,-19.331024114774102
66,156,46,23.901359126984126,-22.098640873015874
66,157,45,24.050329258643405,-20.949670741356595
66,158,44,24.17462925338263,-19.82537074661737
66,159,43,26.57371445105821,-16.42628554894179
66,160,42,21.502875548245605,-20.497124451754395
66,161,41,22.094642857142865,-18.905357142857135
66,162,40,19.02345982142856,-20.97654017857144
66,163,39,18.445319940476196,-20.554680059523804
66,164,38,16.23971857492997,-21.76028142507003
66,165,37,14.910044642857148,-22.089955357142852
66,166,36,15.486793154761905,-20.513206845238095
66,167,35,14.264950396825391,-20.73504960317461
66,168,34,15.1325,-18.8675
66,169,33,14.172881944444448,-18.82711805555555
66,170,32,14.095558035714287,-17.904441964285713
66,171,31,12.922968750000003,-18.077031249999997
66,172,30,14.447384476817042,-15.552615523182958
66,173,29,14.742963789682548,-14.257036210317452
66,174,28,15.873526785714276,-12.126473214285724
66,175,27,13.994434523809524,-13.005565476190476
66,176,26,15.02485739087302,-10.97514260912698
66,177,25,14.007098214285715,-10.992901785714285
66,178,24,14.806369047619047,-9.193630952380953
66,179,23,14.664773065476194,-8.335226934523806
66,180,22,13.281256105006108,-8.718743894993892
66,181,21,9.491245039682536,-11.508754960317464
66,182,20,9.007048611111111,-10.992951388888889
66,183,19,7.029618055555556,-11.970381944444444
66,184,18,5.1134523809523795,-12.88654761904762
66,185,17,4.990575396825399,-12.009424603174601
66,186,16,4.764503968253971,-11.23549603174603
66,187,15,3.0662351190476187,-11.933764880952381
66,188,14,4.249463609307364,-9.750536390692636
66,189,13,2.2116790674603166,-10.788320932539683
66,190,12,1.056502976190476,-10.943497023809524
66,191,11,0.0,-11.0
66,192,10,0.0,-10.0
66,193,9,0.523896329365078,-8.476103670634922
66,194,8,0.0,-8.0
66,195,7,0.0,-7.0
66,196,6,0.0,-6.0
66,197,5,0.0,-5.0
66,198,4,0.0,-4.0
66,199,3,0.0,-3.0
66,200,2,0.0,-2.0
66,201,1,0.0,-1.0
66,202,0,0.0,0.0
67,1,125,111.27667556638846,-13.723324433611538
67,2,125,107.39823673128447,-17.60176326871553
67,3,125,102.97564605130313,-22.02435394869687
67,4,125,110.46665397658072,-14.533346023419284
67,5,125,108.83143561478198,-16.16856438521802
67,6,125,108.41023134581442,-16.589768654185576
67,7,125,109.34330350534985,-15.656696494650149
67,8,125,113.19032013654518,-11.809679863454818
67,9,125,112.49277026745833,-12.507229732541674
67,10,125,112.43250837802368,-12.567491621976316
67,11,125,112.31955819855762,-12.680441801442385
67,12,125,113.96057554092779,-11.039424459072208
67,13,125,111.33995900959826,-13.66004099040174
67,14,125,112.67306067165484,-12.326939328345162
67,15,125,117.37436933230158,-7.625630667698417
67,16,125,114.39675861856306,-10.603241381436945
67,17,125,113.03082289957096,-11.969177100429036
67,18,125,112.60119205972975,-12.398807940270245
67,19,125,114.01469558820042,-10.985304411799575
67,20,125,113.5481909196639,-11.451809080336105
67,21,125,110.06612069075008,-14.933879309249917
67,22,125,114.2819602407011,-10.718039759298904
67,23,125,114.06067700879757,-10.939322991202431
67,24,125,109.18922286320988,-15.810777136790122
67,25,125,112.24543372599797,-12.75456627400203
67,26,125,114.39843101092549,-10.601568989074508
67,27,125,111.09879268439417,-13.90120731560583
67,28,125,113.95255978516828,-11.047440214831724
67,29,125,113.02620829382097,-11.973791706179028
67,30,125,110.65537032001355,-14.344629679986454
67,31,125,115.31588439552283,-9.68411560447717
67,32,125,116.21834035220714,-8.781659647792864
67,33,125,114.5139625687196,-10.486037431280394
67,34,125,117.34221215125096,-7.657787848749038
67,35,125,112.8355302738363,-12.164469726163702
67,36,125,113.65913116045715,-11.34086883954285
67,37,125,115.57127067474084,-9.428729325259155
67,38,125,112.76881154825257,-12.231188451747428
67,39,125,114.2622407210572,-10.737759278942804
67,40,125,114.70204880255002,-10.297951197449976
67,41,125,114.83087786024494,-10.16912213975506
67,42,125,113.69114284887905,-11.308857151120947
67,43,125,116.79988654759657,-8.200113452403428
67,44,125,116.60728604214391,-8.392713957856088
67,45,125,112.23228738662718,-12.767712613372822
67,46,125,112.79416987419934,-12.20583012580066
67,47,125,112.62388436258024,-12.376115637419758
67,48,125,111.93565574424153,-13.06434425575847
67,49,125,111.26331914344992,-13.73668085655008
67,50,125,114.63378753297948,-10.366212467020517
67,51,125,109.90657124249833,-15.09342875750167
67,52,125,111.70686588356432,-13.29313411643568
67,53,125,99.90315594646839,-25.096844053531612
67,54,125,108.5866718620133,-16.413328137986696
67,55,125,110.0270255857386,-14.972974414261401
67,56,125,111.63361278899337,-13.366387211006625
67,57,125,111.19944385923448,-13.800556140765522
67,58,125,112.66450695370975,-12.335493046290253
67,59,125,116.3195376250228,-8.680462374977196
67,60,125,112.94121728726304,-12.058782712736956
67,61,125,107.99266787497962,-17.007332125020383
67,62,125,107.95746794956119,-17.04253205043881
67,63,125,108.77741921759859,-16.22258078240141
67,64,125,111.35786459610301,-13.642135403896987
67,65,125,112.5889346369682,-12.411065363031796
67,66,125,107.45235152889889,-17.547648471101112
67,67,125,109.96146663993554,-15.038533360064463
67,68,125,109.92187064729471,-15.07812935270529
67,69,125,109.03747817899622,-15.962521821003776
67,70,125,101.37134063235563,-23.628659367644374
67,71,125,101.17786770326431,-23.82213229673569
67,72,125,104.75271485460564,-20.247285145394358
67,73,125,102.66899621995906,-22.331003780040945
67,74,125,101.6936967722146,-23.306303227785406
67,75,125,102.58017393202343,-22.419826067976572
67,76,125,96.7577059748092,-28.2422940251908
67,77,125,99.65111397250705,-25.348886027492952
67,78,125,101.50472054576417,-23.495279454235828
67,79,125,95.84606273384097,-29.153937266159033
67,80,125,102.22567960424976,-22.774320395750237
67,81,125,98.10629022615944,-26.893709773840555
67,82,125,98.09529156423112,-26.90470843576888
67,83,125,100.21934485551212,-24.78065514448788
67,84,125,101.75982784004775,-23.24017215995225
67,85,125,88.03508801247774,-36.96491198752226
67,86,125,101.47853305448379,-23.52146694551621
67,87,125,97.85257322197387,-27.14742677802613
67,88,125,94.2633366733314,-30.736663326668605
67,89,125,94.73816001877864,-30.261839981221357
67,90,125,90.22052805354218,-34.77947194645782
67,91,125,98.16393264892285,-26.836067351077148
67,92,125,90.28314592882607,-34.71685407117393
67,93,125,91.49430952930886,-33.505690470691135
67,94,125,90.71151757083376,-34.28848242916624
67,95,125,88.57760339992203,-36.422396600077974
67,96,125,88.09392487245404,-36.90607512754596
67,97,125,88.98289302864818,-36.01710697135182
67,98,125,89.72329546575475,-35.276704534245255
67,99,125,85.93070746734261,-39.069292532657386
67,100,125,87.12994745152184,-37.87005254847816
67,101,125,91.0023773513936,-33.997622648606395
67,102,125,88.02684591450216,-36.97315408549784
67,103,125,84.32103437954103,-40.67896562045897
67,104,125,89.5250650232951,-35.4749349767049
67,105,125,87.21866149327826,-37.78133850672174
67,106,125,98.20069034978985,-26.799309650210148
67,107,125,90.69225707458352,-34.30774292541648
67,108,125,87.00158120780188,-37.99841879219812
67,109,125,81.62528429411093,-43.37471570588907
67,110,125,80.48026518504876,-44.519734814951235
67,111,125,84.32202032505982,-40.677979674940175
67,112,125,88.90422914894944,-36.09577085105056
67,113,125,83.74083513287117,-41.25916486712883
67,114,125,82.69387888211334,-42.30612111788666
67,115,125,85.63637729476005,-39.36362270523995
67,116,125,91.25175947439263,-33.74824052560737
67,117,125,90.80733256935616,-34.19266743064384
67,118,125,86.90131025559546,-38.09868974440454
67,119,125,88.65003413513406,-36.349965864865936
67,120,125,90.77010662131232,-34.22989337868768
67,121,125,87.58480507635608,-37.415194923643924
67,122,125,88.60902693454813,-36.390973065451874
67,123,125,91.58094626625042,-33.41905373374958
67,124,125,87.17801407701528,-37.82198592298472
67,125,125,91.89624489916734,-33.10375510083266
67,126,125,86.60521567019582,-38.39478432980418
67,127,125,83.304084164898,-41.695915835102
67,128,125,84.62352837118765,-40.376471628812354
67,129,125,90.89572724572153,-34.10427275427847
67,130,125,94.44116543085592,-30.558834569144082
67,131,125,76.54824926991708,-48.45175073008292
67,132,125,92.74396075299677,-32.25603924700323
67,133,125,82.09642206682517,-42.90357793317483
67,134,125,82.1527099380709,-42.8472900619291
67,135,125,83.18437504751162,-41.81562495248838
67,136,125,86.60054226742085,-38.39945773257915
67,137,125,96.70948272950929,-28.29051727049071
67,138,125,89.22466194818824,-35.77533805181176
67,139,125,89.22135792573431,-35.77864207426569
67,140,125,85.17158780689316,-39.82841219310684
67,141,125,92.6092287367317,-32.390771263268306
67,142,125,86.16254611568745,-38.83745388431255
67,143,125,91.6735411852633,-33.3264588147367
67,144,125,81.89254983579458,-43.10745016420542
67,145,125,94.78452647682784,-30.215473523172165
67,146,125,87.98667780800223,-37.01332219199777
67,147,125,83.82629483031744,-41.17370516968256
67,148,125,81.02759987787802,-43.97240012212198
67,149,125,81.40964364812511,-43.59035635187489
67,150,125,80.41347622515718,-44.58652377484282
67,151,125,84.1471787723948,-40.852821227605205
67,152,125,86.48901717217852,-38.51098282782148
67,153,125,82.72468219272056,-42.275317807279436
67,154,125,77.65187940339176,-47.34812059660824
67,155,125,80.10153811813318,-44.89846188186682
67,156,125,88.82110780766263,-36.17889219233737
67,157,125,89.45897645705763,-35.54102354294237
67,158,125,68.99674657255112,-56.00325342744888
67,159,125,76.02631657564864,-48.973683424351364
67,160,125,80.77218906570832,-44.22781093429168
67,161,125,93.66526122945035,-31.33473877054965
67,162,125,85.79005422682043,-39.20994577317957
67,163,125,80.9978892722527,-44.002110727747294
67,164,125,87.4522373648386,-37.547762635161405
67,165,125,84.93532172251027,-40.06467827748973
67,166,125,86.67535432328773,-38.324645676712265
67,167,125,84.40757280418582,-40.59242719581418
67,168,125,85.58218659090328,-39.41781340909672
67,169,125,79.74929537979375,-45.25070462020625
67,170,125,85.44945336505691,-39.55054663494309
67,171,125,89.71665652285473,-35.283343477145266
67,172,125,84.03764503198326,-40.96235496801674
67,173,125,91.74867685453623,-33.25132314546377
67,174,125,90.63035334436267,-34.369646655637325
67,175,125,96.09238050310597,-28.90761949689403
67,176,125,86.72855250637477,-38.27144749362523
67,177,125,95.30168791375414,-29.698312086245863
67,178,125,87.82801268854482,-37.17198731145518
67,179,125,86.86864359635717,-38.131356403642826
67,180,125,86.94648482924218,-38.05351517075782
67,181,125,86.32883014572899,-38.671169854271014
67,182,125,86.76591428535053,-38.23408571464947
67,183,125,88.66471794698624,-36.335282053013756
67,184,125,91.16788990143556,-33.83211009856444
67,185,125,79.24859476064147,-45.75140523935853
67,186,125,89.7883903629905,-35.2116096370095
67,187,125,81.80163278403943,-43.19836721596057
67,188,125,85.11286813596357,-39.887131864036434
67,189,124,79.72468094609638,-44.275319053903615
67,190,123,82.87552627667063,-40.12447372332937
67,191,122,90.78106184568904,-31.218938154310962
67,192,121,76.21378659755554,-44.78621340244446
67,193,120,71.59879704238918,-48.40120295761082
67,194,119,68.70858003046824,-50.29141996953176
67,195,118,70.47915426587304,-47.520845734126965
67,196,117,76.12142556918876,-40.87857443081124
67,197,116,79.5885542478018,-36.411445752198205
67,198,115,85.0677582306002,-29.932241769399795
67,199,114,78.86897261100385,-35.131027388996145
67,200,113,79.20495123691612,-33.795048763083884
67,201,112,75.64768777586792,-36.35231222413208
67,202,111,74.80789705086582,-36.19210294913418
67,203,110,71.85804935515876,-38.141950644841245
67,204,109,67.85523065476193,-41.144769345238075
67,205,108,74.92809538398693,-33.07190461601307
67,206,107,76.09734671018944,-30.90265328981056
67,207,106,81.13156512605039,-24.86843487394961
67,208,105,77.36325411414565,-27.636745885854353
67,209,104,76.36976404078376,-27.630235959216236
67,210,103,76.54389479267358,-26.456105207326416
67,211,102,78.63191335151244,-23.368086648487562
67,212,101,69.41635727248062,-31.583642727519376
67,213,100,63.68203353987633,-36.31796646012367
67,214,99,70.92663371471099,-28.073366285289012
67,215,98,63.72779915326791,-34.27220084673209
67,216,97,64.77889136904761,-32.221108630952386
67,217,96,74.89679022366525,-21.10320977633475
67,218,95,71.97048733027592,-23.029512669724085
67,219,94,65.43214176837293,-28.56785823162707
67,220,93,65.63223901098903,-27.367760989010975
67,221,92,53.66904835972851,-38.33095164027149
67,222,91,69.52919731310358,-21.47080268689642
67,223,90,68.62856246184373,-21.371437538156272
67,224,89,57.379084821428556,-31.620915178571444
67,225,88,59.460822807781625,-28.539177192218375
67,226,87,64.12045154498277,-22.87954845501723
67,227,86,58.64412946428572,-27.35587053571428
67,228,85,61.29252367424243,-23.70747632575757
67,229,84,58.728091707581065,-25.271908292418935
67,230,83,53.26702498805624,-29.732975011943758
67,231,82,54.11316878019325,-27.88683121980675
67,232,81,60.89957251082254,-20.100427489177463
67,233,80,59.93356150793653,-20.06643849206347
67,234,79,61.942476851851836,-17.057523148148164
67,235,78,62.07004381613761,-15.929956183862387
67,236,77,58.05141286375662,-18.948587136243383
67,237,76,59.26477105730302,-16.735228942696978
67,238,75,55.68827492360579,-19.31172507639421
67,239,74,50.72392857142859,-23.276071428571413
67,240,73,52.667823478604745,-20.332176521395255
67,241,72,46.953275994838506,-25.046724005161494
67,242,71,42.132434275793656,-28.867565724206344
67,243,70,47.268687996031744,-22.731312003968256
67,244,69,48.579883191989175,-20.420116808010825
67,245,68,45.20730767496392,-22.79269232503608
67,246,67,51.382668650793654,-15.617331349206346
67,247,66,48.106179600628124,-17.893820399371876
67,248,65,47.98680803571428,-17.013191964285717
67,249,64,50.68940209096456,-13.310597909035437
67,250,63,46.98707589285715,-16.01292410714285
67,251,62,45.23723710317462,-16.76276289682538
67,252,61,52.8034913931789,-8.196508606821098
67,253,60,51.107366071428565,-8.892633928571435
67,254,59,47.5577771577381,-11.442222842261899
67,255,58,46.7909375,-11.209062500000002
67,256,57,50.70111232134899,-6.298887678651013
67,257,56,47.16824156746033,-8.831758432539672
67,258,55,38.926493055555554,-16.073506944444446
67,259,54,45.76673363095239,-8.233266369047612
67,260,53,41.597666316526606,-11.402333683473394
67,261,52,37.68027544351074,-14.319724556489263
67,262,51,33.796316964285715,-17.203683035714285
67,263,50,32.557693452380946,-17.442306547619054
67,264,49,29.033899976657345,-19.966100023342655
67,265,48,30.50938492063493,-17.49061507936507
67,266,47,30.596696428571406,-16.403303571428594
67,267,46,25.14105654761904,-20.85894345238096
67,268,45,26.22643001152074,-18.77356998847926
67,269,44,33.22826884920636,-10.771731150793642
67,270,43,30.19765820802006,-12.802341791979941
67,271,42,26.65111607142858,-15.348883928571421
67,272,41,34.002568569094294,-6.997431430905706
67,273,40,28.805677162910634,-11.194322837089366
67,274,39,27.819742063492058,-11.180257936507942
67,275,38,29.300654761904767,-8.699345238095233
67,276,37,25.827782738095248,-11.172217261904752
67,277,36,23.542477678571423,-12.457522321428577
67,278,35,26.683256448412692,-8.316743551587308
67,279,34,21.710662202380938,-12.289337797619062
67,280,33,17.472559523809522,-15.527440476190478
67,281,32,19.22840773809524,-12.771592261904761
67,282,31,18.631882440476193,-12.368117559523807
67,283,30,14.616555059523808,-15.383444940476192
67,284,29,13.56859126984127,-15.43140873015873
67,285,28,14.412351190476194,-13.587648809523806
67,286,27,12.10526041666667,-14.89473958333333
67,287,26,12.867413194444442,-13.132586805555558
67,288,25,14.503628246753244,-10.496371753246756
67,289,24,14.384613095238098,-9.615386904761902
67,290,23,16.158683035714283,-6.841316964285717
67,291,22,12.655049603174607,-9.344950396825393
67,292,21,11.908353174603171,-9.091646825396829
67,293,20,10.848293650793655,-9.151706349206345
67,294,19,8.849724702380954,-10.150275297619046
67,295,18,7.744404761904763,-10.255595238095237
67,296,17,7.966473214285717,-9.033526785714283
67,297,16,6.207016369047615,-9.792983630952385
67,298,15,5.440714285714286,-9.559285714285714
67,299,14,6.357817460317463,-7.642182539682537
67,300,13,3.270292658730158,-9.729707341269842
67,301,12,2.8322799059139783,-9.167720094086022
67,302,11,2.902859623015874,-8.097140376984125
67,303,10,1.9834126984126996,-8.0165873015873
67,304,9,0.534977678571428,-8.465022321428572
67,305,8,1.7199925595238081,-6.280007440476192
67,306,7,1.9228794642857157,-5.077120535714284
67,307,6,2.807294146825396,-3.192705853174604
67,308,5,1.9766646374458885,-3.0233353625541115
67,309,4,1.1517584325396841,-2.848241567460316
67,310,3,0.0,-3.0
67,311,2,0.0,-2.0
67,312,1,0.0,-1.0
67,313,0,0.0,0.0
68,1,125,113.40934426759834,-11.590655732401657
68,2,125,116.50297980087916,-8.49702019912084
68,3,125,113.03774237079219,-11.962257629207812
68,4,125,114.8007408634323,-10.199259136567704
68,5,125,116.4574999435268,-8.542500056473202
68,6,125,111.89258081285429,-13.107419187145709
68,7,125,117.40469950125971,-7.595300498740286
68,8,125,115.3921990127125,-9.607800987287504
68,9,125,117.14161136003125,-7.8583886399687515
68,10,125,116.68731379450153,-8.312686205498466
68,11,125,112.8370940364579,-12.162905963542102
68,12,125,118.54055126742116,-6.459448732578835
68,13,125,117.48202880992667,-7.517971190073325
68,14,125,115.53507902847836,-9.464920971521636
68,15,125,116.48030322010136,-8.519696779898638
68,16,125,117.4384462127141,-7.561553787285902
68,17,125,113.57185664453948,-11.42814335546052
68,18,125,118.4160740486307,-6.583925951369295
68,19,125,115.85492658034562,-9.14507341965438
68,20,125,114.0013265747671,-10.998673425232894
68,21,125,116.63487956296612,-8.36512043703388
68,22,125,112.15731782061752,-12.842682179382479
68,23,125,117.20320226858667,-7.796797731413335
68,24,125,113.5310216464266,-11.468978353573405
68,25,125,109.74592338567784,-15.254076614322159
68,26,125,115.2331425774814,-9.766857422518598
68,27,125,115.54507600412424,-9.45492399587576
68,28,125,117.26797730588177,-7.732022694118228
68,29,125,115.9171994282578,-9.082800571742197
68,30,125,114.75090466345993,-10.249095336540066
68,31,125,115.01782247229373,-9.98217752770627
68,32,125,115.83462805129454,-9.165371948705456
68,33,125,115.2176822762325,-9.782317723767505
68,34,125,113.22016446943537,-11.779835530564625
68,35,125,116.43858674852136,-8.56141325147864
68,36,125,116.1273215131367,-8.872678486863293
68,37,125,113.67147654186674,-11.328523458133262
68,38,125,116.064051935115,-8.935948064884997
68,39,125,116.46681062468058,-8.533189375319424
68,40,125,111.10215774875462,-13.897842251245379
68,41,125,116.27067663634782,-8.729323363652185
68,42,125,112.91597545308348,-12.084024546916524
68,43,125,114.10111941794442,-10.898880582055583
68,44,125,115.18239134892148,-9.817608651078515
68,45,125,110.6616959516949,-14.338304048305105
68,46,125,109.46412885613975,-15.535871143860248
68,47,125,113.43732709908686,-11.562672900913142
68,48,125,110.36249197672757,-14.637508023272432
68,49,125,114.64146539893065,-10.358534601069351
68,50,125,111.23241550433451,-13.767584495665488
68,51,125,112.51716985658038,-12.48283014341962
68,52,125,111.95684647896647,-13.043153521033531
68,53,125,104.85518543251946,-20.144814567480537
68,54,125,104.45488763393942,-20.54511236606058
68,55,125,110.63500139864232,-14.364998601357684
68,56,125,109.67186405136371,-15.328135948636287
68,57,125,108.25884080732867,-16.741159192671333
68,58,125,108.94420229639952,-16.055797703600476
68,59,125,104.06221278054818,-20.93778721945182
68,60,125,107.0784406646874,-17.921559335312594
68,61,125,111.775004127273,-13.224995872727007
68,62,125,105.22829054065396,-19.77170945934604
68,63,125,99.47663237216503,-25.523367627834972
68,64,125,102.41071364450764,-22.589286355492362
68,65,125,105.66476965761476,-19.335230342385245
68,66,125,106.31923409321703,-18.680765906782966
68,67,125,101.10560399002001,-23.894396009979985
68,68,125,98.11295818757648,-26.88704181242352
68,69,125,103.7136692414264,-21.286330758573598
68,70,125,101.007030508695,-23.992969491305004
68,71,125,99.22303487482841,-25.776965125171586
68,72,125,106.37365657862264,-18.626343421377356
68,73,125,101.42154363618067,-23.578456363819328
68,74,125,101.09968145811949,-23.90031854188051
68,75,124,98.76122114114216,-25.23877885885784
68,76,123,100.19096976985524,-22.809030230144757
68,77,122,88.51642848995391,-33.48357151004609
68,78,121,95.0655731238151,-25.9344268761849
68,79,120,93.71982053443195,-26.280179465568054
68,80,119,93.12334550090743,-25.876654499092567
68,81,118,91.12827258424606,-26.871727415753938
68,82,117,88.10847221176735,-28.89152778823265
68,83,116,91.83313443867458,-24.166865561325423
68,84,115,80.8944956497303,-34.1055043502697
68,85,114,80.85398017200933,-33.14601982799067
68,86,113,86.05931918558059,-26.94068081441941
68,87,112,89.23703523787981,-22.76296476212019
68,88,111,81.06421104863755,-29.935788951362454
68,89,110,83.62372557997557,-26.37627442002443
68,90,109,81.13841700946737,-27.861582990532625
68,91,108,79.68546671269816,-28.314533287301842
68,92,107,75.40697261019031,-31.59302738980969
68,93,106,81.47008432539681,-24.52991567460319
68,94,105,74.23222420668682,-30.767775793313177
68,95,104,87.76742713766671,-16.232572862333285
68,96,103,78.81663531195137,-24.183364688048627
68,97,102,83.5556843889898,-18.444315611010197
68,98,101,83.43578557542284,-17.56421442457716
68,99,100,85.90524531514508,-14.09475468485492
68,100,99,73.7959758015207,-25.204024198479303
68,101,98,79.70853505062259,-18.291464949377414
68,102,97,73.38673352964727,-23.613266470352727
68,103,96,74.85032572991719,-21.149674270082812
68,104,95,68.51815408042721,-26.48184591957279
68,105,94,66.67248028931854,-27.327519710681457
68,106,93,73.608372160766,-19.391627839234005
68,107,92,65.33981273710606,-26.660187262893942
68,108,91,78.70437694352042,-12.295623056479585
68,109,90,75.569799709174,-14.430200290825994
68,110,89,65.73040218188244,-23.26959781811756
68,111,88,61.295490620490654,-26.704509379509346
68,112,87,75.39302740678185,-11.606972593218146
68,113,86,72.65145234024358,-13.34854765975642
68,114,85,60.03383432539681,-24.96616567460319
68,115,84,56.672052035135906,-27.327947964864094
68,116,83,67.88552632263568,-15.114473677364316
68,117,82,80.68711064023738,-1.3128893597626217
68,118,81,65.15331101190476,-15.846688988095238
68,119,80,53.21938727025897,-26.78061272974103
68,120,79,54.45133766142281,-24.548662338577188
68,121,78,59.069634978991616,-18.930365021008384
68,122,77,57.455344685951275,-19.544655314048725
68,123,76,61.33431344906384,-14.665686550936158
68,124,75,57.7306919642857,-17.269308035714303
68,125,74,67.92517550770307,-6.074824492296926
68,126,73,52.889703601137434,-20.110296398862566
68,127,72,48.44132726648352,-23.55867273351648
68,128,71,48.0967090201465,-22.9032909798535
68,129,70,45.306254960317446,-24.693745039682554
68,130,69,54.13137706043957,-14.868622939560431
68,131,68,47.76283482142854,-20.23716517857146
68,132,67,48.8976493316625,-18.1023506683375
68,133,66,50.135046348999836,-15.864953651000164
68,134,65,51.22825708347794,-13.771742916522058
68,135,64,52.23832477877515,-11.761675221224849
68,136,63,46.73957908024879,-16.260420919751212
68,137,62,46.03850760996109,-15.961492390038913
68,138,61,40.11278831845238,-20.88721168154762
68,139,60,43.62691687652625,-16.373083123473748
68,140,59,46.10193306182123,-12.898066938178772
68,141,58,46.24244960112965,-11.75755039887035
68,142,57,50.09824008319896,-6.901759916801041
68,143,56,39.4671591212607,-16.5328408787393
68,144,55,42.78681766795866,-12.213182332041342
68,145,54,39.67098214285714,-14.329017857142858
68,146,53,37.05322814542483,-15.946771854575168
68,147,52,41.37995828823952,-10.620041711760479
68,148,51,45.46093253968255,-5.5390674603174475
68,149,50,41.675882352941194,-8.324117647058806
68,150,49,41.95257119853757,-7.047428801462431
68,151,48,38.8388740079365,-9.161125992063504
68,152,47,35.4778833276099,-11.522116672390098
68,153,46,42.75757998511906,-3.242420014880942
68,154,45,38.48817760547202,-6.511822394527982
68,155,44,37.867897445436526,-6.132102554563474
68,156,43,33.59817460317462,-9.40182539682538
68,157,42,30.621093749999986,-11.378906250000014
68,158,41,32.22237999847373,-8.777620001526273
68,159,40,33.70084077380953,-6.2991592261904685
68,160,39,28.98837053571429,-10.011629464285711
68,161,38,31.394910714285714,-6.6050892857142856
68,162,37,24.388489583333342,-12.611510416666658
68,163,36,25.33381831709957,-10.66618168290043
68,164,35,24.89012896825397,-10.109871031746032
68,165,34,26.28859623015873,-7.711403769841269
68,166,33,27.686639384920632,-5.313360615079368
68,167,32,26.127142857142864,-5.872857142857136
68,168,31,25.334025297619053,-5.665974702380947
68,169,30,26.85990079365079,-3.140099206349209
68,170,29,21.351019345238086,-7.648980654761914
68,171,28,23.198430059523822,-4.801569940476178
68,172,27,20.557321428571434,-6.442678571428566
68,173,26,21.50940476190475,-4.490595238095249
68,174,25,18.44275545634921,-6.557244543650789
68,175,24,17.666597222222222,-6.333402777777778
68,176,23,17.508323412698424,-5.491676587301576
68,177,22,18.343928571428577,-3.6560714285714226
68,178,21,14.341716269841278,-6.658283730158722
68,179,20,13.009278273809525,-6.9907217261904755
68,180,19,13.944652777777776,-5.055347222222224
68,181,18,11.298167162698412,-6.701832837301588
68,182,17,10.551274801587303,-6.448725198412697
68,183,16,8.34297619047619,-7.65702380952381
68,184,15,7.771874999999998,-7.228125000000002
68,185,14,8.860999053030303,-5.139000946969697
68,186,13,7.782821969696968,-5.217178030303032
68,187,12,6.7862499999999955,-5.2137500000000045
68,188,11,3.2800223214285698,-7.71997767857143
68,189,10,4.249469246031747,-5.750530753968253
68,190,9,5.029632936507934,-3.9703670634920663
68,191,8,2.887752976190475,-5.112247023809525
68,192,7,3.5171155753968275,-3.4828844246031725
68,193,6,2.967242063492063,-3.032757936507937
68,194,5,0.06343749999999915,-4.936562500000001
68,195,4,0.6067013888888892,-3.3932986111111108
68,196,3,0.0,-3.0
68,197,2,0.0,-2.0
68,198,1,0.0,-1.0
68,199,0,0.0,0.0
69,1,125,118.37815265687966,-6.621847343120336
69,2,125,117.93402944969016,-7.065970550309842
69,3,125,118.58384476348195,-6.416155236518051
69,4,125,118.1189105171924,-6.881089482807596
69,5,125,117.49246220623047,-7.507537793769529
69,6,125,117.31467211154768,-7.685327888452321
69,7,125,117.4939852589226,-7.506014741077394
69,8,125,117.9178000093332,-7.082199990666794
69,9,125,116.3854291270289,-8.6145708729711
69,10,125,115.9580040887769,-9.041995911223097
69,11,125,117.18378746931356,-7.8162125306864425
69,12,125,116.41229806221978,-8.587701937780224
69,13,125,116.59415855152649,-8.40584144847351
69,14,125,116.84359898045787,-8.15640101954213
69,15,125,115.50576335151341,-9.494236648486591
69,16,125,115.47255726870154,-9.527442731298464
69,17,125,116.5076975194474,-8.492302480552596
69,18,125,116.65453018926428,-8.345469810735722
69,19,125,115.44972294143687,-9.550277058563125
69,20,125,116.38708402067346,-8.612915979326544
69,21,125,116.04033332831166,-8.959666671688339
69,22,125,117.59522928053903,-7.40477071946097
69,23,125,117.76532717339623,-7.23467282660377
69,24,125,116.28220512039596,-8.717794879604043
69,25,125,114.97163099617273,-10.028369003827265
69,26,125,115.58892904243385,-9.411070957566153
69,27,125,115.63118436558423,-9.368815634415768
69,28,125,114.65825462242617,-10.34174537757383
69,29,125,114.7120994045973,-10.287900595402704
69,30,125,116.04224121384239,-8.957758786157612
69,31,125,118.19809868932525,-6.801901310674751
69,32,125,116.65161113981272,-8.348388860187285
69,33,125,116.54933589215173,-8.450664107848269
69,34,125,113.90140431076547,-11.098595689234529
69,35,125,115.55804417600787,-9.441955823992132
69,36,125,114.5499038998659,-10.450096100134104
69,37,125,113.94654010574217,-11.053459894257827
69,38,125,115.06208158144614,-9.937918418553863
69,39,125,112.45626635394638,-12.543733646053624
69,40,125,113.0780542341859,-11.921945765814101
69,41,125,115.84608589682166,-9.153914103178337
69,42,125,115.82472904431961,-9.17527095568039
69,43,125,112.84200096968425,-12.15799903031575
69,44,125,114.32727594064781,-10.672724059352191
69,45,125,111.26015930047481,-13.739840699525189
69,46,125,110.9136382836388,-14.086361716361196
69,47,125,116.31644633875123,-8.683553661248766
69,48,125,112.5110303915086,-12.488969608491402
69,49,125,113.9360145081057,-11.0639854918943
69,50,125,115.64560312114654,-9.354396878853464
69,51,125,110.67800471768744,-14.321995282312557
69,52,125,111.8979066342303,-13.102093365769704
69,53,125,114.37434705350537,-10.625652946494625
69,54,125,112.69856401359031,-12.301435986409686
69,55,125,111.35591287639497,-13.644087123605033
69,56,125,115.61168562070245,-9.388314379297555
69,57,125,111.75934637504236,-13.240653624957645
69,58,125,111.44880436886857,-13.551195631131435
69,59,125,114.20814666604947,-10.791853333950527
69,60,125,112.62470329923477,-12.375296700765233
69,61,125,112.05292754375228,-12.947072456247724
69,62,125,112.80849837215126,-12.191501627848737
69,63,125,111.92042213109013,-13.079577868909865
69,64,125,110.40196510649923,-14.598034893500767
69,65,125,107.14604662372787,-17.85395337627213
69,66,125,108.15504281052483,-16.844957189475167
69,67,125,110.05975168146168,-14.940248318538323
69,68,125,107.48070940972191,-17.51929059027809
69,69,125,110.6797608674505,-14.320239132549503
69,70,125,102.85927267347734,-22.140727326522665
69,71,125,107.15400325018761,-17.845996749812386
69,72,125,106.96526432197194,-18.034735678028056
69,73,125,107.22979442815941,-17.77020557184059
69,74,125,105.16496841585956,-19.835031584140438
69,75,125,109.13108446018968,-15.868915539810317
69,76,125,110.80376551177376,-14.196234488226239
69,77,125,106.27546007329518,-18.72453992670482
69,78,125,107.77621520834853,-17.223784791651468
69,79,125,111.35712350075089,-13.642876499249112
69,80,125,109.40369971546534,-15.596300284534664
69,81,125,105.98402814662875,-19.015971853371255
69,82,125,106.64133210166365,-18.35866789833635
69,83,125,106.5438179785948,-18.456182021405198
69,84,125,106.86233315027714,-18.137666849722862
69,85,125,105.71962861027521,-19.28037138972479
69,86,125,102.34993817335533,-22.650061826644674
69,87,125,102.8767038223851,-22.123296177614904
69,88,125,103.1599618041733,-21.840038195826693
69,89,125,99.83953815200005,-25.160461847999954
69,90,125,103.32084010854915,-21.67915989145085
69,91,125,103.43579969403052,-21.56420030596948
69,92,125,104.48850796566903,-20.51149203433097
69,93,125,98.96170247873678,-26.038297521263218
69,94,125,102.99905328951385,-22.000946710486147
69,95,125,93.9053838298437,-31.0946161701563
69,96,125,97.6023362222398,-27.3976637777602
69,97,125,98.63898903732817,-26.361010962671827
69,98,125,96.59070809508799,-28.40929190491201
69,99,125,101.1866508506434,-23.813349149356597
69,100,125,97.55072705996699,-27.449272940033012
69,101,125,101.1332890203256,-23.866710979674394
69,102,125,97.80715548194443,-27.192844518055566
69,103,125,99.05309075272615,-25.94690924727385
69,104,125,95.51940945512641,-29.480590544873593
69,105,125,105.85177881144804,-19.148221188551958
69,106,125,104.9828168583977,-20.017183141602302
69,107,125,105.8246007605419,-19.175399239458102
69,108,125,104.90415598763782,-20.09584401236218
69,109,125,104.44911386554807,-20.55088613445193
69,110,125,105.52082081391468,-19.479179186085318
69,111,125,103.77367810731255,-21.22632189268745
69,112,125,100.18266665071363,-24.817333349286372
69,113,125,99.74613832888551,-25.253861671114493
69,114,125,98.22315887350942,-26.77684112649058
69,115,125,97.68492525501229,-27.31507474498771
69,116,125,92.61427116437027,-32.385728835629735
69,117,125,99.05798982425817,-25.942010175741828
69,118,125,96.72831449154322,-28.271685508456784
69,119,125,98.38671348208433,-26.613286517915668
69,120,125,98.00011192081809,-26.999888079181915
69,121,125,96.58909703701666,-28.410902962983343
69,122,125,102.25485942775262,-22.74514057224738
69,123,125,98.26734884454814,-26.73265115545186
69,124,125,98.51967075561322,-26.48032924438678
69,125,125,99.91561699547984,-25.084383004520163
69,126,125,100.60381437648061,-24.396185623519386
69,127,125,92.63128918614142,-32.368710813858584
69,128,125,96.3080475221378,-28.691952477862202
69,129,125,90.63166406833066,-34.368335931669336
69,130,125,93.44086019172148,-31.559139808278516
69,131,125,91.16515085693074,-33.83484914306926
69,132,125,96.20417891355623,-28.795821086443766
69,133,125,89.79897717418864,-35.201022825811364
69,134,125,93.07394776658734,-31.926052233412662
69,135,125,95.16493302250744,-29.83506697749256
69,136,125,92.23929641673173,-32.76070358326827
69,137,125,94.50395721381344,-30.496042786186564
69,138,125,98.18266011286933,-26.81733988713067
69,139,125,97.0370522942341,-27.9629477057659
69,140,125,90.32563576899658,-34.67436423100342
69,141,125,97.42937249935412,-27.570627500645884
69,142,125,96.0655640601217,-28.9344359398783
69,143,125,91.79640917150536,-33.20359082849464
69,144,125,90.57531699747162,-34.42468300252838
69,145,125,97.44812010750839,-27.551879892491613
69,146,125,90.58688289509018,-34.413117104909816
69,147,125,93.16799317392939,-31.83200682607061
69,148,125,95.46155795922061,-29.538442040779387
69,149,125,91.47969706376924,-33.52030293623076
69,150,125,90.79112354459343,-34.20887645540657
69,151,125,90.97832145041892,-34.02167854958108
69,152,125,93.02938260769085,-31.97061739230915
69,153,125,91.90730778459861,-33.092692215401385
69,154,125,93.77170195176235,-31.228298048237647
69,155,125,91.49796142148297,-33.50203857851703
69,156,125,93.07743835468648,-31.92256164531352
69,157,125,94.51899938810723,-30.481000611892767
69,158,125,96.73707432474134,-28.262925675258657
69,159,125,94.25662065658075,-30.74337934341925
69,160,125,93.9314796796925,-31.0685203203075
69,161,125,92.36791162553003,-32.63208837446997
69,162,125,90.4304769696591,-34.5695230303409
69,163,125,89.11045272495319,-35.88954727504681
69,164,125,97.28934160754991,-27.710658392450085
69,165,125,94.17785751455585,-30.822142485444147
69,166,125,97.51239547968055,-27.48760452031945
69,167,125,91.77190182919584,-33.22809817080416
69,168,125,94.37237007398457,-30.62762992601543
69,169,125,96.80368449305891,-28.19631550694109
69,170,125,96.53283546994616,-28.467164530053836
69,171,125,94.56049337619766,-30.439506623802345
69,172,125,94.90919337708931,-30.09080662291069
69,173,125,93.723072577041,-31.276927422959005
69,174,125,95.99300684223294,-29.006993157767056
69,175,125,94.59786496562025,-30.402135034379754
69,176,125,95.2038087232974,-29.7961912767026
69,177,125,91.87132234286312,-33.128677657136876
69,178,125,96.96170870032022,-28.038291299679784
69,179,125,93.1546501676535,-31.8453498323465
69,180,125,92.97902536506982,-32.020974634930184
69,181,125,92.06398754362189,-32.93601245637811
69,182,125,92.67834890742154,-32.32165109257846
69,183,125,96.45910040450558,-28.540899595494423
69,184,125,96.35760867748814,-28.642391322511855
69,185,125,94.77798322766901,-30.22201677233099
69,186,125,98.0538073519801,-26.946192648019903
69,187,125,91.95829214623812,-33.04170785376188
69,188,125,96.37011468488194,-28.62988531511806
69,189,125,93.08186780296529,-31.91813219703471
69,190,125,92.57047975128795,-32.42952024871205
69,191,125,92.92178198555352,-32.07821801444648
69,192,125,84.8721151131674,-40.127884886832604
69,193,125,90.80832528817565,-34.19167471182435
69,194,125,86.51653850756779,-38.48346149243221
69,195,125,90.37232643029435,-34.62767356970565
69,196,125,86.86981224453356,-38.13018775546644
69,197,125,96.3510548756252,-28.648945124374805
69,198,125,91.65954421070697,-33.34045578929303
69,199,125,99.1988046756131,-25.801195324386896
69,200,125,96.08090969472084,-28.919090305279155
69,201,125,97.86830025862756,-27.131699741372444
69,202,125,100.70418713853465,-24.29581286146535
69,203,125,99.25662232492061,-25.743377675079387
69,204,125,96.29713799703305,-28.702862002966953
69,205,125,91.36232556727678,-33.637674432723216
69,206,125,93.05224578252998,-31.94775421747002
69,207,125,84.3494389956129,-40.6505610043871
69,208,125,85.6460797641425,-39.3539202358575
69,209,125,78.35045694053089,-46.64954305946911
69,210,125,84.91586750861583,-40.08413249138417
69,211,125,85.11848381704348,-39.88151618295652
69,212,125,79.33706774229857,-45.66293225770143
69,213,125,87.26935017963527,-37.73064982036473
69,214,125,86.86006326821479,-38.13993673178521
69,215,125,85.35752324739977,-39.64247675260023
69,216,125,83.24914376230427,-41.75085623769573
69,217,125,83.21446082896477,-41.785539171035225
69,218,125,89.13137752294632,-35.86862247705368
69,219,125,85.83124717121304,-39.168752828786964
69,220,125,87.8740778486144,-37.125922151385595
69,221,125,83.01635152739946,-41.983648472600535
69,222,125,86.2647734045673,-38.73522659543271
69,223,125,80.9338183014252,-44.066181698574795
69,224,125,85.48878879955274,-39.51121120044726
69,225,125,86.49924363355305,-38.50075636644695
69,226,125,85.11010012683097,-39.88989987316903
69,227,125,89.68534684631298,-35.31465315368702
69,228,125,87.30592039143079,-37.69407960856921
69,229,125,80.52526266678345,-44.47473733321655
69,230,125,85.59607091902718,-39.403929080972816
69,231,125,78.29788938760024,-46.702110612399764
69,232,125,86.17571406491484,-38.82428593508516
69,233,125,76.51378488375966,-48.486215116240345
69,234,125,75.96110936187574,-49.03889063812426
69,235,125,80.49369964855356,-44.50630035144644
69,236,125,85.90856151926634,-39.09143848073366
69,237,125,78.58987508134162,-46.41012491865838
69,238,124,85.05432986220198,-38.94567013779802
69,239,123,81.62897512779033,-41.371024872209674
69,240,122,77.04735742926708,-44.95264257073292
69,241,121,74.97289602643215,-46.02710397356785
69,242,120,78.8595144315749,-41.140485568425106
69,243,119,78.4286211311256,-40.571378868874405
69,244,118,84.68374734391567,-33.31625265608433
69,245,117,88.94689176537808,-28.053108234621916
69,246,116,81.51001748057169,-34.48998251942831
69,247,115,85.16162284294376,-29.838377157056243
69,248,114,78.34909950632095,-35.650900493679046
69,249,113,80.72597381676835,-32.274026183231655
69,250,112,79.26139496297785,-32.738605037022154
69,251,111,82.31882448566641,-28.68117551433359
69,252,110,81.72847808441556,-28.271521915584444
69,253,109,77.13225970797795,-31.86774029202205
69,254,108,69.96357148060272,-38.036428519397276
69,255,107,64.32508184523809,-42.67491815476191
69,256,106,62.85620785056446,-43.14379214943554
69,257,105,54.96420138888889,-50.03579861111111
69,258,104,54.412020891690034,-49.587979108309966
69,259,103,53.06096478174602,-49.93903521825398
69,260,102,58.83419507575759,-43.16580492424241
69,261,101,61.23877412518037,-39.76122587481963
69,262,100,64.11151334809416,-35.888486651905836
69,263,99,62.450210726162524,-36.549789273837476
69,264,98,66.2808874591503,-31.719112540849693
69,265,97,64.84466129356753,-32.155338706432474
69,266,96,62.693798069781536,-33.306201930218464
69,267,95,61.184532828282826,-33.815467171717174
69,268,94,63.81137846528472,-30.18862153471528
69,269,93,69.82395823387371,-23.17604176612629
69,270,92,60.34093568438141,-31.659064315618593
69,271,91,65.70291997932623,-25.297080020673775
69,272,90,61.42568948412696,-28.574310515873037
69,273,89,59.47667357156675,-29.52332642843325
69,274,88,64.29635484307362,-23.703645156926385
69,275,87,60.37982886904763,-26.62017113095237
69,276,86,57.63934253246755,-28.360657467532448
69,277,85,53.341751575630234,-31.658248424369766
69,278,84,50.035076884920635,-33.964923115079365
69,279,83,50.07812251984127,-32.92187748015873
69,280,82,53.61247023809521,-28.387529761904787
69,281,81,55.1477517437628,-25.852248256237203
69,282,80,56.00453131937504,-23.99546868062496
69,283,79,58.23470982142857,-20.765290178571433
69,284,78,54.95092268444731,-23.049077315552687
69,285,77,49.33459226190477,-27.665407738095233
69,286,76,46.41511964627805,-29.58488035372195
69,287,75,41.709948062558354,-33.290051937441646
69,288,74,41.0058705357143,-32.9941294642857
69,289,73,47.18677827380952,-25.813221726190477
69,290,72,48.22210813492063,-23.77789186507937
69,291,71,46.60654017857145,-24.39345982142855
69,292,70,43.96637854384179,-26.033621456158208
69,293,69,45.8208556547619,-23.1791443452381
69,294,68,37.084863782051286,-30.915136217948714
69,295,67,38.863676236957495,-28.136323763042505
69,296,66,37.22027529761906,-28.77972470238094
69,297,65,41.10755253427128,-23.892447465728722
69,298,64,36.519724702380955,-27.480275297619045
69,299,63,37.79798859126983,-25.202011408730172
69,300,62,35.076209490740716,-26.923790509259284
69,301,61,38.493271329365086,-22.506728670634914
69,302,60,32.6870082521645,-27.312991747835497
69,303,59,33.74198908730158,-25.258010912698417
69,304,58,34.57479910714288,-23.42520089285712
69,305,57,39.543137400793654,-17.456862599206346
69,306,56,30.606005591630606,-25.393994408369394
69,307,55,40.5506994047619,-14.4493005952381
69,308,54,37.22847470238093,-16.77152529761907
69,309,53,32.02597274436091,-20.974027255639093
69,310,52,34.901733630952364,-17.098266369047636
69,311,51,31.237269345238097,-19.762730654761903
69,312,50,27.062979042460952,-22.937020957539048
69,313,49,26.821453373015867,-22.178546626984133
69,314,48,27.380119047619033,-20.619880952380967
69,315,47,23.182433035714297,-23.817566964285703
69,316,46,24.814326824795568,-21.185673175204432
69,317,45,28.353764054232776,-16.646235945767224
69,318,44,28.051483913009648,-15.948516086990352
69,319,43,23.931855158730155,-19.068144841269845
69,320,42,24.66642512077295,-17.33357487922705
69,321,41,21.198194444444443,-19.801805555555557
69,322,40,17.15089781746032,-22.84910218253968
69,323,39,16.53889880952381,-22.46110119047619
69,324,38,15.072244543650793,-22.927755456349207
69,325,37,17.86042906746032,-19.13957093253968
69,326,36,15.704818948412687,-20.295181051587313
69,327,35,17.676297123015868,-17.323702876984132
69,328,34,19.20295634920635,-14.79704365079365
69,329,33,16.600654761904764,-16.399345238095236
69,330,32,13.124251774573459,-18.87574822542654
69,331,31,15.208102678571429,-15.791897321428571
69,332,30,10.403370535714284,-19.596629464285716
69,333,29,9.628236607142863,-19.371763392857137
69,334,28,8.899298115079365,-19.100701884920635
69,335,27,11.008467261904762,-15.991532738095238
69,336,26,9.366822916666663,-16.633177083333337
69,337,25,10.372083333333336,-14.627916666666664
69,338,24,9.94435267857143,-14.05564732142857
69,339,23,12.685081845238098,-10.314918154761902
69,340,22,7.733124999999999,-14.266875
69,341,21,8.515550595238096,-12.484449404761904
69,342,20,7.830042162698414,-12.169957837301586
69,343,19,7.031770833333335,-11.968229166666665
69,344,18,6.01324404761905,-11.98675595238095
69,345,17,4.15548859126984,-12.84451140873016
69,346,16,2.3402455357142857,-13.659754464285715
69,347,15,2.226507936507936,-12.773492063492064
69,348,14,0.0,-14.0
69,349,13,0.0,-13.0
69,350,12,0.0,-12.0
69,351,11,0.0,-11.0
69,352,10,0.0,-10.0
69,353,9,0.2802380952380963,-8.719761904761903
69,354,8,0.0,-8.0
69,355,7,0.0,-7.0
69,356,6,0.0,-6.0
69,357,5,0.0,-5.0
69,358,4,0.0,-4.0
69,359,3,0.0,-3.0
69,360,2,0.0,-2.0
69,361,1,0.0,-1.0
69,362,0,0.0,0.0
70,1,125,110.78794886064296,-14.212051139357044
70,2,125,111.32008726262404,-13.679912737375957
70,3,125,113.08614033022118,-11.913859669778816
70,4,125,115.6232856407748,-9.376714359225204
70,5,125,116.86160596434891,-8.138394035651089
70,6,125,115.82540509876102,-9.174594901238976
70,7,125,115.63123783485415,-9.368762165145853
70,8,125,117.13791479669946,-7.862085203300538
70,9,125,114.42650457014925,-10.573495429850752
70,10,125,116.6043903789753,-8.395609621024704
70,11,125,111.91523677965904,-13.08476322034096
70,12,125,116.00130944169999,-8.998690558300012
70,13,124,113.41260377858552,-10.58739622141448
70,14,123,116.8593850087971,-6.140614991202895
70,15,122,115.95340537673637,-6.04659462326363
70,16,121,117.89188678572734,-3.108113214272663
70,17,120,117.0151034324823,-2.984896567517694
70,18,119,115.21462482256103,-3.785375177438965
70,19,118,116.37759779816602,-1.622402201833978
70,20,117,117.12866612122556,0.12866612122556376
70,21,116,116.68605315514526,0.6860531551452596
70,22,115,114.18402596782228,-0.8159740321777207
70,23,114,117.4349347608393,3.4349347608392975
70,24,113,115.15954120514505,2.1595412051450467
70,25,112,114.3057092251385,2.3057092251385
70,26,111,115.36433003294545,4.364330032945446
70,27,110,113.76105002199313,3.761050021993128
70,28,109,112.69852445570663,3.6985244557066324
70,29,108,115.04703252332008,7.047032523320084
70,30,107,114.23199436202064,7.231994362020643
70,31,106,115.78495985621143,9.78495985621143
70,32,105,115.54561577212264,10.545615772122645
70,33,104,111.1890347439095,7.189034743909502
70,34,103,114.86251857016757,11.862518570167566
70,35,102,113.64671872251787,11.646718722517875
70,36,101,115.19977655458042,14.199776554580424
70,37,100,111.91603354414865,11.916033544148647
70,38,99,115.07190051617943,16.071900516179426
70,39,98,109.97279419815304,11.97279419815304
70,40,97,118.2823664970517,21.282366497051697
70,41,96,116.93845122402865,20.938451224028654
70,42,95,117.03131870564485,22.03131870564485
70,43,94,117.51668664456281,23.51668664456281
70,44,93,119.12748913899648,26.12748913899648
70,45,92,117.06149225417816,25.061492254178162
70,46,91,115.98852498294036,24.988524982940362
70,47,90,112.48077482512727,22.48077482512727
70,48,89,113.91319504336693,24.913195043366926
70,49,88,114.6153161273285,26.615316127328498
70,50,87,113.47339854306384,26.473398543063837
70,51,86,112.13957716847116,26.139577168471163
70,52,85,114.27832652454376,29.278326524543758
70,53,84,109.31935090781988,25.31935090781988
70,54,83,114.1282110923506,31.128211092350597
70,55,82,114.30117522431722,32.30117522431722
70,56,81,112.5605632646118,31.5605632646118
70,57,80,110.19062725717222,30.190627257172224
70,58,79,112.24097492729095,33.24097492729095
70,59,78,113.87299042003278,35.87299042003278
70,60,77,105.289265609935,28.289265609935
70,61,76,108.4910492351501,32.4910492351501
70,62,75,108.65228570217838,33.652285702178375
70,63,74,107.68641263583856,33.686412635838565
70,64,73,108.44335184674264,35.443351846742644
70,65,72,104.96801802160715,32.96801802160715
70,66,71,102.5474358201453,31.547435820145296
70,67,70,104.68799649406708,34.68799649406708
70,68,69,101.65166576941253,32.65166576941253
70,69,68,101.47200254337733,33.47200254337733
70,70,67,98.3792700760504,31.379270076050403
70,71,66,106.0760563009137,40.076056300913706
70,72,65,104.94546209419593,39.94546209419593
70,73,64,97.75498150586786,33.75498150586786
70,74,63,95.76378553219114,32.763785532191136
70,75,62,97.19881389931075,35.19881389931075
70,76,61,92.91144100963939,31.91144100963939
70,77,60,99.64811118678968,39.64811118678968
70,78,59,91.87239529515597,32.87239529515597
70,79,58,95.43267677993879,37.43267677993879
70,80,57,89.95117385125526,32.95117385125526
70,81,56,93.89901936320247,37.89901936320247
70,82,55,83.32686290463293,28.326862904632932
70,83,54,88.29180594599543,34.291805945995435
70,84,53,90.77292552728022,37.77292552728022
70,85,52,96.19564445056363,44.195644450563634
70,86,51,84.40912051140778,33.40912051140778
70,87,50,82.46535977374374,32.46535977374374
70,88,49,81.99564204472725,32.99564204472725
70,89,48,84.41034183150852,36.41034183150852
70,90,47,82.80848423839231,35.80848423839231
70,91,46,87.15195572041901,41.15195572041901
70,92,45,77.6340875771605,32.6340875771605
70,93,44,82.60184625933704,38.60184625933704
70,94,43,82.09089285714286,39.09089285714286
70,95,42,82.07613384210715,40.076133842107154
70,96,41,63.21156001984127,22.211560019841272
70,97,40,68.83070041937233,28.830700419372334
70,98,39,64.98314245650184,25.983142456501838
70,99,38,69.97360119047619,31.973601190476188
70,100,37,65.2048926767677,28.2048926767677
70,101,36,64.14735863095238,28.147358630952382
70,102,35,64.00896081349205,29.008960813492052
70,103,34,53.95171626984129,19.95171626984129
70,104,33,54.868922483766234,21.868922483766234
70,105,32,54.78853422619049,22.788534226190492
70,106,31,58.105446428571426,27.105446428571426
70,107,30,51.02218750000001,21.02218750000001
70,108,29,48.22828124999999,19.228281249999988
70,109,28,45.829741612554095,17.829741612554095
70,110,27,49.87038442460316,22.87038442460316
70,111,26,44.225106646825395,18.225106646825395
70,112,25,36.66964934371183,11.669649343711832
70,113,24,38.61847292313666,14.618472923136657
70,114,23,32.753513431013445,9.753513431013445
70,115,22,31.419685457516337,9.419685457516337
70,116,21,30.056267361111104,9.056267361111104
70,117,20,29.44441964285714,9.444419642857142
70,118,19,32.65796072039519,13.657960720395188
70,119,18,31.731572420634926,13.731572420634926
70,120,17,24.265119047619045,7.265119047619045
70,121,16,23.005424107142858,7.005424107142858
70,122,15,19.915300099206355,4.915300099206355
70,123,14,16.997909226190476,2.997909226190476
70,124,13,14.192247023809518,1.192247023809518
70,125,12,10.579596185064934,-1.4204038149350655
70,126,11,11.45658234126984,0.45658234126984
70,127,10,8.590215773809529,-1.409784226190471
70,128,9,9.089513888888893,0.08951388888889333
70,129,8,6.629337797619048,-1.3706622023809523
70,130,7,5.9443973214285695,-1.0556026785714305
70,131,6,7.762686011904764,1.7626860119047638
70,132,5,4.028595779220781,-0.9714042207792186
70,133,4,1.796787743506492,-2.203212256493508
70,134,3,0.0,-3.0
70,135,2,0.1994775491718439,-1.800522450828156
70,136,1,0.0,-1.0
70,137,0,0.0,0.0
71,1,125,117.78103857958072,-7.2189614204192765
71,2,125,117.49932473383663,-7.50067526616337
71,3,125,118.1391171025892,-6.860882897410804
71,4,125,119.40472417768483,-5.595275822315173
71,5,125,118.90848534555553,-6.091514654444467
71,6,125,118.36851444361666,-6.631485556383339
71,7,125,117.80763295314323,-7.1923670468567735
71,8,125,116.26228447535183,-8.737715524648166
71,9,125,116.5934029185257,-8.406597081474303
71,10,125,118.07547439090033,-6.924525609099675
71,11,125,118.17298390312024,-6.82701609687976
71,12,125,114.73555986503531,-10.264440134964687
71,13,125,115.92080759098067,-9.079192409019328
71,14,125,115.18693669242282,-9.813063307577181
71,15,125,117.40378766897625,-7.59621233102375
71,16,125,116.43311475327259,-8.56688524672741
71,17,125,113.33997410408692,-11.66002589591308
71,18,125,116.34982308298825,-8.650176917011748
71,19,125,115.69313241885706,-9.306867581142939
71,20,125,117.10457367569958,-7.895426324300416
71,21,125,116.8308354768923,-8.169164523107696
71,22,125,118.27416995278134,-6.725830047218665
71,23,125,117.8356056920849,-7.164394307915103
71,24,125,116.54768281214884,-8.452317187851165
71,25,125,117.27285781450466,-7.727142185495339
71,26,125,116.14878487361588,-8.851215126384119
71,27,125,115.74881550948876,-9.251184490511235
71,28,125,118.3988570071746,-6.601142992825402
71,29,125,116.74954723891867,-8.250452761081334
71,30,125,117.2889575282574,-7.711042471742601
71,31,125,115.70304064085448,-9.296959359145518
71,32,125,115.24958744282355,-9.750412557176446
71,33,125,116.75444891199788,-8.245551088002117
71,34,125,117.66212568433613,-7.337874315663868
71,35,125,117.28913864979806,-7.710861350201938
71,36,125,117.9345632872363,-7.065436712763699
71,37,125,116.1142073204433,-8.885792679556701
71,38,125,116.96319510726487,-8.036804892735134
71,39,125,117.95384892350128,-7.046151076498717
71,40,125,116.6354322456735,-8.364567754326501
71,41,125,114.62705383381005,-10.372946166189948
71,42,125,117.37311132497352,-7.626888675026478
71,43,125,114.85009814699185,-10.149901853008146
71,44,125,116.84310108328555,-8.156898916714454
71,45,125,110.70826944530131,-14.291730554698688
71,46,125,115.57230259570947,-9.427697404290527
71,47,125,114.08549128282459,-10.914508717175408
71,48,125,115.02652275231648,-9.973477247683519
71,49,125,114.98707226889914,-10.01292773110086
71,50,125,114.09442616587656,-10.905573834123444
71,51,125,116.03586734661367,-8.96413265338633
71,52,125,115.06699597906041,-9.933004020939592
71,53,125,114.11564905823859,-10.884350941761411
71,54,125,113.25442339153463,-11.74557660846537
71,55,125,115.64941929958061,-9.350580700419385
71,56,125,112.85999961818693,-12.140000381813067
71,57,125,111.40266408305465,-13.597335916945354
71,58,125,112.9259224354704,-12.074077564529603
71,59,125,111.9900796136122,-13.009920386387805
71,60,125,113.03729079923464,-11.96270920076536
71,61,125,113.186564195757,-11.813435804243
71,62,125,113.66915114935566,-11.330848850644344
71,63,125,113.51864271650336,-11.481357283496635
71,64,125,111.54409049557728,-13.45590950442272
71,65,125,111.49242036184258,-13.507579638157424
71,66,125,112.09604674755583,-12.903953252444168
71,67,125,112.02692734180152,-12.973072658198475
71,68,125,113.97528363984584,-11.024716360154159
71,69,125,112.7862703922594,-12.213729607740603
71,70,125,110.2497784652973,-14.750221534702703
71,71,125,110.71201547210876,-14.28798452789124
71,72,125,110.07574005097347,-14.924259949026535
71,73,125,107.74232895706916,-17.257671042930838
71,74,125,109.57576305718972,-15.424236942810282
71,75,125,105.45794584673688,-19.542054153263123
71,76,125,98.72933121359392,-26.270668786406077
71,77,125,97.56566685404255,-27.434333145957453
71,78,125,101.9076517084973,-23.092348291502702
71,79,125,104.01926618158329,-20.98073381841671
71,80,125,102.11909615452251,-22.88090384547749
71,81,125,103.19807766048355,-21.80192233951645
71,82,125,98.5682378623757,-26.431762137624304
71,83,125,96.29586385722703,-28.704136142772967
71,84,124,94.17818467230008,-29.821815327699923
71,85,123,94.3790260436962,-28.6209739563038
71,86,122,101.26205402668135,-20.737945973318645
71,87,121,99.49685535152537,-21.50314464847463
71,88,120,98.80180325797801,-21.19819674202199
71,89,119,100.67514622386341,-18.324853776136592
71,90,118,99.43296154862904,-18.567038451370962
71,91,117,91.58547777958458,-25.41452222041542
71,92,116,96.94037543981729,-19.059624560182712
71,93,115,87.3276629965659,-27.672337003434095
71,94,114,90.92261280461133,-23.077387195388667
71,95,113,90.43377401213368,-22.566225987866318
71,96,112,89.82989475878358,-22.17010524121642
71,97,111,96.68567058593483,-14.31432941406517
71,98,110,91.69859405699701,-18.30140594300299
71,99,109,93.02134196258149,-15.978658037418512
71,100,108,94.00951959318411,-13.990480406815891
71,101,107,93.54989944586744,-13.450100554132561
71,102,106,95.32747936203438,-10.672520637965619
71,103,105,91.20664434099386,-13.793355659006139
71,104,104,91.26123591551573,-12.738764084484274
71,105,103,89.76834189278392,-13.231658107216077
71,106,102,97.53919814346364,-4.460801856536364
71,107,101,86.22324199030301,-14.77675800969699
71,108,100,86.01752634540718,-13.982473654592823
71,109,99,87.40118008177399,-11.598819918226013
71,110,98,89.90418224728849,-8.095817752711511
71,111,97,86.8217421513632,-10.178257848636804
71,112,96,86.54568937233188,-9.454310627668121
71,113,95,88.60159566455565,-6.398404335444354
71,114,94,88.54640643299471,-5.453593567005285
71,115,93,90.38462405504238,-2.61537594495762
71,116,92,89.34009550115984,-2.659904498840163
71,117,91,88.31308424210619,-2.6869157578938143
71,118,90,92.97877201586473,2.9787720158647346
71,119,89,83.8220621244678,-5.177937875532194
71,120,88,90.54946473521235,2.5494647352123536
71,121,87,84.8913762037293,-2.108623796270706
71,122,86,85.51874648696281,-0.48125351303718844
71,123,85,79.14386417352183,-5.856135826478166
71,124,84,77.52631680883351,-6.4736831911664865
71,125,83,80.0365349833613,-2.9634650166386933
71,126,82,75.59694246388611,-6.4030575361138915
71,127,81,72.78096619319379,-8.219033806806209
71,128,80,79.10164791047538,-0.8983520895246215
71,129,79,78.09280692830211,-0.9071930716978898
71,130,78,73.86639433627394,-4.133605663726058
71,131,77,82.48508839015258,5.485088390152583
71,132,76,81.22232982900837,5.222329829008373
71,133,75,69.68580289536052,-5.314197104639476
71,134,74,83.06506740687647,9.065067406876466
71,135,73,71.63074043027152,-1.3692595697284844
71,136,72,74.15358480432192,2.1535848043219232
71,137,71,64.81775558005826,-6.182244419941739
71,138,70,61.39695855880231,-8.60304144119769
71,139,69,58.38835217522717,-10.611647824772831
71,140,68,66.1545261689446,-1.8454738310554006
71,141,67,60.63875496031744,-6.361245039682558
71,142,66,61.57875811688311,-4.421241883116892
71,143,65,52.97874503968254,-12.021254960317457
71,144,64,63.75925791040103,-0.24074208959896737
71,145,63,63.79153818271527,0.7915381827152714
71,146,62,54.09823288690477,-7.901767113095232
71,147,61,54.97783482142857,-6.022165178571427
71,148,60,54.97961670274172,-5.020383297258277
71,149,59,53.13396577380955,-5.86603422619045
71,150,58,54.608721855590055,-3.391278144409945
71,151,57,54.6872483202561,-2.312751679743897
71,152,56,54.86482222862262,-1.1351777713773785
71,153,55,56.676718039590185,1.6767180395901846
71,154,54,53.64259082393213,-0.3574091760678684
71,155,53,43.58445684523811,-9.415543154761892
71,156,52,48.60145207060695,-3.3985479293930467
71,157,51,54.50544149766298,3.5054414976629786
71,158,50,51.08298891912644,1.0829889191264428
71,159,49,50.103780619634065,1.1037806196340654
71,160,48,41.3422748447205,-6.6577251552795005
71,161,47,41.936664186507926,-5.063335813492074
71,162,46,39.800974760059056,-6.199025239940944
71,163,45,38.501703869047624,-6.498296130952376
71,164,44,39.32092261904761,-4.679077380952393
71,165,43,34.32142857142859,-8.67857142857141
71,166,42,36.45028273809524,-5.54971726190476
71,167,41,32.19345716533181,-8.806542834668193
71,168,40,35.774828869047624,-4.225171130952376
71,169,39,36.887738782309114,-2.112261217690886
71,170,38,34.65712053571429,-3.3428794642857085
71,171,37,33.21291666666667,-3.787083333333328
71,172,36,33.24366071428571,-2.75633928571429
71,173,35,32.864801587301585,-2.135198412698415
71,174,34,31.923632530663767,-2.0763674693362333
71,175,33,28.727805059523817,-4.272194940476183
71,176,32,29.49327876984126,-2.506721230158739
71,177,31,27.026867559523808,-3.973132440476192
71,178,30,26.691432855339087,-3.3085671446609126
71,179,29,21.823882623224733,-7.176117376775267
71,180,28,21.75553075396826,-6.244469246031741
71,181,27,23.15551091269841,-3.8444890873015893
71,182,26,21.965357142857147,-4.0346428571428525
71,183,25,16.75253720238095,-8.24746279761905
71,184,24,19.495357142857145,-4.504642857142855
71,185,23,18.5524255952381,-4.447574404761902
71,186,22,20.22142329109062,-1.7785767089093802
71,187,21,17.87489583333333,-3.12510416666667
71,188,20,15.442635848694316,-4.557364151305684
71,189,19,15.108847901002509,-3.891152098997491
71,190,18,16.522797619047616,-1.4772023809523844
71,191,17,10.246676587301588,-6.753323412698412
71,192,16,13.530691964285708,-2.469308035714292
71,193,15,15.039114583333337,0.03911458333333684
71,194,14,11.344045031055906,-2.655954968944094
71,195,13,11.99253472222222,-1.0074652777777793
71,196,12,9.563546626984124,-2.436453373015876
71,197,11,8.90984623015873,-2.0901537698412707
71,198,10,8.264957837301589,-1.7350421626984112
71,199,9,8.126406249999999,-0.8735937500000013
71,200,8,6.945178571428569,-1.0548214285714312
71,201,7,4.744389880952383,-2.255610119047617
71,202,6,4.854246031746033,-1.1457539682539668
71,203,5,1.5250793650793657,-3.4749206349206343
71,204,4,0.23812251984126842,-3.7618774801587316
71,205,3,0.0,-3.0
71,206,2,0.0,-2.0
71,207,1,0.0,-1.0
71,208,0,0.0,0.0
72,1,125,116.45631831758585,-8.543681682414146
72,2,125,115.83426628978808,-9.165733710211924
72,3,125,117.43703846487342,-7.5629615351265755
72,4,125,116.22812605748156,-8.77187394251844
72,5,125,116.64409468462425,-8.35590531537575
72,6,125,116.68692434715118,-8.313075652848823
72,7,125,116.3908101803024,-8.609189819697605
72,8,125,115.79141241235007,-9.20858758764993
72,9,125,112.76183018866004,-12.238169811339958
72,10,125,116.06667879143228,-8.933321208567719
72,11,125,116.8573934518768,-8.142606548123197
72,12,125,116.36858449996654,-8.631415500033455
72,13,125,116.59574048728291,-8.40425951271709
72,14,125,117.32570418843113,-7.674295811568868
72,15,125,118.00537182251101,-6.994628177488991
72,16,125,118.26551875179196,-6.734481248208041
72,17,125,118.59794368328294,-6.402056316717065
72,18,125,117.545955703387,-7.454044296613006
72,19,125,117.34165134844287,-7.658348651557134
72,20,125,118.40705212812728,-6.592947871872724
72,21,125,116.71133040265731,-8.28866959734269
72,22,125,117.02728053967769,-7.97271946032231
72,23,125,117.42318680564162,-7.57681319435838
72,24,125,117.37069175630351,-7.629308243696485
72,25,125,117.50113522509109,-7.49886477490891
72,26,125,116.89867907736797,-8.101320922632027
72,27,125,115.93390931402084,-9.066090685979162
72,28,125,116.99437126713255,-8.00562873286745
72,29,125,116.47952898537301,-8.520471014626992
72,30,125,113.74549483913256,-11.254505160867438
72,31,125,118.38219001066238,-6.617809989337616
72,32,125,115.81602948358625,-9.183970516413751
72,33,125,116.79684949286357,-8.203150507136428
72,34,125,118.37513668237223,-6.624863317627771
72,35,125,117.09166638145243,-7.908333618547573
72,36,125,115.890287473844,-9.109712526156002
72,37,125,116.80571557946237,-8.194284420537628
72,38,125,117.26299504164771,-7.737004958352287
72,39,125,117.88768358473394,-7.112316415266065
72,40,125,117.52248356048263,-7.477516439517373
72,41,125,116.54621373396489,-8.45378626603511
72,42,125,116.6456682150072,-8.354331784992794
72,43,125,117.82928733814126,-7.170712661858744
72,44,125,117.51629338563036,-7.483706614369638
72,45,125,117.15940051163216,-7.840599488367843
72,46,125,116.96884115062589,-8.031158849374108
72,47,125,117.04954510239718,-7.950454897602825
72,48,125,117.1357147066038,-7.864285293396193
72,49,125,117.09894235201378,-7.901057647986221
72,50,125,117.34010751468118,-7.659892485318821
72,51,125,117.79015494573252,-7.2098450542674755
72,52,125,116.70607009005377,-8.293929909946229
72,53,125,115.79508491368131,-9.204915086318692
72,54,125,116.2315159326678,-8.768484067332196
72,55,125,116.7714456479458,-8.228554352054203
72,56,125,116.85547930288479,-8.144520697115212
72,57,125,115.88456821851696,-9.11543178148304
72,58,125,113.379161759152,-11.620838240848002
72,59,125,114.86331695539397,-10.13668304460603
72,60,125,114.85922787141735,-10.140772128582654
72,61,125,114.12931519671083,-10.870684803289166
72,62,125,114.25688279720138,-10.743117202798615
72,63,125,114.91394276220096,-10.08605723779904
72,64,125,113.71266787005409,-11.28733212994591
72,65,125,113.95965174655768,-11.040348253442318
72,66,125,113.09324557303633,-11.906754426963673
72,67,125,111.0861175440283,-13.913882455971702
72,68,125,115.30663587540246,-9.693364124597537
72,69,125,112.52776121216682,-12.472238787833177
72,70,125,112.20664014658814,-12.793359853411857
72,71,125,111.37112464668687,-13.628875353313134
72,72,125,112.03231258427267,-12.967687415727326
72,73,125,108.26909629472948,-16.73090370527052
72,74,125,111.85171338804079,-13.148286611959207
72,75,125,111.2797063031531,-13.720293696846895
72,76,125,111.77750989131471,-13.222490108685292
72,77,125,108.15127057511111,-16.848729424888887
72,78,125,110.24470061736103,-14.755299382638967
72,79,125,103.72484017968695,-21.27515982031305
72,80,125,105.1110386740329,-19.888961325967102
72,81,125,110.81700127567947,-14.182998724320527
72,82,125,103.7751653941521,-21.224834605847903
72,83,125,103.22381869480762,-21.77618130519238
72,84,125,106.07611761231995,-18.923882387680052
72,85,125,109.02211752665421,-15.977882473345787
72,86,125,108.87541083060822,-16.124589169391783
72,87,125,107.18709407925569,-17.812905920744313
72,88,125,104.9197868775778,-20.080213122422194
72,89,124,104.3165810099209,-19.683418990079105
72,90,123,99.8430667939818,-23.156933206018195
72,91,122,102.46310098975566,-19.53689901024434
72,92,121,96.17180161736515,-24.828198382634852
72,93,120,99.02802330163854,-20.97197669836146
72,94,119,95.4278827692623,-23.572117230737703
72,95,118,98.17028299833794,-19.82971700166206
72,96,117,91.15361160234396,-25.846388397656042
72,97,116,90.62859367814661,-25.371406321853385
72,98,115,91.71928480481684,-23.280715195183163
72,99,114,90.29718640715404,-23.702813592845956
72,100,113,92.45204608494663,-20.54795391505337
72,101,112,92.33952493847579,-19.66047506152421
72,102,111,96.40934366587928,-14.590656334120723
72,103,110,95.63340627625249,-14.366593723747513
72,104,109,95.26487643526855,-13.735123564731452
72,105,108,94.74408765226842,-13.25591234773158
72,106,107,93.14740153587614,-13.852598464123858
72,107,106,89.45231391792353,-16.547686082076467
72,108,105,89.70308182476646,-15.296918175233543
72,109,104,90.17782918911817,-13.822170810881829
72,110,103,92.60850982565691,-10.39149017434309
72,111,102,91.86442308805273,-10.135576911947268
72,112,101,87.81367989357805,-13.186320106421945
72,113,100,89.11356051985372,-10.88643948014628
72,114,99,88.91912194877091,-10.080878051229092
72,115,98,93.61916215078813,-4.380837849211872
72,116,97,90.30956874705657,-6.690431252943426
72,117,96,88.75497275494517,-7.245027245054828
72,118,95,98.17973777582276,3.1797377758227583
72,119,94,86.7537008217355,-7.246299178264493
72,120,93,89.58151906938251,-3.4184809306174913
72,121,92,86.77027352518454,-5.229726474815465
72,122,91,82.47661465228337,-8.523385347716626
72,123,90,81.82742354069558,-8.172576459304423
72,124,89,83.07324153014174,-5.926758469858257
72,125,88,83.16033880497517,-4.839661195024831
72,126,87,80.38415684196032,-6.615843158039681
72,127,86,81.35448326841392,-4.645516731586085
72,128,85,79.71225073312806,-5.287749266871941
72,129,84,79.84522903576138,-4.154770964238622
72,130,83,81.52543835468336,-1.4745616453166406
72,131,82,86.57384777615835,4.573847776158345
72,132,81,86.27640532046271,5.276405320462715
72,133,80,86.73899386249718,6.738993862497182
72,134,79,88.53074582766615,9.530745827666152
72,135,78,86.91580858561838,8.915808585618379
72,136,77,88.65389316387697,11.653893163876972
72,137,76,86.58396148893544,10.583961488935444
72,138,75,88.0370166411369,13.037016641136901
72,139,74,85.64195496298291,11.641954962982908
72,140,73,90.78745697766286,17.787456977662856
72,141,72,90.69234254149264,18.692342541492636
72,142,71,86.0311831166537,15.031183116653693
72,143,70,84.52975661389313,14.529756613893127
72,144,69,84.97793204350448,15.977932043504481
72,145,68,85.68170491458196,17.681704914581957
72,146,67,79.5752295452172,12.575229545217198
72,147,66,81.0306175317155,15.030617531715507
72,148,65,79.50599692956672,14.50599692956672
72,149,64,81.26297777800963,17.262977778009628
72,150,63,84.24200885651086,21.242008856510864
72,151,62,77.5251553173994,15.525155317399395
72,152,61,80.52975261436227,19.529752614362266
72,153,60,78.75501082846105,18.755010828461053
72,154,59,79.98010509480387,20.980105094803875
72,155,58,78.22465196607291,20.224651966072912
72,156,57,80.39124369198285,23.39124369198285
72,157,56,83.18791108630953,27.187911086309526
72,158,55,80.84117875996549,25.841178759965487
72,159,54,74.48136496265171,20.48136496265171
72,160,53,76.6763656655844,23.6763656655844
72,161,52,73.69485389610387,21.694853896103865
72,162,51,65.71590029761904,14.715900297619044
72,163,50,69.78681312656641,19.786813126566415
72,164,49,61.686894841269805,12.686894841269805
72,165,48,55.36296914160401,7.362969141604012
72,166,47,60.78378968253966,13.783789682539663
72,167,46,50.408344155844155,4.408344155844155
72,168,45,48.8353025793651,3.8353025793650986
72,169,44,52.8610342261905,8.861034226190498
72,170,43,47.35407309704186,4.354073097041862
72,171,42,56.77201395592018,14.77201395592018
72,172,41,54.848191964285704,13.848191964285704
72,173,40,47.863965773809525,7.863965773809525
72,174,39,46.31579680735931,7.3157968073593125
72,175,38,38.884113240671944,0.8841132406719439
72,176,37,38.25484250645404,1.2548425064540396
72,177,36,25.50712155116388,-10.49287844883612
72,178,35,27.996183035714296,-7.003816964285704
72,179,34,28.04946428571428,-5.950535714285721
72,180,33,27.56443317099567,-5.43556682900433
72,181,32,27.168979978354983,-4.831020021645017
72,182,31,32.37843722314506,1.3784372231450632
72,183,30,33.660957266113506,3.660957266113506
72,184,29,30.171374856760877,1.1713748567608775
72,185,28,29.539379058441554,1.539379058441554
72,186,27,29.1718095619658,2.1718095619658015
72,187,26,24.61767288165266,-1.382327118347341
72,188,25,22.751220914502163,-2.248779085497837
72,189,24,22.212944531979463,-1.7870554680205366
72,190,23,25.299245077838833,2.299245077838833
72,191,22,21.258225957049483,-0.7417740429505173
72,192,21,21.339583794758216,0.3395837947582159
72,193,20,19.29464781746031,-0.7053521825396913
72,194,19,18.222058531746026,-0.7779414682539745
72,195,18,16.32686755952381,-1.6731324404761914
72,196,17,12.408251488095242,-4.591748511904758
72,197,16,10.924317956349203,-5.075682043650797
72,198,15,10.185500992063485,-4.814499007936515
72,199,14,8.069791666666665,-5.930208333333335
72,200,13,6.679565972222225,-6.320434027777775
72,201,12,6.992461444805192,-5.007538555194808
72,202,11,5.328422619047622,-5.671577380952378
72,203,10,3.6788492063492058,-6.321150793650794
72,204,9,2.6125148809523804,-6.38748511904762
72,205,8,3.2566931852869363,-4.743306814713064
72,206,7,3.948430059523808,-3.051569940476192
72,207,6,0.0,-6.0
72,208,5,1.5003918650793668,-3.499608134920633
72,209,4,0.0,-4.0
72,210,3,0.0,-3.0
72,211,2,0.0,-2.0
72,212,1,0.0,-1.0
72,213,0,0.0,0.0
73,1,125,116.4598253506808,-8.540174649319198
73,2,125,114.33757319110005,-10.662426808899951
73,3,125,114.96009894889974,-10.039901051100259
73,4,125,109.14615517040147,-15.853844829598529
73,5,125,112.33715015088369,-12.662849849116313
73,6,125,110.87685515873014,-14.123144841269863
73,7,125,112.45265318627449,-12.547346813725511
73,8,125,112.94988463580553,-12.050115364194468
73,9,125,111.98160937362044,-13.018390626379556
73,10,125,112.76597989207725,-12.234020107922746
73,11,125,113.08497327703019,-11.915026722969813
73,12,125,112.10245385316982,-12.89754614683018
73,13,125,109.01356140010353,-15.986438599896474
73,14,125,111.10681019065507,-13.893189809344932
73,15,125,111.60530898700854,-13.394691012991458
73,16,125,110.78422544879568,-14.21577455120432
73,17,125,113.73486502603426,-11.265134973965743
73,18,125,111.94574820515342,-13.054251794846579
73,19,125,110.0231187387272,-14.976881261272794
73,20,125,112.40408326938106,-12.595916730618939
73,21,125,116.60770971025663,-8.392290289743372
73,22,125,115.50725135114719,-9.49274864885281
73,23,125,117.56521627300171,-7.43478372699829
73,24,125,116.40161847289305,-8.598381527106952
73,25,125,115.29516546476702,-9.704834535232976
73,26,125,116.08078795326279,-8.919212046737215
73,27,125,115.81781402800206,-9.182185971997939
73,28,125,116.65180535217965,-8.34819464782035
73,29,125,117.51462610370102,-7.485373896298981
73,30,125,113.13695720059263,-11.863042799407367
73,31,125,111.27071038602352,-13.729289613976476
73,32,125,116.56560126761948,-8.434398732380515
73,33,125,113.85071156074109,-11.14928843925891
73,34,125,116.22765651780178,-8.772343482198224
73,35,125,115.79170808441117,-9.20829191558883
73,36,125,115.83659908590255,-9.163400914097451
73,37,125,115.33230510281128,-9.667694897188724
73,38,125,113.40888560073661,-11.59111439926339
73,39,125,110.5203838418981,-14.479616158101905
73,40,125,112.12566993374439,-12.87433006625561
73,41,125,110.23414321074722,-14.76585678925278
73,42,125,105.46255018503003,-19.537449814969975
73,43,125,106.0413943681546,-18.9586056318454
73,44,125,109.3811789877773,-15.618821012222696
73,45,125,109.59314580218047,-15.406854197819527
73,46,125,111.23314601987519,-13.766853980124807
73,47,125,105.70029516008685,-19.299704839913147
73,48,125,101.00538297305597,-23.994617026944027
73,49,125,111.62701954970971,-13.372980450290285
73,50,125,108.93115288997396,-16.06884711002604
73,51,125,105.05013658344754,-19.94986341655246
73,52,125,111.68176851543373,-13.318231484566269
73,53,125,108.55455467116974,-16.44544532883026
73,54,125,107.25353495624356,-17.746465043756444
73,55,125,111.31627745143764,-13.683722548562358
73,56,125,108.37909824506713,-16.620901754932873
73,57,125,95.48338013127467,-29.51661986872533
73,58,125,101.7371239177489,-23.262876082251097
73,59,125,97.84924693362196,-27.150753066378044
73,60,125,92.26650297619045,-32.73349702380955
73,61,125,105.34050128945808,-19.659498710541925
73,62,125,99.07903521825396,-25.920964781746036
73,63,125,103.48735105994153,-21.51264894005847
73,64,125,102.36359374999999,-22.636406250000007
73,65,125,92.28791400803495,-32.712085991965054
73,66,125,88.67309657356536,-36.32690342643464
73,67,125,94.71116071428571,-30.28883928571429
73,68,125,99.26145833333332,-25.738541666666677
73,69,125,101.55981668482389,-23.440183315176114
73,70,125,100.66651045738192,-24.333489542618082
73,71,125,103.05732646388131,-21.94267353611869
73,72,125,106.49689751117891,-18.503102488821085
73,73,125,101.02207254813977,-23.977927451860225
73,74,125,93.05161769608314,-31.94838230391686
73,75,125,91.0956584145022,-33.904341585497804
73,76,125,92.91274540517962,-32.08725459482038
73,77,125,89.27965445099493,-35.720345549005074
73,78,125,93.37625526556778,-31.623744734432222
73,79,125,94.64323321324143,-30.35676678675857
73,80,125,90.91405231829575,-34.085947681704255
73,81,125,95.01575596187439,-29.98424403812561
73,82,125,87.56325464466093,-37.43674535533907
73,83,125,93.33958387826638,-31.66041612173362
73,84,125,92.04186441395667,-32.958135586043326
73,85,125,80.78417410714283,-44.21582589285717
73,86,125,88.88324123203147,-36.116758767968534
73,87,125,78.79487599206347,-46.20512400793653
73,88,125,78.11370107323232,-46.88629892676768
73,89,124,74.81095225351336,-49.18904774648664
73,90,123,78.48159336419752,-44.51840663580248
73,91,122,78.58986607142857,-43.410133928571426
73,92,121,71.79648561507938,-49.203514384920624
73,93,120,80.66070932539682,-39.33929067460318
73,94,119,72.65114335317462,-46.34885664682538
73,95,118,71.28199900793649,-46.71800099206351
73,96,117,69.66151741946781,-47.33848258053219
73,97,116,69.4449704635642,-46.555029536435796
73,98,115,70.82574404761907,-44.17425595238093
73,99,114,65.5949255952381,-48.405074404761905
73,100,113,58.91749503968256,-54.08250496031744
73,101,112,58.15328869047619,-53.84671130952381
73,102,111,63.18485863095239,-47.81514136904761
73,103,110,53.926075407435725,-56.073924592564275
73,104,109,58.79233035714286,-50.20766964285714
73,105,108,62.85511805555552,-45.14488194444448
73,106,107,59.20392790140781,-47.79607209859219
73,107,106,60.03503889614788,-45.96496110385212
73,108,105,72.22644149436091,-32.77355850563909
73,109,104,69.4362741598679,-34.56372584013209
73,110,103,67.59519301470587,-35.40480698529413
73,111,102,69.76739767669456,-32.23260232330544
73,112,101,68.42977408008657,-32.570225919913426
73,113,100,71.53438472985349,-28.465615270146515
73,114,99,66.17755475427349,-32.82244524572651
73,115,98,64.41126507173384,-33.58873492826616
73,116,97,66.57411165223665,-30.425888347763347
73,117,96,63.561476596320375,-32.438523403679625
73,118,95,64.61237514655484,-30.38762485344516
73,119,94,50.17680555555553,-43.82319444444447
73,120,93,50.76295136427192,-42.23704863572808
73,121,92,46.01197036610343,-45.98802963389657
73,122,91,46.85821428571427,-44.14178571428573
73,123,90,35.917209821428564,-54.082790178571436
73,124,89,43.0602554563492,-45.9397445436508
73,125,88,51.16822916666668,-36.83177083333332
73,126,87,47.881185515873014,-39.118814484126986
73,127,86,46.526875,-39.473125
73,128,85,52.8567398313492,-32.1432601686508
73,129,84,44.91231150793651,-39.08768849206349
73,130,83,52.93594832251083,-30.064051677489168
73,131,82,51.41960565476192,-30.580394345238084
73,132,81,45.04813013987647,-35.95186986012353
73,133,80,46.54293592436977,-33.45706407563023
73,134,79,48.210366071428574,-30.789633928571426
73,135,78,46.25778273809525,-31.74221726190475
73,136,77,49.10060538419913,-27.899394615800873
73,137,76,40.98390624999999,-35.01609375000001
73,138,75,47.239694940476184,-27.760305059523816
73,139,74,42.82278273809522,-31.17721726190478
73,140,73,38.029283910533906,-34.970716089466094
73,141,72,43.74227430555557,-28.25772569444443
73,142,71,43.89201636904763,-27.10798363095237
73,143,70,40.915802374110555,-29.084197625889445
73,144,69,35.9294365530303,-33.0705634469697
73,145,68,34.63104166666667,-33.36895833333333
73,146,67,39.731121031746035,-27.268878968253965
73,147,66,38.357916666666654,-27.642083333333346
73,148,65,38.63901041666667,-26.36098958333333
73,149,64,40.393080357142864,-23.606919642857136
73,150,63,44.54312500000002,-18.456874999999982
73,151,62,44.95147321428574,-17.04852678571426
73,152,61,40.420107929666095,-20.579892070333905
73,153,60,34.64571047770287,-25.35428952229713
73,154,59,35.91839781746031,-23.08160218253969
73,155,58,32.36093711843712,-25.63906288156288
73,156,57,28.711443452380948,-28.288556547619052
73,157,56,29.621074054621843,-26.378925945378157
73,158,55,31.25041666666666,-23.74958333333334
73,159,54,29.60848214285714,-24.39151785714286
73,160,53,26.035280257936517,-26.964719742063483
73,161,52,23.271386408730166,-28.728613591269834
73,162,51,23.721502976190475,-27.278497023809525
73,163,50,26.65275545634921,-23.34724454365079
73,164,49,26.391136047367656,-22.608863952632344
73,165,48,28.6583134920635,-19.3416865079365
73,166,47,28.396553342490847,-18.603446657509153
73,167,46,26.974129464285717,-19.025870535714283
73,168,45,21.888053075396822,-23.111946924603178
73,169,44,26.112100243506497,-17.887899756493503
73,170,43,22.993385867604616,-20.006614132395384
73,171,42,22.60941285505431,-19.39058714494569
73,172,41,21.634734241452993,-19.365265758547007
73,173,40,21.931069520757006,-18.068930479242994
73,174,39,16.117867063492053,-22.882132936507947
73,175,38,14.92715716575092,-23.07284283424908
73,176,37,18.509305555555564,-18.490694444444436
73,177,36,15.624061927655681,-20.37593807234432
73,178,35,13.3247619047619,-21.6752380952381
73,179,34,12.84281364468865,-21.15718635531135
73,180,33,12.765399429002372,-20.234600570997628
73,181,32,11.156886160714286,-20.843113839285714
73,182,31,14.321986607142854,-16.678013392857146
73,183,30,14.00587797619048,-15.99412202380952
73,184,29,15.28539682539683,-13.71460317460317
73,185,28,16.172864583333332,-11.827135416666668
73,186,27,16.478672213203467,-10.521327786796533
73,187,26,10.69612599206349,-15.30387400793651
73,188,25,10.018861607142862,-14.981138392857138
73,189,24,10.366349206349213,-13.633650793650787
73,190,23,10.297284226190476,-12.702715773809524
73,191,22,9.848575244200239,-12.151424755799761
73,192,21,9.69201007326007,-11.30798992673993
73,193,20,8.678286210317458,-11.321713789682542
73,194,19,7.615151289682547,-11.384848710317453
73,195,18,6.049508928571429,-11.950491071428571
73,196,17,2.740799365942027,-14.259200634057972
73,197,16,1.8344097222222207,-14.16559027777778
73,198,15,1.9752356150793657,-13.024764384920633
73,199,14,3.126183035714286,-10.873816964285714
73,200,13,0.0,-13.0
73,201,12,0.5543080357142873,-11.445691964285713
73,202,11,0.0,-11.0
73,203,10,0.0,-10.0
73,204,9,0.0,-9.0
73,205,8,0.0,-8.0
73,206,7,0.0,-7.0
73,207,6,0.0,-6.0
73,208,5,0.0,-5.0
73,209,4,0.0,-4.0
73,210,3,0.0,-3.0
73,211,2,0.0,-2.0
73,212,1,0.0,-1.0
73,213,0,0.0,0.0
74,1,125,118.87847966663526,-6.121520333364742
74,2,125,114.35898646485404,-10.641013535145959
74,3,125,118.05334153247307,-6.94665846752693
74,4,125,117.65762823031005,-7.342371769689947
74,5,125,116.6265966138294,-8.373403386170594
74,6,125,114.6733867454549,-10.326613254545094
74,7,125,114.7431550982293,-10.256844901770705
74,8,125,116.15473245696315,-8.845267543036854
74,9,125,108.23232576629023,-16.76767423370977
74,10,125,116.11731354068404,-8.882686459315963
74,11,125,116.51702120209734,-8.48297879790266
74,12,125,116.37593448323155,-8.624065516768454
74,13,125,113.24540427621187,-11.754595723788128
74,14,125,114.65313918255438,-10.346860817445616
74,15,125,113.30235300606535,-11.697646993934654
74,16,125,112.73415112411112,-12.265848875888878
74,17,125,113.71765166907805,-11.282348330921948
74,18,125,115.83893716541063,-9.161062834589373
74,19,125,117.4958708681356,-7.504129131864403
74,20,125,117.71566336811452,-7.2843366318854805
74,21,125,116.57768122694502,-8.422318773054982
74,22,125,118.59029488815388,-6.409705111846122
74,23,125,119.16268057376439,-5.837319426235609
74,24,125,117.80607717224393,-7.193922827756069
74,25,125,118.10857091235448,-6.89142908764552
74,26,125,114.05680406873766,-10.943195931262338
74,27,125,117.10270925198749,-7.897290748012509
74,28,125,117.90402139817154,-7.095978601828463
74,29,125,116.91249515185984,-8.087504848140156
74,30,125,115.47309876748871,-9.526901232511293
74,31,125,109.86444041247371,-15.135559587526288
74,32,125,116.02679529080402,-8.973204709195983
74,33,125,115.1871270920063,-9.812872907993693
74,34,125,113.21352914629517,-11.786470853704827
74,35,125,112.60307488898941,-12.396925111010589
74,36,125,113.3952605060999,-11.604739493900098
74,37,125,111.62503031406303,-13.374969685936975
74,38,125,113.05303182798005,-11.94696817201995
74,39,125,115.39277478450201,-9.60722521549799
74,40,125,115.83683995407007,-9.163160045929928
74,41,125,112.83995285694478,-12.160047143055223
74,42,124,114.07042201121862,-9.929577988781375
74,43,123,114.26121013421388,-8.738789865786117
74,44,122,112.81486412172721,-9.185135878272789
74,45,121,116.9847953576398,-4.015204642360203
74,46,120,115.78143783337916,-4.218562166620842
74,47,119,114.51007378262602,-4.489926217373977
74,48,118,114.85906953746773,-3.1409304625322676
74,49,117,114.35473299954671,-2.6452670004532877
74,50,116,109.08122896721345,-6.918771032786552
74,51,115,110.18059170628503,-4.819408293714972
74,52,114,111.07436771907086,-2.925632280929136
74,53,113,111.06228986155932,-1.9377101384406785
74,54,112,108.92254661418163,-3.077453385818373
74,55,111,110.30735832497353,-0.692641675026465
74,56,110,107.32774055634613,-2.6722594436538714
74,57,109,101.83755694653148,-7.162443053468522
74,58,108,106.8781689406751,-1.1218310593249043
74,59,107,106.5034921691336,-0.49650783086640615
74,60,106,106.68266683291242,0.6826668329124175
74,61,105,107.06708412372741,2.067084123727412
74,62,104,110.37071922589273,6.370719225892728
74,63,103,111.22642347542708,8.226423475427083
74,64,102,110.76538830385178,8.765388303851779
74,65,101,105.5165644852749,4.516564485274898
74,66,100,102.83410610223112,2.834106102231118
74,67,99,103.27549706652114,4.27549706652114
74,68,98,107.70456524233332,9.704565242333317
74,69,97,106.38942362248338,9.389423622483378
74,70,96,107.46680648477991,11.466806484779909
74,71,95,102.68655524210912,7.686555242109122
74,72,94,103.48762520121075,9.487625201210747
74,73,93,105.668270970499,12.668270970498995
74,74,92,105.43914493191139,13.439144931911386
74,75,91,103.22397569512331,12.223975695123315
74,76,90,103.33255942905768,13.332559429057682
74,77,89,105.19687386025916,16.19687386025916
74,78,88,100.80412143903884,12.804121439038838
74,79,87,97.45162551752712,10.45162551752712
74,80,86,98.49701685734587,12.49701685734587
74,81,85,92.01704420896192,7.01704420896192
74,82,84,88.11371157801065,4.113711578010651
74,83,83,89.78355784738139,6.783557847381388
74,84,82,93.22442170048427,11.224421700484271
74,85,81,87.39233942589632,6.392339425896324
74,86,80,93.0519969162157,13.0519969162157
74,87,79,88.71766163793102,9.717661637931016
74,88,78,96.27341290282514,18.273412902825143
74,89,77,88.99653447581346,11.996534475813462
74,90,76,90.65521163181909,14.655211631819085
74,91,75,92.0559339387706,17.055933938770593
74,92,74,102.89397799829035,28.893977998290353
74,93,73,90.8446632819491,17.844663281949096
74,94,72,95.16689440318248,23.166894403182482
74,95,71,85.97049884628275,14.970498846282752
74,96,70,92.34311406015523,22.34311406015523
74,97,69,92.24525240161492,23.24525240161492
74,98,68,87.64724088051412,19.64724088051412
74,99,67,85.54110343191739,18.541103431917392
74,100,66,97.34458416895137,31.34458416895137
74,101,65,96.88282331741351,31.88282331741351
74,102,64,86.73024314755283,22.730243147552827
74,103,63,90.88918055424305,27.889180554243055
74,104,62,89.76948688567543,27.769486885675434
74,105,61,88.90576859498972,27.905768594989723
74,106,60,83.70867973648154,23.708679736481542
74,107,59,96.92192637854912,37.92192637854912
74,108,58,92.5252071681949,34.525207168194896
74,109,57,72.35987193362192,15.359871933621918
74,110,56,89.66559189645639,33.66559189645639
74,111,55,85.9941384906233,30.9941384906233
74,112,54,91.03118063386958,37.03118063386958
74,113,53,86.01318492502271,33.01318492502271
74,114,52,85.48708123279829,33.48708123279829
74,115,51,78.67248987223296,27.67248987223296
74,116,50,96.23342717344751,46.23342717344751
74,117,49,74.40384486722036,25.403844867220357
74,118,48,90.66114680319895,42.661146803198946
74,119,47,74.75193549173125,27.751935491731246
74,120,46,85.1630127876059,39.16301278760589
74,121,45,77.55121348591643,32.551213485916435
74,122,44,89.4696258906876,45.469625890687595
74,123,43,87.66369210841009,44.66369210841009
74,124,42,79.50569824949346,37.50569824949346
74,125,41,77.46219483660369,36.462194836603686
74,126,40,87.02873993378499,47.02873993378499
74,127,39,82.49765061363091,43.49765061363091
74,128,38,77.53506572821956,39.535065728219564
74,129,37,90.86275656750098,53.86275656750098
74,130,36,73.33503307440633,37.335033074406326
74,131,35,70.72391420589511,35.72391420589511
74,132,34,61.87945560515875,27.879455605158753
74,133,33,60.53890119429181,27.53890119429181
74,134,32,63.240569609788366,31.240569609788366
74,135,31,65.21159899517392,34.211598995173915
74,136,30,65.42077775234026,35.42077775234026
74,137,29,66.45179808642541,37.45179808642541
74,138,28,66.03282326911025,38.03282326911025
74,139,27,60.87266369047617,33.87266369047617
74,140,26,56.43989748677247,30.439897486772473
74,141,25,47.87769429000256,22.87769429000256
74,142,24,48.59419146825396,24.59419146825396
74,143,23,43.20119543650792,20.201195436507923
74,144,22,44.10871831905841,22.10871831905841
74,145,21,44.928110119047616,23.928110119047616
74,146,20,38.755761408730166,18.755761408730166
74,147,19,38.60323412698413,19.603234126984127
74,148,18,34.12491071428572,16.12491071428572
74,149,17,32.70024114774115,15.700241147741153
74,150,16,24.51776537698413,8.51776537698413
74,151,15,24.554600694444446,9.554600694444446
74,152,14,24.664233630952378,10.664233630952378
74,153,13,20.372038690476195,7.372038690476195
74,154,12,20.86053323412698,8.86053323412698
74,155,11,17.54186507936508,6.541865079365081
74,156,10,13.607529761904772,3.6075297619047717
74,157,9,12.548273809523813,3.5482738095238133
74,158,8,8.72746279761905,0.7274627976190509
74,159,7,7.2123139880952305,0.2123139880952305
74,160,6,3.9965327380952367,-2.0034672619047633
74,161,5,2.931143090885877,-2.068856909114123
74,162,4,1.6198437499999994,-2.3801562500000006
74,163,3,1.302485119047617,-1.697514880952383
74,164,2,0.0,-2.0
74,165,1,0.0,-1.0
74,166,0,0.0,0.0
75,1,125,113.8826715848129,-11.117328415187103
75,2,125,115.50812254164751,-9.49187745835249
75,3,125,116.17073274531995,-8.829267254680047
75,4,125,118.00086056460358,-6.999139435396415
75,5,125,117.57683648477435,-7.423163515225653
75,6,125,118.98475158822342,-6.015248411776582
75,7,125,117.46406780030713,-7.535932199692866
75,8,125,118.54899229277756,-6.451007707222445
75,9,125,118.17990055338339,-6.820099446616609
75,10,125,116.4548429265845,-8.545157073415496
75,11,125,118.39092859638409,-6.609071403615914
75,12,125,117.33751120120728,-7.662488798792722
75,13,125,116.12380721519324,-8.876192784806761
75,14,125,115.66705140552877,-9.332948594471233
75,15,125,116.66014479354708,-8.339855206452924
75,16,125,114.27646813132012,-10.723531868679885
75,17,125,115.48965348409013,-9.510346515909873
75,18,125,118.09042729907075,-6.909572700929246
75,19,125,114.48808513218485,-10.51191486781515
75,20,125,116.36442766992772,-8.635572330072279
75,21,125,113.39762518813075,-11.602374811869254
75,22,125,116.66183164633796,-8.338168353662041
75,23,125,116.18938492539591,-8.810615074604087
75,24,125,118.99412756784257,-6.005872432157432
75,25,125,116.48072722288373,-8.51927277711627
75,26,125,117.8361012225901,-7.163898777409898
75,27,125,117.35067060828105,-7.64932939171895
75,28,125,117.89896659935471,-7.101033400645292
75,29,125,118.0058075426421,-6.994192457357897
75,30,125,114.51708223068218,-10.482917769317822
75,31,125,115.91309753567566,-9.08690246432434
75,32,125,115.79670136429198,-9.203298635708023
75,33,125,113.05909865501204,-11.940901344987964
75,34,125,114.52836394709027,-10.47163605290973
75,35,125,113.70621328837197,-11.29378671162803
75,36,125,112.78448087345585,-12.215519126544152
75,37,125,115.14201927734825,-9.857980722651746
75,38,125,115.07524283352993,-9.924757166470073
75,39,125,115.88852684826279,-9.111473151737215
75,40,125,116.64936747307615,-8.350632526923846
75,41,125,117.63208430729121,-7.367915692708792
75,42,125,116.90874638088397,-8.091253619116031
75,43,125,115.45459557891061,-9.545404421089387
75,44,125,114.61470046418894,-10.385299535811058
75,45,125,112.62656226151724,-12.373437738482764
75,46,125,110.40889262521243,-14.591107374787569
75,47,125,113.04832921925603,-11.951670780743967
75,48,125,112.70592127681769,-12.29407872318231
75,49,125,113.30026638594252,-11.699733614057479
75,50,125,111.70440885243102,-13.295591147568985
75,51,125,113.51061157538757,-11.489388424612429
75,52,125,115.93094532649278,-9.069054673507225
75,53,125,113.7961674211884,-11.2038325788116
75,54,125,111.3085091286624,-13.691490871337606
75,55,125,112.81907016926066,-12.180929830739345
75,56,125,113.61228176162565,-11.387718238374347
75,57,125,112.51748500852584,-12.482514991474162
75,58,125,110.7079734488758,-14.292026551124195
75,59,125,113.75633287623319,-11.243667123766812
75,60,125,112.30073930487981,-12.699260695120188
75,61,125,114.42441219538985,-10.575587804610151
75,62,125,111.76794400792592,-13.23205599207408
75,63,125,107.54092147923382,-17.459078520766184
75,64,125,113.08103190886655,-11.91896809113345
75,65,125,108.23893463162592,-16.761065368374076
75,66,125,110.05682773220617,-14.943172267793827
75,67,125,109.5319828212786,-15.468017178721396
75,68,125,106.03870294336825,-18.96129705663175
75,69,125,107.9548299879636,-17.045170012036394
75,70,125,110.68301803650554,-14.316981963494456
75,71,125,109.4915186850291,-15.508481314970894
75,72,125,107.25085852388963,-17.749141476110367
75,73,125,106.83328476767088,-18.166715232329125
75,74,125,106.55651074206631,-18.44348925793369
75,75,125,110.6226479253725,-14.377352074627495
75,76,125,108.62537438469485,-16.37462561530515
75,77,125,103.60028557225806,-21.39971442774194
75,78,125,102.53439738608884,-22.46560261391116
75,79,125,100.29401614821207,-24.705983851787934
75,80,125,100.77588473301327,-24.22411526698673
75,81,125,96.98149666725456,-28.01850333274544
75,82,125,98.53546665824437,-26.464533341755626
75,83,125,96.33025051105459,-28.669749488945413
75,84,125,94.50672155132534,-30.49327844867466
75,85,125,98.130190880308,-26.869809119691993
75,86,125,96.31529725179186,-28.68470274820814
75,87,125,99.52091355709805,-25.479086442901945
75,88,125,98.42556227636592,-26.574437723634077
75,89,125,95.3549655566633,-29.645034443336698
75,90,125,95.5883104542174,-29.411689545782593
75,91,125,92.25273352379024,-32.74726647620976
75,92,125,93.86430747775148,-31.13569252224852
75,93,125,92.11383459662295,-32.88616540337705
75,94,125,97.10987088055899,-27.890129119441013
75,95,125,98.18531902547582,-26.81468097452418
75,96,125,94.12257894792471,-30.87742105207529
75,97,125,94.63772901639474,-30.362270983605256
75,98,125,93.1007380066858,-31.899261993314198
75,99,125,94.98513213592605,-30.01486786407395
75,100,125,92.76038222368848,-32.23961777631152
75,101,125,95.22961618942682,-29.77038381057318
75,102,125,90.25985478152947,-34.74014521847053
75,103,125,92.12127123487774,-32.87872876512226
75,104,125,88.97629228229411,-36.02370771770589
75,105,124,85.37797581549901,-38.62202418450099
75,106,123,84.35082885275861,-38.64917114724139
75,107,122,88.59443733454188,-33.40556266545812
75,108,121,83.28658894777615,-37.71341105222385
75,109,120,93.14399023076777,-26.85600976923223
75,110,119,88.83706513775547,-30.162934862244526
75,111,118,84.30941001722366,-33.690589982776345
75,112,117,93.71357985836728,-23.286420141632718
75,113,116,90.81820087075525,-25.18179912924475
75,114,115,80.7650755494505,-34.2349244505495
75,115,114,83.0246673976608,-30.975332602339193
75,116,113,79.45790877433969,-33.542091225660315
75,117,112,87.0451526707941,-24.954847329205904
75,118,111,87.31539451537067,-23.68460548462933
75,119,110,88.35550209080853,-21.64449790919147
75,120,109,93.28079727133441,-15.719202728665593
75,121,108,91.40286262751695,-16.597137372483047
75,122,107,88.8455742111201,-18.154425788879905
75,123,106,89.66667949095972,-16.333320509040277
75,124,105,88.63936311879384,-16.36063688120616
75,125,104,90.98685319624984,-13.01314680375016
75,126,103,91.14936192692093,-11.850638073079068
75,127,102,89.77958524787172,-12.220414752128278
75,128,101,86.4067088427578,-14.593291157242206
75,129,100,93.37781792613605,-6.622182073863954
75,130,99,75.6024421375408,-23.397557862459195
75,131,98,70.01383928571428,-27.986160714285717
75,132,97,73.63885491320272,-23.36114508679728
75,133,96,77.4223239087302,-18.577676091269794
75,134,95,71.34395607864359,-23.656043921356414
75,135,94,69.02067325036072,-24.979326749639284
75,136,93,70.26440131124915,-22.735598688750855
75,137,92,73.04869965179748,-18.951300348202523
75,138,91,65.91282324202302,-25.087176757976977
75,139,90,69.93448660714286,-20.06551339285714
75,140,89,63.05483630952379,-25.945163690476207
75,141,88,58.00254193722943,-29.99745806277057
75,142,87,58.14112824675327,-28.85887175324673
75,143,86,61.69286928258143,-24.307130717418573
75,144,85,65.80627480158729,-19.193725198412707
75,145,84,65.4837425595238,-18.516257440476195
75,146,83,72.7200545634921,-10.279945436507901
75,147,82,64.81592653508771,-17.184073464912288
75,148,81,67.03464533730155,-13.965354662698445
75,149,80,63.75258184523808,-16.247418154761917
75,150,79,65.78223214285711,-13.217767857142888
75,151,78,70.39414231601731,-7.605857683982691
75,152,77,60.50764804639806,-16.49235195360194
75,153,76,63.49435866838873,-12.505641331611272
75,154,75,64.9731390402361,-10.026860959763894
75,155,74,54.326643849206334,-19.673356150793666
75,156,73,52.82620287698414,-20.17379712301586
75,157,72,55.42533098606377,-16.57466901393623
75,158,71,52.197383432539674,-18.802616567460326
75,159,70,55.68952960855968,-14.310470391440319
75,160,69,59.02187728937729,-9.978122710622713
75,161,68,53.62020913736421,-14.379790862635787
75,162,67,55.2338493416306,-11.766150658369398
75,163,66,54.98074023199024,-11.01925976800976
75,164,65,41.734926739926735,-23.265073260073265
75,165,64,47.422026289682535,-16.577973710317465
75,166,63,59.19720238095239,-3.8027976190476096
75,167,62,42.94357142857144,-19.05642857142856
75,168,61,39.86669394841269,-21.13330605158731
75,169,60,49.52813988095236,-10.47186011904764
75,170,59,48.519449404761914,-10.480550595238086
75,171,58,40.81051212393872,-17.18948787606128
75,172,57,34.91496212121213,-22.085037878787873
75,173,56,40.10590211530257,-15.89409788469743
75,174,55,40.65383273898896,-14.34616726101104
75,175,54,33.71488365800866,-20.28511634199134
75,176,53,36.76011955083966,-16.23988044916034
75,177,52,34.57369585381446,-17.426304146185537
75,178,51,33.67480858557894,-17.325191414421063
75,179,50,30.303970578033066,-19.696029421966934
75,180,49,26.36565476190477,-22.63434523809523
75,181,48,24.697498706004144,-23.302501293995856
75,182,47,22.72413555194804,-24.27586444805196
75,183,46,23.444300595238094,-22.555699404761906
75,184,45,23.361348886328727,-21.638651113671273
75,185,44,23.334172474436485,-20.665827525563515
75,186,43,25.95649125180376,-17.04350874819624
75,187,42,29.256324179292932,-12.743675820707068
75,188,41,31.501116747835496,-9.498883252164504
75,189,40,28.38327502076413,-11.616724979235869
75,190,39,26.783995535714286,-12.216004464285714
75,191,38,24.335947100614412,-13.664052899385588
75,192,37,23.805625,-13.194375
75,193,36,23.006552579365092,-12.993447420634908
75,194,35,23.621730830773156,-11.378269169226844
75,195,34,21.185098886328717,-12.814901113671283
75,196,33,22.745693277310927,-10.254306722689073
75,197,32,19.086738591269846,-12.913261408730154
75,198,31,19.345525793650786,-11.654474206349214
75,199,30,19.909055059523816,-10.090944940476184
75,200,29,19.04863591269842,-9.951364087301581
75,201,28,17.57918154761905,-10.42081845238095
75,202,27,17.50829861111111,-9.491701388888892
75,203,26,15.367559523809522,-10.632440476190478
75,204,25,10.712321428571425,-14.287678571428575
75,205,24,10.331912348272644,-13.668087651727356
75,206,23,11.33482886904762,-11.66517113095238
75,207,22,10.144764530812333,-11.855235469187667
75,208,21,9.17411458333334,-11.82588541666666
75,209,20,8.466056547619047,-11.533943452380953
75,210,19,7.575741341991346,-11.424258658008654
75,211,18,4.652172619047619,-13.347827380952381
75,212,17,4.139263392857142,-12.860736607142858
75,213,16,3.5244196428571435,-12.475580357142857
75,214,15,2.522068452380954,-12.477931547619047
75,215,14,1.9310317460317448,-12.068968253968254
75,216,13,3.5721304563492033,-9.427869543650797
75,217,12,5.1340922619047635,-6.8659077380952365
75,218,11,5.3056473214285695,-5.6943526785714305
75,219,10,3.885560515873017,-6.114439484126983
75,220,9,2.2436160714285744,-6.756383928571426
75,221,8,1.6878869047619052,-6.312113095238095
75,222,7,0.0,-7.0
75,223,6,0.0,-6.0
75,224,5,0.0,-5.0
75,225,4,0.0,-4.0
75,226,3,0.0,-3.0
75,227,2,0.0,-2.0
75,228,1,0.0,-1.0
75,229,0,0.0,0.0
76,1,125,115.5024600521291,-9.497539947870905
76,2,125,108.43204121227475,-16.567958787725246
76,3,125,114.14827870247026,-10.851721297529735
76,4,125,114.33648679048989,-10.663513209510114
76,5,125,117.07114554270527,-7.928854457294733
76,6,125,117.00678777859795,-7.993212221402047
76,7,125,116.8639310386188,-8.136068961381199
76,8,125,117.57032230617703,-7.429677693822967
76,9,125,116.59847583081584,-8.401524169184157
76,10,125,114.59762682459959,-10.402373175400413
76,11,125,114.79035601637808,-10.209643983621916
76,12,125,117.55202613883004,-7.447973861169956
76,13,125,118.28759898810236,-6.71240101189764
76,14,125,116.64100054519054,-8.358999454809464
76,15,125,116.8046569348224,-8.195343065177596
76,16,125,116.67439080234858,-8.325609197651417
76,17,125,115.92184225313933,-9.078157746860668
76,18,125,115.66997741105494,-9.330022588945056
76,19,125,112.41462293816343,-12.585377061836567
76,20,125,109.9208494820278,-15.079150517972195
76,21,125,115.11688448856862,-9.883115511431384
76,22,125,115.26665118443364,-9.733348815566359
76,23,125,111.00239669854155,-13.997603301458454
76,24,125,111.79590041855474,-13.204099581445263
76,25,125,111.43559267165037,-13.564407328349631
76,26,125,112.62696836297057,-12.373031637029428
76,27,125,112.06858762273889,-12.931412377261111
76,28,125,111.30475216893451,-13.695247831065487
76,29,125,116.19490228589389,-8.805097714106111
76,30,125,112.2281878843738,-12.771812115626204
76,31,125,108.59908597280533,-16.400914027194673
76,32,125,112.04262705971726,-12.957372940282738
76,33,125,114.53629483410748,-10.46370516589252
76,34,125,116.23806467209897,-8.761935327901028
76,35,125,117.46489999203098,-7.535100007969021
76,36,125,116.89540492657939,-8.104595073420612
76,37,125,117.17679271565218,-7.823207284347816
76,38,125,117.04639411991135,-7.953605880088645
76,39,125,117.87395210141737,-7.126047898582627
76,40,125,116.08295699027994,-8.91704300972006
76,41,125,117.70629531926997,-7.2937046807300305
76,42,125,117.7634775504865,-7.236522449513501
76,43,125,113.3900162100949,-11.609983789905101
76,44,125,117.02190150594622,-7.978098494053782
76,45,125,113.09751339852616,-11.90248660147384
76,46,125,114.74797756592247,-10.252022434077531
76,47,125,113.95101768887761,-11.048982311122387
76,48,125,115.04614098787015,-9.953859012129854
76,49,125,115.6704624001375,-9.329537599862505
76,50,125,113.91695260346805,-11.083047396531953
76,51,125,114.57988361709127,-10.42011638290873
76,52,125,111.88275605895197,-13.11724394104803
76,53,125,113.74462696662188,-11.25537303337812
76,54,125,109.25216786739588,-15.747832132604117
76,55,125,111.45391813193753,-13.546081868062473
76,56,125,109.52912828794415,-15.470871712055853
76,57,125,112.23564057310026,-12.764359426899745
76,58,125,110.7442407056838,-14.255759294316206
76,59,125,104.27452279611359,-20.725477203886413
76,60,125,106.93826456487275,-18.061735435127247
76,61,125,111.00676217268847,-13.993237827311532
76,62,125,105.00297509204184,-19.997024907958163
76,63,125,106.67380268692655,-18.32619731307345
76,64,125,110.85159341334004,-14.14840658665996
76,65,125,108.19428451546136,-16.805715484538638
76,66,125,109.21541889682801,-15.784581103171988
76,67,125,106.91058147562428,-18.089418524375716
76,68,125,108.89450225580417,-16.10549774419583
76,69,125,103.63116043845818,-21.36883956154182
76,70,125,108.28705073560874,-16.712949264391256
76,71,125,105.92362413865058,-19.07637586134942
76,72,125,106.61683624090242,-18.383163759097584
76,73,125,107.71467919000193,-17.28532080999807
76,74,125,102.73489022710433,-22.26510977289567
76,75,125,103.34795988342626,-21.652040116573744
76,76,125,103.86940306805896,-21.130596931941042
76,77,125,109.42596257162877,-15.574037428371227
76,78,125,103.62785386434086,-21.372146135659136
76,79,125,101.61987994078982,-23.380120059210185
76,80,125,103.46217394742015,-21.537826052579845
76,81,125,98.95672650889239,-26.043273491107612
76,82,125,104.31177328238023,-20.68822671761977
76,83,125,101.41829761112976,-23.58170238887024
76,84,125,102.35757045384491,-22.642429546155086
76,85,125,96.11618448091842,-28.88381551908158
76,86,124,97.90574119436306,-26.09425880563694
76,87,123,98.79691011041163,-24.20308988958837
76,88,122,98.41272404591382,-23.58727595408618
76,89,121,96.45754168558061,-24.54245831441939
76,90,120,96.62078798912978,-23.37921201087022
76,91,119,95.02455783781805,-23.97544216218195
76,92,118,97.8905940746452,-20.109405925354807
76,93,117,95.70402055997025,-21.295979440029754
76,94,116,96.92119127335955,-19.078808726640446
76,95,115,92.61073003399846,-22.389269966001535
76,96,114,89.57828013444728,-24.421719865552717
76,97,113,85.41053254737258,-27.589467452627417
76,98,112,93.03257824997713,-18.967421750022865
76,99,111,90.08752626596376,-20.91247373403624
76,100,110,85.68581681331442,-24.314183186685582
76,101,109,84.1463118829849,-24.853688117015096
76,102,108,81.82963936913129,-26.170360630868714
76,103,107,92.49773635944054,-14.502263640559462
76,104,106,88.56884682719242,-17.431153172807583
76,105,105,87.05990842490843,-17.94009157509157
76,106,104,90.14273316593537,-13.857266834064632
76,107,103,80.53842261904761,-22.46157738095239
76,108,102,82.7036198128445,-19.296380187155506
76,109,101,85.46507308663554,-15.534926913364458
76,110,100,87.13014481707317,-12.869855182926827
76,111,99,77.25463639658949,-21.74536360341051
76,112,98,73.95038228927935,-24.049617710720653
76,113,97,77.73681383089453,-19.263186169105467
76,114,96,74.52329219504833,-21.476707804951673
76,115,95,73.86655944751912,-21.133440552480877
76,116,94,71.36569444444447,-22.634305555555528
76,117,93,69.52857819264072,-23.471421807359278
76,118,92,68.93406450548721,-23.065935494512786
76,119,91,68.71791824494952,-22.282081755050484
76,120,90,65.48348748473751,-24.51651251526249
76,121,89,73.30497587481962,-15.695024125180382
76,122,88,64.58210106788529,-23.41789893211471
76,123,87,69.879525413837,-17.120474586163
76,124,86,67.1862948683261,-18.8137051316739
76,125,85,66.2612612234579,-18.738738776542107
76,126,84,79.29746993512916,-4.702530064870842
76,127,83,75.45228863011332,-7.5477113698866845
76,128,82,72.1558556547619,-9.844144345238107
76,129,81,78.27180140176745,-2.7281985982325523
76,130,80,74.22560571876598,-5.774394281234024
76,131,79,66.60664750180378,-12.393352498196222
76,132,78,54.04740941308954,-23.95259058691046
76,133,77,48.807309704184696,-28.192690295815304
76,134,76,55.45685267857142,-20.543147321428577
76,135,75,60.70633240527394,-14.29366759472606
76,136,74,62.47726990527394,-11.522730094726057
76,137,73,51.86725807597573,-21.132741924024273
76,138,72,56.85382102272725,-15.146178977272747
76,139,71,47.08882306929182,-23.91117693070818
76,140,70,44.16020923520924,-25.839790764790763
76,141,69,45.49996851102112,-23.500031488978877
76,142,68,44.00864286806506,-23.99135713193494
76,143,67,52.893207124735866,-14.106792875264134
76,144,66,49.49849907767672,-16.50150092232328
76,145,65,51.45442500385322,-13.545574996146783
76,146,64,54.351651286933304,-9.648348713066696
76,147,63,52.54927565958816,-10.450724340411838
76,148,62,47.1099155287115,-14.890084471288503
76,149,61,48.23982197091575,-12.760178029084251
76,150,60,41.7618586309524,-18.238141369047597
76,151,59,44.59984051793793,-14.400159482062072
76,152,58,40.14546130952381,-17.85453869047619
76,153,57,42.47898234577922,-14.521017654220778
76,154,56,36.08932043650795,-19.910679563492053
76,155,55,39.61502333240238,-15.38497666759762
76,156,54,35.4768063880564,-18.523193611943597
76,157,53,33.530964327171475,-19.469035672828525
76,158,52,35.24660851222502,-16.753391487774977
76,159,51,33.95258540757136,-17.047414592428638
76,160,50,31.59610387745932,-18.40389612254068
76,161,49,38.204303824978275,-10.795696175021725
76,162,48,30.602840232683988,-17.397159767316012
76,163,47,33.52881493506494,-13.471185064935057
76,164,46,35.276162431318674,-10.723837568681326
76,165,45,34.04085792473771,-10.959142075262292
76,166,44,25.934203192640695,-18.065796807359305
76,167,43,24.12238501082252,-18.87761498917748
76,168,42,22.215305059523814,-19.784694940476186
76,169,41,25.70443334899749,-15.29556665100251
76,170,40,25.492515735361145,-14.507484264638855
76,171,39,25.821231332584546,-13.178768667415454
76,172,38,26.660848786630044,-11.339151213369956
76,173,37,26.43105406746032,-10.56894593253968
76,174,36,25.334764384920646,-10.665235615079354
76,175,35,24.941018300960746,-10.058981699039254
76,176,34,20.85861241645781,-13.14138758354219
76,177,33,19.576196962759465,-13.423803037240535
76,178,32,20.96722718253968,-11.03277281746032
76,179,31,21.76747835497835,-9.232521645021649
76,180,30,21.8174925595238,-8.1825074404762
76,181,29,18.608753225940724,-10.391246774059276
76,182,28,16.31485863095238,-11.68514136904762
76,183,27,18.939223710317457,-8.060776289682543
76,184,26,16.933120993589746,-9.066879006410254
76,185,25,14.170042423767761,-10.829957576232239
76,186,24,14.149615575396822,-9.850384424603178
76,187,23,11.111036706349203,-11.888963293650797
76,188,22,8.613358134920631,-13.386641865079369
76,189,21,6.463779761904764,-14.536220238095236
76,190,20,11.260245796783629,-8.739754203216371
76,191,19,8.249270833333332,-10.750729166666668
76,192,18,8.023831845238092,-9.976168154761908
76,193,17,8.233995535714286,-8.766004464285714
76,194,16,9.076200396825396,-6.923799603174604
76,195,15,6.071406250000003,-8.928593749999997
76,196,14,6.619196428571426,-7.380803571428574
76,197,13,7.335205853174603,-5.664794146825397
76,198,12,7.04177083333334,-4.95822916666666
76,199,11,3.336971726190475,-7.663028273809525
76,200,10,4.607756809163057,-5.392243190836943
76,201,9,3.0642982861247923,-5.935701713875208
76,202,8,1.2519509830447335,-6.7480490169552665
76,203,7,0.8870659722222225,-6.1129340277777775
76,204,6,0.0,-6.0
76,205,5,0.28101686507936563,-4.718983134920634
76,206,4,0.0,-4.0
76,207,3,0.0,-3.0
76,208,2,0.0,-2.0
76,209,1,0.0,-1.0
76,210,0,0.0,0.0
77,1,125,109.69693189775913,-15.303068102240871
77,2,125,111.98081101190478,-13.019188988095223
77,3,125,111.94906023905851,-13.050939760941489
77,4,125,115.04236805502134,-9.957631944978658
77,5,125,114.57969167428084,-10.420308325719162
77,6,125,114.85905392664824,-10.140946073351756
77,7,125,110.77862890113056,-14.22137109886944
77,8,125,111.38399887454179,-13.616001125458212
77,9,125,109.55263559590212,-15.447364404097883
77,10,125,112.8385898083292,-12.161410191670797
77,11,125,114.75782729897442,-10.24217270102558
77,12,125,115.64468363075078,-9.355316369249223
77,13,125,115.33235901130351,-9.66764098869649
77,14,125,117.25808921199393,-7.7419107880060665
77,15,125,116.25417295250247,-8.745827047497528
77,16,125,117.41791415960577,-7.582085840394228
77,17,125,117.47892309359204,-7.521076906407956
77,18,125,117.91867573055417,-7.08132426944583
77,19,125,115.84330440623664,-9.15669559376336
77,20,125,117.49740232838454,-7.502597671615462
77,21,125,117.51485879855947,-7.485141201440527
77,22,125,116.84513377542339,-8.154866224576608
77,23,125,114.94137005189548,-10.058629948104524
77,24,125,115.23311620640031,-9.766883793599689
77,25,125,116.5351040865039,-8.464895913496093
77,26,125,116.9509607911871,-8.0490392088129
77,27,125,115.85166682076283,-9.14833317923717
77,28,125,117.43859485448543,-7.56140514551457
77,29,125,112.37143008900678,-12.628569910993221
77,30,124,113.48679917282416,-10.513200827175837
77,31,123,115.46357027389497,-7.536429726105027
77,32,122,117.31830710218972,-4.681692897810279
77,33,121,114.08332379092465,-6.916676209075348
77,34,120,114.20752653998792,-5.792473460012076
77,35,119,110.55427042946715,-8.445729570532848
77,36,118,113.41361354566618,-4.5863864543338195
77,37,117,114.17500291090673,-2.824997089093273
77,38,116,114.70700637241922,-1.2929936275807847
77,39,115,117.10954710586944,2.1095471058694386
77,40,114,115.61723983702093,1.6172398370209322
77,41,113,114.25841216202389,1.2584121620238875
77,42,112,112.09066768704463,0.09066768704462902
77,43,111,112.68355411389466,1.6835541138946581
77,44,110,115.11227839257587,5.112278392575874
77,45,109,111.58067098663734,2.580670986637344
77,46,108,112.44356340826884,4.443563408268844
77,47,107,116.94829538476431,9.948295384764307
77,48,106,112.07576293260664,6.0757629326066365
77,49,105,112.72262435940395,7.722624359403952
77,50,104,116.66266692829372,12.662666928293717
77,51,103,116.05953080676787,13.059530806767867
77,52,102,117.96748500223664,15.967485002236643
77,53,101,115.90433028495872,14.904330284958718
77,54,100,113.10795836681704,13.107958366817044
77,55,99,115.82327773485645,16.823277734856447
77,56,98,116.11792477804502,18.117924778045023
77,57,97,115.87910618318695,18.87910618318695
77,58,96,110.04632966411252,14.04632966411252
77,59,95,111.1371734120185,16.137173412018498
77,60,94,109.20026268900679,15.200262689006792
77,61,93,104.55607106404345,11.55607106404345
77,62,92,110.85112530068781,18.851125300687812
77,63,91,109.83112635688875,18.831126356888745
77,64,90,113.27873541141894,23.278735411418936
77,65,89,114.37221261667094,25.372212616670936
77,66,88,114.34170668351233,26.341706683512328
77,67,87,113.86082581950923,26.86082581950923
77,68,86,114.5193193149709,28.5193193149709
77,69,85,104.46644817588408,19.466448175884082
77,70,84,110.25895138540677,26.258951385406775
77,71,83,108.79423729111204,25.79423729111204
77,72,82,98.64774246502733,16.647742465027335
77,73,81,104.54235535209239,23.542355352092386
77,74,80,105.90012117817912,25.90012117817912
77,75,79,103.39562498363053,24.395624983630526
77,76,78,105.59714595170438,27.597145951704377
77,77,77,102.72359069377612,25.723590693776117
77,78,76,102.31433429612655,26.314334296126546
77,79,75,101.24281228187336,26.242812281873356
77,80,74,101.82830537858233,27.82830537858233
77,81,73,100.26478491800974,27.264784918009738
77,82,72,101.66561101601306,29.66561101601306
77,83,71,102.34009830883367,31.340098308833674
77,84,70,103.93677104228311,33.93677104228311
77,85,69,104.87948752834627,35.879487528346274
77,86,68,101.29149813206416,33.29149813206416
77,87,67,98.64157117291538,31.641571172915377
77,88,66,98.92152061183258,32.92152061183258
77,89,65,92.12818032661782,27.128180326617823
77,90,64,90.08937646413649,26.089376464136492
77,91,63,90.04730627582843,27.047306275828433
77,92,62,95.2031002425255,33.203100242525494
77,93,61,92.57391865079367,31.573918650793672
77,94,60,82.11280257936507,22.112802579365066
77,95,59,75.87906994047621,16.879069940476214
77,96,58,75.21485863095239,17.214858630952392
77,97,57,70.25898214285716,13.258982142857164
77,98,56,63.61622159090908,7.616221590909078
77,99,55,58.78886307932267,3.7888630793226667
77,100,54,63.32956101190476,9.329561011904758
77,101,53,62.71749015231093,9.71749015231093
77,102,52,64.11173539317042,12.11173539317042
77,103,51,65.46437083056908,14.46437083056908
77,104,50,74.0055539772727,24.005553977272697
77,105,49,61.890558847402616,12.890558847402616
77,106,48,66.48514091810968,18.48514091810968
77,107,47,64.02557178932176,17.02557178932176
77,108,46,64.11168814258656,18.11168814258656
77,109,45,52.44399305555557,7.443993055555573
77,110,44,56.47118107769425,12.471181077694247
77,111,43,49.346187996031745,6.346187996031745
77,112,42,52.901090483449494,10.901090483449494
77,113,41,46.12578621031746,5.125786210317457
77,114,40,50.05302495538349,10.053024955383492
77,115,39,53.00682832792207,14.006828327922072
77,116,38,48.77467676941467,10.774676769414668
77,117,37,43.4653611492674,6.465361149267402
77,118,36,42.36744791666666,6.367447916666663
77,119,35,42.610528273809535,7.6105282738095354
77,120,34,44.56939217032967,10.569392170329671
77,121,33,38.21508680555557,5.215086805555572
77,122,32,39.10507291614066,7.1050729161406565
77,123,31,43.986665264409375,12.986665264409375
77,124,30,34.487136710662526,4.487136710662526
77,125,29,29.39773561507937,0.3977356150793696
77,126,28,30.148983134920655,2.1489831349206554
77,127,27,27.287778048888228,0.287778048888228
77,128,26,24.793471985207184,-1.2065280147928164
77,129,25,24.7921626984127,-0.20783730158730052
77,130,24,25.953389608702103,1.9533896087021034
77,131,23,25.208199404761892,2.208199404761892
77,132,22,20.482862103174604,-1.5171378968253961
77,133,21,23.40257343426501,2.4025734342650082
77,134,20,25.986996731822096,5.986996731822096
77,135,19,21.10920971550666,2.1092097155066583
77,136,18,17.938268849206356,-0.06173115079364422
77,137,17,17.159352678571427,0.15935267857142676
77,138,16,17.660013736263735,1.6600137362637355
77,139,15,16.22601738539238,1.2260173853923817
77,140,14,14.03812499999999,0.038124999999990195
77,141,13,13.536894459706957,0.5368944597069572
77,142,12,14.203447420634912,2.2034474206349124
77,143,11,13.650825892857135,2.650825892857135
77,144,10,12.553432539682532,2.5534325396825324
77,145,9,10.276986607142856,1.276986607142856
77,146,8,7.688457341269839,-0.3115426587301613
77,147,7,6.296403769841268,-0.7035962301587322
77,148,6,4.891049107142857,-1.108950892857143
77,149,5,1.7539161706349216,-3.2460838293650784
77,150,4,0.4067368659420323,-3.5932631340579677
77,151,3,1.3845758928571454,-1.6154241071428546
77,152,2,0.6192410714285739,-1.3807589285714261
77,153,1,0.0,-1.0
77,154,0,0.0,0.0
78,1,125,119.79981150793651,-5.200188492063489
78,2,125,118.16672619047617,-6.833273809523831
78,3,125,119.14422619047619,-5.855773809523811
78,4,125,119.65822916666666,-5.341770833333342
78,5,125,119.74260416666668,-5.2573958333333195
78,6,125,119.78562500000001,-5.21437499999999
78,7,125,119.70110740291261,-5.298892597087388
78,8,125,119.91822916666665,-5.081770833333351
78,9,125,119.81697916666667,-5.18302083333333
78,10,125,119.948125,-5.0518749999999955
78,11,125,119.86318452380951,-5.136815476190492
78,12,125,119.81979166666665,-5.180208333333354
78,13,125,119.93645833333332,-5.06354166666668
78,14,125,119.95750000000001,-5.04249999999999
78,15,125,119.36736709770119,-5.632632902298809
78,16,125,119.62541666666668,-5.3745833333333195
78,17,125,119.93009572072074,-5.069904279279257
78,18,125,119.76979166666665,-5.230208333333351
78,19,125,119.64962719298246,-5.350372807017536
78,20,125,119.67885416666665,-5.321145833333347
78,21,125,119.81539206036749,-5.184607939632514
78,22,125,119.94291666666668,-5.057083333333324
78,23,125,119.73163949275363,-5.268360507246371
78,24,125,119.37846265620458,-5.621537343795424
78,25,125,119.72999999999999,-5.27000000000001
78,26,125,119.771875,-5.228125000000006
78,27,125,119.65316637289463,-5.346833627105369
78,28,125,120.0,-5.0
78,29,125,119.98993055555556,-5.01006944444444
78,30,125,119.90416666666667,-5.095833333333331
78,31,125,119.99513888888889,-5.004861111111111
78,32,125,119.87083333333335,-5.129166666666649
78,33,125,119.85842261904762,-5.141577380952384
78,34,125,119.97446428571428,-5.0255357142857235
78,35,125,119.68074404761906,-5.319255952380942
78,36,125,119.27878433679214,-5.7212156632078575
78,37,125,118.61711867559525,-6.3828813244047495
78,38,125,118.94088957055217,-6.059110429447827
78,39,125,119.26356398809526,-5.736436011904743
78,40,125,119.18457093253967,-5.815429067460329
78,41,125,119.40033917682926,-5.599660823170737
78,42,125,119.54785385626644,-5.452146143733557
78,43,125,119.35643292682926,-5.643567073170743
78,44,125,119.74010416666665,-5.259895833333346
78,45,125,117.95051339285712,-7.049486607142882
78,46,125,119.13083333333331,-5.869166666666686
78,47,125,119.63992559523811,-5.360074404761889
78,48,125,118.08866728380315,-6.911332716196853
78,49,125,117.28799374687542,-7.712006253124585
78,50,125,119.18458128401669,-5.815418715983313
78,51,125,118.1406077977476,-6.859392202252394
78,52,125,118.08560556337707,-6.914394436622928
78,53,125,118.18277821555175,-6.81722178444825
78,54,125,118.64077924686664,-6.359220753133357
78,55,125,119.18201081007116,-5.817989189928838
78,56,125,118.4872756952404,-6.512724304759601
78,57,125,119.26301964903352,-5.736980350966476
78,58,125,118.86978395061726,-6.130216049382739
78,59,125,119.30080106456289,-5.69919893543711
78,60,125,119.34644775268762,-5.653552247312376
78,61,125,119.0710776928868,-5.928922307113197
78,62,125,119.14372458777851,-5.856275412221493
78,63,125,119.64967281974978,-5.350327180250218
78,64,125,119.68910500341187,-5.310894996588132
78,65,125,119.88315217391305,-5.116847826086953
78,66,125,118.77687610436487,-6.223123895635126
78,67,125,119.38531868563268,-5.614681314367317
78,68,125,119.30150813179603,-5.698491868203973
78,69,125,119.71163446058515,-5.288365539414855
78,70,125,118.62419309318554,-6.375806906814461
78,71,125,119.40121837894091,-5.598781621059089
78,72,125,119.51583567100222,-5.484164328997778
78,73,125,119.28583279807329,-5.714167201926713
78,74,125,118.01352757543779,-6.9864724245622085
78,75,125,118.85107620339537,-6.148923796604635
78,76,125,118.426817870883,-6.573182129117001
78,77,125,118.04806004786693,-6.951939952133074
78,78,125,118.15977202971536,-6.840227970284644
78,79,125,117.42733957431028,-7.572660425689719
78,80,125,116.08442454268295,-8.915575457317047
78,81,125,117.8995683022368,-7.100431697763199
78,82,125,118.26454137518411,-6.735458624815891
78,83,125,117.23848584272113,-7.761514157278867
78,84,125,117.50455569360989,-7.495444306390112
78,85,125,117.99468729623808,-7.005312703761916
78,86,125,117.89825369028165,-7.101746309718351
78,87,125,116.1344850949869,-8.8655149050131
78,88,125,117.67821222949958,-7.321787770500421
78,89,125,116.65628551389963,-8.343714486100367
78,90,125,113.79661246646019,-11.20338753353981
78,91,125,113.09151180270692,-11.908488197293082
78,92,125,114.98277103410494,-10.017228965895058
78,93,125,114.22780947373433,-10.772190526265675
78,94,125,113.2995988248236,-11.700401175176395
78,95,125,115.71439534658491,-9.285604653415092
78,96,125,111.44602263304019,-13.553977366959813
78,97,125,111.99336808139648,-13.006631918603517
78,98,125,110.10260787454567,-14.897392125454331
78,99,125,114.13999671895044,-10.860003281049558
78,100,125,113.49078088906057,-11.509219110939426
78,101,125,112.64000156502573,-12.359998434974273
78,102,125,113.4612701520108,-11.538729847989202
78,103,125,115.61688890201142,-9.383111097988575
78,104,125,116.09549898551032,-8.904501014489682
78,105,125,114.77770605898304,-10.222293941016957
78,106,125,112.02797132824537,-12.972028671754629
78,107,124,113.20114181165918,-10.798858188340816
78,108,123,115.58167685590544,-7.418323144094558
78,109,122,115.03798766463228,-6.962012335367717
78,110,121,116.72731622080941,-4.2726837791905865
78,111,120,115.37317076827871,-4.626829231721288
78,112,119,114.51746279600816,-4.482537203991839
78,113,118,110.29832669191941,-7.701673308080586
78,114,117,112.60304464633239,-4.396955353667607
78,115,116,115.43904613957537,-0.5609538604246325
78,116,115,112.38716086405698,-2.6128391359430196
78,117,114,115.90200321710134,1.9020032171013384
78,118,113,108.41645220455409,-4.583547795445909
78,119,112,107.55717178760335,-4.442828212396648
78,120,111,106.62664407427317,-4.373355925726827
78,121,110,104.85607840743675,-5.143921592563245
78,122,109,105.04933392107674,-3.9506660789232626
78,123,108,103.35067357753681,-4.64932642246319
78,124,107,107.6410780266106,0.6410780266106002
78,125,106,104.36770267314164,-1.6322973268583638
78,126,105,106.82510251470676,1.8251025147067566
78,127,104,107.80201635607867,3.802016356078667
78,128,103,106.4665388111055,3.466538811105494
78,129,102,109.59855634919458,7.598556349194581
78,130,101,108.79887038357761,7.798870383577608
78,131,100,109.41330029744441,9.413300297444408
78,132,99,107.20498957803287,8.204989578032865
78,133,98,108.59013964748253,10.59013964748253
78,134,97,99.48670752740307,2.4867075274030697
78,135,96,106.14626536461469,10.146265364614692
78,136,95,103.43102761347352,8.431027613473518
78,137,94,103.8533650404606,9.853365040460602
78,138,93,107.66877432294307,14.668774322943065
78,139,92,107.92245157766945,15.922451577669449
78,140,91,101.6310837428208,10.631083742820806
78,141,90,106.32547079944167,16.325470799441675
78,142,89,105.88159948551792,16.881599485517924
78,143,88,103.46061308814367,15.460613088143674
78,144,87,103.4335460216729,16.433546021672896
78,145,86,106.99425602337018,20.994256023370184
78,146,85,106.87723028082867,21.87723028082867
78,147,84,105.04193432910597,21.04193432910597
78,148,83,105.09588674433914,22.09588674433914
78,149,82,105.36461577630067,23.364615776300667
78,150,81,101.16209107221785,20.162091072217848
78,151,80,97.89353575607493,17.893535756074925
78,152,79,101.58152344169784,22.58152344169784
78,153,78,98.01401434358863,20.014014343588627
78,154,77,101.07452334489912,24.07452334489912
78,155,76,93.57993502625922,17.57993502625922
78,156,75,99.36126441374783,24.361264413747833
78,157,74,100.91042452444734,26.910424524447336
78,158,73,100.44151069525871,27.441510695258714
78,159,72,93.90032368597093,21.900323685970932
78,160,71,93.82871978712384,22.828719787123845
78,161,70,94.22374856158913,24.223748561589133
78,162,69,96.00794009311468,27.007940093114684
78,163,68,93.53868361135032,25.538683611350322
78,164,67,93.05490422321904,26.05490422321904
78,165,66,96.01633689485877,30.016336894858767
78,166,65,90.69138843769494,25.69138843769494
78,167,64,76.89053754057595,12.890537540575949
78,168,63,88.08104550867468,25.081045508674677
78,169,62,88.02916120086965,26.029161200869652
78,170,61,81.02456994968614,20.02456994968614
78,171,60,84.9132093944891,24.9132093944891
78,172,59,67.91727677230698,8.917276772306977
78,173,58,73.14421194104098,15.144211941040979
78,174,57,82.86559322647062,25.865593226470622
78,175,56,69.85489395132258,13.85489395132258
78,176,55,67.38523897721964,12.385238977219643
78,177,54,81.66384289646409,27.66384289646409
78,178,53,84.45041179944309,31.45041179944309
78,179,52,87.5545835068103,35.5545835068103
78,180,51,64.8284121927119,13.828412192711895
78,181,50,67.1480808262638,17.148080826263794
78,182,49,69.68296862953419,20.682968629534187
78,183,48,70.24946728028038,22.249467280280385
78,184,47,57.58520402568922,10.585204025689222
78,185,46,70.89770634906526,24.89770634906526
78,186,45,67.67175393762308,22.67175393762308
78,187,44,58.64365580881207,14.64365580881207
78,188,43,60.07943183485948,17.079431834859477
78,189,42,58.031252138687606,16.031252138687606
78,190,41,57.80992063492063,16.80992063492063
78,191,40,53.543488438644694,13.543488438644694
78,192,39,57.05167829653491,18.05167829653491
78,193,38,56.59765080870826,18.59765080870826
78,194,37,57.08588238897109,20.085882388971093
78,195,36,54.61141677766678,18.611416777666783
78,196,35,58.21634913910408,23.216349139104082
78,197,34,49.32940949675326,15.329409496753257
78,198,33,48.28933071862349,15.28933071862349
78,199,32,44.770732791514035,12.770732791514035
78,200,31,47.15674851190478,16.15674851190478
78,201,30,44.91574016563147,14.915740165631469
78,202,29,49.44125487479475,20.44125487479475
78,203,28,44.159166666666664,16.159166666666664
78,204,27,40.96502232142857,13.96502232142857
78,205,26,42.0758299512987,16.0758299512987
78,206,25,38.38044552669552,13.380445526695517
78,207,24,34.05449900793651,10.054499007936514
78,208,23,30.461019345238107,7.461019345238107
78,209,22,30.152435515872995,8.152435515872995
78,210,21,26.40692212301588,5.406922123015882
78,211,20,22.643343776106928,2.643343776106928
78,212,19,24.496913243006997,5.496913243006997
78,213,18,23.050997023809515,5.050997023809515
78,214,17,26.292137896825402,9.292137896825402
78,215,16,19.710401462215323,3.710401462215323
78,216,15,16.82479382332643,1.8247938233264307
78,217,14,16.70748139880952,2.70748139880952
78,218,13,14.012302827380957,1.0123028273809567
78,219,12,11.298854166666661,-0.7011458333333387
78,220,11,13.65902777777778,2.65902777777778
78,221,10,11.242554239993101,1.242554239993101
78,222,9,10.916309523809526,1.9163095238095256
78,223,8,10.065151289682538,2.0651512896825377
78,224,7,9.118229166666662,2.118229166666662
78,225,6,5.1111607142857185,-0.8888392857142815
78,226,5,4.419409722222218,-0.580590277777782
78,227,4,2.5304265873015863,-1.4695734126984137
78,228,3,2.2970039682539722,-0.7029960317460278
78,229,2,0.326936080832251,-1.673063919167749
78,230,1,0.0,-1.0
78,231,0,0.0,0.0
79,1,125,119.71319438108272,-5.286805618917285
79,2,125,119.95104166666667,-5.048958333333331
79,3,125,119.96042810979998,-5.039571890200023
79,4,125,119.96859949627485,-5.031400503725152
79,5,125,119.9157626168422,-5.084237383157799
79,6,125,119.91232511684223,-5.087674883157774
79,7,125,119.7768535871638,-5.223146412836201
79,8,125,119.65975420771758,-5.340245792282417
79,9,125,119.8710751168422,-5.128924883157794
79,10,125,119.72141868218807,-5.278581317811927
79,11,125,119.88958333333335,-5.1104166666666515
79,12,125,119.88324274417796,-5.116757255822037
79,13,125,119.9210824744684,-5.078917525531594
79,14,125,119.83787991314084,-5.1621200868591615
79,15,125,119.7505725479588,-5.249427452041203
79,16,125,119.64005095871248,-5.359949041287521
79,17,125,119.7849391727494,-5.215060827250596
79,18,125,119.9390016727494,-5.060998327250601
79,19,125,119.93005926724138,-5.069940732758624
79,20,125,119.76876184716798,-5.23123815283202
79,21,125,119.9265760775113,-5.0734239224887006
79,22,125,119.89220107751127,-5.107798922488726
79,23,125,119.87646695308251,-5.123533046917487
79,24,125,119.76910270718137,-5.230897292818625
79,25,125,119.87805428350889,-5.121945716491112
79,26,125,119.94055428350889,-5.059445716491112
79,27,125,119.99992928350889,-5.000070716491109
79,28,125,119.75594227041702,-5.244057729582977
79,29,125,119.71750477041704,-5.282495229582963
79,30,125,118.97662370714393,-6.023376292856071
79,31,125,119.17191718966683,-5.828082810333171
79,32,125,117.05381072874493,-7.946189271255065
79,33,125,117.4533735161837,-7.546626483816297
79,34,125,117.31090074647418,-7.689099253525825
79,35,125,117.6931351854713,-7.306864814528694
79,36,125,117.0971163342679,-7.902883665732105
79,37,125,118.78058394162402,-6.219416058375984
79,38,125,118.76613155103993,-6.233868448960067
79,39,125,119.23568041317567,-5.764319586824328
79,40,125,118.60946966859449,-6.390530331405515
79,41,125,119.64110353089924,-5.358896469100756
79,42,125,119.95086007842743,-5.049139921572575
79,43,125,119.81681917233705,-5.183180827662952
79,44,125,119.64611769175755,-5.353882308242447
79,45,125,119.37407430914429,-5.625925690855709
79,46,125,118.21004077893906,-6.78995922106094
79,47,125,118.75418538898911,-6.245814611010886
79,48,125,119.29920711720122,-5.70079288279878
79,49,125,118.10140265575929,-6.898597344240713
79,50,125,118.43500569936002,-6.564994300639981
79,51,125,117.84978456011909,-7.15021543988091
79,52,125,119.64819277734372,-5.3518072226562765
79,53,125,119.6148718550623,-5.3851281449376955
79,54,125,117.69069153642579,-7.309308463574212
79,55,125,118.84009722182873,-6.159902778171272
79,56,125,119.12566255542815,-5.87433744457185
79,57,125,119.36636452785538,-5.6336354721446185
79,58,125,119.7437533033359,-5.256246696664107
79,59,125,118.90216554133092,-6.097834458669084
79,60,125,118.36007388230617,-6.6399261176938325
79,61,125,117.62878969438555,-7.371210305614454
79,62,125,118.72098603099366,-6.279013969006343
79,63,125,118.39753929973406,-6.602460700265937
79,64,125,118.89503739122571,-6.1049626087742865
79,65,125,119.19069394628013,-5.809306053719865
79,66,125,118.29430941268973,-6.705690587310272
79,67,125,118.49450653680216,-6.505493463197837
79,68,125,118.88425927119415,-6.1157407288058465
79,69,125,117.77206187233796,-7.227938127662043
79,70,125,116.5268570710848,-8.473142928915195
79,71,125,117.24565640532305,-7.754343594676953
79,72,125,115.83727597249523,-9.162724027504765
79,73,125,118.69253101224209,-6.307468987757915
79,74,125,116.83584540455522,-8.164154595444785
79,75,124,113.97736268958256,-10.022637310417437
79,76,123,115.80317914701968,-7.1968208529803235
79,77,122,111.88373302689266,-10.116266973107344
79,78,121,112.91066629217399,-8.089333707826015
79,79,120,114.67534337056472,-5.324656629435282
79,80,119,115.43004525346082,-3.5699547465391817
79,81,118,115.0895794898967,-2.910420510103293
79,82,117,114.31256031904437,-2.6874396809556345
79,83,116,116.29084559185483,0.2908455918548327
79,84,115,114.70218620414578,-0.29781379585422485
79,85,114,116.57219038593811,2.5721903859381143
79,86,113,115.2938499105372,2.2938499105372046
79,87,112,116.1787023540555,4.178702354055503
79,88,111,117.12594025193798,6.125940251937976
79,89,110,112.16651364265087,2.1665136426508695
79,90,109,111.6662957727427,2.6662957727427
79,91,108,113.14569185327275,5.145691853272751
79,92,107,109.78214134505792,2.782141345057923
79,93,106,108.24597426279168,2.245974262791677
79,94,105,111.98428572850068,6.98428572850068
79,95,104,107.00598971069851,3.0059897106985147
79,96,103,111.57251512766047,8.572515127660466
79,97,102,112.4007651548599,10.400765154859897
79,98,101,111.06851959913709,10.06851959913709
79,99,100,111.59533829609293,11.595338296092933
79,100,99,112.71224285856195,13.71224285856195
79,101,98,107.20915014888428,9.209150148884277
79,102,97,108.07864918186517,11.078649181865174
79,103,96,103.79302660798244,7.793026607982441
79,104,95,99.46118371974603,4.461183719746032
79,105,94,100.48841204765196,6.488412047651963
79,106,93,103.83987324886667,10.839873248866667
79,107,92,95.88667313208441,3.886673132084411
79,108,91,97.27589097993484,6.275890979934843
79,109,90,99.0429410981244,9.042941098124402
79,110,89,99.23312374404186,10.233123744041862
79,111,88,101.53415549620561,13.534155496205614
79,112,87,99.9708387910038,12.9708387910038
79,113,86,97.45849087071481,11.458490870714812
79,114,85,98.42950328617428,13.429503286174281
79,115,84,104.18788149381407,20.187881493814075
79,116,83,102.45386003639865,19.453860036398652
79,117,82,100.09621266960103,18.09621266960103
79,118,81,101.41580197481494,20.41580197481494
79,119,80,97.66775213254627,17.66775213254627
79,120,79,97.88861295840547,18.888612958405474
79,121,78,98.54427644500561,20.544276445005607
79,122,77,95.37946513095386,18.37946513095386
79,123,76,95.71967957135163,19.719679571351634
79,124,75,93.99436018164592,18.994360181645916
79,125,74,87.62732210215212,13.627322102152121
79,126,73,90.88146235636432,17.881462356364324
79,127,72,84.84369401647776,12.843694016477755
79,128,71,85.40343089415265,14.403430894152649
79,129,70,86.63911718431889,16.63911718431889
79,130,69,86.07773929098089,17.077739290980887
79,131,68,84.63468916974858,16.634689169748583
79,132,67,87.21750178053927,20.217501780539266
79,133,66,81.58878679381733,15.588786793817334
79,134,65,91.31473883611386,26.31473883611386
79,135,64,83.86026596673801,19.860265966738012
79,136,63,77.9976686598653,14.997668659865298
79,137,62,80.04557288913092,18.045572889130923
79,138,61,84.58626726773005,23.58626726773005
79,139,60,82.90171709200897,22.901717092008965
79,140,59,79.4347174333005,20.434717433300506
79,141,58,73.93545948892553,15.935459488925531
79,142,57,69.23757254687085,12.237572546870851
79,143,56,78.90584749973384,22.905847499733838
79,144,55,81.99878257655845,26.998782576558455
79,145,54,74.32893863493192,20.328938634931916
79,146,53,74.23770002893174,21.23770002893174
79,147,52,73.17845329877157,21.178453298771572
79,148,51,80.49693707491528,29.49693707491528
79,149,50,77.83147345699841,27.83147345699841
79,150,49,75.74480495403083,26.744804954030826
79,151,48,80.41459122548167,32.41459122548167
79,152,47,69.67870674423615,22.678706744236152
79,153,46,74.22334408529233,28.223344085292325
79,154,45,76.25658455448804,31.256584554488043
79,155,44,70.01357967424445,26.013579674244454
79,156,43,73.60339031393036,30.603390313930362
79,157,42,62.7469741428005,20.746974142800497
79,158,41,68.9347340705659,27.934734070565895
79,159,40,66.18807449848829,26.18807449848829
79,160,39,58.72976830407163,19.729768304071627
79,161,38,51.47486603483189,13.47486603483189
79,162,37,59.14273569814688,22.14273569814688
79,163,36,51.23179315476191,15.23179315476191
79,164,35,47.504188988095244,12.504188988095244
79,165,34,52.89364583333336,18.89364583333336
79,166,33,48.06218749999998,15.062187499999979
79,167,32,53.87379350490197,21.87379350490197
79,168,31,44.95520979020979,13.955209790209793
79,169,30,43.42106169871796,13.421061698717963
79,170,29,52.766208721833735,23.766208721833735
79,171,28,45.244055753274495,17.244055753274495
79,172,27,44.823342547489474,17.823342547489474
79,173,26,39.466004464285724,13.466004464285724
79,174,25,37.72439580471611,12.72439580471611
79,175,24,37.3618532088316,13.361853208831597
79,176,23,33.79971610882398,10.79971610882398
79,177,22,39.502089629009,17.502089629009
79,178,21,32.97150613275615,11.971506132756147
79,179,20,36.33479463245091,16.334794632450908
79,180,19,29.628085609243705,10.628085609243705
79,181,18,29.365163690476194,11.365163690476194
79,182,17,25.11827534577006,8.118275345770058
79,183,16,18.596106150793652,2.596106150793652
79,184,15,15.736912202380957,0.7369122023809567
79,185,14,14.186414835164836,0.18641483516483603
79,186,13,14.10326007326007,1.1032600732600706
79,187,12,12.652250648656896,0.6522506486568957
79,188,11,12.405016025641025,1.4050160256410251
79,189,10,10.548080357142856,0.5480803571428563
79,190,9,10.785208333333335,1.785208333333335
79,191,8,8.065497176434675,0.06549717643467545
79,192,7,7.022608225108225,0.022608225108225355
79,193,6,4.8874896660052904,-1.1125103339947096
79,194,5,3.206619397759102,-1.793380602240898
79,195,4,2.692655163358448,-1.307344836641552
79,196,3,0.9778348214285701,-2.02216517857143
79,197,2,0.1773750513136303,-1.8226249486863697
79,198,1,0.0,-1.0
79,199,0,0.0,0.0
80,1,125,112.4776024869252,-12.522397513074793
80,2,125,110.43138103496035,-14.568618965039647
80,3,125,114.47416804966454,-10.525831950335458
80,4,125,116.08220234793616,-8.91779765206384
80,5,125,115.31494620913891,-9.68505379086109
80,6,125,114.89192228727734,-10.108077712722661
80,7,125,114.995811132781,-10.004188867219
80,8,125,116.76889475679101,-8.231105243208987
80,9,125,114.07675706159603,-10.923242938403973
80,10,125,109.63570229712488,-15.36429770287512
80,11,125,113.46534970670709,-11.534650293292913
80,12,125,106.70629060216974,-18.293709397830256
80,13,125,109.82210483251671,-15.177895167483285
80,14,125,104.53666139286142,-20.46333860713858
80,15,125,111.9308364640456,-13.069163535954402
80,16,125,108.64012943180822,-16.35987056819178
80,17,125,113.18314106817533,-11.816858931824669
80,18,125,110.96305514937612,-14.036944850623883
80,19,125,112.07358498212395,-12.926415017876053
80,20,125,115.23937427306778,-9.760625726932219
80,21,125,108.94750641889944,-16.052493581100563
80,22,125,108.91234363099503,-16.087656369004975
80,23,125,115.88863444198314,-9.111365558016857
80,24,125,113.46933296450365,-11.53066703549635
80,25,125,112.73412532283449,-12.265874677165513
80,26,125,116.03043895499374,-8.969561045006259
80,27,125,114.7964070185794,-10.203592981420599
80,28,125,118.0568566798341,-6.943143320165902
80,29,125,114.8363017566628,-10.163698243337194
80,30,125,111.35864749557543,-13.641352504424574
80,31,125,116.29833578577038,-8.701664214229623
80,32,125,115.14455992076898,-9.855440079231016
80,33,125,110.6319822866349,-14.368017713365106
80,34,125,112.67655764586502,-12.323442354134983
80,35,125,113.39801622090422,-11.601983779095775
80,36,125,111.21202957891794,-13.787970421082065
80,37,125,105.6022738633958,-19.397726136604206
80,38,125,111.61304690164624,-13.386953098353757
80,39,125,112.74026081498133,-12.259739185018674
80,40,125,115.54694400756111,-9.453055992438891
80,41,125,114.2894604587051,-10.710539541294906
80,42,125,116.6399821803636,-8.360017819636397
80,43,125,109.54710823526788,-15.452891764732115
80,44,125,114.11383679398666,-10.886163206013336
80,45,125,116.0660039214551,-8.933996078544894
80,46,125,110.07559819800065,-14.924401801999352
80,47,125,114.30207978928456,-10.697920210715438
80,48,125,112.52253263291315,-12.477467367086845
80,49,125,112.09943852171175,-12.900561478288253
80,50,125,116.90848217983122,-8.091517820168775
80,51,125,113.57543167831739,-11.424568321682614
80,52,125,115.77461861127543,-9.225381388724571
80,53,125,111.08684414265755,-13.913155857342446
80,54,125,113.87813621847772,-11.12186378152228
80,55,125,116.89666634868897,-8.103333651311033
80,56,125,112.85359741182451,-12.14640258817549
80,57,125,110.9015368403099,-14.098463159690098
80,58,125,107.72826693789139,-17.27173306210861
80,59,125,112.29194733400679,-12.708052665993208
80,60,125,110.37288743304423,-14.627112566955773
80,61,124,112.54214885802223,-11.45785114197777
80,62,123,106.55271737048808,-16.447282629511918
80,63,122,102.57242667057191,-19.427573329428085
80,64,121,106.21271550934696,-14.787284490653036
80,65,120,106.88451212718284,-13.115487872817155
80,66,119,100.28676861187057,-18.71323138812943
80,67,118,106.452239474162,-11.547760525838001
80,68,117,100.2584044312169,-16.741595568783097
80,69,116,101.63000892857147,-14.36999107142853
80,70,115,101.0602117970033,-13.939788202996695
80,71,114,105.34606001580846,-8.653939984191538
80,72,113,100.82464176448552,-12.17535823551448
80,73,112,97.06893715659342,-14.931062843406579
80,74,111,96.40188612236128,-14.598113877638724
80,75,110,99.16540457269718,-10.834595427302816
80,76,109,96.52670514702949,-12.473294852970511
80,77,108,94.58624926064394,-13.413750739356061
80,78,107,96.94258689238518,-10.05741310761482
80,79,106,92.27405246122494,-13.72594753877506
80,80,105,91.77975061925204,-13.220249380747958
80,81,104,94.26274317833244,-9.737256821667557
80,82,103,91.70259523735899,-11.297404762641008
80,83,102,98.16630530109,-3.8336946989099943
80,84,101,91.12600728419844,-9.873992715801563
80,85,100,95.7904928477902,-4.209507152209795
80,86,99,88.83611451289717,-10.163885487102831
80,87,98,90.44434877009427,-7.555651229905735
80,88,97,95.833459624922,-1.1665403750780001
80,89,96,96.46695662269168,0.4669566226916828
80,90,95,93.3441428639459,-1.6558571360540952
80,91,94,91.01512277459379,-2.9848772254062084
80,92,93,82.09295306223393,-10.907046937766069
80,93,92,85.21571539624402,-6.784284603755978
80,94,91,89.55704350979758,-1.4429564902024197
80,95,90,79.09476970260893,-10.905230297391071
80,96,89,77.08111185519337,-11.91888814480663
80,97,88,77.21518738315358,-10.784812616846423
80,98,87,67.72852678571428,-19.27147321428572
80,99,86,69.06828365588899,-16.93171634411101
80,100,85,68.65407548226626,-16.345924517733735
80,101,84,68.88663900228383,-15.113360997716171
80,102,83,66.734024719184,-16.265975280815994
80,103,82,68.8708800688249,-13.129119931175097
80,104,81,61.91520748696338,-19.084792513036618
80,105,80,76.13181061225828,-3.8681893877417224
80,106,79,76.41337331780856,-2.5866266821914365
80,107,78,72.8972423738999,-5.1027576261001
80,108,77,72.80045611060186,-4.199543889398143
80,109,76,75.87780316202804,-0.12219683797195557
80,110,75,70.23880553895127,-4.761194461048731
80,111,74,74.03364830448969,0.03364830448968803
80,112,73,64.87642093239097,-8.123579067609029
80,113,72,63.46287450396825,-8.537125496031749
80,114,71,62.23678286983929,-8.763217130160712
80,115,70,58.14560904415706,-11.854390955842938
80,116,69,64.97002289581334,-4.029977104186656
80,117,68,56.10897355248916,-11.89102644751084
80,118,67,64.42394345238095,-2.5760565476190465
80,119,66,55.42137276785718,-10.578627232142821
80,120,65,66.04059676434676,1.040596764346759
80,121,64,74.45459325396824,10.454593253968241
80,122,63,62.447762896825424,-0.5522371031745763
80,123,62,60.38097813644691,-1.6190218635530869
80,124,61,63.15403521825395,2.154035218253952
80,125,60,56.44435564435563,-3.555644355644368
80,126,59,50.19752660937564,-8.802473390624357
80,127,58,56.254590773809525,-1.7454092261904748
80,128,57,55.74578621031744,-1.2542137896825594
80,129,56,51.14773981227107,-4.85226018772893
80,130,55,62.53431051587302,7.534310515873017
80,131,54,55.89189596861472,1.891895968614719
80,132,53,46.40271185776942,-6.597288142230582
80,133,52,44.947791403223974,-7.052208596776026
80,134,51,47.25894359478241,-3.7410564052175914
80,135,50,51.04043601190475,1.0404360119047524
80,136,49,42.02958933792816,-6.970410662071842
80,137,48,54.06429052156257,6.064290521562569
80,138,47,43.7921194813958,-3.207880518604199
80,139,46,38.8521626984127,-7.147837301587302
80,140,45,45.08057709059233,0.0805770905923282
80,141,44,39.10402529761905,-4.895974702380947
80,142,43,38.272772817460314,-4.727227182539686
80,143,42,38.93231398809523,-3.067686011904769
80,144,41,35.72480263157895,-5.275197368421047
80,145,40,37.76998864348371,-2.230011356516293
80,146,39,34.785057043650795,-4.214942956349205
80,147,38,34.886361607142845,-3.1136383928571547
80,148,37,31.416575351731595,-5.583424648268405
80,149,36,30.635832617137766,-5.3641673828622345
80,150,35,26.497420634920637,-8.502579365079363
80,151,34,29.63806919642858,-4.361930803571418
80,152,33,27.630691964285717,-5.369308035714283
80,153,32,26.069563717532475,-5.930436282467525
80,154,31,26.100245535714294,-4.8997544642857065
80,155,30,24.12993551587301,-5.8700644841269884
80,156,29,24.041113591269834,-4.958886408730166
80,157,28,24.23472718253969,-3.7652728174603105
80,158,27,21.638888507325998,-5.361111492674002
80,159,26,21.460580357142852,-4.539419642857148
80,160,25,24.030863095238097,-0.9691369047619034
80,161,24,20.910431547619048,-3.089568452380952
80,162,23,21.842552083333324,-1.1574479166666762
80,163,22,21.832306547619044,-0.16769345238095568
80,164,21,22.38586309523809,1.38586309523809
80,165,20,19.213563988095245,-0.7864360119047547
80,166,19,16.380483630952373,-2.619516369047627
80,167,18,13.476066468253954,-4.523933531746046
80,168,17,14.277380952380948,-2.7226190476190517
80,169,16,12.544092261904765,-3.4559077380952345
80,170,15,12.842524350649356,-2.157475649350644
80,171,14,11.488058035714293,-2.5119419642857075
80,172,13,9.1989806547619,-3.8010193452380996
80,173,12,6.996268262987016,-5.003731737012984
80,174,11,6.28764136904762,-4.71235863095238
80,175,10,4.244747023809527,-5.755252976190473
80,176,9,4.679717261904759,-4.320282738095241
80,177,8,2.2893477182539685,-5.7106522817460315
80,178,7,1.8914384920634904,-5.10856150793651
80,179,6,0.3522222222222222,-5.647777777777778
80,180,5,0.0,-5.0
80,181,4,0.0,-4.0
80,182,3,0.0,-3.0
80,183,2,0.0,-2.0
80,184,1,0.0,-1.0
80,185,0,0.0,0.0
81,1,125,115.1952964704011,-9.804703529598896
81,2,125,116.19049590320765,-8.809504096792352
81,3,125,112.25914263545874,-12.740857364541256
81,4,125,112.43275029121261,-12.567249708787386
81,5,125,114.29260714894147,-10.707392851058529
81,6,125,113.01763594436886,-11.982364055631137
81,7,125,112.46704054496554,-12.532959455034458
81,8,125,110.85145448736402,-14.148545512635977
81,9,125,108.44187089027507,-16.55812910972493
81,10,125,109.86908041282956,-15.130919587170439
81,11,125,108.42828188623567,-16.571718113764334
81,12,125,112.41193315656255,-12.588066843437446
81,13,125,113.34624803114252,-11.653751968857478
81,14,125,112.39562410238605,-12.604375897613949
81,15,125,112.71536830080046,-12.284631699199537
81,16,125,116.88005390072347,-8.119946099276532
81,17,125,112.77467423283262,-12.225325767167377
81,18,125,115.50113329218618,-9.498866707813818
81,19,125,116.00977446892857,-8.990225531071431
81,20,125,116.55021944701919,-8.449780552980812
81,21,125,115.16486732701169,-9.835132672988308
81,22,125,114.7670561952281,-10.232943804771907
81,23,125,116.77920107094178,-8.220798929058219
81,24,125,118.13467177085556,-6.865328229144438
81,25,125,117.45048297872245,-7.549517021277552
81,26,125,116.48357158382214,-8.51642841617786
81,27,125,118.03546316332381,-6.964536836676189
81,28,125,119.15445530116513,-5.845544698834871
81,29,125,117.46435676498615,-7.5356432350138505
81,30,125,117.292172466339,-7.707827533661003
81,31,125,117.6982260626864,-7.301773937313598
81,32,125,116.33853009248348,-8.66146990751652
81,33,125,117.98220167048528,-7.017798329514719
81,34,125,116.7808620122502,-8.219137987749804
81,35,125,115.72285328078267,-9.277146719217328
81,36,125,115.11229352645822,-9.887706473541783
81,37,125,116.65831490073958,-8.341685099260417
81,38,125,115.68929891723481,-9.310701082765192
81,39,125,117.932632215745,-7.067367784254998
81,40,125,118.0549034207608,-6.945096579239205
81,41,125,112.36908142616217,-12.630918573837832
81,42,125,113.23271560131568,-11.767284398684325
81,43,125,112.98859068422746,-12.01140931577254
81,44,125,116.61925606869254,-8.380743931307464
81,45,125,112.97689908360117,-12.023100916398832
81,46,125,114.69824798267955,-10.301752017320453
81,47,125,114.37800102184221,-10.62199897815779
81,48,125,116.20825014284284,-8.791749857157157
81,49,125,114.87357567285483,-10.126424327145173
81,50,125,112.1700766943616,-12.829923305638403
81,51,125,113.89356738870273,-11.106432611297265
81,52,125,114.14084988917277,-10.85915011082723
81,53,125,116.73092759618096,-8.269072403819038
81,54,125,113.53466402112929,-11.465335978870712
81,55,125,115.36190377694507,-9.63809622305493
81,56,125,109.72507484942216,-15.274925150577843
81,57,125,111.18148224429176,-13.818517755708243
81,58,125,112.46076095101867,-12.53923904898133
81,59,125,111.89974360414593,-13.100256395854075
81,60,125,110.30031927116435,-14.699680728835645
81,61,125,105.57206485018403,-19.427935149815966
81,62,125,105.71663045505156,-19.283369544948442
81,63,125,106.89063775844178,-18.109362241558216
81,64,125,106.61893396025746,-18.381066039742535
81,65,125,110.20442392294865,-14.79557607705135
81,66,125,105.22402328354303,-19.775976716456967
81,67,125,107.35280581797471,-17.647194182025288
81,68,125,109.22640305342752,-15.773596946572482
81,69,125,110.54094859727664,-14.459051402723361
81,70,125,109.73048510873282,-15.269514891267178
81,71,125,108.54727445796486,-16.45272554203514
81,72,125,107.80271635385365,-17.197283646146346
81,73,125,106.95954556688127,-18.040454433118725
81,74,125,106.1101888320596,-18.889811167940394
81,75,125,100.23557364488201,-24.76442635511799
81,76,125,105.79334823942513,-19.20665176057487
81,77,125,101.77680520593329,-23.223194794066714
81,78,125,104.46022743989322,-20.539772560106783
81,79,125,102.00417926543234,-22.99582073456766
81,80,125,96.78355605020765,-28.21644394979235
81,81,125,103.58345900556981,-21.416540994430193
81,82,125,103.24540073125982,-21.75459926874018
81,83,125,100.97110276622632,-24.028897233773677
81,84,125,100.8675136343677,-24.132486365632303
81,85,125,97.18298129645672,-27.817018703543283
81,86,125,89.31336807939053,-35.68663192060947
81,87,125,93.77466082891422,-31.22533917108578
81,88,125,88.04945361784547,-36.95054638215453
81,89,125,89.43060598431309,-35.56939401568691
81,90,125,94.59514531164666,-30.40485468835334
81,91,125,92.34454321624875,-32.65545678375125
81,92,125,92.01585828977348,-32.984141710226524
81,93,125,92.04231640530037,-32.95768359469963
81,94,125,90.4314602985204,-34.568539701479594
81,95,125,93.61810664659323,-31.381893353406767
81,96,125,85.91845049259307,-39.08154950740693
81,97,125,90.70437913235979,-34.29562086764021
81,98,125,89.73816103505628,-35.26183896494372
81,99,125,89.33710726068787,-35.66289273931213
81,100,125,87.58150228112353,-37.418497718876466
81,101,125,88.56956420460432,-36.43043579539568
81,102,125,94.01926306901365,-30.980736930986353
81,103,125,89.36480983868867,-35.63519016131133
81,104,125,92.59564629626992,-32.40435370373008
81,105,125,94.85710053675658,-30.142899463243424
81,106,125,91.73236613440324,-33.267633865596764
81,107,125,90.55563848083646,-34.444361519163536
81,108,125,93.18362026623511,-31.81637973376489
81,109,125,89.6587010914141,-35.3412989085859
81,110,125,87.87648504801759,-37.123514951982415
81,111,125,86.5415875006806,-38.458412499319394
81,112,125,86.40550995970449,-38.59449004029551
81,113,125,90.34980369535022,-34.65019630464978
81,114,125,90.09047089972748,-34.90952910027252
81,115,125,88.51209291437682,-36.48790708562318
81,116,124,83.95675964646298,-40.043240353537016
81,117,123,89.89250192576925,-33.10749807423075
81,118,122,77.67501250322066,-44.32498749677934
81,119,121,76.96778636685414,-44.03221363314586
81,120,120,80.99423089092426,-39.00576910907574
81,121,119,85.77153789597192,-33.22846210402808
81,122,118,74.91640899376014,-43.08359100623986
81,123,117,80.56025862696224,-36.43974137303776
81,124,116,78.16779521112747,-37.83220478887253
81,125,115,82.52119506901019,-32.47880493098981
81,126,114,78.46542651452596,-35.53457348547404
81,127,113,79.07304894180001,-33.92695105819999
81,128,112,78.57078335128816,-33.429216648711844
81,129,111,79.18276156538268,-31.817238434617323
81,130,110,78.72914848201492,-31.27085151798508
81,131,109,77.65520316009459,-31.344796839905413
81,132,108,78.7623427599246,-29.237657240075393
81,133,107,80.05040986929689,-26.949590130703115
81,134,106,80.6803170803803,-25.319682919619694
81,135,105,80.59547281540462,-24.40452718459538
81,136,104,82.72947529484273,-21.27052470515727
81,137,103,86.67384363774336,-16.32615636225664
81,138,102,86.20052541076927,-15.799474589230726
81,139,101,80.54403917179324,-20.455960828206756
81,140,100,81.15383086401708,-18.84616913598292
81,141,99,83.43673869870624,-15.563261301293764
81,142,98,74.99113829753476,-23.00886170246524
81,143,97,79.07874257107535,-17.921257428924648
81,144,96,79.0718530133448,-16.928146986655193
81,145,95,80.80574458354144,-14.19425541645856
81,146,94,84.50725062836301,-9.49274937163699
81,147,93,86.45304938272923,-6.546950617270767
81,148,92,81.39522766095553,-10.604772339044473
81,149,91,90.55095583993801,-0.44904416006198744
81,150,90,84.36586624337225,-5.634133756627747
81,151,89,83.57145489593844,-5.4285451040615555
81,152,88,80.47313873626376,-7.526861263736237
81,153,87,78.7198775024632,-8.280122497536794
81,154,86,73.07135291025494,-12.928647089745056
81,155,85,81.26526667985611,-3.7347333201438886
81,156,84,78.44249971831324,-5.557500281686757
81,157,83,66.91751488095241,-16.08248511904759
81,158,82,64.17568452380951,-17.824315476190492
81,159,81,63.72261645472585,-17.277383545274148
81,160,80,64.23364919802418,-15.766350801975818
81,161,79,68.95225140056023,-10.047748599439771
81,162,78,69.64279045111635,-8.357209548883645
81,163,77,73.37890233395986,-3.621097666040143
81,164,76,62.5726944966583,-13.4273055033417
81,165,75,71.5777976190476,-3.422202380952399
81,166,74,72.86501896912608,-1.1349810308739166
81,167,73,65.42164023476522,-7.578359765234779
81,168,72,62.525075639230025,-9.474924360769975
81,169,71,65.17684853706236,-5.823151462937645
81,170,70,64.79315724206354,-5.206842757936457
81,171,69,65.63213229646696,-3.3678677035330367
81,172,68,57.46673129668532,-10.533268703314683
81,173,67,66.2794841269841,-0.7205158730158985
81,174,66,66.04489748677248,0.044897486772484285
81,175,65,56.08507214415822,-8.914927855841782
81,176,64,54.97901323533828,-9.020986764661721
81,177,63,57.088750000000005,-5.9112499999999955
81,178,62,57.38380208333335,-4.61619791666665
81,179,61,55.1699935515873,-5.830006448412703
81,180,60,58.53164418323023,-1.4683558167697726
81,181,59,51.61058283730159,-7.3894171626984075
81,182,58,48.53259176587301,-9.467408234126992
81,183,57,53.55745386904759,-3.442546130952408
81,184,56,48.18880159352143,-7.811198406478567
81,185,55,50.50896577380953,-4.491034226190472
81,186,54,51.723260625522116,-2.2767393744778843
81,187,53,50.644828085839606,-2.355171914160394
81,188,52,45.03071722274434,-6.969282777255657
81,189,51,44.03471979226914,-6.9652802077308635
81,190,50,40.016399884837384,-9.983600115162616
81,191,49,38.26730075378053,-10.732699246219468
81,192,48,37.16688368055556,-10.833116319444443
81,193,47,36.840643553353324,-10.159356446646676
81,194,46,36.89810036454772,-9.101899635452277
81,195,45,36.62476635480748,-8.375233645192523
81,196,44,40.06860119047618,-3.93139880952382
81,197,43,32.886875,-10.113124999999997
81,198,42,33.97759988275614,-8.022400117243862
81,199,41,32.483890692640685,-8.516109307359315
81,200,40,36.300568632756125,-3.699431367243875
81,201,39,32.874598214285726,-6.125401785714274
81,202,38,33.162800099206336,-4.837199900793664
81,203,37,29.51462481962482,-7.485375180375179
81,204,36,30.698869047619034,-5.301130952380966
81,205,35,29.56764880952381,-5.43235119047619
81,206,34,31.159450983044735,-2.840549016955265
81,207,33,24.71987516534393,-8.280124834656071
81,208,32,27.91500000000002,-4.0849999999999795
81,209,31,24.536681547619054,-6.463318452380946
81,210,30,25.300260416666674,-4.699739583333326
81,211,29,20.989047619047625,-8.010952380952375
81,212,28,21.920136217948727,-6.079863782051273
81,213,27,18.54216517857143,-8.45783482142857
81,214,26,14.622834821428572,-11.377165178571428
81,215,25,15.813147321428566,-9.186852678571434
81,216,24,10.284918154761906,-13.715081845238094
81,217,23,7.972857142857146,-15.027142857142854
81,218,22,8.697604166666665,-13.302395833333335
81,219,21,8.34226934523809,-12.65773065476191
81,220,20,10.952745535714282,-9.047254464285718
81,221,19,8.750290178571424,-10.249709821428576
81,222,18,12.196376488095243,-5.803623511904757
81,223,17,9.69147862554112,-7.308521374458881
81,224,16,10.235456349206345,-5.764543650793655
81,225,15,9.491501943779904,-5.5084980562200965
81,226,14,8.556765873015868,-5.443234126984132
81,227,13,5.708824404761906,-7.291175595238094
81,228,12,6.229429112554104,-5.770570887445896
81,229,11,6.452008928571429,-4.547991071428571
81,230,10,5.078184523809522,-4.921815476190478
81,231,9,3.8079078733766245,-5.1920921266233755
81,232,8,3.550379464285715,-4.449620535714285
81,233,7,3.848816183816183,-3.151183816183817
81,234,6,3.7412833694083734,-2.2587166305916266
81,235,5,2.1201413690476185,-2.8798586309523815
81,236,4,0.0,-4.0
81,237,3,0.0,-3.0
81,238,2,0.0,-2.0
81,239,1,0.0,-1.0
81,240,0,0.0,0.0
82,1,125,119.27880952380956,-5.7211904761904435
82,2,125,119.953125,-5.046875
82,3,125,119.82291666666666,-5.177083333333343
82,4,125,119.03875000000001,-5.961249999999993
82,5,125,119.43679245283018,-5.563207547169824
82,6,125,119.91736607142857,-5.0826339285714255
82,7,125,120.0,-5.0
82,8,125,119.858125,-5.141874999999999
82,9,125,119.93984167692398,-5.060158323076024
82,10,125,119.99938271604938,-5.000617283950618
82,11,125,119.8623291446208,-5.1376708553791985
82,12,125,119.90539055984152,-5.094609440158479
82,13,125,119.98117897727272,-5.0188210227272805
82,14,125,119.96770833333332,-5.03229166666668
82,15,125,119.65347064393939,-5.346529356060614
82,16,125,119.39495377886003,-5.605046221139972
82,17,125,119.7890873015873,-5.210912698412699
82,18,125,119.76266186299081,-5.237338137009189
82,19,125,120.0,-5.0
82,20,125,119.77406249999999,-5.225937500000015
82,21,125,119.92125000000001,-5.078749999999985
82,22,125,119.56698688271607,-5.433013117283934
82,23,125,119.48905533256877,-5.510944667431232
82,24,125,119.92750771604938,-5.0724922839506235
82,25,125,119.92542438271605,-5.074575617283955
82,26,125,119.85125771604939,-5.148742283950611
82,27,125,119.77291666666665,-5.227083333333354
82,28,125,120.0,-5.0
82,29,125,119.6361535493827,-5.363846450617302
82,30,125,119.63479938271605,-5.365200617283946
82,31,125,119.01818452380955,-5.981815476190448
82,32,125,119.55212675763153,-5.447873242368473
82,33,125,118.10534104334583,-6.894658956654169
82,34,125,119.33863717429821,-5.6613628257017865
82,35,125,118.73967261904761,-6.26032738095239
82,36,125,118.06929272587516,-6.930707274124842
82,37,125,118.07570614330636,-6.924293856693637
82,38,125,118.62648600306599,-6.373513996934008
82,39,125,119.61847320824884,-5.381526791751156
82,40,125,119.7534809242982,-5.246519075701798
82,41,125,119.75905533509699,-5.240944664903012
82,42,125,119.82774822695038,-5.172251773049624
82,43,125,118.93567600108224,-6.064323998917757
82,44,125,119.86847835998879,-5.131521640011215
82,45,125,119.57129085998876,-5.428709140011236
82,46,125,119.76047240760784,-5.2395275923921645
82,47,125,119.56593101150392,-5.4340689884960796
82,48,125,118.22695278679657,-6.7730472132034265
82,49,125,119.09070591962862,-5.909294080371382
82,50,125,119.67804721320344,-5.321952786796558
82,51,125,119.46096036453464,-5.5390396354653575
82,52,125,119.2781811167506,-5.721818883249398
82,53,125,118.9337007618603,-6.066299238139706
82,54,125,119.53486243917712,-5.465137560822882
82,55,125,119.41650771604941,-5.583492283950591
82,56,125,119.1310686863291,-5.868931313670899
82,57,125,119.67633383784425,-5.323666162155746
82,58,125,119.44616898148146,-5.553831018518537
82,59,125,119.08299506843801,-5.917004931561991
82,60,125,119.03778023288442,-5.9622197671155845
82,61,125,119.68721836419755,-5.312781635802452
82,62,125,119.72646604938272,-5.273533950617278
82,63,125,118.63326163419913,-6.36673836580087
82,64,125,119.27177083333336,-5.728229166666637
82,65,125,119.80660335998877,-5.19339664001123
82,66,125,119.50354938271603,-5.496450617283969
82,67,125,119.33005608396233,-5.669943916037667
82,68,125,117.76509949994552,-7.234900500054479
82,69,125,117.29664905357512,-7.703350946424877
82,70,125,117.65340070007271,-7.346599299927291
82,71,125,117.9202483854428,-7.079751614557196
82,72,125,117.5486632839945,-7.4513367160055
82,73,125,118.09380982042646,-6.906190179573542
82,74,125,116.9741204995795,-8.025879500420501
82,75,125,115.10049201162614,-9.899507988373855
82,76,125,115.11183851619755,-9.888161483802449
82,77,125,114.78881532206897,-10.21118467793103
82,78,125,115.34293407555003,-9.657065924449967
82,79,125,118.78451388314299,-6.215486116857008
82,80,125,116.07722859807322,-8.92277140192678
82,81,125,116.08700086371962,-8.912999136280376
82,82,125,118.62766045875424,-6.372339541245765
82,83,125,114.26847568504914,-10.73152431495086
82,84,125,115.78719762057911,-9.212802379420893
82,85,125,118.30232456140352,-6.697675438596477
82,86,125,116.52159282194764,-8.478407178052365
82,87,125,117.2216112211352,-7.7783887788647945
82,88,125,115.339799370729,-9.660200629271003
82,89,125,116.42946833049787,-8.570531669502131
82,90,124,115.66290467133221,-8.337095328667786
82,91,123,112.01416702980075,-10.985832970199255
82,92,122,116.85952807082928,-5.140471929170715
82,93,121,117.18019221249435,-3.8198077875056526
82,94,120,118.04176747969002,-1.958232520309977
82,95,119,116.57494791666667,-2.425052083333327
82,96,118,116.65147727272726,-1.3485227272727371
82,97,117,114.08328869047618,-2.9167113095238193
82,98,116,114.6601161764296,-1.3398838235704034
82,99,115,113.88515879006596,-1.114841209934042
82,100,114,109.94278615365181,-4.057213846348191
82,101,113,112.75090062442231,-0.24909937557768558
82,102,112,107.8178142439322,-4.1821857560677955
82,103,111,108.31399306385035,-2.686006936149653
82,104,110,110.79857728359107,0.7985772835910723
82,105,109,110.76221757192965,1.7622175719296536
82,106,108,111.59396822839396,3.593968228393962
82,107,107,115.386554019708,8.386554019708
82,108,106,113.14700251957227,7.147002519572268
82,109,105,115.31894863406842,10.31894863406842
82,110,104,113.47813314351745,9.478133143517454
82,111,103,110.03637545001979,7.03637545001979
82,112,102,107.00750302678125,5.007503026781251
82,113,101,108.87615018031909,7.876150180319087
82,114,100,104.92282841397919,4.92282841397919
82,115,99,107.65471137751983,8.654711377519831
82,116,98,107.90180387552132,9.901803875521324
82,117,97,103.76372949907905,6.763729499079048
82,118,96,103.29147247695983,7.291472476959825
82,119,95,105.3203822817175,10.3203822817175
82,120,94,103.23125579077782,9.231255790777823
82,121,93,101.42391868592964,8.423918685929635
82,122,92,90.4936392544186,-1.5063607455814036
82,123,91,102.3117098970132,11.311709897013202
82,124,90,97.1789729209387,7.178972920938705
82,125,89,109.49712435134131,20.497124351341313
82,126,88,100.55323884089592,12.553238840895915
82,127,87,87.53807291666666,0.538072916666664
82,128,86,108.04051390913328,22.04051390913328
82,129,85,95.77132013030459,10.771320130304588
82,130,84,88.0625466994164,4.0625466994164015
82,131,83,98.9452036212009,15.945203621200903
82,132,82,93.4957962870463,11.495796287046304
82,133,81,84.41168311403507,3.411683114035071
82,134,80,80.48127294580422,0.4812729458042213
82,135,79,89.5262934680451,10.526293468045097
82,136,78,88.94235028860027,10.942350288600267
82,137,77,71.88188988095239,-5.118110119047614
82,138,76,82.27380704365079,6.273807043650791
82,139,75,89.47727137307561,14.47727137307561
82,140,74,77.99446428571429,3.9944642857142867
82,141,73,78.39461138327009,5.394611383270089
82,142,72,77.92700644841266,5.927006448412655
82,143,71,82.66311011904762,11.663110119047616
82,144,70,77.40567708333336,7.405677083333359
82,145,69,79.58173115079366,10.581731150793658
82,146,68,75.16303841991343,7.163038419913434
82,147,67,77.49769841269844,10.49769841269844
82,148,66,78.06626536749067,12.066265367490672
82,149,65,70.45275793650794,5.452757936507936
82,150,64,68.14570311938876,4.145703119388756
82,151,63,71.09497519841268,8.094975198412683
82,152,62,69.50727704678363,7.507277046783628
82,153,61,67.59387697463355,6.593876974633545
82,154,60,68.131860077011,8.131860077010998
82,155,59,68.43668654768902,9.436686547689021
82,156,58,59.44152186355312,1.4415218635531204
82,157,57,57.70125086266391,0.7012508626639118
82,158,56,54.05797619047619,-1.9420238095238105
82,159,55,60.825148050049336,5.825148050049336
82,160,54,56.866200828157346,2.8662008281573463
82,161,53,58.208273809523845,5.208273809523845
82,162,52,54.62984270993344,2.629842709933442
82,163,51,58.14768118874531,7.1476811887453096
82,164,50,52.62912202380952,2.629122023809522
82,165,49,54.06159729053447,5.061597290534472
82,166,48,50.04434523809523,2.0443452380952323
82,167,47,50.803298611111096,3.803298611111096
82,168,46,48.25636160714284,2.2563616071428427
82,169,45,45.38677503052504,0.3867750305250368
82,170,44,40.95098958333337,-3.0490104166666328
82,171,43,42.29816511387164,-0.7018348861283599
82,172,42,44.75113343253971,2.75113343253971
82,173,41,42.44103918650795,1.4410391865079504
82,174,40,41.1856572420635,1.185657242063499
82,175,39,39.738779761904766,0.738779761904766
82,176,38,38.61662698412698,0.6166269841269809
82,177,37,38.03257871240602,1.0325787124060213
82,178,36,34.75164434523811,-1.2483556547618875
82,179,35,34.0032068452381,-0.9967931547619031
82,180,34,35.344166666666666,1.3441666666666663
82,181,33,34.2671056547619,1.2671056547618988
82,182,32,31.18575148809522,-0.8142485119047791
82,183,31,30.673692956349207,-0.3263070436507931
82,184,30,30.066195436507932,0.06619543650793247
82,185,29,34.278070436507946,5.278070436507946
82,186,28,27.73351114163613,-0.2664888583638714
82,187,27,29.25347470238095,2.2534747023809487
82,188,26,31.206428571428567,5.206428571428567
82,189,25,31.91237103174602,6.912371031746019
82,190,24,29.610453869047618,5.610453869047618
82,191,23,30.6181919642857,7.6181919642857
82,192,22,28.21509672619048,6.215096726190481
82,193,21,28.49938988095238,7.4993898809523785
82,194,20,21.915639880952376,1.9156398809523765
82,195,19,16.28851190476191,-2.7114880952380886
82,196,18,16.80015376984127,-1.1998462301587303
82,197,17,15.34204365079366,-1.6579563492063407
82,198,16,11.98434523809523,-4.01565476190477
82,199,15,14.572284226190476,-0.4277157738095241
82,200,14,12.959112103174593,-1.0408878968254065
82,201,13,10.522038690476188,-2.4779613095238116
82,202,12,8.186760912698412,-3.8132390873015876
82,203,11,7.098125000000003,-3.901874999999997
82,204,10,6.491733630952378,-3.5082663690476217
82,205,9,4.31315972222222,-4.68684027777778
82,206,8,4.605230654761902,-3.394769345238098
82,207,7,4.043638392857142,-2.956361607142858
82,208,6,2.6579811507936526,-3.3420188492063474
82,209,5,0.7356547619047626,-4.264345238095237
82,210,4,0.0,-4.0
82,211,3,0.0,-3.0
82,212,2,0.0,-2.0
82,213,1,0.0,-1.0
82,214,0,0.0,0.0
83,1,125,119.69003364480491,-5.309966355195087
83,2,125,119.98055447813822,-5.019445521861783
83,3,125,119.99992947813821,-5.000070521861787
83,4,125,119.82232531147156,-5.177674688528441
83,5,125,119.79366567460318,-5.206334325396824
83,6,125,119.875,-5.125
83,7,125,119.9093253968254,-5.090674603174605
83,8,125,119.97794153036902,-5.022058469630977
83,9,125,119.86889246323531,-5.131107536764688
83,10,125,119.92227570829694,-5.077724291703063
83,11,125,119.90300487496359,-5.096995125036415
83,12,125,119.53124892258268,-5.468751077417323
83,13,125,119.99769847481348,-5.002301525186525
83,14,125,119.92166254905476,-5.0783374509452415
83,15,125,119.99983141132141,-5.000168588678591
83,16,125,119.99996527777778,-5.000034722222225
83,17,125,119.9254861111111,-5.074513888888902
83,18,125,119.96291558924933,-5.037084410750666
83,19,125,119.7646566606779,-5.2353433393221
83,20,125,119.95249892258266,-5.047501077417337
83,21,125,119.82222724465473,-5.1777727553452735
83,22,125,119.75795031147155,-5.2420496885284535
83,23,125,119.94246463988225,-5.057535360117754
83,24,125,119.51260352877111,-5.487396471228891
83,25,125,119.95916602877114,-5.040833971228864
83,26,125,119.97909614480491,-5.020903855195087
83,27,125,119.91541602877115,-5.084583971228852
83,28,125,119.9311794781382,-5.068820521861795
83,29,125,119.9702419781382,-5.029758021861795
83,30,125,119.91451281147154,-5.085487188528461
83,31,125,119.92229058924934,-5.077709410750657
83,32,125,119.41343642258266,-5.586563577417337
83,33,125,119.89755768326643,-5.102442316733573
83,34,125,119.9748314113214,-5.025168588678596
83,35,125,119.77151601659975,-5.2284839834002526
83,36,125,119.74254660347421,-5.25745339652579
83,37,125,119.47761453097954,-5.522385469020463
83,38,125,119.36103784588161,-5.6389621541183885
83,39,125,119.96407286431285,-5.035927135687146
83,40,125,119.58156180414554,-5.418438195854463
83,41,125,119.93174037557412,-5.0682596244258775
83,42,125,119.71678501843125,-5.283214981568747
83,43,125,119.6042701954378,-5.395729804562194
83,44,125,119.92326859287368,-5.076731407126317
83,45,125,119.61849632795509,-5.381503672044914
83,46,125,119.91507370890744,-5.0849262910925574
83,47,125,119.97017863354363,-5.029821366456375
83,48,125,119.99957767200517,-5.000422327994826
83,49,125,119.74769161183788,-5.25230838816212
83,50,125,119.12086239938364,-5.87913760061636
83,51,125,118.25276677972556,-6.747233220274438
83,52,125,119.09526785714283,-5.904732142857171
83,53,125,118.71535218253969,-6.284647817460311
83,54,125,118.73784226190476,-6.26215773809524
83,55,125,119.04984623015874,-5.950153769841265
83,56,125,118.67290178571432,-6.327098214285684
83,57,125,118.97328373015876,-6.026716269841245
83,58,125,119.46635308924935,-5.533646910750647
83,59,125,119.23997412099538,-5.7600258790046155
83,60,125,119.33322808924933,-5.666771910750668
83,61,125,119.46850694444444,-5.531493055555558
83,62,125,119.72406997046389,-5.275930029536113
83,63,125,119.73476692944503,-5.26523307055497
83,64,125,119.80069215693543,-5.199307843064574
83,65,125,118.17820922484984,-6.821790775150163
83,66,125,118.89303561373875,-6.106964386261254
83,67,125,119.49964583709172,-5.50035416290828
83,68,125,119.05169108744137,-5.94830891255863
83,69,125,118.95998131119366,-6.040018688806342
83,70,125,119.32819072475067,-5.6718092752493305
83,71,125,119.7520276874324,-5.247972312567597
83,72,125,118.46829828693247,-6.531701713067534
83,73,125,119.16109427616516,-5.838905723834841
83,74,125,118.90679541562528,-6.093204584374718
83,75,125,119.14790267706648,-5.852097322933517
83,76,125,117.60272381256792,-7.397276187432084
83,77,125,117.7355777789459,-7.2644222210541045
83,78,125,118.51803446611409,-6.481965533885912
83,79,125,117.7405725977806,-7.259427402219401
83,80,125,115.71390474650812,-9.28609525349188
83,81,125,118.47180852913107,-6.528191470868933
83,82,125,117.12881835009846,-7.871181649901544
83,83,125,116.48531151467378,-8.514688485326218
83,84,125,113.20739140342005,-11.792608596579953
83,85,125,116.72773065476193,-8.272269345238072
83,86,125,113.28200277777778,-11.717997222222223
83,87,125,115.43754464285716,-9.562455357142838
83,88,125,114.53491815476191,-10.465081845238089
83,89,125,116.27654761904762,-8.72345238095238
83,90,125,114.75282738095238,-10.247172619047618
83,91,125,113.34567326770453,-11.654326732295473
83,92,125,114.90073275862073,-10.099267241379266
83,93,125,115.32756817158415,-9.672431828415853
83,94,125,114.75217601669507,-10.247823983304926
83,95,125,114.88292990023251,-10.117070099767489
83,96,125,115.80433781742155,-9.195662182578445
83,97,125,114.94235744840648,-10.057642551593517
83,98,125,115.54484041291241,-9.455159587087593
83,99,125,115.4927084853251,-9.507291514674904
83,100,125,113.5768859577922,-11.4231140422078
83,101,125,115.15721776277026,-9.842782237229741
83,102,125,113.58301654534296,-11.416983454657043
83,103,125,112.09091524737838,-12.909084752621624
83,104,125,112.10113198578044,-12.898868014219559
83,105,125,110.48896801637727,-14.511031983622729
83,106,125,111.95783255693584,-13.042167443064159
83,107,125,112.45584465670966,-12.544155343290342
83,108,125,111.16179728835985,-13.83820271164015
83,109,125,113.8952529761905,-11.104747023809495
83,110,125,114.66416329665701,-10.335836703342991
83,111,125,114.04574003976094,-10.954259960239057
83,112,125,112.36505516011059,-12.634944839889414
83,113,125,110.86753814899369,-14.132461851006312
83,114,125,114.8333981254098,-10.1666018745902
83,115,125,112.84657377614903,-12.153426223850971
83,116,125,111.85354098113223,-13.146459018867773
83,117,125,111.37418783039875,-13.625812169601247
83,118,125,111.99089837545421,-13.009101624545792
83,119,125,113.0349868176493,-11.965013182350702
83,120,125,114.66318493980552,-10.336815060194482
83,121,125,114.11188262842757,-10.888117371572434
83,122,125,114.23117137098043,-10.768828629019566
83,123,125,114.28703098934443,-10.71296901065557
83,124,125,113.85026364798946,-11.149736352010535
83,125,125,112.6723610570516,-12.327638942948397
83,126,125,113.72277246251815,-11.27722753748185
83,127,125,114.30799699681236,-10.692003003187637
83,128,125,113.83937469942313,-11.160625300576868
83,129,125,115.28773286176613,-9.71226713823387
83,130,125,116.44609668066737,-8.553903319332633
83,131,125,115.94388275487957,-9.056117245120433
83,132,125,113.79901154032227,-11.200988459677731
83,133,125,111.46810403138531,-13.531895968614691
83,134,125,112.0349501617774,-12.965049838222598
83,135,125,106.2784209020147,-18.7215790979853
83,136,125,106.91376324689993,-18.086236753100067
83,137,125,111.17299818604052,-13.827001813959484
83,138,125,111.06697682974705,-13.933023170252952
83,139,125,111.56456115299432,-13.435438847005685
83,140,125,109.88837703207234,-15.111622967927659
83,141,125,111.81551652221874,-13.184483477781257
83,142,125,115.84404674390596,-9.155953256094037
83,143,125,114.72612682767492,-10.273873172325082
83,144,125,114.13299041587695,-10.867009584123053
83,145,125,112.65044110224733,-12.349558897752672
83,146,125,111.8310054666576,-13.1689945333424
83,147,125,109.8350372427085,-15.164962757291505
83,148,125,107.39604547577667,-17.603954524223326
83,149,125,107.74777712546025,-17.252222874539754
83,150,125,107.69393274224687,-17.306067257753128
83,151,125,108.22812440485612,-16.771875595143882
83,152,125,105.69330788874053,-19.306692111259466
83,153,125,106.42028725690065,-18.57971274309935
83,154,125,107.43042329843851,-17.569576701561488
83,155,125,109.99591043449156,-15.004089565508437
83,156,125,111.18245347817074,-13.817546521829257
83,157,125,110.48935333706667,-14.510646662933326
83,158,125,104.36725307182732,-20.63274692817268
83,159,125,108.36325716779284,-16.63674283220716
83,160,125,107.98054658667388,-17.01945341332612
83,161,125,104.1672567710068,-20.832743228993195
83,162,125,100.4421039900883,-24.5578960099117
83,163,125,106.07296880203134,-18.92703119796866
83,164,125,101.59923275582871,-23.40076724417129
83,165,125,103.50137493329403,-21.49862506670597
83,166,125,103.05355540432075,-21.946444595679253
83,167,125,102.32874845488784,-22.671251545112156
83,168,125,106.28128167738569,-18.718718322614308
83,169,124,105.7443366529304,-18.2556633470696
83,170,123,104.7678505592097,-18.232149440790295
83,171,122,105.65079200354748,-16.34920799645252
83,172,121,105.86615128612686,-15.133848713873135
83,173,120,102.4124831576805,-17.587516842319502
83,174,119,97.62513702571455,-21.37486297428545
83,175,118,102.53176898141935,-15.468231018580653
83,176,117,99.7737052524001,-17.226294747599894
83,177,116,101.63983330581053,-14.360166694189473
83,178,115,102.90569812859368,-12.094301871406316
83,179,114,104.1738597144237,-9.826140285576301
83,180,113,101.61780526807858,-11.382194731921416
83,181,112,104.0591395947052,-7.940860405294799
83,182,111,106.52228618870863,-4.477713811291366
83,183,110,103.36597630686872,-6.634023693131283
83,184,109,98.51243695660624,-10.487563043393763
83,185,108,104.52404535245962,-3.4759546475403766
83,186,107,103.31226576239098,-3.687734237609021
83,187,106,100.1512002622701,-5.848799737729905
83,188,105,104.17021928757742,-0.8297807124225756
83,189,104,103.94820463253954,-0.05179536746045699
83,190,103,102.99173157891846,-0.00826842108153869
83,191,102,104.93980684812433,2.9398068481243342
83,192,101,101.63711178993132,0.6371117899313248
83,193,100,105.95414991613832,5.95414991613832
83,194,99,106.96190158595691,7.961901585956909
83,195,98,107.609517491969,9.609517491969001
83,196,97,103.51327330628037,6.513273306280368
83,197,96,102.4221803374091,6.422180337409102
83,198,95,102.66191296004486,7.661912960044859
83,199,94,96.83810322671528,2.838103226715276
83,200,93,100.1093575584296,7.109357558429593
83,201,92,97.85971578226216,5.859715782262157
83,202,91,94.06200582095367,3.0620058209536722
83,203,90,91.64599970914102,1.645999709141023
83,204,89,95.84742444457433,6.8474244445743295
83,205,88,102.78486639765879,14.784866397658789
83,206,87,102.94136422731108,15.941364227311084
83,207,86,104.6224271362402,18.622427136240205
83,208,85,108.30510147345395,23.305101473453945
83,209,84,104.32374929970476,20.323749299704758
83,210,83,103.06098385714327,20.06098385714327
83,211,82,99.4986053558584,17.498605355858402
83,212,81,102.97039721083468,21.970397210834676
83,213,80,103.02422863033159,23.024228630331592
83,214,79,104.6447218248012,25.644721824801195
83,215,78,99.20367406899773,21.203674068997728
83,216,77,101.65257267128837,24.652572671288368
83,217,76,101.73993909547805,25.73993909547805
83,218,75,106.35671989674105,31.356719896741055
83,219,74,105.8786266785523,31.878626678552294
83,220,73,104.05127897778331,31.051278977783312
83,221,72,99.32977191802188,27.329771918021876
83,222,71,97.47716604112698,26.477166041126978
83,223,70,97.72838420607604,27.728384206076043
83,224,69,96.01807837353857,27.01807837353857
83,225,68,98.44890070058509,30.448900700585085
83,226,67,94.62485733450578,27.624857334505776
83,227,66,94.02934802402697,28.029348024026973
83,228,65,91.46497216325344,26.464972163253435
83,229,64,95.82940341609881,31.829403416098813
83,230,63,86.25404525083664,23.25404525083664
83,231,62,85.69293531479374,23.692935314793743
83,232,61,82.52745422995096,21.527454229950962
83,233,60,89.7219361578442,29.721936157844198
83,234,59,95.20430168525826,36.20430168525826
83,235,58,92.46065570014659,34.46065570014659
83,236,57,94.30641275804427,37.306412758044274
83,237,56,90.33468197755441,34.33468197755441
83,238,55,79.97237475198412,24.97237475198412
83,239,54,83.84031547619047,29.84031547619047
83,240,53,79.21651041666668,26.21651041666668
83,241,52,69.40667038690478,17.40667038690478
83,242,51,60.614431818181785,9.614431818181785
83,243,50,78.67165922619049,28.671659226190485
83,244,49,74.17060515873017,25.17060515873017
83,245,48,70.43518696581197,22.435186965811965
83,246,47,67.42220695970695,20.422206959706955
83,247,46,63.28049851190477,17.280498511904767
83,248,45,57.145669417388135,12.145669417388135
83,249,44,59.59263392857143,15.59263392857143
83,250,43,52.28844742063495,9.288447420634952
83,251,42,59.926164772727276,17.926164772727276
83,252,41,58.854283459595955,17.854283459595955
83,253,40,54.38531250000004,14.38531250000004
83,254,39,59.98568948412698,20.98568948412698
83,255,38,58.16201884920637,20.16201884920637
83,256,37,57.03013392857146,20.03013392857146
83,257,36,59.30733382936509,23.307333829365092
83,258,35,61.27434275793651,26.27434275793651
83,259,34,57.241210839599034,23.241210839599034
83,260,33,47.302991071428586,14.302991071428586
83,261,32,46.55104223901098,14.551042239010982
83,262,31,40.839283806471286,9.839283806471286
83,263,30,39.063789908008665,9.063789908008665
83,264,29,37.53914266289267,8.539142662892672
83,265,28,38.153712797619036,10.153712797619036
83,266,27,42.11173115079365,15.111731150793652
83,267,26,36.51295860389611,10.51295860389611
83,268,25,34.85455357142857,9.854553571428568
83,269,24,26.2841121031746,2.2841121031746
83,270,23,27.39053571428572,4.390535714285718
83,271,22,23.17226934523809,1.1722693452380888
83,272,21,24.471020646020644,3.4710206460206443
83,273,20,21.871547619047618,1.8715476190476181
83,274,19,18.923025685817805,-0.0769743141821948
83,275,18,18.320788690476185,0.32078869047618497
83,276,17,19.901904761904763,2.9019047619047633
83,277,16,20.606879058441564,4.606879058441564
83,278,15,14.813683035714284,-0.18631696428571587
83,279,14,13.36734747023809,-0.6326525297619092
83,280,13,14.875930059523803,1.875930059523803
83,281,12,11.157941468253963,-0.8420585317460372
83,282,11,8.49437127976191,-2.5056287202380894
83,283,10,7.03058035714286,-2.96941964285714
83,284,9,5.554367559523811,-3.4456324404761887
83,285,8,4.537879464285712,-3.4621205357142877
83,286,7,4.352167658730156,-2.6478323412698437
83,287,6,1.5151339285714283,-4.484866071428572
83,288,5,0.0,-5.0
83,289,4,0.0,-4.0
83,290,3,0.0,-3.0
83,291,2,0.0,-2.0
83,292,1,0.0,-1.0
83,293,0,0.0,0.0
84,1,125,93.67336565599031,-31.32663434400969
84,2,125,111.03566675514215,-13.964333244857855
84,3,125,113.26113001396709,-11.73886998603291
84,4,125,113.06034086124937,-11.939659138750628
84,5,125,114.24644550809978,-10.753554491900218
84,6,125,117.2210954454403,-7.778904554559702
84,7,125,116.4545069124134,-8.545493087586607
84,8,125,117.50437146137938,-7.495628538620622
84,9,125,117.11435235997642,-7.885647640023578
84,10,125,117.0958210444652,-7.904178955534803
84,11,125,112.55668321244191,-12.44331678755809
84,12,125,113.30668998436803,-11.693310015631965
84,13,125,111.42314600805953,-13.576853991940467
84,14,125,114.78857690597165,-10.211423094028348
84,15,125,113.04279214472763,-11.957207855272372
84,16,125,115.80400729149764,-9.19599270850236
84,17,125,117.19174079146816,-7.808259208531837
84,18,125,115.75323293166234,-9.246767068337661
84,19,125,113.6140590779099,-11.3859409220901
84,20,125,113.14869464031207,-11.851305359687927
84,21,125,112.4802920142034,-12.5197079857966
84,22,125,111.95444392555628,-13.045556074443724
84,23,125,112.77279013111756,-12.22720986888244
84,24,125,115.83860094147774,-9.161399058522264
84,25,125,110.69890794299106,-14.301092057008944
84,26,125,114.80121583213786,-10.198784167862144
84,27,125,111.88689707588571,-13.113102924114287
84,28,125,112.4459716871863,-12.5540283128137
84,29,125,112.69040812608102,-12.309591873918976
84,30,125,113.40871877863435,-11.591281221365648
84,31,125,116.20442579779282,-8.795574202207177
84,32,125,111.7507021598821,-13.249297840117904
84,33,125,109.9864239364897,-15.0135760635103
84,34,125,108.25322556664233,-16.746774433357672
84,35,125,115.83738966314267,-9.162610336857327
84,36,125,115.82645426016036,-9.17354573983964
84,37,125,117.05431882167436,-7.945681178325643
84,38,125,116.8424901684643,-8.157509831535705
84,39,125,115.9311000991004,-9.068899900899595
84,40,125,114.98377787668994,-10.016222123310058
84,41,125,113.88264869611412,-11.117351303885883
84,42,125,114.45243742470761,-10.547562575292389
84,43,125,108.26397087511002,-16.73602912488998
84,44,125,112.71922494525941,-12.280775054740587
84,45,125,115.00158824014314,-9.998411759856864
84,46,125,113.62004567827668,-11.379954321723318
84,47,125,117.09848412142802,-7.901515878571985
84,48,125,113.78299775985597,-11.217002240144026
84,49,125,114.0044696121347,-10.995530387865301
84,50,125,114.35719035148388,-10.64280964851612
84,51,125,113.64783977077873,-11.352160229221269
84,52,125,112.3269889907596,-12.673011009240398
84,53,125,113.4677628236868,-11.532237176313203
84,54,125,112.71774532111553,-12.28225467888447
84,55,125,110.42409617446421,-14.57590382553579
84,56,125,111.99911032661058,-13.000889673389423
84,57,125,111.44556620907368,-13.554433790926325
84,58,125,110.37030961693752,-14.629690383062481
84,59,125,112.66890208344596,-12.331097916554043
84,60,125,113.17534775941026,-11.824652240589742
84,61,125,107.024224264722,-17.975775735278006
84,62,125,108.20054359204251,-16.799456407957493
84,63,125,110.60701256632703,-14.392987433672971
84,64,125,109.23833803602811,-15.76166196397189
84,65,125,111.23623975544396,-13.763760244556039
84,66,125,111.31667191823358,-13.683328081766419
84,67,125,107.35832387115525,-17.64167612884475
84,68,125,104.20127273228334,-20.798727267716657
84,69,125,104.02670499321405,-20.973295006785946
84,70,125,107.1775896277874,-17.8224103722126
84,71,125,107.77954673706247,-17.220453262937525
84,72,125,107.84238468064943,-17.15761531935057
84,73,125,107.99618044127325,-17.003819558726747
84,74,125,103.75762743668015,-21.242372563319847
84,75,125,108.42930372025799,-16.57069627974201
84,76,125,106.94755073240738,-18.05244926759262
84,77,125,110.00311875047325,-14.996881249526751
84,78,125,102.42986946812725,-22.57013053187275
84,79,125,103.24799750093582,-21.752002499064176
84,80,125,104.10941931013065,-20.890580689869353
84,81,125,96.73951606286768,-28.26048393713232
84,82,125,99.62132425303064,-25.378675746969364
84,83,125,103.53402985488178,-21.46597014511822
84,84,125,94.2493970370288,-30.7506029629712
84,85,125,100.10342600529643,-24.896573994703573
84,86,125,98.10269833618436,-26.89730166381564
84,87,125,98.5872423676955,-26.412757632304505
84,88,125,93.57588722680518,-31.42411277319482
84,89,125,88.93723321371814,-36.062766786281856
84,90,125,90.40577005787365,-34.59422994212635
84,91,125,96.28163379836539,-28.71836620163461
84,92,125,86.22230418019481,-38.77769581980519
84,93,125,84.02789682539684,-40.97210317460316
84,94,125,89.4618321531199,-35.5381678468801
84,95,125,83.43875278869524,-41.56124721130476
84,96,125,83.76482095161785,-41.23517904838215
84,97,125,84.41452347130563,-40.58547652869437
84,98,125,84.81050849211177,-40.189491507888235
84,99,125,91.42925648300385,-33.570743516996146
84,100,125,90.480177744709,-34.519822255291004
84,101,125,90.17356878680621,-34.826431213193786
84,102,125,86.99831583756841,-38.00168416243159
84,103,125,86.94170887103685,-38.05829112896315
84,104,125,85.39581496741484,-39.604185032585164
84,105,125,94.30479951740661,-30.695200482593393
84,106,125,92.56474279203027,-32.43525720796973
84,107,125,90.12289365505816,-34.877106344941836
84,108,125,87.75976373332813,-37.24023626667187
84,109,125,85.41793669254186,-39.58206330745814
84,110,125,88.13635523057053,-36.86364476942947
84,111,125,85.03571496212118,-39.964285037878824
84,112,125,86.58107419020982,-38.41892580979018
84,113,125,86.98139350530654,-38.01860649469346
84,114,125,88.65635799706124,-36.343642002938765
84,115,125,87.85872950432649,-37.14127049567351
84,116,125,82.62792927483147,-42.37207072516853
84,117,125,82.66030965713031,-42.33969034286969
84,118,125,76.62479392135643,-48.37520607864357
84,119,125,79.90105433542678,-45.09894566457322
84,120,125,81.83778937817502,-43.16221062182498
84,121,125,85.44438036805022,-39.55561963194978
84,122,125,84.23072835671272,-40.76927164328728
84,123,125,73.52540922619045,-51.47459077380955
84,124,125,80.20303148581839,-44.796968514181614
84,125,125,78.77534663594602,-46.22465336405398
84,126,125,74.87066716269841,-50.12933283730159
84,127,125,63.270114087301565,-61.729885912698435
84,128,125,67.54339759199136,-57.456602408008635
84,129,125,62.94708222680103,-62.05291777319897
84,130,125,57.83637175324676,-67.16362824675323
84,131,125,62.68410949603448,-62.31589050396552
84,132,125,65.84228312486127,-59.15771687513873
84,133,125,75.58847470238098,-49.41152529761902
84,134,125,73.84593896742595,-51.15406103257405
84,135,125,71.12274843488136,-53.87725156511864
84,136,125,70.01969931899886,-54.98030068100114
84,137,125,79.69456731971198,-45.30543268028802
84,138,125,81.9648307855339,-43.035169214466094
84,139,125,80.11876331790393,-44.88123668209607
84,140,125,80.43091525260604,-44.56908474739396
84,141,125,80.46577199340226,-44.53422800659774
84,142,125,82.12962099488627,-42.87037900511373
84,143,124,83.6741381550435,-40.325861844956506
84,144,123,74.11762830553951,-48.88237169446049
84,145,122,71.10965390512266,-50.890346094877344
84,146,121,67.62759290169234,-53.37240709830766
84,147,120,79.79088198260074,-40.20911801739926
84,148,119,68.41351934523813,-50.58648065476187
84,149,118,72.8391351414135,-45.16086485858651
84,150,117,69.30941498067793,-47.69058501932207
84,151,116,56.90679105616605,-59.09320894383395
84,152,115,63.810708874458896,-51.189291125541104
84,153,114,56.793214285714285,-57.206785714285715
84,154,113,49.259624222132025,-63.740375777867975
84,155,112,45.2433140947594,-66.7566859052406
84,156,111,45.326981902135856,-65.67301809786414
84,157,110,44.55078382554946,-65.44921617445054
84,158,109,44.52834487203972,-64.47165512796028
84,159,108,44.815075120192304,-63.184924879807696
84,160,107,52.3401134257208,-54.6598865742792
84,161,106,56.26405257936509,-49.73594742063491
84,162,105,60.031912707390674,-44.968087292609326
84,163,104,62.460890997023824,-41.539109002976176
84,164,103,60.9756919642857,-42.0243080357143
84,165,102,55.38231894841272,-46.61768105158728
84,166,101,63.11728973283664,-37.88271026716336
84,167,100,54.709104866839255,-45.290895133160745
84,168,99,47.98933897658161,-51.01066102341839
84,169,98,48.697726435731944,-49.302273564268056
84,170,97,48.269579613095246,-48.730420386904754
84,171,96,46.116834172771675,-49.883165827228325
84,172,95,45.75541579131653,-49.24458420868347
84,173,94,55.96271081349207,-38.03728918650793
84,174,93,47.13405949980798,-45.86594050019202
84,175,92,43.502895524137074,-48.497104475862926
84,176,91,44.74024737123845,-46.25975262876155
84,177,90,41.69747698558588,-48.30252301441412
84,178,89,45.380418699737966,-43.619581300262034
84,179,88,41.53434595814131,-46.46565404185869
84,180,87,44.085282191001404,-42.914717808998596
84,181,86,36.389160804473306,-49.610839195526694
84,182,85,37.84061765919064,-47.15938234080936
84,183,84,46.57043898809523,-37.42956101190477
84,184,83,50.43368933150183,-32.56631066849817
84,185,82,48.03367120780797,-33.96632879219203
84,186,81,46.216647615583135,-34.783352384416865
84,187,80,49.44671314955109,-30.553286850448913
84,188,79,42.95212676324572,-36.04787323675428
84,189,78,45.76039661755135,-32.23960338244865
84,190,77,44.51152006327005,-32.48847993672995
84,191,76,45.337169225146184,-30.662830774853816
84,192,75,47.40101347117793,-27.598986528822067
84,193,74,43.11768529346123,-30.88231470653877
84,194,73,48.461149891774916,-24.538850108225084
84,195,72,39.89488184099398,-32.10511815900602
84,196,71,40.041213592693836,-30.958786407306164
84,197,70,38.70223311698086,-31.297766883019143
84,198,69,38.6780608454046,-30.3219391545954
84,199,68,38.406129267297025,-29.593870732702975
84,200,67,40.12137220418469,-26.878627795815312
84,201,66,36.447124474789916,-29.552875525210084
84,202,65,38.835140058062855,-26.164859941937145
84,203,64,39.349587391774875,-24.650412608225125
84,204,63,35.55259769438078,-27.44740230561922
84,205,62,31.95159846230159,-30.04840153769841
84,206,61,34.50934591450218,-26.490654085497823
84,207,60,34.76601496593683,-25.233985034063167
84,208,59,29.552701569264094,-29.447298430735906
84,209,58,29.18287648115772,-28.81712351884228
84,210,57,27.24659868113912,-29.75340131886088
84,211,56,29.099607076950825,-26.900392923049175
84,212,55,27.164218025420887,-27.835781974579113
84,213,54,26.933226351445683,-27.066773648554317
84,214,53,26.251306470869913,-26.748693529130087
84,215,52,26.376882141014296,-25.623117858985704
84,216,51,26.598359238263452,-24.401640761736548
84,217,50,27.161365964992598,-22.838634035007402
84,218,49,27.13636160714286,-21.86363839285714
84,219,48,24.607481129981142,-23.392518870018858
84,220,47,27.68432291666666,-19.31567708333334
84,221,46,26.370182629870122,-19.629817370129878
84,222,45,23.419069264069254,-21.580930735930746
84,223,44,26.187422386641128,-17.812577613358872
84,224,43,27.026467412285434,-15.973532587714566
84,225,42,25.402217627949533,-16.597782372050467
84,226,41,24.138566435392086,-16.861433564607914
84,227,40,22.256330717893224,-17.743669282106776
84,228,39,20.041003394250687,-18.958996605749313
84,229,38,20.3652793560606,-17.6347206439394
84,230,37,19.276919642857152,-17.723080357142848
84,231,36,18.14925595238095,-17.85074404761905
84,232,35,17.80447307900432,-17.19552692099568
84,233,34,20.200317982456145,-13.799682017543855
84,234,33,17.466441595577624,-15.533558404422376
84,235,32,18.007442226890753,-13.992557773109247
84,236,31,18.502581845238094,-12.497418154761906
84,237,30,17.014047619047616,-12.985952380952384
84,238,29,14.809919507575756,-14.190080492424244
84,239,28,16.986221478174606,-11.013778521825394
84,240,27,17.068539186507934,-9.931460813492066
84,241,26,11.677455357142858,-14.322544642857142
84,242,25,15.184419642857147,-9.815580357142853
84,243,24,11.54397435897436,-12.45602564102564
84,244,23,10.973474702380958,-12.026525297619042
84,245,22,11.087921626984123,-10.912078373015877
84,246,21,13.775037202380958,-7.2249627976190425
84,247,20,12.134191729323309,-7.865808270676691
84,248,19,15.449501488095233,-3.5504985119047667
84,249,18,12.503645833333344,-5.496354166666656
84,250,17,11.158303571428569,-5.8416964285714315
84,251,16,10.298539186507941,-5.701460813492059
84,252,15,6.836088789682538,-8.163911210317462
84,253,14,5.365312499999996,-8.634687500000004
84,254,13,7.065349702380955,-5.934650297619045
84,255,12,7.923365836466166,-4.076634163533834
84,256,11,6.196751253132835,-4.803248746867165
84,257,10,4.782760416666665,-5.217239583333335
84,258,9,6.6261194534632075,-2.3738805465367925
84,259,8,4.5067385912698406,-3.4932614087301594
84,260,7,0.0,-7.0
84,261,6,0.40648963464696575,-5.593510365353034
84,262,5,0.0,-5.0
84,263,4,0.0,-4.0
84,264,3,0.0,-3.0
84,265,2,0.0,-2.0
84,266,1,0.0,-1.0
84,267,0,0.0,0.0
85,1,125,116.5962701591277,-8.403729840872302
85,2,125,116.58764120805036,-8.412358791949643
85,3,125,116.20924561631816,-8.790754383681843
85,4,125,114.93799911346052,-10.06200088653948
85,5,125,115.84115792604914,-9.158842073950865
85,6,125,116.87434718576773,-8.125652814232268
85,7,125,116.51253764186879,-8.48746235813121
85,8,125,116.6117092210906,-8.388290778909393
85,9,125,116.81913427855493,-8.180865721445073
85,10,125,115.53222504864964,-9.467774951350364
85,11,125,116.70196469136582,-8.298035308634184
85,12,125,118.55952945893587,-6.44047054106413
85,13,125,117.02878955088129,-7.971210449118715
85,14,125,117.71812310036243,-7.281876899637567
85,15,125,119.25003002471286,-5.749969975287144
85,16,125,118.22685008912745,-6.773149910872547
85,17,125,118.82429187989194,-6.175708120108055
85,18,125,119.13736598384801,-5.862634016151986
85,19,125,118.91951621956362,-6.080483780436381
85,20,125,118.08077313687241,-6.919226863127591
85,21,125,117.47665629986336,-7.5233437001366354
85,22,125,118.51906286340459,-6.480937136595415
85,23,125,116.20314553705836,-8.796854462941639
85,24,125,118.81001319704733,-6.189986802952674
85,25,125,117.9574124733203,-7.0425875266796965
85,26,125,117.66167700414849,-7.338322995851513
85,27,125,117.29965737316056,-7.7003426268394435
85,28,125,117.25397503790157,-7.746024962098431
85,29,125,117.52779773751688,-7.472202262483123
85,30,125,118.49797874088456,-6.502021259115438
85,31,125,117.28842388726011,-7.711576112739891
85,32,125,118.73797654397121,-6.2620234560287855
85,33,125,117.4264618204553,-7.573538179544698
85,34,125,117.33177701771794,-7.66822298228206
85,35,125,118.09157599838616,-6.908424001613838
85,36,125,118.24538975241069,-6.754610247589312
85,37,125,117.2507873718533,-7.749212628146694
85,38,125,118.25609414498756,-6.743905855012443
85,39,125,118.57832487921833,-6.421675120781671
85,40,125,117.20350365870965,-7.79649634129035
85,41,125,118.4325065522022,-6.567493447797801
85,42,125,118.70078921273416,-6.299210787265835
85,43,125,117.96650601321521,-7.033493986784791
85,44,125,118.36133627922888,-6.63866372077112
85,45,125,118.08813723184144,-6.9118627681585565
85,46,125,117.70266537130922,-7.297334628690777
85,47,125,118.12563826070932,-6.874361739290677
85,48,125,115.91301134320099,-9.086988656799008
85,49,125,117.1290195664446,-7.8709804335554026
85,50,125,117.21833043629412,-7.781669563705876
85,51,125,118.517189655634,-6.482810344366001
85,52,125,116.74932142626498,-8.250678573735016
85,53,125,116.62934824635177,-8.370651753648232
85,54,125,115.16205267766536,-9.837947322334642
85,55,125,113.37866030405976,-11.621339695940236
85,56,125,115.32097663920231,-9.679023360797686
85,57,125,113.87441674493004,-11.125583255069955
85,58,125,115.6181841937715,-9.381815806228502
85,59,125,117.0947382666412,-7.905261733358799
85,60,125,115.54935436127565,-9.450645638724353
85,61,125,113.95132941494974,-11.04867058505026
85,62,125,113.29322537242767,-11.70677462757233
85,63,125,116.01911161786408,-8.980888382135916
85,64,124,112.47757229290448,-11.522427707095517
85,65,123,111.76838071452843,-11.231619285471567
85,66,122,113.14416211118404,-8.855837888815955
85,67,121,114.7693849363239,-6.2306150636760975
85,68,120,115.49931507207661,-4.500684927923388
85,69,119,113.41780112601012,-5.582198873989881
85,70,118,114.9731643148427,-3.0268356851572946
85,71,117,116.13353963304829,-0.8664603669517135
85,72,116,113.86443956801645,-2.1355604319835493
85,73,115,114.31112393875155,-0.6888760612484504
85,74,114,110.7394537688363,-3.2605462311637012
85,75,113,105.08202208083796,-7.917977919162041
85,76,112,107.97587688167182,-4.024123118328177
85,77,111,109.41223933676365,-1.5877606632363523
85,78,110,108.5595327482695,-1.440467251730496
85,79,109,108.85903630037205,-0.14096369962794597
85,80,108,102.69089725878897,-5.309102741211035
85,81,107,102.36012642204871,-4.639873577951292
85,82,106,104.46098021141822,-1.5390197885817827
85,83,105,103.97249882842804,-1.0275011715719558
85,84,104,99.6949912499221,-4.305008750077903
85,85,103,102.74441312169365,-0.25558687830634597
85,86,102,102.81800814210528,0.8180081421052847
85,87,101,97.42328434570285,-3.5767156542971463
85,88,100,98.60750793745652,-1.3924920625434822
85,89,99,89.39750937132357,-9.602490628676435
85,90,98,94.89587479220917,-3.1041252077908297
85,91,97,96.43000249301433,-0.569997506985672
85,92,96,95.43426881234237,-0.565731187657633
85,93,95,96.07024996811023,1.0702499681102324
85,94,94,94.18999425379432,0.18999425379432466
85,95,93,98.31283280783346,5.312832807833459
85,96,92,94.01948076606097,2.0194807660609655
85,97,91,93.9172194134554,2.917219413455399
85,98,90,91.32390433315229,1.323904333152285
85,99,89,89.84610879499363,0.8461087949936257
85,100,88,94.22756430592077,6.227564305920765
85,101,87,91.24462171447149,4.244621714471492
85,102,86,92.33533485130717,6.335334851307167
85,103,85,87.91006253413111,2.9100625341311144
85,104,84,84.54512173606938,0.5451217360693761
85,105,83,92.40910087028695,9.409100870286949
85,106,82,89.57430415121429,7.574304151214292
85,107,81,89.04077422175769,8.040774221757687
85,108,80,91.70215564103198,11.702155641031979
85,109,79,86.22486491519403,7.224864915194033
85,110,78,90.5757093363119,12.575709336311903
85,111,77,91.05099562691156,14.050995626911558
85,112,76,88.13805730569199,12.138057305691987
85,113,75,92.58702670428642,17.587026704286416
85,114,74,88.76693707721925,14.766937077219254
85,115,73,89.99325893296185,16.99325893296185
85,116,72,79.6408048417538,7.6408048417538055
85,117,71,72.42697185929379,1.4269718592937863
85,118,70,76.95549700809808,6.955497008098078
85,119,69,81.56136491391462,12.561364913914616
85,120,68,86.25135997645023,18.25135997645023
85,121,67,84.3737607249665,17.373760724966502
85,122,66,77.90722957747714,11.907229577477139
85,123,65,74.07714614694616,9.077146146946163
85,124,64,71.32347883938796,7.32347883938796
85,125,63,61.93230531690877,-1.0676946830912328
85,126,62,63.58994520042863,1.5899452004286303
85,127,61,64.70082865918802,3.7008286591880193
85,128,60,78.92467757500268,18.924677575002676
85,129,59,76.89610782967034,17.896107829670342
85,130,58,78.36059738467458,20.360597384674577
85,131,57,69.05916438290062,12.059164382900619
85,132,56,78.00572090690453,22.00572090690453
85,133,55,68.24051532825375,13.24051532825375
85,134,54,61.12435637748142,7.124356377481419
85,135,53,66.81884672619046,13.818846726190458
85,136,52,61.85620287698414,9.856202876984142
85,137,51,63.23583567942944,12.235835679429442
85,138,50,56.63320860920125,6.633208609201247
85,139,49,69.0611779413342,20.061177941334194
85,140,48,63.98277661064428,15.98277661064428
85,141,47,55.60006069094304,8.600060690943039
85,142,46,63.47707402279093,17.47707402279093
85,143,45,54.26093455155957,9.260934551559572
85,144,44,55.45638673979208,11.45638673979208
85,145,43,60.51443114177491,17.514431141774907
85,146,42,55.008174603174574,13.008174603174574
85,147,41,56.75147603264789,15.751476032647894
85,148,40,54.824529236065246,14.824529236065246
85,149,39,47.5956383930439,8.595638393043899
85,150,38,48.05227737540237,10.052277375402369
85,151,37,45.70759964514654,8.707599645146537
85,152,36,41.61210990398493,5.61210990398493
85,153,35,37.75206597222222,2.752065972222219
85,154,34,36.04122418380232,2.0412241838023206
85,155,33,31.76242146742147,-1.2375785325785316
85,156,32,40.69359241452993,8.693592414529931
85,157,31,41.11009794732126,10.110097947321258
85,158,30,37.45374747780469,7.45374747780469
85,159,29,38.498886650850935,9.498886650850935
85,160,28,32.29422490886305,4.29422490886305
85,161,27,33.38919687950938,6.389196879509377
85,162,26,26.832743390122438,0.8327433901224381
85,163,25,27.273650793650816,2.273650793650816
85,164,24,27.46025823317764,3.4602582331776404
85,165,23,26.217537202380953,3.217537202380953
85,166,22,26.902394356850856,4.902394356850856
85,167,21,23.980002384708467,2.9800023847084667
85,168,20,25.14564055735932,5.145640557359322
85,169,19,20.80130952380953,1.801309523809529
85,170,18,19.138147321428576,1.1381473214285762
85,171,17,18.091914682539684,1.0919146825396844
85,172,16,17.35367559523809,1.3536755952380908
85,173,15,16.015729166666674,1.0157291666666737
85,174,14,13.438655025530018,-0.5613449744699821
85,175,13,9.55383184523809,-3.44616815476191
85,176,12,10.000811011904753,-1.9991889880952467
85,177,11,9.524655257936505,-1.4753447420634949
85,178,10,8.48066964285714,-1.5193303571428594
85,179,9,5.322379712301586,-3.6776202876984136
85,180,8,7.553705357142858,-0.4462946428571417
85,181,7,5.105081845238093,-1.894918154761907
85,182,6,3.610505952380951,-2.389494047619049
85,183,5,3.400605158730162,-1.599394841269838
85,184,4,1.552956203314662,-2.447043796685338
85,185,3,0.6086904761904783,-2.3913095238095217
85,186,2,0.0,-2.0
85,187,1,0.0,-1.0
85,188,0,0.0,0.0
86,1,125,117.74132468181753,-7.258675318182469
86,2,125,112.579843223474,-12.420156776526
86,3,125,117.3813946217452,-7.618605378254799
86,4,125,116.4633387784523,-8.536661221547703
86,5,125,117.35896234064066,-7.641037659359341
86,6,125,114.631278501774,-10.368721498225995
86,7,125,116.15986078924189,-8.84013921075811
86,8,125,115.96009039340012,-9.039909606599878
86,9,125,116.46967795462031,-8.530322045379691
86,10,125,116.64169764039468,-8.358302359605318
86,11,125,116.79649439538964,-8.203505604610356
86,12,125,117.53415536633717,-7.465844633662826
86,13,125,117.0590419413273,-7.940958058672706
86,14,125,117.83257413699873,-7.16742586300127
86,15,125,115.551254392085,-9.448745607915
86,16,125,118.19558410240548,-6.804415897594524
86,17,125,116.1388342340571,-8.8611657659429
86,18,125,114.31221140301554,-10.687788596984461
86,19,125,114.41620632637266,-10.58379367362734
86,20,125,115.7370784961804,-9.262921503819598
86,21,125,118.29372535028355,-6.706274649716448
86,22,125,115.68112471697296,-9.31887528302704
86,23,125,117.11797614957553,-7.882023850424474
86,24,125,117.58817309015043,-7.411826909849566
86,25,125,115.73416817386185,-9.265831826138154
86,26,125,114.30047442511288,-10.699525574887119
86,27,125,115.96464535524635,-9.035354644753653
86,28,125,115.75324774656671,-9.246752253433286
86,29,125,117.0702552326953,-7.9297447673046975
86,30,125,114.66117757667314,-10.33882242332686
86,31,125,115.36706748699422,-9.632932513005784
86,32,125,115.18438918900772,-9.815610810992283
86,33,125,115.17532079955052,-9.82467920044948
86,34,125,114.56636945655823,-10.433630543441765
86,35,125,115.46044221493185,-9.539557785068155
86,36,125,116.17923263524449,-8.820767364755511
86,37,125,114.7468740427203,-10.253125957279707
86,38,125,114.18449234797387,-10.815507652026128
86,39,125,114.54165117542668,-10.45834882457332
86,40,125,117.0869153064921,-7.913084693507898
86,41,125,116.28320889122116,-8.716791108778835
86,42,125,115.1896040281107,-9.810395971889307
86,43,125,118.00380095440644,-6.996199045593556
86,44,125,118.48068862782767,-6.519311372172325
86,45,125,116.0452841229466,-8.954715877053403
86,46,125,115.81098603323908,-9.189013966760925
86,47,125,114.6587026071812,-10.341297392818802
86,48,125,114.29371097689106,-10.706289023108937
86,49,125,115.38980125275437,-9.610198747245633
86,50,125,116.13070188524678,-8.86929811475322
86,51,125,111.32293277145803,-13.677067228541972
86,52,125,111.84299412431672,-13.157005875683282
86,53,125,116.11850261826149,-8.881497381738512
86,54,125,112.25254040653847,-12.747459593461528
86,55,125,113.95106294622288,-11.048937053777124
86,56,125,113.34543508530483,-11.654564914695172
86,57,125,113.8160141705489,-11.183985829451103
86,58,125,114.20401943730788,-10.795980562692122
86,59,125,116.89920476568015,-8.100795234319847
86,60,125,114.860249770953,-10.139750229046996
86,61,125,115.61435240530334,-9.385647594696664
86,62,125,116.37343002262585,-8.626569977374146
86,63,125,116.48361584441753,-8.516384155582472
86,64,125,116.58996284408514,-8.410037155914864
86,65,125,115.31444676340477,-9.685553236595226
86,66,125,108.9638964073118,-16.036103592688207
86,67,125,114.49704825900797,-10.502951740992032
86,68,125,113.76377429376059,-11.23622570623941
86,69,125,114.06099832773018,-10.939001672269825
86,70,125,112.86407149303275,-12.135928506967247
86,71,125,109.47977997575587,-15.520220024244125
86,72,125,109.07205744007702,-15.927942559922982
86,73,125,110.21790774602262,-14.782092253977382
86,74,125,106.76856610643453,-18.231433893565466
86,75,125,105.71281862527675,-19.287181374723247
86,76,125,109.88673589249954,-15.113264107500456
86,77,125,104.00542408372783,-20.99457591627217
86,78,125,104.76528762206684,-20.234712377933164
86,79,125,101.37412294882537,-23.625877051174626
86,80,125,103.15289113137837,-21.847108868621632
86,81,125,101.35356742626774,-23.646432573732255
86,82,125,103.24130902934186,-21.758690970658137
86,83,125,100.5055667631718,-24.4944332368282
86,84,125,100.5761400164007,-24.4238599835993
86,85,125,99.64998807912448,-25.350011920875517
86,86,125,98.85490955233186,-26.14509044766814
86,87,125,98.71578739050457,-26.284212609495427
86,88,125,96.6047679930769,-28.395232006923095
86,89,125,91.80254224142733,-33.19745775857267
86,90,125,95.62633362159691,-29.373666378403087
86,91,125,88.83168113302041,-36.16831886697959
86,92,125,92.2759800150207,-32.72401998497929
86,93,125,88.56276769685573,-36.43723230314427
86,94,125,89.21382879640427,-35.78617120359573
86,95,125,94.23614542273974,-30.76385457726026
86,96,125,90.08025513559562,-34.91974486440438
86,97,125,91.75513240414409,-33.24486759585591
86,98,125,92.86710997541657,-32.13289002458343
86,99,125,86.91612944594489,-38.08387055405511
86,100,125,92.40125078695596,-32.598749213044044
86,101,125,86.94073745694324,-38.05926254305676
86,102,125,84.99811656949963,-40.00188343050037
86,103,125,90.92108206269654,-34.07891793730346
86,104,125,94.754851687813,-30.245148312187
86,105,125,88.99591372770378,-36.00408627229622
86,106,125,86.57983911306518,-38.42016088693482
86,107,125,93.67060990970336,-31.32939009029664
86,108,125,88.28557613176775,-36.714423868232245
86,109,125,84.64175524872925,-40.358244751270746
86,110,125,86.03229920587613,-38.96770079412387
86,111,125,85.66841820355232,-39.33158179644768
86,112,125,81.47724497965862,-43.52275502034138
86,113,125,88.12960687705669,-36.87039312294331
86,114,125,92.68078560960087,-32.319214390399125
86,115,125,84.01034748741617,-40.98965251258383
86,116,125,90.56925810306406,-34.43074189693594
86,117,125,82.9566881507271,-42.0433118492729
86,118,125,77.01843432410004,-47.98156567589996
86,119,125,80.46018189204419,-44.53981810795581
86,120,125,86.98394635846272,-38.01605364153728
86,121,125,83.75657385783808,-41.24342614216192
86,122,125,92.886410380595,-32.113589619405005
86,123,125,85.83300468486807,-39.16699531513193
86,124,125,87.6865926922679,-37.313407307732106
86,125,125,87.60192448645799,-37.39807551354201
86,126,125,86.86261473028327,-38.13738526971673
86,127,125,82.91887870652386,-42.081121293476144
86,128,125,93.42626896872314,-31.573731031276864
86,129,125,86.81040773178617,-38.18959226821383
86,130,125,85.26815690101441,-39.73184309898559
86,131,125,92.8973447219257,-32.102655278074295
86,132,125,88.0744190070651,-36.9255809929349
86,133,125,88.39708927127784,-36.602910728722165
86,134,125,83.27569775303397,-41.72430224696603
86,135,125,81.1297944977073,-43.870205502292706
86,136,125,86.83248569548788,-38.167514304512125
86,137,125,83.97055998423885,-41.02944001576115
86,138,125,82.82060917430776,-42.17939082569224
86,139,125,81.96900582280693,-43.030994177193065
86,140,125,80.40192339190203,-44.59807660809797
86,141,125,79.43927694905001,-45.56072305094999
86,142,125,74.10286082604127,-50.897139173958735
86,143,125,71.52770014840351,-53.47229985159649
86,144,125,68.01660195418748,-56.98339804581252
86,145,125,72.30331432736416,-52.69668567263584
86,146,125,76.15874403546833,-48.84125596453167
86,147,125,76.63365811220154,-48.366341887798455
86,148,125,78.90156926705964,-46.09843073294036
86,149,125,79.99987652340525,-45.00012347659475
86,150,125,82.84008211935995,-42.15991788064005
86,151,125,80.76661017619442,-44.23338982380558
86,152,125,83.20290728941917,-41.79709271058083
86,153,125,81.15041415370987,-43.849585846290125
86,154,124,87.46312321197854,-36.53687678802146
86,155,123,84.3509530265271,-38.649046973472906
86,156,122,74.97536783736857,-47.024632162631434
86,157,121,71.77664657635734,-49.22335342364266
86,158,120,75.38113941336108,-44.61886058663892
86,159,119,78.48872193045455,-40.511278069545455
86,160,118,78.33598048574089,-39.66401951425911
86,161,117,76.08863131541925,-40.91136868458075
86,162,116,78.08325147361411,-37.91674852638589
86,163,115,82.88296321750154,-32.11703678249846
86,164,114,77.07416679367304,-36.925833206326956
86,165,113,80.5044254738377,-32.4955745261623
86,166,112,88.46711409597381,-23.532885904026188
86,167,111,83.56899820711541,-27.431001792884587
86,168,110,82.36559660911502,-27.634403390884984
86,169,109,77.94174892544574,-31.058251074554263
86,170,108,68.33965657615482,-39.66034342384518
86,171,107,76.98180565385168,-30.01819434614832
86,172,106,71.09221394079147,-34.90778605920853
86,173,105,78.10996753439701,-26.890032465602985
86,174,104,67.4562919163994,-36.543708083600606
86,175,103,69.28652999686716,-33.71347000313284
86,176,102,68.67046707346246,-33.32953292653754
86,177,101,73.26281431824529,-27.73718568175471
86,178,100,69.30433149321556,-30.695668506784443
86,179,99,68.32957950621986,-30.670420493780142
86,180,98,74.44471204331958,-23.555287956680417
86,181,97,64.99149801587302,-32.00850198412698
86,182,96,71.80515256327756,-24.19484743672244
86,183,95,69.22581597222222,-25.77418402777778
86,184,94,66.80461157796452,-27.195388422035478
86,185,93,73.30202963425613,-19.69797036574387
86,186,92,66.40632440476188,-25.593675595238125
86,187,91,64.66102678571426,-26.338973214285744
86,188,90,75.11788573871715,-14.882114261282851
86,189,89,61.24004599567098,-27.759954004329018
86,190,88,66.58358384384385,-21.416416156156146
86,191,87,59.79836638104521,-27.201633618954787
86,192,86,65.29012345130636,-20.709876548693643
86,193,85,63.95551860936682,-21.04448139063318
86,194,84,63.38073967810864,-20.61926032189136
86,195,83,58.614084675536866,-24.385915324463134
86,196,82,59.720666399572664,-22.279333600427336
86,197,81,56.79805876068375,-24.20194123931625
86,198,80,52.11384920634919,-27.886150793650813
86,199,79,54.629207493895,-24.370792506104998
86,200,78,51.2130182072829,-26.7869817927171
86,201,77,56.93590674603176,-20.064093253968238
86,202,76,52.21953747294373,-23.780462527056272
86,203,75,49.85901900183153,-25.140980998168473
86,204,74,47.16549672549671,-26.83450327450329
86,205,73,46.73044295981795,-26.26955704018205
86,206,72,46.61567274305556,-25.384327256944438
86,207,71,44.95094861429422,-26.04905138570578
86,208,70,46.42378457633055,-23.576215423669453
86,209,69,44.22706845238095,-24.772931547619052
86,210,68,50.55595833333334,-17.444041666666656
86,211,67,45.66490936147188,-21.335090638528122
86,212,66,48.90637054283436,-17.09362945716564
86,213,65,49.60204877056187,-15.397951229438128
86,214,64,47.89267070791526,-16.107329292084742
86,215,63,40.10662594350093,-22.89337405649907
86,216,62,47.40109514137824,-14.598904858621758
86,217,61,43.154239010989,-17.845760989010998
86,218,60,47.95601333562271,-12.043986664377293
86,219,59,53.13560728977565,-5.864392710224351
86,220,58,47.399416666666674,-10.600583333333326
86,221,57,52.82382846320345,-4.176171536796552
86,222,56,41.52324900793649,-14.476750992063508
86,223,55,38.725140182884765,-16.274859817115235
86,224,54,38.16356682606225,-15.836433173937749
86,225,53,46.673651244588754,-6.326348755411246
86,226,52,36.55881493506494,-15.441185064935063
86,227,51,35.71766875832501,-15.282331241674989
86,228,50,38.91455801857455,-11.085441981425447
86,229,49,36.45962316176469,-12.54037683823531
86,230,48,35.60072359092522,-12.39927640907478
86,231,47,35.66999037114846,-11.330009628851542
86,232,46,36.16465554971989,-9.835344450280111
86,233,45,31.053802083333323,-13.946197916666677
86,234,44,32.42628548534799,-11.57371451465201
86,235,43,30.21281723484848,-12.78718276515152
86,236,42,27.677667315323568,-14.322332684676432
86,237,41,26.924080292443072,-14.075919707556928
86,238,40,25.190635666416917,-14.809364333583083
86,239,39,21.983536706349206,-17.016463293650794
86,240,38,23.233772321428564,-14.766227678571436
86,241,37,26.330619387009193,-10.669380612990807
86,242,36,21.052308646214897,-14.947691353785103
86,243,35,22.520968871104742,-12.479031128895258
86,244,34,20.411417887667888,-13.588582112332112
86,245,33,15.953690476190477,-17.046309523809523
86,246,32,14.58077992746011,-17.41922007253989
86,247,31,15.877117176301958,-15.122882823698042
86,248,30,13.548377976190476,-16.451622023809524
86,249,29,13.403591269841264,-15.596408730158736
86,250,28,9.734945436507932,-18.26505456349207
86,251,27,10.58558765172736,-16.41441234827264
86,252,26,6.87266121031746,-19.12733878968254
86,253,25,9.812584325396823,-15.187415674603177
86,254,24,10.002142857142854,-13.997857142857146
86,255,23,8.751450892857145,-14.248549107142855
86,256,22,12.359032738095237,-9.640967261904763
86,257,21,8.734761904761905,-12.265238095238095
86,258,20,7.617998511904769,-12.38200148809523
86,259,19,8.522738095238092,-10.477261904761908
86,260,18,8.79004464285715,-9.20995535714285
86,261,17,5.5283878968253966,-11.471612103174603
86,262,16,3.109095325630248,-12.890904674369752
86,263,15,0.3120982142857134,-14.687901785714287
86,264,14,0.0,-14.0
86,265,13,3.673936011904761,-9.326063988095239
86,266,12,0.8383085317460317,-11.161691468253968
86,267,11,1.2797023809523802,-9.72029761904762
86,268,10,0.18796644088670167,-9.8120335591133
86,269,9,0.44891882183908205,-8.551081178160917
86,270,8,0.7830505952380964,-7.216949404761904
86,271,7,0.0,-7.0
86,272,6,0.9899377705627703,-5.01006222943723
86,273,5,0.9256547619047613,-4.074345238095239
86,274,4,0.9178373015873014,-3.0821626984126986
86,275,3,0.0,-3.0
86,276,2,0.0,-2.0
86,277,1,0.0,-1.0
86,278,0,0.0,0.0
87,1,125,114.6499892445106,-10.350010755489393
87,2,125,115.31224548773612,-9.68775451226388
87,3,125,114.43206765792877,-10.56793234207123
87,4,125,112.15810316022574,-12.841896839774265
87,5,125,114.84094781158137,-10.159052188418627
87,6,125,112.18604548285164,-12.81395451714836
87,7,125,116.94254155638714,-8.057458443612859
87,8,125,118.59661225149212,-6.403387748507882
87,9,125,116.54194989423097,-8.458050105769033
87,10,125,115.8068784387688,-9.193121561231195
87,11,125,116.09416173323146,-8.90583826676854
87,12,125,117.67012616023348,-7.32987383976652
87,13,125,113.14142301066256,-11.858576989337436
87,14,125,115.15422737943929,-9.845772620560709
87,15,125,115.43261756712045,-9.567382432879555
87,16,125,112.58176220232534,-12.418237797674664
87,17,125,112.85636609602761,-12.143633903972386
87,18,125,111.10550405438453,-13.894495945615475
87,19,125,109.76005904861624,-15.239940951383758
87,20,125,113.57178934803835,-11.428210651961649
87,21,125,112.16873599998488,-12.831264000015125
87,22,125,113.42826370151234,-11.571736298487664
87,23,125,115.328677380765,-9.671322619235
87,24,125,116.82396205614229,-8.176037943857708
87,25,125,116.01751460173497,-8.982485398265027
87,26,125,117.4392669484674,-7.560733051532594
87,27,125,117.05736239671565,-7.9426376032843535
87,28,125,115.87684000104181,-9.123159998958187
87,29,125,116.16151379692569,-8.83848620307431
87,30,125,117.18570352401426,-7.814296475985742
87,31,125,116.12751354909422,-8.872486450905782
87,32,125,114.34938236295962,-10.650617637040384
87,33,125,115.3242722029174,-9.675727797082601
87,34,125,113.4622084334856,-11.5377915665144
87,35,125,114.28483320971563,-10.715166790284371
87,36,125,109.95461513884422,-15.045384861155782
87,37,125,115.47292888449707,-9.527071115502935
87,38,125,112.27069495494376,-12.729305045056236
87,39,125,114.95272294744716,-10.047277052552843
87,40,125,108.50338890054441,-16.496611099455592
87,41,125,113.49560037972878,-11.504399620271215
87,42,125,110.82160233577103,-14.178397664228967
87,43,125,109.3191047613639,-15.680895238636097
87,44,125,111.49637779245222,-13.503622207547778
87,45,125,117.00134735502363,-7.998652644976374
87,46,125,116.04802168960912,-8.951978310390885
87,47,125,109.00147461450703,-15.998525385492968
87,48,125,109.29444953256385,-15.705550467436154
87,49,125,115.83905812740768,-9.160941872592318
87,50,125,108.350943400253,-16.649056599747
87,51,125,107.82536284999007,-17.17463715000993
87,52,125,108.89453421871906,-16.10546578128094
87,53,125,110.63329483028228,-14.366705169717719
87,54,124,103.38664417769571,-20.613355822304285
87,55,123,109.73641100074599,-13.263588999254011
87,56,122,105.78183862171696,-16.218161378283042
87,57,121,107.49843364327519,-13.501566356724808
87,58,120,103.34721322209585,-16.652786777904154
87,59,119,104.34513317667219,-14.654866823327808
87,60,118,103.12013917119536,-14.879860828804638
87,61,117,97.67469567903959,-19.325304320960413
87,62,116,99.41434149406095,-16.58565850593905
87,63,115,101.68439955097904,-13.315600449020963
87,64,114,99.59812070419079,-14.40187929580921
87,65,113,97.34593617847885,-15.654063821521149
87,66,112,106.31109706958303,-5.6889029304169725
87,67,111,101.51377673240518,-9.486223267594823
87,68,110,100.96489939409851,-9.03510060590149
87,69,109,106.47656968062586,-2.5234303193741425
87,70,108,105.63058354699244,-2.3694164530075597
87,71,107,100.82892652679011,-6.171073473209887
87,72,106,105.37601037295724,-0.6239896270427607
87,73,105,98.6329318811404,-6.367068118859606
87,74,104,103.42099333253991,-0.5790066674600922
87,75,103,101.86178090037822,-1.1382190996217787
87,76,102,98.9780632490072,-3.0219367509927935
87,77,101,99.65773610085928,-1.3422638991407183
87,78,100,101.05165318250324,1.0516531825032445
87,79,99,92.69101665629793,-6.308983343702067
87,80,98,92.83096170293884,-5.169038297061164
87,81,97,97.99584741171543,0.995847411715431
87,82,96,94.6892839406422,-1.3107160593578016
87,83,95,84.82145207357945,-10.17854792642055
87,84,94,89.25810287384323,-4.741897126156772
87,85,93,85.02759663610223,-7.972403363897769
87,86,92,88.24194763776724,-3.7580523622327604
87,87,91,91.65860941720672,0.6586094172067192
87,88,90,91.32629306488376,1.3262930648837568
87,89,89,83.32420424466872,-5.675795755331279
87,90,88,84.43718511478389,-3.5628148852161132
87,91,87,83.57694515507708,-3.423054844922916
87,92,86,93.18268938247795,7.182689382477946
87,93,85,93.41763597944617,8.417635979446175
87,94,84,87.03531545983097,3.0353154598309686
87,95,83,90.39133912912453,7.391339129124532
87,96,82,90.11787900815129,8.117879008151291
87,97,81,86.15662509867056,5.15662509867056
87,98,80,84.19426259814746,4.194262598147461
87,99,79,87.17489013695726,8.17489013695726
87,100,78,83.23128931695736,5.231289316957358
87,101,77,86.86351014975095,9.863510149750951
87,102,76,90.46468221895701,14.464682218957009
87,103,75,83.72817017677353,8.728170176773531
87,104,74,83.73368310549719,9.733683105497192
87,105,73,85.85970698260847,12.859706982608472
87,106,72,87.83079113784343,15.830791137843434
87,107,71,84.6509653512846,13.650965351284597
87,108,70,83.69815959547795,13.698159595477946
87,109,69,93.5406212105817,24.540621210581705
87,110,68,83.53749517092307,15.537495170923066
87,111,67,79.65723543774264,12.657235437742642
87,112,66,78.25416122592176,12.254161225921763
87,113,65,73.03822985015226,8.038229850152263
87,114,64,66.68313302437625,2.6831330243762466
87,115,63,71.92757265620443,8.927572656204433
87,116,62,72.01038657842523,10.010386578425226
87,117,61,74.9394514339827,13.939451433982697
87,118,60,66.46272424264421,6.462724242644214
87,119,59,67.70499277712057,8.704992777120566
87,120,58,67.09791536561787,9.097915365617865
87,121,57,59.32259104255735,2.322591042557349
87,122,56,62.9712345467033,6.9712345467033
87,123,55,65.3210654052186,10.321065405218604
87,124,54,60.80581444035947,6.80581444035947
87,125,53,67.08819400982539,14.088194009825386
87,126,52,67.42663840635069,15.42663840635069
87,127,51,62.413547656483985,11.413547656483985
87,128,50,62.353084490740756,12.353084490740756
87,129,49,56.277395833333344,7.277395833333344
87,130,48,59.03813244047619,11.03813244047619
87,131,47,60.261391167043726,13.261391167043726
87,132,46,56.96691468253969,10.966914682539688
87,133,45,59.94741505456349,14.947415054563493
87,134,44,50.726904761904756,6.7269047619047555
87,135,43,50.6278298611111,7.627829861111103
87,136,42,50.7803125,8.7803125
87,137,41,58.73608688186812,17.73608688186812
87,138,40,48.59312916627454,8.593129166274537
87,139,39,54.00248196248198,15.00248196248198
87,140,38,60.06863354037267,22.068633540372673
87,141,37,49.231125992063504,12.231125992063504
87,142,36,46.1818112096237,10.181811209623703
87,143,35,46.02711916167713,11.027119161677128
87,144,34,35.44563492063491,1.4456349206349088
87,145,33,32.292956349206335,-0.7070436507936648
87,146,32,30.913477182539687,-1.0865228174603132
87,147,31,32.97362570028011,1.9736257002801096
87,148,30,32.32045386904761,2.3204538690476113
87,149,29,26.78618303571427,-2.21381696428573
87,150,28,27.15545873481357,-0.8445412651864288
87,151,27,31.53704085061446,4.53704085061446
87,152,26,25.87468867481204,-0.1253113251879583
87,153,25,28.4235863095238,3.423586309523799
87,154,24,24.81476915445665,0.8147691544566484
87,155,23,25.378044329573935,2.3780443295739353
87,156,22,27.738369882568414,5.7383698825684135
87,157,21,24.877160450509628,3.8771604505096278
87,158,20,23.054843358396,3.054843358395999
87,159,19,21.605594846491226,2.6055948464912255
87,160,18,18.35623511904761,0.35623511904761074
87,161,17,14.197090382205513,-2.802909617794487
87,162,16,14.941651785714289,-1.0583482142857115
87,163,15,9.813340548340545,-5.186659451659455
87,164,14,8.734057685574232,-5.265942314425768
87,165,13,6.868266369047621,-6.131733630952379
87,166,12,9.533969155844156,-2.466030844155844
87,167,11,6.734804067460317,-4.265195932539683
87,168,10,8.353945932539684,-1.646054067460316
87,169,9,7.623913690476192,-1.3760863095238083
87,170,8,6.053169642857144,-1.946830357142856
87,171,7,3.076368596681096,-3.923631403318904
87,172,6,1.7324702380952361,-4.267529761904764
87,173,5,3.0354315476190497,-1.9645684523809503
87,174,4,0.29142090548340605,-3.708579094516594
87,175,3,0.0,-3.0
87,176,2,0.0,-2.0
87,177,1,0.0,-1.0
87,178,0,0.0,0.0
88,1,125,116.56983901595427,-8.430160984045727
88,2,125,116.5756836702576,-8.424316329742396
88,3,125,114.82281795956024,-10.17718204043976
88,4,125,114.13704227036632,-10.862957729633678
88,5,125,113.55274810842154,-11.44725189157846
88,6,125,117.09500405784725,-7.904995942152752
88,7,125,115.19143520794447,-9.808564792055535
88,8,125,115.4013911310582,-9.598608868941795
88,9,125,115.9205613999003,-9.079438600099706
88,10,125,114.60909904994321,-10.390900950056789
88,11,125,114.95729150202396,-10.042708497976037
88,12,125,113.33127461031818,-11.668725389681825
88,13,125,115.42618910737501,-9.57381089262499
88,14,125,115.80823363428212,-9.191766365717882
88,15,125,110.7874399405961,-14.212560059403899
88,16,125,113.23413422792767,-11.765865772072331
88,17,125,114.0364481327344,-10.963551867265593
88,18,125,112.46123006699152,-12.538769933008481
88,19,125,112.188908217113,-12.811091782887004
88,20,125,116.08711612470161,-8.912883875298391
88,21,125,113.22999711111171,-11.770002888888285
88,22,125,112.68080937522723,-12.319190624772773
88,23,125,115.20855771555247,-9.791442284447527
88,24,125,114.29715530404863,-10.70284469595137
88,25,125,117.94893527614269,-7.0510647238573085
88,26,125,116.53111286587057,-8.468887134129432
88,27,125,114.56759393650609,-10.432406063493914
88,28,125,115.80875225937413,-9.191247740625869
88,29,125,115.86371525700766,-9.136284742992345
88,30,125,116.39472510786996,-8.60527489213004
88,31,125,115.11507516900777,-9.884924830992233
88,32,125,116.50476283566368,-8.495237164336316
88,33,125,113.44064055397196,-11.55935944602804
88,34,125,115.29472551019458,-9.705274489805419
88,35,125,116.32769090122413,-8.67230909877587
88,36,125,114.26788170390094,-10.73211829609906
88,37,125,112.3497229632969,-12.650277036703102
88,38,125,112.39434171443784,-12.605658285562157
88,39,125,112.34112734686937,-12.65887265313063
88,40,125,109.24033687790063,-15.759663122099369
88,41,125,115.74322836529488,-9.256771634705117
88,42,125,113.01838893816435,-11.98161106183565
88,43,125,114.18561850878362,-10.81438149121638
88,44,125,110.1897552816753,-14.810244718324697
88,45,125,111.48871228772376,-13.511287712276243
88,46,125,112.29877430924769,-12.70122569075231
88,47,125,116.3511513985131,-8.648848601486904
88,48,125,114.09736521278269,-10.902634787217309
88,49,125,112.66715847985651,-12.33284152014349
88,50,125,113.24311664429038,-11.756883355709618
88,51,125,114.79945113029461,-10.200548869705386
88,52,125,106.6722971865689,-18.327702813431102
88,53,125,112.28882414437865,-12.711175855621349
88,54,125,112.99363722219614,-12.006362777803858
88,55,125,112.8478653269186,-12.152134673081406
88,56,125,109.48463666145264,-15.51536333854736
88,57,125,106.82743594659598,-18.172564053404017
88,58,125,109.65008429207612,-15.349915707923884
88,59,125,110.76154783572801,-14.23845216427199
88,60,125,108.09223779342713,-16.90776220657287
88,61,125,111.97639049113498,-13.023609508865022
88,62,125,108.21124133711926,-16.78875866288074
88,63,125,109.29992305131096,-15.700076948689045
88,64,125,109.99971433053463,-15.00028566946537
88,65,125,112.07022940764861,-12.929770592351389
88,66,125,112.4929593594145,-12.507040640585501
88,67,125,107.44928582305431,-17.55071417694569
88,68,125,111.91211035421165,-13.087889645788351
88,69,125,102.29323287716541,-22.70676712283459
88,70,125,108.49144884369166,-16.508551156308343
88,71,125,112.86161412285932,-12.138385877140678
88,72,125,109.93493253032796,-15.065067469672044
88,73,125,102.80285770247869,-22.19714229752131
88,74,125,102.3677261699924,-22.632273830007605
88,75,125,96.35628718066835,-28.643712819331654
88,76,125,100.73392925427979,-24.266070745720214
88,77,125,97.83361119671649,-27.16638880328351
88,78,125,96.98029611260812,-28.019703887391884
88,79,125,93.95384737628454,-31.046152623715457
88,80,125,96.72863372520405,-28.27136627479595
88,81,125,100.14405826704453,-24.855941732955472
88,82,125,102.02322651249355,-22.97677348750645
88,83,125,92.30964562354839,-32.69035437645161
88,84,125,94.90643012015146,-30.093569879848545
88,85,125,97.67504571918475,-27.32495428081525
88,86,125,94.74434438137757,-30.255655618622427
88,87,125,92.3442011029511,-32.655798897048896
88,88,125,90.70249490653018,-34.29750509346982
88,89,124,93.40652980439579,-30.593470195604212
88,90,123,95.68389576333799,-27.316104236662014
88,91,122,97.53470656990228,-24.465293430097717
88,92,121,95.54377964917023,-25.456220350829767
88,93,120,92.43112060624658,-27.56887939375342
88,94,119,91.27310014507006,-27.72689985492994
88,95,118,87.66563651078455,-30.33436348921545
88,96,117,84.59355983084974,-32.40644016915026
88,97,116,88.7928205472633,-27.207179452736696
88,98,115,75.59119408369409,-39.40880591630591
88,99,114,88.8822145357565,-25.117785464243497
88,100,113,91.51084998429656,-21.489150015703444
88,101,112,84.62490466545235,-27.37509533454765
88,102,111,86.86228793511498,-24.137712064885022
88,103,110,89.31315585473581,-20.68684414526419
88,104,109,82.0892128541445,-26.910787145855494
88,105,108,82.92773029660836,-25.07226970339164
88,106,107,74.99046560877473,-32.00953439122527
88,107,106,79.29188541420397,-26.708114585796025
88,108,105,76.11898286150122,-28.881017138498777
88,109,104,79.2801297006852,-24.719870299314806
88,110,103,75.06883236769862,-27.93116763230138
88,111,102,82.60876560899435,-19.391234391005653
88,112,101,77.08315443064467,-23.91684556935533
88,113,100,73.98021211303528,-26.01978788696472
88,114,99,74.07087180710539,-24.92912819289461
88,115,98,74.07427591515398,-23.925724084846024
88,116,97,74.92808755230043,-22.071912447699574
88,117,96,69.13870333371975,-26.861296666280253
88,118,95,66.02965054104915,-28.97034945895085
88,119,94,78.07952085146391,-15.920479148536089
88,120,93,82.75929309749917,-10.240706902500833
88,121,92,69.4991792757045,-22.500820724295494
88,122,91,69.14532916606703,-21.85467083393297
88,123,90,67.46079585336142,-22.539204146638582
88,124,89,75.70799808893392,-13.29200191106608
88,125,88,74.06117212722708,-13.938827872772919
88,126,87,71.34638195428153,-15.653618045718474
88,127,86,71.605357703979,-14.394642296021004
88,128,85,64.07845731494153,-20.92154268505847
88,129,84,66.68056435362234,-17.319435646377656
88,130,83,66.51363226303634,-16.486367736963658
88,131,82,67.51254459931516,-14.487455400684837
88,132,81,72.83244234931736,-8.167557650682639
88,133,80,69.80077230929002,-10.199227690709975
88,134,79,70.9440056729069,-8.055994327093103
88,135,78,61.44763276201314,-16.552367237986857
88,136,77,62.86664918056083,-14.133350819439173
88,137,76,60.098634878686255,-15.901365121313745
88,138,75,59.10320853768759,-15.896791462312407
88,139,74,56.454719012605025,-17.545280987394975
88,140,73,62.450026185500334,-10.549973814499666
88,141,72,58.59781584533037,-13.402184154669627
88,142,71,66.57171502976192,-4.4282849702380815
88,143,70,61.05298201596527,-8.94701798403473
88,144,69,69.6907618400621,0.6907618400620947
88,145,68,58.68804654866331,-9.311953451336692
88,146,67,59.89267113095238,-7.10732886904762
88,147,66,56.94554811507936,-9.054451884920638
88,148,65,55.28550595238096,-9.714494047619041
88,149,64,53.201952569102346,-10.798047430897654
88,150,63,47.172770337301564,-15.827229662698436
88,151,62,49.42765625,-12.572343750000002
88,152,61,47.53431006493506,-13.465689935064937
88,153,60,48.98677038239536,-11.013229617604637
88,154,59,47.3175744047619,-11.6824255952381
88,155,58,47.447848366910875,-10.552151633089125
88,156,57,48.85922618060819,-8.14077381939181
88,157,56,53.02991638102609,-2.9700836189739093
88,158,55,44.69760416666667,-10.302395833333328
88,159,54,46.005173628454884,-7.994826371545116
88,160,53,46.273552083333335,-6.726447916666665
88,161,52,46.6874766031688,-5.312523396831203
88,162,51,47.5841288919414,-3.415871108058603
88,163,50,46.019101695718085,-3.980898304281915
88,164,49,46.266412545787546,-2.7335874542124543
88,165,48,44.39015377761609,-3.609846222383908
88,166,47,44.90026298234814,-2.0997370176518615
88,167,46,39.951755952380964,-6.048244047619036
88,168,45,42.811594065656564,-2.188405934343436
88,169,44,40.213587950244204,-3.7864120497557963
88,170,43,40.7156955128205,-2.2843044871794973
88,171,42,36.26484432234433,-5.735155677655669
88,172,41,36.053325320512826,-4.946674679487174
88,173,40,33.01925538003664,-6.98074461996336
88,174,39,32.460865575396824,-6.539134424603176
88,175,38,32.25974025974025,-5.740259740259752
88,176,37,33.03527529761902,-3.964724702380977
88,177,36,31.314050775613268,-4.685949224386732
88,178,35,28.717946428571423,-6.282053571428577
88,179,34,30.65227926587302,-3.3477207341269803
88,180,33,28.253631628787865,-4.746368371212135
88,181,32,27.34331845238095,-4.656681547619051
88,182,31,25.56640463250518,-5.433595367494821
88,183,30,28.071770833333332,-1.928229166666668
88,184,29,23.592929743867238,-5.407070256132762
88,185,28,27.22658482142858,-0.773415178571419
88,186,27,22.906206033549772,-4.093793966450228
88,187,26,21.576130952380943,-4.423869047619057
88,188,25,19.82778273809524,-5.172217261904759
88,189,24,19.305691964285714,-4.694308035714286
88,190,23,17.73023809523811,-5.269761904761889
88,191,22,15.783794642857146,-6.216205357142854
88,192,21,15.55725446428572,-5.44274553571428
88,193,20,18.41388392857143,-1.5861160714285703
88,194,19,14.385768849206357,-4.614231150793643
88,195,18,15.971140873015877,-2.0288591269841234
88,196,17,15.062445436507943,-1.937554563492057
88,197,16,11.03461309523809,-4.96538690476191
88,198,15,12.631351817042606,-2.3686481829573935
88,199,14,9.545029761904763,-4.454970238095237
88,200,13,10.683809523809526,-2.3161904761904744
88,201,12,9.710052083333334,-2.289947916666666
88,202,11,8.772462797619047,-2.2275372023809528
88,203,10,8.400401370376695,-1.599598629623305
88,204,9,5.766275062656641,-3.233724937343359
88,205,8,8.471842757936505,0.4718427579365052
88,206,7,6.125863095238092,-0.8741369047619081
88,207,6,5.81316344246032,-0.18683655753967976
88,208,5,5.490926339285718,0.4909263392857177
88,209,4,4.107083333333332,0.10708333333333186
88,210,3,2.4867199900793633,-0.5132800099206367
88,211,2,1.272619047619047,-0.7273809523809529
88,212,1,0.0,-1.0
88,213,0,0.0,0.0
89,1,125,118.4970010378252,-6.5029989621748
89,2,125,117.82099199493959,-7.17900800506041
89,3,125,118.31065814393942,-6.6893418560605795
89,4,125,119.32892386005963,-5.671076139940368
89,5,125,115.55890305693553,-9.441096943064466
89,6,125,116.66078168480422,-8.33921831519578
89,7,125,117.76946246206822,-7.230537537931781
89,8,125,118.22332779550425,-6.776672204495753
89,9,125,117.99872811892223,-7.00127188107777
89,10,125,118.69282352455593,-6.3071764754440665
89,11,125,118.62810758906366,-6.37189241093634
89,12,125,117.60870060860944,-7.391299391390561
89,13,125,117.61645494856614,-7.383545051433856
89,14,125,117.46030110857707,-7.53969889142293
89,15,125,118.70503257252298,-6.294967427477019
89,16,125,118.1580530538088,-6.8419469461912
89,17,125,117.04432650803972,-7.955673491960283
89,18,125,118.110471648568,-6.889528351432006
89,19,125,117.56745685788455,-7.432543142115449
89,20,125,116.2201231833313,-8.779876816668704
89,21,125,117.29517115054891,-7.70482884945109
89,22,125,117.33597995048487,-7.6640200495151305
89,23,125,117.81211054239051,-7.1878894576094865
89,24,125,117.53593844361899,-7.4640615563810115
89,25,125,118.00989893691956,-6.990101063080445
89,26,125,118.87831298548383,-6.121687014516169
89,27,125,118.35569300492166,-6.644306995078338
89,28,125,118.66735108970447,-6.332648910295532
89,29,125,118.32541234724943,-6.674587652750574
89,30,125,118.64219854511707,-6.357801454882932
89,31,125,118.9426390735056,-6.057360926494397
89,32,125,118.67713585691286,-6.322864143087145
89,33,125,118.39434421265234,-6.605655787347658
89,34,125,117.56806877972897,-7.431931220271025
89,35,125,115.59716503263569,-9.402834967364313
89,36,125,118.2821672134497,-6.717832786550304
89,37,125,116.47728204557038,-8.522717954429623
89,38,125,117.00966098682495,-7.990339013175046
89,39,125,117.73370067126893,-7.2662993287310655
89,40,125,117.11177632103912,-7.888223678960884
89,41,125,117.44300782522365,-7.556992174776354
89,42,125,115.33378965383356,-9.666210346166437
89,43,125,114.53980348558207,-10.46019651441793
89,44,125,115.80711055424743,-9.19288944575257
89,45,125,116.49546414023605,-8.504535859763948
89,46,125,117.15014590110889,-7.8498540988911145
89,47,125,115.06423766085284,-9.93576233914716
89,48,125,115.18441335747816,-9.815586642521836
89,49,125,115.79962369481973,-9.20037630518027
89,50,125,116.85644933567251,-8.143550664327492
89,51,125,116.39309839870869,-8.606901601291312
89,52,125,115.95993451702316,-9.040065482976843
89,53,125,113.89400360684631,-11.105996393153688
89,54,125,113.5841121459301,-11.415887854069894
89,55,125,108.65478629931268,-16.345213700687324
89,56,125,110.73492961975884,-14.265070380241156
89,57,125,109.51799367076542,-15.48200632923458
89,58,125,113.14945438106663,-11.850545618933367
89,59,125,112.3427911180634,-12.657208881936597
89,60,125,113.26772985062534,-11.732270149374656
89,61,125,109.91166155582678,-15.088338444173218
89,62,125,111.71191301019306,-13.288086989806942
89,63,125,112.81189379260601,-12.188106207393986
89,64,125,114.23517269601689,-10.764827303983111
89,65,125,114.72589098096373,-10.274109019036274
89,66,125,110.37644003516195,-14.623559964838051
89,67,125,109.6861972905198,-15.3138027094802
89,68,125,110.19228098031563,-14.80771901968437
89,69,125,110.52048051628499,-14.47951948371501
89,70,125,108.36728785013659,-16.63271214986341
89,71,125,110.89172126910132,-14.108278730898675
89,72,125,106.96422957359769,-18.03577042640231
89,73,125,109.39917820359567,-15.600821796404333
89,74,125,109.70511778922005,-15.294882210779946
89,75,125,108.61787129260065,-16.382128707399346
89,76,125,107.37152670450055,-17.628473295499447
89,77,125,108.51170933372812,-16.48829066627188
89,78,125,105.58328258592319,-19.416717414076814
89,79,125,111.11888475591338,-13.881115244086615
89,80,125,109.13684615570222,-15.863153844297784
89,81,125,106.3554023384005,-18.644597661599505
89,82,125,104.93662149660261,-20.063378503397388
89,83,125,100.79603293153916,-24.20396706846084
89,84,125,103.13147136452683,-21.86852863547317
89,85,125,103.16131259060701,-21.83868740939299
89,86,125,96.7332058698441,-28.2667941301559
89,87,125,99.18907527040662,-25.81092472959338
89,88,125,99.4352035689398,-25.564796431060202
89,89,125,104.73082493179372,-20.26917506820628
89,90,125,96.7453350720287,-28.254664927971305
89,91,125,104.13308175763868,-20.866918242361322
89,92,125,102.2505234139492,-22.749476586050804
89,93,124,103.16643682771864,-20.83356317228136
89,94,123,103.04963654534167,-19.95036345465833
89,95,122,98.25902384533916,-23.740976154660842
89,96,121,95.31058117023875,-25.68941882976125
89,97,120,97.14544997944895,-22.854550020551045
89,98,119,97.69693321607606,-21.30306678392394
89,99,118,99.35563120067789,-18.64436879932211
89,100,117,99.80543459555949,-17.19456540444051
89,101,116,99.59195524889613,-16.408044751103873
89,102,115,104.52869389947894,-10.471306100521062
89,103,114,100.98618072471186,-13.013819275288142
89,104,113,102.29796325770265,-10.702036742297352
89,105,112,103.14048240778853,-8.859517592211475
89,106,111,106.24642543896832,-4.753574561031684
89,107,110,105.10322235340591,-4.896777646594089
89,108,109,103.2128735742803,-5.7871264257197055
89,109,108,99.70374390784539,-8.296256092154607
89,110,107,94.12141889360642,-12.878581106393582
89,111,106,100.56578893284686,-5.434211067153143
89,112,105,95.28502040570112,-9.714979594298882
89,113,104,93.6310481480017,-10.368951851998304
89,114,103,96.2686407033948,-6.731359296605206
89,115,102,98.67280099226957,-3.327199007730428
89,116,101,92.68825655013836,-8.311743449861638
89,117,100,95.69743616147028,-4.302563838529721
89,118,99,97.85100705532969,-1.1489929446703115
89,119,98,91.78141571980944,-6.218584280190555
89,120,97,97.68388726853452,0.6838872685345194
89,121,96,104.47774495426123,8.477744954261226
89,122,95,103.66039943968799,8.660399439687993
89,123,94,93.81575592391577,-0.18424407608422655
89,124,93,95.70844331658668,2.7084433165866812
89,125,92,100.26443823562553,8.264438235625533
89,126,91,94.21276938705832,3.212769387058316
89,127,90,96.22188138509273,6.221881385092729
89,128,89,92.23950761831222,3.239507618312217
89,129,88,91.76401675832226,3.7640167583222564
89,130,87,91.97562928587895,4.975629285878952
89,131,86,93.58278527805274,7.582785278052739
89,132,85,96.14234794709657,11.142347947096567
89,133,84,93.78201037511984,9.782010375119839
89,134,83,92.52236110239313,9.522361102393134
89,135,82,93.90118615713976,11.901186157139762
89,136,81,92.29154112964757,11.29154112964757
89,137,80,97.77403977963968,17.77403977963968
89,138,79,93.84171410506607,14.841714105066075
89,139,78,91.30132496697544,13.301324966975443
89,140,77,93.3402955250185,16.340295525018504
89,141,76,93.326001142095,17.326001142094995
89,142,75,94.83542678098378,19.83542678098378
89,143,74,91.45753854592076,17.457538545920755
89,144,73,89.1029716157297,16.1029716157297
89,145,72,88.17114667942239,16.171146679422392
89,146,71,90.75545301853394,19.75545301853394
89,147,70,88.81579369631699,18.815793696316987
89,148,69,87.1803096569716,18.180309656971602
89,149,68,89.95249900473709,21.952499004737092
89,150,67,90.55915562777339,23.559155627773393
89,151,66,79.48388746682974,13.483887466829742
89,152,65,84.19118315094968,19.191183150949684
89,153,64,80.14706129487084,16.147061294870838
89,154,63,76.19713053081246,13.197130530812458
89,155,62,68.1162776404063,6.116277640406295
89,156,61,71.49641176723573,10.496411767235728
89,157,60,67.33624069091108,7.336240690911083
89,158,59,71.7920677730993,12.792067773099305
89,159,58,70.16606151992026,12.166061519920262
89,160,57,70.73081806525622,13.730818065256216
89,161,56,73.6043558880816,17.6043558880816
89,162,55,68.35118789900108,13.351187899001076
89,163,54,85.21455282809772,31.214552828097723
89,164,53,81.31776325954414,28.317763259544137
89,165,52,83.8340036081544,31.834003608154404
89,166,51,83.71196123730425,32.71196123730425
89,167,50,83.73947744973256,33.73947744973256
89,168,49,84.05805321195339,35.05805321195339
89,169,48,83.87957278283736,35.87957278283736
89,170,47,83.44552914687489,36.44552914687489
89,171,46,83.11032513724248,37.110325137242484
89,172,45,77.5192422359713,32.519242235971305
89,173,44,67.05785507605822,23.057855076058217
89,174,43,68.81634936124699,25.816349361246992
89,175,42,62.71396303258146,20.71396303258146
89,176,41,60.43838947510821,19.43838947510821
89,177,40,66.34393543956041,26.34393543956041
89,178,39,60.14866727941177,21.148667279411768
89,179,38,59.32650358320251,21.32650358320251
89,180,37,62.37335132890365,25.373351328903652
89,181,36,57.46285395568483,21.462853955684828
89,182,35,54.42613070630057,19.42613070630057
89,183,34,52.27345424929477,18.273454249294772
89,184,33,49.622799369747895,16.622799369747895
89,185,32,49.198105158730144,17.198105158730144
89,186,31,46.630186011904755,15.630186011904755
89,187,30,45.25414098972921,15.254140989729208
89,188,29,43.99964939574315,14.999649395743148
89,189,28,46.56201163419912,18.562011634199123
89,190,27,44.86232909451659,17.86232909451659
89,191,26,42.668740946158536,16.668740946158536
89,192,25,41.87127926811748,16.871279268117483
89,193,24,45.54898646866479,21.548986468664793
89,194,23,41.71036101459815,18.71036101459815
89,195,22,37.702496357413935,15.702496357413935
89,196,21,30.494445611577945,9.494445611577945
89,197,20,27.14403886554622,7.1440388655462215
89,198,19,21.20377728174602,2.203777281746021
89,199,18,14.239139384920641,-3.760860615079359
89,200,17,13.326800595238101,-3.673199404761899
89,201,16,15.155897817460321,-0.8441021825396788
89,202,15,10.402795589826841,-4.597204410173159
89,203,14,8.426964285714277,-5.573035714285723
89,204,13,8.008119868637113,-4.991880131362887
89,205,12,7.717148042929296,-4.282851957070704
89,206,11,3.4025000000000034,-7.597499999999997
89,207,10,4.967991071428569,-5.032008928571431
89,208,9,6.310429067460316,-2.6895709325396844
89,209,8,3.4525967261904746,-4.547403273809525
89,210,7,2.6349882392473107,-4.365011760752689
89,211,6,1.355751488095236,-4.644248511904764
89,212,5,0.5441425051203286,-4.455857494879671
89,213,4,0.0,-4.0
89,214,3,0.0,-3.0
89,215,2,0.0,-2.0
89,216,1,0.0,-1.0
89,217,0,0.0,0.0
90,1,125,117.45120410527662,-7.5487958947233835
90,2,125,119.07609848484849,-5.923901515151513
90,3,125,119.62095995062991,-5.37904004937009
90,4,125,118.22600298194713,-6.773997018052867
90,5,125,119.64182850405265,-5.358171495947346
90,6,125,119.55480082839907,-5.445199171600933
90,7,125,119.18824878603179,-5.811751213968208
90,8,125,118.32991292870845,-6.670087071291547
90,9,125,119.04442951159687,-5.955570488403126
90,10,125,119.07545187210675,-5.924548127893246
90,11,125,119.52748180122362,-5.472518198776385
90,12,125,118.99908229204598,-6.000917707954017
90,13,125,118.78211226959081,-6.217887730409188
90,14,125,118.80907909243663,-6.190920907563367
90,15,125,119.19218254153137,-5.807817458468634
90,16,125,119.06150022591581,-5.9384997740841925
90,17,125,119.49195959468234,-5.508040405317658
90,18,125,119.62657490067491,-5.37342509932509
90,19,125,119.59766158458642,-5.402338415413581
90,20,125,119.16415954218232,-5.835840457817682
90,21,125,119.39818914650894,-5.60181085349106
90,22,125,118.32655250725031,-6.673447492749688
90,23,125,119.2820291178673,-5.717970882132704
90,24,125,119.06668931950313,-5.933310680496874
90,25,125,119.27548086853992,-5.7245191314600845
90,26,125,117.84091057154248,-7.15908942845752
90,27,125,119.20629613674058,-5.793703863259424
90,28,125,118.59568665959841,-6.404313340401586
90,29,125,119.29868891068489,-5.701311089315112
90,30,124,118.77045972735978,-5.229540272640222
90,31,123,118.41298134058715,-4.587018659412848
90,32,122,119.0082188946074,-2.9917811053926044
90,33,121,119.26630589658319,-1.7336941034168092
90,34,120,118.98548375426435,-1.0145162457356491
90,35,119,119.28066138357255,0.28066138357255
90,36,118,119.42664256699675,1.4266425669967475
90,37,117,118.77506234835803,1.7750623483580341
90,38,116,118.90465634102148,2.9046563410214787
90,39,115,118.11891883202618,3.118918832026182
90,40,114,118.84687773717128,4.846877737171283
90,41,113,116.74772478046414,3.7477247804641394
90,42,112,116.54845591202186,4.548455912021865
90,43,111,116.88989847929432,5.889898479294317
90,44,110,116.41251683501073,6.412516835010734
90,45,109,115.01783599973824,6.017835999738239
90,46,108,116.0882338713711,8.088233871371102
90,47,107,115.02501270181715,8.025012701817147
90,48,106,116.43737548448208,10.437375484482075
90,49,105,116.78424900950624,11.78424900950624
90,50,104,116.43157568215494,12.431575682154943
90,51,103,117.96730509599658,14.96730509599658
90,52,102,116.95296656549945,14.952966565499452
90,53,101,118.16297620752228,17.162976207522277
90,54,100,118.1177382255185,18.117738225518494
90,55,99,118.38734481010238,19.387344810102377
90,56,98,118.64082069226352,20.640820692263517
90,57,97,116.41566901795,19.415669017949995
90,58,96,115.98055594655379,19.980555946553793
90,59,95,115.91296666812045,20.912966668120447
90,60,94,114.09370025662304,20.093700256623038
90,61,93,115.83876982014142,22.838769820141422
90,62,92,111.43134972483877,19.431349724838768
90,63,91,113.2242075045607,22.224207504560695
90,64,90,114.84402497643939,24.844024976439385
90,65,89,116.2083157101539,27.208315710153897
90,66,88,114.63216018024336,26.63216018024336
90,67,87,115.68117980841264,28.681179808412637
90,68,86,114.94676431269787,28.946764312697866
90,69,85,115.63130610381695,30.631306103816954
90,70,84,111.47423879106577,27.474238791065773
90,71,83,109.15919397279094,26.159193972790945
90,72,82,109.58363499327197,27.58363499327197
90,73,81,114.69708713415268,33.69708713415268
90,74,80,112.03632547118755,32.03632547118755
90,75,79,108.71762054989988,29.717620549899877
90,76,78,113.10406979049844,35.10406979049844
90,77,77,111.32978821442138,34.329788214421384
90,78,76,104.53863674448277,28.538636744482773
90,79,75,108.5471770709078,33.54717707090779
90,80,74,105.81098706086868,31.810987060868683
90,81,73,103.88459845063383,30.88459845063383
90,82,72,103.86793497631258,31.867934976312583
90,83,71,106.81872103860621,35.81872103860621
90,84,70,102.62286898961436,32.62286898961436
90,85,69,108.0307868862734,39.030786886273404
90,86,68,101.33128329596363,33.33128329596363
90,87,67,102.9403580514369,35.9403580514369
90,88,66,100.14807569969219,34.148075699692185
90,89,65,102.32366008434084,37.323660084340844
90,90,64,106.87241040128296,42.87241040128296
90,91,63,104.0405059104974,41.0405059104974
90,92,62,100.00715290216267,38.00715290216267
90,93,61,103.22119040015869,42.22119040015869
90,94,60,104.1694205065622,44.169420506562204
90,95,59,94.3470479791093,35.347047979109306
90,96,58,92.28361133014504,34.283611330145035
90,97,57,96.34310400364316,39.34310400364316
90,98,56,94.5889210946189,38.5889210946189
90,99,55,96.18628409894089,41.18628409894089
90,100,54,99.23914938656465,45.23914938656465
90,101,53,94.62947296015594,41.62947296015594
90,102,52,96.61053915718131,44.61053915718131
90,103,51,90.96854758097903,39.968547580979035
90,104,50,87.90201252204238,37.902012522042384
90,105,49,87.12780484337466,38.12780484337466
90,106,48,82.91382851625497,34.913828516254966
90,107,47,88.27673029302716,41.27673029302716
90,108,46,89.95904764549888,43.959047645498885
90,109,45,90.46058474874113,45.46058474874113
90,110,44,88.76456765134199,44.76456765134199
90,111,43,94.23336632947591,51.23336632947591
90,112,42,87.8831083226398,45.8831083226398
90,113,41,88.31006926174263,47.310069261742626
90,114,40,84.09508460969467,44.095084609694666
90,115,39,86.74641115057386,47.74641115057386
90,116,38,79.58470755110764,41.58470755110764
90,117,37,78.72072475412517,41.72072475412517
90,118,36,77.25989529718314,41.259895297183135
90,119,35,67.85524394717744,32.85524394717744
90,120,34,70.06040471575749,36.060404715757485
90,121,33,74.15463188357816,41.15463188357816
90,122,32,69.84265616513599,37.84265616513599
90,123,31,75.63608687388343,44.63608687388343
90,124,30,76.30661456461425,46.30661456461425
90,125,29,74.46561575030056,45.46561575030056
90,126,28,71.66422225484726,43.66422225484726
90,127,27,74.42779151404153,47.42779151404153
90,128,26,57.5460044642857,31.5460044642857
90,129,25,52.17078529657475,27.17078529657475
90,130,24,48.5471056547619,24.5471056547619
90,131,23,52.00296874999998,29.00296874999998
90,132,22,49.10943539008506,27.10943539008506
90,133,21,45.66132978041694,24.661329780416942
90,134,20,38.497388392857154,18.497388392857154
90,135,19,40.80455845173236,21.804558451732362
90,136,18,36.05170634920633,18.051706349206327
90,137,17,33.21126488095236,16.211264880952363
90,138,16,33.66838519119768,17.66838519119768
90,139,15,26.919625992063487,11.919625992063487
90,140,14,27.209102754884,13.209102754884
90,141,13,23.269209956709943,10.269209956709943
90,142,12,17.176123511904766,5.176123511904766
90,143,11,15.785560977297894,4.785560977297894
90,144,10,17.642914647932812,7.6429146479328125
90,145,9,14.311755952380945,5.3117559523809454
90,146,8,14.803090277777773,6.803090277777773
90,147,7,13.078038655869317,6.078038655869317
90,148,6,11.484141757246377,5.484141757246377
90,149,5,9.056572420634918,4.056572420634918
90,150,4,8.098117559523809,4.098117559523809
90,151,3,9.39368303571428,6.393683035714281
90,152,2,5.797118055555558,3.7971180555555577
90,153,1,2.3721949404761933,1.3721949404761933
90,154,0,0.0,0.0
91,1,125,112.17637400793649,-12.823625992063512
91,2,125,108.95426734850412,-16.045732651495882
91,3,125,112.37695884878067,-12.623041151219326
91,4,125,114.06357089990442,-10.93642910009558
91,5,125,117.18282899877495,-7.817171001225049
91,6,125,112.19243261988939,-12.807567380110612
91,7,125,110.60908290363712,-14.390917096362884
91,8,125,110.64067721595727,-14.359322784042732
91,9,125,114.34801992028103,-10.651980079718967
91,10,125,113.63673599823781,-11.36326400176219
91,11,124,105.38230522749086,-18.61769477250914
91,12,123,110.24171053607328,-12.758289463926715
91,13,122,112.02901705612055,-9.970982943879449
91,14,121,108.47530676884921,-12.524693231150792
91,15,120,108.0216949769077,-11.978305023092304
91,16,119,109.98082868062147,-9.019171319378529
91,17,118,109.07910515805163,-8.920894841948368
91,18,117,109.87389427013329,-7.126105729866708
91,19,116,110.92332649292575,-5.076673507074247
91,20,115,111.31399906584113,-3.6860009341588693
91,21,114,113.80979541802131,-0.1902045819786906
91,22,113,106.60920993281543,-6.390790067184568
91,23,112,108.34783357164198,-3.652166428358015
91,24,111,111.29006592215708,0.2900659221570834
91,25,110,112.3673100047042,2.367310004704194
91,26,109,104.38370370370369,-4.616296296296312
91,27,108,108.89243632006078,0.8924363200607814
91,28,107,109.5842106424063,2.5842106424063047
91,29,106,107.33410926321748,1.334109263217485
91,30,105,104.7097137605042,-0.29028623949579924
91,31,104,105.63004812378172,1.6300481237817195
91,32,103,98.10860119047618,-4.891398809523821
91,33,102,79.38319123482727,-22.616808765172735
91,34,101,95.44361694677872,-5.556383053221282
91,35,100,94.66310466132151,-5.336895338678488
91,36,99,99.88511779180931,0.8851177918093072
91,37,98,102.56989459325398,4.569894593253977
91,38,97,93.81867063492064,-3.181329365079364
91,39,96,89.7081997863248,-6.291800213675202
91,40,95,89.99403536791024,-5.005964632089757
91,41,94,93.20043211063512,-0.7995678893648801
91,42,93,86.97783482142863,-6.02216517857137
91,43,92,96.34384160671844,4.343841606718442
91,44,91,96.00915915037777,5.009159150377769
91,45,90,99.05367273045583,9.05367273045583
91,46,89,90.98780505952386,1.9878050595238648
91,47,88,98.12936011904762,10.129360119047618
91,48,87,99.42924430424466,12.429244304244662
91,49,86,94.59719696969695,8.597196969696952
91,50,85,91.57701388888893,6.577013888888928
91,51,84,91.19723130053909,7.197231300539087
91,52,83,88.76191391003123,5.761913910031225
91,53,82,87.88218588908678,5.882185889086784
91,54,81,70.57968302768587,-10.420316972314126
91,55,80,74.76687127976192,-5.233128720238085
91,56,79,69.28064484126985,-9.719355158730153
91,57,78,71.70417410714288,-6.295825892857124
91,58,77,62.50238306413415,-14.49761693586585
91,59,76,64.29235790149392,-11.707642098506085
91,60,75,65.43035889355743,-9.569641106442575
91,61,74,62.87592261904763,-11.124077380952372
91,62,73,71.80217261904761,-1.1978273809523898
91,63,72,66.00623015873013,-5.993769841269867
91,64,71,79.37360856486683,8.373608564866828
91,65,70,74.89637994644579,4.896379946445791
91,66,69,75.42249160561661,6.422491605616614
91,67,68,71.22415892373215,3.2241589237321477
91,68,67,70.65554315476192,3.655543154761915
91,69,66,72.65039186507936,6.6503918650793565
91,70,65,72.93396577380953,7.933965773809533
91,71,64,68.6960863095238,4.696086309523807
91,72,63,76.63560267857142,13.635602678571416
91,73,62,77.39198879551824,15.391988795518245
91,74,61,70.04275297619049,9.042752976190485
91,75,60,68.2230580357143,8.223058035714303
91,76,59,61.611263910455506,2.6112639104555058
91,77,58,60.40389880952378,2.403898809523781
91,78,57,50.52911706349204,-6.470882936507962
91,79,56,52.69932875233426,-3.30067124766574
91,80,55,49.94931635154061,-5.05068364845939
91,81,54,46.83735706604024,-7.162642933959759
91,82,53,42.91169419917286,-10.088305800827143
91,83,52,47.975421626984144,-4.024578373015856
91,84,51,44.92227016559827,-6.07772983440173
91,85,50,40.7048460719417,-9.295153928058298
91,86,49,44.33611793154763,-4.6638820684523665
91,87,48,42.936901941724265,-5.063098058275735
91,88,47,38.4956070188492,-8.5043929811508
91,89,46,43.20932291666667,-2.7906770833333283
91,90,45,49.190959821428564,4.190959821428564
91,91,44,45.14191626082252,1.1419162608225193
91,92,43,37.05694940476191,-5.943050595238091
91,93,42,35.82035466269842,-6.179645337301579
91,94,41,34.02352092352094,-6.976479076479059
91,95,40,32.230000000000004,-7.769999999999996
91,96,39,32.499313672438674,-6.500686327561326
91,97,38,33.767181637806644,-4.232818362193356
91,98,37,38.41762152777777,1.4176215277777686
91,99,36,33.77843414843414,-2.221565851565863
91,100,35,33.50110279922779,-1.4988972007722126
91,101,34,31.470203178015666,-2.529796821984334
91,102,33,28.806502976190473,-4.1934970238095275
91,103,32,29.73238095238095,-2.26761904761905
91,104,31,28.597066648629166,-2.4029333513708337
91,105,30,26.982633928571424,-3.017366071428576
91,106,29,24.60375,-4.396249999999998
91,107,28,23.27040178571429,-4.7295982142857085
91,108,27,20.6769494047619,-6.323050595238101
91,109,26,19.06854166666666,-6.931458333333339
91,110,25,21.28227678571428,-3.7177232142857193
91,111,24,19.532595046082953,-4.467404953917047
91,112,23,16.85233462941628,-6.14766537058372
91,113,22,12.363958333333336,-9.636041666666664
91,114,21,12.494809027777784,-8.505190972222216
91,115,20,15.167752976190478,-4.832247023809522
91,116,19,14.00454117063493,-4.99545882936507
91,117,18,14.163467261904778,-3.8365327380952223
91,118,17,13.310647321428569,-3.6893526785714315
91,119,16,10.54465277777778,-5.455347222222221
91,120,15,9.73587797619048,-5.26412202380952
91,121,14,8.908229166666672,-5.091770833333328
91,122,13,7.687447916666672,-5.312552083333328
91,123,12,7.120334821428569,-4.879665178571431
91,124,11,5.48785205200501,-5.51214794799499
91,125,10,4.6530157424812,-5.3469842575188
91,126,9,2.4052615440115446,-6.594738455988455
91,127,8,0.0,-8.0
91,128,7,0.0,-7.0
91,129,6,0.0,-6.0
91,130,5,0.0,-5.0
91,131,4,0.0,-4.0
91,132,3,0.0,-3.0
91,133,2,0.0,-2.0
91,134,1,0.0,-1.0
91,135,0,0.0,0.0
92,1,125,116.58057005398464,-8.419429946015356
92,2,125,114.8090772686038,-10.1909227313962
92,3,125,110.93753015800898,-14.062469841991017
92,4,125,113.3611082708641,-11.638891729135906
92,5,125,111.86094353497072,-13.139056465029284
92,6,125,113.8089919443217,-11.191008055678296
92,7,125,113.91285835969074,-11.087141640309255
92,8,125,115.8177948164279,-9.182205183572094
92,9,125,114.99749386407976,-10.002506135920243
92,10,125,116.98144576701156,-8.018554232988436
92,11,125,116.80497522449143,-8.195024775508571
92,12,125,117.68663238863193,-7.313367611368065
92,13,125,117.61395520975425,-7.386044790245748
92,14,125,118.00589505337243,-6.994104946627573
92,15,125,118.09026086818767,-6.90973913181233
92,16,125,117.61018864551231,-7.389811354487691
92,17,125,118.41197471869762,-6.588025281302379
92,18,125,116.64069851239825,-8.359301487601755
92,19,125,118.23582472476389,-6.764175275236113
92,20,125,117.40880668531113,-7.591193314688866
92,21,125,117.00409333771206,-7.995906662287936
92,22,125,116.36312314763441,-8.636876852365589
92,23,125,118.05018693871223,-6.94981306128777
92,24,125,118.84450480202331,-6.155495197976691
92,25,125,118.47805772193878,-6.521942278061218
92,26,125,112.1726555641836,-12.8273444358164
92,27,125,113.07832649595211,-11.921673504047888
92,28,125,116.92797111786226,-8.072028882137744
92,29,125,116.69291596526284,-8.307084034737159
92,30,125,115.87170296799052,-9.128297032009485
92,31,125,115.94215530190885,-9.057844698091145
92,32,125,115.82760044847555,-9.17239955152445
92,33,125,114.10790273059271,-10.892097269407287
92,34,125,115.48617903449261,-9.513820965507392
92,35,125,115.63429263657608,-9.365707363423923
92,36,125,115.95378347325467,-9.046216526745326
92,37,125,115.62929267832844,-9.37070732167156
92,38,125,118.5195533031019,-6.480446696898099
92,39,125,117.34869296289719,-7.651307037102811
92,40,125,118.44838460627321,-6.551615393726792
92,41,125,115.77139475541533,-9.22860524458467
92,42,125,116.4296837037718,-8.5703162962282
92,43,125,115.32100749833425,-9.678992501665746
92,44,125,115.34065939181099,-9.659340608189012
92,45,125,115.74122860211621,-9.258771397883791
92,46,125,115.69655872806054,-9.303441271939462
92,47,125,115.62595004936335,-9.374049950636646
92,48,125,114.43070726437323,-10.569292735626775
92,49,125,115.49944479074534,-9.500555209254657
92,50,125,114.04725084070954,-10.952749159290462
92,51,125,114.1837976743288,-10.816202325671199
92,52,125,112.26517033780044,-12.734829662199559
92,53,125,113.84336652883425,-11.156633471165748
92,54,125,114.37242281360614,-10.627577186393864
92,55,125,117.27361661426065,-7.726383385739354
92,56,125,114.35972923527736,-10.640270764722644
92,57,125,114.30480204361008,-10.695197956389919
92,58,125,114.25611990251079,-10.74388009748921
92,59,125,113.2068630591265,-11.793136940873495
92,60,125,113.49424633266281,-11.505753667337189
92,61,125,112.13483501100745,-12.865164988992547
92,62,125,114.13055029122825,-10.869449708771754
92,63,125,113.56454965048044,-11.435450349519556
92,64,125,115.7225629629775,-9.277437037022494
92,65,125,113.49741108864309,-11.50258891135691
92,66,125,113.67545433550302,-11.32454566449698
92,67,125,110.66436128950586,-14.335638710494138
92,68,125,114.02034856650782,-10.97965143349218
92,69,125,108.62703704508749,-16.37296295491251
92,70,125,109.9431090014831,-15.056890998516906
92,71,125,108.29223881252578,-16.70776118747422
92,72,125,112.9202323333468,-12.079767666653197
92,73,125,107.48035146836708,-17.519648531632924
92,74,125,103.91148704576933,-21.088512954230666
92,75,125,107.85783458769353,-17.14216541230647
92,76,125,107.94896312807143,-17.051036871928574
92,77,125,107.87025532395778,-17.129744676042222
92,78,125,103.47619379943578,-21.523806200564223
92,79,125,100.957861525239,-24.042138474761003
92,80,125,100.11253541183046,-24.887464588169536
92,81,125,101.07324972845227,-23.926750271547732
92,82,125,106.53497300713582,-18.465026992864182
92,83,125,103.06799731984275,-21.932002680157254
92,84,125,101.29030291883115,-23.709697081168855
92,85,125,97.56053258261564,-27.439467417384364
92,86,125,100.81839138478074,-24.18160861521926
92,87,125,98.55972223223803,-26.44027776776197
92,88,125,101.2128642557155,-23.787135744284498
92,89,125,101.90091395871752,-23.099086041282476
92,90,125,97.86922502890192,-27.130774971098077
92,91,125,99.3492305297298,-25.650769470270205
92,92,125,96.05788578966956,-28.942114210330445
92,93,125,98.3772606379529,-26.6227393620471
92,94,125,97.57113699940696,-27.42886300059304
92,95,125,97.98950802708455,-27.010491972915446
92,96,125,96.13006379218245,-28.869936207817545
92,97,125,96.4667540748746,-28.5332459251254
92,98,125,98.10660293169808,-26.893397068301923
92,99,125,96.71628220904218,-28.283717790957823
92,100,125,95.64313956805945,-29.356860431940547
92,101,125,98.35848432995435,-26.64151567004565
92,102,125,98.67848339170996,-26.32151660829004
92,103,125,93.59938797084946,-31.400612029150537
92,104,125,93.78534718085248,-31.214652819147517
92,105,125,92.06598519354658,-32.93401480645342
92,106,125,95.70862960287995,-29.291370397120048
92,107,125,96.76930931992183,-28.23069068007817
92,108,125,98.72338973345063,-26.27661026654937
92,109,125,92.2825906619887,-32.717409338011294
92,110,125,100.06685606732904,-24.93314393267096
92,111,125,100.33072730405766,-24.66927269594234
92,112,125,98.35665731325912,-26.64334268674088
92,113,125,98.07976525823986,-26.92023474176014
92,114,125,96.28715262804332,-28.712847371956684
92,115,125,98.04989195033934,-26.950108049660656
92,116,125,92.95172777045929,-32.048272229540714
92,117,125,100.32418944207123,-24.67581055792877
92,118,125,87.97239196089711,-37.02760803910289
92,119,125,96.60527855346974,-28.394721446530255
92,120,125,93.04503757529895,-31.95496242470105
92,121,125,86.6454205338402,-38.354579466159805
92,122,125,93.48002908802667,-31.51997091197333
92,123,125,89.13127840867276,-35.868721591327244
92,124,125,97.01469150078448,-27.98530849921552
92,125,125,94.33439717600373,-30.665602823996267
92,126,125,97.32379364947951,-27.676206350520488
92,127,125,96.14756831813568,-28.852431681864317
92,128,125,94.80952168867464,-30.190478311325364
92,129,125,96.23927951407902,-28.760720485920984
92,130,125,98.1816750599512,-26.818324940048797
92,131,125,97.35068232098351,-27.64931767901649
92,132,125,95.20869555683775,-29.791304443162247
92,133,125,92.29259938245617,-32.707400617543826
92,134,125,91.20493809171548,-33.795061908284524
92,135,125,88.5654104933179,-36.4345895066821
92,136,125,91.44390468078512,-33.556095319214876
92,137,125,84.64678176447607,-40.353218235523926
92,138,125,92.38144126210507,-32.61855873789493
92,139,125,90.25933489159875,-34.740665108401245
92,140,125,89.96984442078178,-35.03015557921822
92,141,125,94.72510433930628,-30.274895660693716
92,142,125,93.37613628304089,-31.623863716959107
92,143,125,93.20880163359277,-31.79119836640723
92,144,125,89.80174147810001,-35.19825852189999
92,145,125,94.842356474291,-30.157643525709005
92,146,125,95.97791314568872,-29.022086854311283
92,147,125,88.69894791148897,-36.30105208851103
92,148,125,88.04226133945772,-36.957738660542276
92,149,125,89.33390191234079,-35.66609808765921
92,150,125,91.72240824083737,-33.27759175916263
92,151,125,80.99425373080695,-44.005746269193054
92,152,125,88.54661318639356,-36.45338681360644
92,153,125,92.08412876445048,-32.91587123554952
92,154,125,94.16499166232816,-30.835008337671837
92,155,125,89.97849998092985,-35.021500019070146
92,156,125,97.43822173316116,-27.561778266838843
92,157,125,95.45885047410609,-29.541149525893914
92,158,125,95.91535823577209,-29.08464176422791
92,159,125,93.86516235199716,-31.134837648002843
92,160,125,93.97272762812136,-31.027272371878638
92,161,125,92.27110799091,-32.72889200909
92,162,125,92.40760851444155,-32.59239148555845
92,163,125,94.53133701561606,-30.46866298438394
92,164,125,91.30292234905362,-33.69707765094638
92,165,125,92.44912894172748,-32.55087105827252
92,166,125,92.49225738262308,-32.50774261737692
92,167,125,89.22015329861378,-35.77984670138622
92,168,125,97.28765543546767,-27.71234456453233
92,169,125,94.8595219571192,-30.1404780428808
92,170,125,97.73224359792398,-27.267756402076017
92,171,125,97.89708724082607,-27.102912759173932
92,172,125,97.52872028326328,-27.471279716736717
92,173,125,95.93373532767295,-29.06626467232705
92,174,125,101.37212705835222,-23.62787294164778
92,175,125,99.14299787741754,-25.857002122582458
92,176,125,99.90367255954322,-25.096327440456776
92,177,125,94.93124185315466,-30.06875814684534
92,178,125,97.73388950971734,-27.266110490282657
92,179,125,86.07769712267573,-38.92230287732427
92,180,125,94.041177585313,-30.958822414687006
92,181,125,93.89314202065967,-31.106857979340333
92,182,125,96.20010405952553,-28.79989594047447
92,183,125,95.17292122167592,-29.82707877832408
92,184,125,90.60117877244241,-34.39882122755759
92,185,125,93.09970366860682,-31.90029633139318
92,186,125,95.51915322730083,-29.480846772699167
92,187,125,95.2957526877993,-29.704247312200707
92,188,125,95.5222064804242,-29.477793519575798
92,189,125,94.24135856539345,-30.758641434606545
92,190,125,88.63581504936316,-36.36418495063684
92,191,125,88.22686234748738,-36.77313765251262
92,192,125,93.37087403408697,-31.629125965913033
92,193,125,86.57944523147079,-38.420554768529215
92,194,125,91.28333352305485,-33.71666647694515
92,195,125,90.55190262844818,-34.448097371551825
92,196,125,94.18585797040038,-30.814142029599623
92,197,125,85.17502017947331,-39.82497982052669
92,198,125,88.2331277252804,-36.7668722747196
92,199,125,91.32445182577536,-33.675548174224645
92,200,125,79.8720193798238,-45.1279806201762
92,201,125,85.98407850720245,-39.015921492797546
92,202,125,86.96114927677459,-38.03885072322541
92,203,125,86.67968078331,-38.320319216689995
92,204,125,87.86492024241952,-37.135079757580485
92,205,125,82.19703644689318,-42.80296355310682
92,206,125,85.29815632047095,-39.70184367952905
92,207,125,90.21779432464994,-34.782205675350056
92,208,125,87.7413006855563,-37.2586993144437
92,209,125,86.36175680284963,-38.63824319715037
92,210,125,91.27614782952489,-33.72385217047511
92,211,125,85.68439109966862,-39.315608900331384
92,212,125,88.6183120688698,-36.3816879311302
92,213,125,89.90358389412106,-35.096416105878944
92,214,125,86.55713242745166,-38.44286757254834
92,215,125,85.09674875685837,-39.903251243141625
92,216,125,89.44965156444586,-35.55034843555414
92,217,124,85.6147926152465,-38.3852073847535
92,218,123,89.54592015098929,-33.45407984901071
92,219,122,90.1163870426854,-31.883612957314597
92,220,121,93.89902752369935,-27.100972476300655
92,221,120,87.39702838975504,-32.602971610244964
92,222,119,89.652671833375,-29.347328166625005
92,223,118,77.97355769230771,-40.02644230769229
92,224,117,84.5347883149933,-32.46521168500669
92,225,116,81.1020248270248,-34.897975172975194
92,226,115,82.0873122124967,-32.9126877875033
92,227,114,87.22610693625793,-26.773893063742065
92,228,113,82.58850085678208,-30.411499143217924
92,229,112,68.41805514971136,-43.581944850288636
92,230,111,79.37662450733347,-31.623375492666526
92,231,110,71.69972030055851,-38.30027969944149
92,232,109,67.58376891203316,-41.416231087966835
92,233,108,60.09175213675212,-47.90824786324788
92,234,107,61.45169617972604,-45.54830382027396
92,235,106,63.19215787337663,-42.80784212662337
92,236,105,62.6500977791479,-42.3499022208521
92,237,104,71.48588085637479,-32.51411914362521
92,238,103,56.91243060860707,-46.08756939139293
92,239,102,61.814593481576395,-40.185406518423605
92,240,101,55.17805059523808,-45.82194940476192
92,241,100,56.71552951388891,-43.28447048611109
92,242,99,58.862933695589575,-40.137066304410425
92,243,98,69.16703821579742,-28.83296178420258
92,244,97,69.2400154446248,-27.759984555375198
92,245,96,51.68685467190858,-44.31314532809142
92,246,95,52.070146945303165,-42.929853054696835
92,247,94,56.48547991071429,-37.51452008928571
92,248,93,63.68977656024529,-29.310223439754708
92,249,92,54.73211737914865,-37.26788262085135
92,250,91,65.62107142857141,-25.378928571428588
92,251,90,56.68267551892551,-33.31732448107449
92,252,89,53.48734126984125,-35.51265873015875
92,253,88,53.474103422619066,-34.525896577380934
92,254,87,46.17606522817459,-40.82393477182541
92,255,86,48.67855640886891,-37.32144359113109
92,256,85,58.113141566663046,-26.886858433336954
92,257,84,52.90430555555556,-31.09569444444444
92,258,83,54.48956673534799,-28.510433264652008
92,259,82,57.826076579670314,-24.173923420329686
92,260,81,47.28319940476187,-33.71680059523813
92,261,80,42.52461309523809,-37.47538690476191
92,262,79,47.25905009920634,-31.74094990079366
92,263,78,52.147330013736266,-25.852669986263734
92,264,77,48.25807978479854,-28.74192021520146
92,265,76,47.20609135536397,-28.793908644636034
92,266,75,46.715327466475095,-28.284672533524905
92,267,74,50.30494419642855,-23.69505580357145
92,268,73,45.70066163003662,-27.29933836996338
92,269,72,45.18017055860807,-26.81982944139193
92,270,71,44.201837797619035,-26.798162202380965
92,271,70,42.36593749999999,-27.634062500000013
92,272,69,43.236354166666665,-25.763645833333335
92,273,68,42.937341148434896,-25.062658851565104
92,274,67,42.89105158730159,-24.10894841269841
92,275,66,37.97983630952379,-28.02016369047621
92,276,65,38.675967261904766,-26.324032738095234
92,277,64,34.9106498015873,-29.089350198412703
92,278,63,41.13171446608946,-21.868285533910537
92,279,62,35.12622091450218,-26.873779085497823
92,280,61,40.34335565476191,-20.656644345238092
92,281,60,39.128474702380956,-20.871525297619044
92,282,59,43.25089285714288,-15.74910714285712
92,283,58,38.81601190476191,-19.183988095238092
92,284,57,39.866491251803744,-17.133508748196256
92,285,56,37.42838857323234,-18.57161142676766
92,286,55,41.135841450216446,-13.864158549783554
92,287,54,34.42015128968254,-19.579848710317457
92,288,53,31.90839781746032,-21.09160218253968
92,289,52,35.76176339285715,-16.238236607142852
92,290,51,29.224578373015866,-21.775421626984134
92,291,50,32.8533556547619,-17.1466443452381
92,292,49,31.230559715821798,-17.769440284178202
92,293,48,31.730298191391945,-16.269701808608055
92,294,47,31.976682310744806,-15.023317689255194
92,295,46,30.964442839635858,-15.035557160364142
92,296,45,30.44553253119429,-14.554467468805711
92,297,44,33.18316220238096,-10.816837797619037
92,298,43,33.12078125,-9.87921875
92,299,42,26.456307043650792,-15.543692956349208
92,300,41,27.674999999999997,-13.325000000000003
92,301,40,27.457578983516484,-12.542421016483516
92,302,39,28.15358718487395,-10.846412815126051
92,303,38,26.41313988095238,-11.586860119047621
92,304,37,25.817626774267403,-11.182373225732597
92,305,36,26.380141369047617,-9.619858630952383
92,306,35,24.567157738095244,-10.432842261904756
92,307,34,21.703764308608054,-12.296235691391946
92,308,33,23.509088827838827,-9.490911172161173
92,309,32,21.2789310515873,-10.7210689484127
92,310,31,20.198809523809526,-10.801190476190474
92,311,30,16.64251488095239,-13.35748511904761
92,312,29,17.045032242063492,-11.954967757936508
92,313,28,17.90566964285714,-10.094330357142859
92,314,27,17.66397197420635,-9.336028025793649
92,315,26,19.166889880952382,-6.833110119047618
92,316,25,14.59586309523809,-10.40413690476191
92,317,24,15.483134729853479,-8.516865270146521
92,318,23,14.25127232142857,-8.74872767857143
92,319,22,11.906056547619045,-10.093943452380955
92,320,21,10.279737103174606,-10.720262896825394
92,321,20,9.85754464285715,-10.14245535714285
92,322,19,10.331914682539685,-8.668085317460315
92,323,18,11.0630753968254,-6.9369246031745995
92,324,17,10.2071130952381,-6.7928869047619
92,325,16,9.029126984126986,-6.970873015873014
92,326,15,11.161259920634922,-3.8387400793650777
92,327,14,9.126860119047615,-4.873139880952385
92,328,13,9.11240575396825,-3.8875942460317496
92,329,12,8.531686507936502,-3.4683134920634977
92,330,11,11.264308035714286,0.2643080357142864
92,331,10,8.064218750000004,-1.9357812499999962
92,332,9,6.3435193452381,-2.6564806547619
92,333,8,7.775401785714283,-0.22459821428571658
92,334,7,6.068749999999998,-0.9312500000000021
92,335,6,4.4754613095238085,-1.5245386904761915
92,336,5,1.7315848214285694,-3.2684151785714306
92,337,4,1.4558258928571437,-2.5441741071428563
92,338,3,0.8042762445887437,-2.1957237554112563
92,339,2,0.0,-2.0
92,340,1,0.0,-1.0
92,341,0,0.0,0.0
93,1,125,116.38154389880954,-8.61845610119046
93,2,125,114.57157424451603,-10.428425755483971
93,3,125,113.81948352463705,-11.18051647536295
93,4,125,117.23429838320462,-7.765701616795383
93,5,125,119.21616170524354,-5.783838294756464
93,6,125,114.16113839285713,-10.838861607142874
93,7,125,116.68555240276899,-8.314447597231009
93,8,125,116.72973854998915,-8.27026145001085
93,9,125,117.46036606104886,-7.539633938951141
93,10,125,116.28691200830481,-8.71308799169519
93,11,125,116.409441969322,-8.590558030677997
93,12,125,116.37627688600864,-8.62372311399136
93,13,125,115.96098958333332,-9.039010416666684
93,14,125,114.76244585870329,-10.237554141296712
93,15,125,116.60454814425773,-8.395451855742266
93,16,125,115.05072875639307,-9.94927124360693
93,17,125,118.14790508652024,-6.85209491347976
93,18,125,117.31455372041773,-7.685446279582266
93,19,125,117.78460041729947,-7.2153995827005275
93,20,125,117.86601142909595,-7.133988570904052
93,21,125,117.01281236359576,-7.987187636404244
93,22,125,117.70528478099916,-7.294715219000835
93,23,125,117.50393801189398,-7.496061988106021
93,24,125,117.78468191083455,-7.21531808916545
93,25,125,117.61937499757873,-7.380625002421269
93,26,125,116.69457149646317,-8.305428503536831
93,27,125,117.8390792180794,-7.160920781920595
93,28,125,117.52379574033235,-7.476204259667654
93,29,125,116.83055690104666,-8.169443098953337
93,30,125,117.7433982590488,-7.256601740951197
93,31,124,117.6902397226255,-6.309760277374494
93,32,123,115.27956936626683,-7.720430633733173
93,33,122,118.23743360876783,-3.76256639123217
93,34,121,116.33673186587055,-4.663268134129453
93,35,120,116.6212896209973,-3.3787103790026976
93,36,119,114.38240204442332,-4.617597955576684
93,37,118,114.1181994562432,-3.881800543756796
93,38,117,114.96894186056159,-2.0310581394384144
93,39,116,112.8269894560589,-3.1730105439411034
93,40,115,113.41417495624327,-1.5858250437567278
93,41,114,113.39629893153176,-0.60370106846824
93,42,113,112.54691401950522,-0.45308598049477666
93,43,112,114.76772870377047,2.767728703770473
93,44,111,114.87514908272814,3.875149082728143
93,45,110,112.83602228682173,2.8360222868217306
93,46,109,113.61326339506032,4.613263395060315
93,47,108,112.4885369698072,4.4885369698072
93,48,107,114.3261300012202,7.326130001220207
93,49,106,112.42740681749274,6.427406817492738
93,50,105,111.35749601073837,6.357496010738373
93,51,104,113.53953088538893,9.539530885388928
93,52,103,112.79067803536478,9.790678035364778
93,53,102,113.01294951086106,11.012949510861063
93,54,101,109.86052675619388,8.860526756193877
93,55,100,110.68132768028416,10.681327680284156
93,56,99,109.33635923124844,10.336359231248437
93,57,98,109.83030761624033,11.830307616240333
93,58,97,111.04694383139687,14.046943831396874
93,59,96,109.40086580103412,13.400865801034115
93,60,95,110.70954405851145,15.709544058511455
93,61,94,109.54283010736147,15.542830107361468
93,62,93,108.22922376931794,15.22922376931794
93,63,92,109.10735605058048,17.107356050580478
93,64,91,111.4185891538975,20.4185891538975
93,65,90,110.62453212785258,20.624532127852575
93,66,89,107.45939227891397,18.459392278913967
93,67,88,105.4716223403354,17.4716223403354
93,68,87,105.81274159052973,18.812741590529725
93,69,86,104.01876271338745,18.018762713387446
93,70,85,106.53541974265552,21.53541974265552
93,71,84,101.62915290534026,17.629152905340263
93,72,83,101.70425367083995,18.704253670839947
93,73,82,102.09847824816526,20.098478248165264
93,74,81,101.89127737077565,20.891277370775654
93,75,80,101.2342383234344,21.234238323434397
93,76,79,100.0589361873745,21.0589361873745
93,77,78,98.57341981249101,20.57341981249101
93,78,77,98.50563110615958,21.505631106159584
93,79,76,103.43635159278702,27.43635159278702
93,80,75,101.03821932169349,26.03821932169349
93,81,74,104.39653511255997,30.396535112559974
93,82,73,105.18058624927926,32.18058624927926
93,83,72,103.588092365324,31.588092365324
93,84,71,100.96167178342368,29.961671783423682
93,85,70,97.23042408344159,27.23042408344159
93,86,69,98.56109563026016,29.561095630260155
93,87,68,90.72259381584463,22.722593815844633
93,88,67,98.47992335614137,31.47992335614137
93,89,66,99.435865516997,33.435865516997
93,90,65,97.9743763110007,32.9743763110007
93,91,64,97.25838513884041,33.25838513884041
93,92,63,100.09431577461848,37.09431577461848
93,93,62,96.19408924871489,34.19408924871489
93,94,61,92.97466321547454,31.974663215474536
93,95,60,95.13186760787369,35.13186760787369
93,96,59,93.43534420996096,34.43534420996096
93,97,58,91.83595469429319,33.83595469429319
93,98,57,90.00548135985798,33.00548135985798
93,99,56,94.23104521554322,38.23104521554322
93,100,55,92.22556932084548,37.22556932084548
93,101,54,95.63118369856244,41.63118369856244
93,102,53,89.75718874092874,36.75718874092874
93,103,52,82.3294824414819,30.3294824414819
93,104,51,81.50641396808956,30.50641396808956
93,105,50,81.33864071519594,31.338640715195936
93,106,49,86.48809195105133,37.48809195105133
93,107,48,80.998685577122,32.998685577122004
93,108,47,84.12259286846584,37.122592868465844
93,109,46,87.11666431124338,41.11666431124338
93,110,45,82.75493577146534,37.75493577146534
93,111,44,91.3511372885112,47.3511372885112
93,112,43,83.00647027987328,40.006470279873284
93,113,42,85.67506699948346,43.67506699948346
93,114,41,80.2730652544078,39.2730652544078
93,115,40,79.47390334280995,39.47390334280995
93,116,39,75.93461129152614,36.93461129152614
93,117,38,74.29462096851606,36.29462096851606
93,118,37,63.10655468816313,26.10655468816313
93,119,36,60.40871381816284,24.408713818162838
93,120,35,55.573370300508444,20.573370300508444
93,121,34,53.551510825367714,19.551510825367714
93,122,33,53.513808235037196,20.513808235037196
93,123,32,56.281077950413874,24.281077950413874
93,124,31,61.569783451842255,30.569783451842255
93,125,30,51.231518474731786,21.231518474731786
93,126,29,51.22970441999395,22.22970441999395
93,127,28,53.86964834631469,25.86964834631469
93,128,27,46.453230747602085,19.453230747602085
93,129,26,44.810036181139125,18.810036181139125
93,130,25,48.736839491385965,23.736839491385965
93,131,24,42.271338983255895,18.271338983255895
93,132,23,40.46939101802668,17.469391018026677
93,133,22,37.59926587301587,15.599265873015867
93,134,21,35.15679672247686,14.156796722476862
93,135,20,35.51129292582415,15.51129292582415
93,136,19,36.075653594771246,17.075653594771246
93,137,18,29.760289502164497,11.760289502164497
93,138,17,25.849722222222226,8.849722222222226
93,139,16,27.71799287518037,11.717992875180371
93,140,15,24.775443948412697,9.775443948412697
93,141,14,24.55876984126982,10.558769841269822
93,142,13,19.39959573412698,6.399595734126979
93,143,12,19.69593998015873,7.69593998015873
93,144,11,16.260368107769423,5.260368107769423
93,145,10,12.83857536764706,2.83857536764706
93,146,9,12.335644841269836,3.3356448412698363
93,147,8,10.380594027682843,2.380594027682843
93,148,7,8.54200419372294,1.5420041937229403
93,149,6,5.494084821428572,-0.5059151785714278
93,150,5,4.717393353174602,-0.28260664682539804
93,151,4,1.3227529761904773,-2.6772470238095227
93,152,3,0.0,-3.0
93,153,2,0.0,-2.0
93,154,1,0.0,-1.0
93,155,0,0.0,0.0
94,1,125,111.44817625544044,-13.551823744559556
94,2,125,115.77931878747172,-9.220681212528277
94,3,125,116.28691081061115,-8.713089189388853
94,4,125,117.81719424538156,-7.1828057546184425
94,5,125,116.88559726064095,-8.11440273935905
94,6,125,116.4012609953301,-8.598739004669895
94,7,125,116.68973390237427,-8.310266097625728
94,8,125,116.92470165623077,-8.075298343769234
94,9,125,118.4097382901144,-6.590261709885596
94,10,125,118.61275146821872,-6.387248531781282
94,11,125,118.75797264696139,-6.242027353038608
94,12,125,116.56098699562946,-8.439013004370537
94,13,125,113.99989972080168,-11.000100279198321
94,14,125,114.20714851292227,-10.792851487077726
94,15,125,114.69363860267069,-10.306361397329312
94,16,125,112.33250129500868,-12.667498704991317
94,17,125,117.40535754316465,-7.594642456835345
94,18,125,116.84467636483546,-8.155323635164535
94,19,125,116.46930374234816,-8.53069625765184
94,20,125,117.29819050032904,-7.701809499670958
94,21,125,115.57027750702443,-9.429722492975571
94,22,125,115.56262860875036,-9.437371391249641
94,23,125,118.54154540505981,-6.458454594940193
94,24,125,117.56975703012054,-7.430242969879458
94,25,125,117.15620397160194,-7.84379602839806
94,26,125,116.47412189645313,-8.525878103546873
94,27,125,115.67080398818155,-9.329196011818453
94,28,125,115.756324560742,-9.243675439257999
94,29,125,114.61220813967245,-10.387791860327553
94,30,125,113.74706820776039,-11.252931792239607
94,31,125,112.32960729162588,-12.670392708374123
94,32,125,116.32163105354464,-8.678368946455365
94,33,125,111.94296108990011,-13.057038910099891
94,34,125,114.10962811443844,-10.890371885561564
94,35,125,116.26898972921462,-8.731010270785376
94,36,125,115.90417442732374,-9.095825572676262
94,37,125,117.04272908515804,-7.957270914841956
94,38,125,115.54471686052712,-9.455283139472883
94,39,125,114.14203530818345,-10.857964691816548
94,40,125,115.2655165488098,-9.7344834511902
94,41,125,116.31902488879116,-8.680975111208838
94,42,125,110.57390009962964,-14.42609990037036
94,43,125,116.72013298891736,-8.279867011082644
94,44,125,113.79876519459349,-11.201234805406514
94,45,125,114.2373701437338,-10.762629856266202
94,46,125,112.9009151601163,-12.099084839883702
94,47,125,112.70232889947367,-12.29767110052633
94,48,125,110.33185251853767,-14.668147481462327
94,49,125,107.83804754802736,-17.16195245197264
94,50,125,109.55475197755675,-15.445248022443252
94,51,125,111.48043647528213,-13.519563524717867
94,52,125,112.0591195347113,-12.9408804652887
94,53,125,107.6325101844697,-17.367489815530305
94,54,125,110.7121023773423,-14.287897622657695
94,55,125,112.54331337303078,-12.456686626969216
94,56,125,107.0879566693887,-17.912043330611297
94,57,125,105.08856890095247,-19.911431099047533
94,58,125,103.48899554666976,-21.511004453330244
94,59,125,111.95785381676369,-13.042146183236312
94,60,125,113.72035365150786,-11.279646348492136
94,61,125,112.22078917580659,-12.779210824193413
94,62,125,112.54513955797836,-12.45486044202164
94,63,125,112.0188716673812,-12.981128332618795
94,64,125,110.09660402145842,-14.903395978541582
94,65,125,109.2209631494164,-15.779036850583594
94,66,125,105.8824835157138,-19.1175164842862
94,67,125,110.72341513072945,-14.27658486927055
94,68,125,107.25304001088864,-17.74695998911136
94,69,125,110.77461625618939,-14.22538374381061
94,70,125,106.9387733672017,-18.061226632798295
94,71,125,109.75629276022735,-15.243707239772647
94,72,125,108.6785590020661,-16.321440997933905
94,73,125,106.00455671076747,-18.995443289232526
94,74,125,102.31535276677596,-22.68464723322404
94,75,125,105.22974984669983,-19.770250153300168
94,76,125,107.84705040404454,-17.152949595955462
94,77,125,106.26266344202641,-18.73733655797359
94,78,125,105.99134798966755,-19.008652010332455
94,79,125,97.46222796657844,-27.53777203342156
94,80,125,101.9491042095749,-23.050895790425102
94,81,125,99.71370098889274,-25.28629901110726
94,82,125,103.51155471756795,-21.488445282432053
94,83,125,101.17632378108847,-23.82367621891153
94,84,125,99.45158448805196,-25.548415511948036
94,85,125,100.51253697824662,-24.487463021753385
94,86,125,99.9600009585909,-25.039999041409104
94,87,125,98.8718869047619,-26.128113095238106
94,88,125,100.35886346313062,-24.641136536869382
94,89,125,96.81732142857143,-28.182678571428568
94,90,125,89.16487424289893,-35.83512575710107
94,91,125,83.69494047619047,-41.30505952380953
94,92,125,86.12243565356022,-38.87756434643978
94,93,125,82.23363331613442,-42.766366683865584
94,94,125,85.16385416666665,-39.83614583333335
94,95,125,80.48391392803879,-44.51608607196121
94,96,125,80.83381891528596,-44.16618108471404
94,97,125,84.04719915097823,-40.95280084902177
94,98,125,77.41390004960321,-47.586099950396786
94,99,125,85.27608031422199,-39.723919685778014
94,100,125,93.21443304244777,-31.785566957552234
94,101,125,87.48244896872681,-37.517551031273186
94,102,125,90.69892468724626,-34.30107531275374
94,103,125,92.14198203662,-32.85801796337999
94,104,125,89.17690873675008,-35.82309126324992
94,105,125,88.06956749421795,-36.93043250578205
94,106,125,85.79021046263196,-39.20978953736804
94,107,125,85.01652065793232,-39.98347934206768
94,108,125,76.91111071616211,-48.08888928383789
94,109,125,82.5888058122433,-42.411194187756706
94,110,125,81.27846942074736,-43.721530579252644
94,111,125,80.96817503109979,-44.03182496890021
94,112,125,77.9688915251415,-47.0311084748585
94,113,125,84.53661931623006,-40.46338068376994
94,114,125,81.51232472425733,-43.487675275742674
94,115,125,82.63654134843475,-42.36345865156525
94,116,125,73.77507402417487,-51.22492597582513
94,117,125,78.96879315823065,-46.03120684176935
94,118,125,77.46727577081555,-47.53272422918445
94,119,125,74.71124848370228,-50.28875151629772
94,120,125,79.39065717673533,-45.60934282326467
94,121,125,81.82042474917134,-43.17957525082866
94,122,125,78.90568790584413,-46.09431209415587
94,123,125,80.67045653175006,-44.32954346824994
94,124,125,73.83659847615141,-51.16340152384859
94,125,125,85.12209568209569,-39.87790431790431
94,126,125,84.42059968799725,-40.57940031200275
94,127,125,88.98393238772323,-36.01606761227677
94,128,125,86.74570412901082,-38.25429587098918
94,129,125,88.71122535880838,-36.28877464119162
94,130,125,94.04647142926834,-30.953528570731663
94,131,125,80.49401835190596,-44.505981648094036
94,132,125,84.44614508038987,-40.55385491961013
94,133,125,79.46586185168094,-45.53413814831906
94,134,124,79.94386352376773,-44.05613647623227
94,135,123,77.45567849066353,-45.54432150933647
94,136,122,87.71916911189074,-34.280830888109264
94,137,121,75.73262377475068,-45.26737622524932
94,138,120,81.63438245907044,-38.36561754092956
94,139,119,76.79164250209536,-42.20835749790464
94,140,118,78.33361300770306,-39.666386992296935
94,141,117,82.99823660714286,-34.00176339285714
94,142,116,81.42484201562326,-34.575157984376744
94,143,115,80.25117893009902,-34.748821069900984
94,144,114,81.90718890182885,-32.092811098171154
94,145,113,80.61209228847983,-32.38790771152017
94,146,112,78.16965254157219,-33.83034745842781
94,147,111,80.44844896259787,-30.551551037402135
94,148,110,79.18739020741742,-30.812609792582577
94,149,109,75.07944487803867,-33.92055512196133
94,150,108,84.0436852967909,-23.956314703209102
94,151,107,83.79874907767041,-23.201250922329592
94,152,106,79.36674297453963,-26.633257025460367
94,153,105,74.77640286796534,-30.223597132034655
94,154,104,73.72059050324677,-30.27940949675323
94,155,103,75.07328091179653,-27.92671908820347
94,156,102,67.7547997835498,-34.2452002164502
94,157,101,56.84861562049063,-44.15138437950937
94,158,100,62.816633382768956,-37.183366617231044
94,159,99,59.59203339858671,-39.40796660141329
94,160,98,59.679770833333336,-38.320229166666664
94,161,97,61.65594204882093,-35.34405795117907
94,162,96,56.19419675882072,-39.80580324117928
94,163,95,57.23007926093085,-37.76992073906915
94,164,94,58.547129298895754,-35.452870701104246
94,165,93,66.67975621100716,-26.32024378899284
94,166,92,54.36937732204402,-37.63062267795598
94,167,91,65.82696621200355,-25.173033787996445
94,168,90,61.93552889818514,-28.06447110181486
94,169,89,64.23754216269839,-24.76245783730161
94,170,88,58.57049865011794,-29.42950134988206
94,171,87,53.73673478550904,-33.26326521449096
94,172,86,56.150474797873684,-29.849525202126316
94,173,85,54.01257617958646,-30.98742382041354
94,174,84,52.04045725666661,-31.959542743333387
94,175,83,50.33687097114489,-32.66312902885511
94,176,82,55.13820283964196,-26.861797160358037
94,177,81,56.64674812659187,-24.353251873408126
94,178,80,55.446513798701304,-24.553486201298696
94,179,79,58.39800295120607,-20.601997048793933
94,180,78,53.41705810801987,-24.582941891980127
94,181,77,56.2955409712729,-20.7044590287271
94,182,76,57.57963868708937,-18.42036131291063
94,183,75,53.157465349796894,-21.842534650203106
94,184,74,53.67523866484392,-20.324761335156083
94,185,73,49.110768849206366,-23.889231150793634
94,186,72,52.55133928571429,-19.448660714285708
94,187,71,53.917187266916685,-17.082812733083315
94,188,70,46.65186943400727,-23.348130565992733
94,189,69,40.46768640402472,-28.532313595975282
94,190,68,44.889345238095224,-23.110654761904776
94,191,67,39.97111607142856,-27.02888392857144
94,192,66,43.545060643881214,-22.454939356118786
94,193,65,47.783823218599025,-17.216176781400975
94,194,64,42.66274766053256,-21.33725233946744
94,195,63,40.285498074229686,-22.714501925770314
94,196,62,40.36733134920635,-21.632668650793647
94,197,61,44.41952598722415,-16.580474012775852
94,198,60,47.140217528472775,-12.859782471527225
94,199,59,47.66074479558083,-11.339255204419167
94,200,58,41.64488284897293,-16.355117151027073
94,201,57,39.36254464285714,-17.637455357142862
94,202,56,34.79368303571429,-21.206316964285712
94,203,55,30.783189777479095,-24.216810222520905
94,204,54,36.009122023809525,-17.990877976190475
94,205,53,35.02560515873018,-17.97439484126982
94,206,52,33.73756696428572,-18.26243303571428
94,207,51,31.541478612278254,-19.458521387721746
94,208,50,37.008209325396834,-12.991790674603166
94,209,49,43.582953869047614,-5.417046130952386
94,210,48,36.59222222222222,-11.407777777777781
94,211,47,37.08056547619048,-9.919434523809521
94,212,46,36.57513008832565,-9.42486991167435
94,213,45,32.41819940476189,-12.581800595238107
94,214,44,30.79596729659231,-13.204032703407691
94,215,43,30.62552128427128,-12.37447871572872
94,216,42,30.387480158730177,-11.612519841269823
94,217,41,29.480962527056278,-11.519037472943722
94,218,40,28.832743055555554,-11.167256944444446
94,219,39,25.233241341991338,-13.766758658008662
94,220,38,26.27803323412698,-11.72196676587302
94,221,37,28.627244318181837,-8.372755681818163
94,222,36,22.87619047619048,-13.12380952380952
94,223,35,21.891991567460316,-13.108008432539684
94,224,34,26.38236594089391,-7.617634059106091
94,225,33,24.98223719810891,-8.017762801891092
94,226,32,25.455018870772953,-6.544981129227047
94,227,31,22.731050685425693,-8.268949314574307
94,228,30,19.94688988095238,-10.05311011904762
94,229,29,19.346962031024532,-9.653037968975468
94,230,28,23.847916666666674,-4.1520833333333265
94,231,27,20.80877976190477,-6.19122023809523
94,232,26,20.222410714285715,-5.777589285714285
94,233,25,17.732544642857157,-7.267455357142843
94,234,24,16.793787202380962,-7.206212797619038
94,235,23,13.730319940476189,-9.269680059523811
94,236,22,11.88372271825396,-10.11627728174604
94,237,21,10.852157738095226,-10.147842261904774
94,238,20,12.160104166666663,-7.839895833333337
94,239,19,10.6701488095238,-8.3298511904762
94,240,18,8.499546130952385,-9.500453869047615
94,241,17,11.143258928571427,-5.856741071428573
94,242,16,8.56311507936508,-7.43688492063492
94,243,15,8.025044642857143,-6.974955357142857
94,244,14,7.633519345238096,-6.366480654761904
94,245,13,7.210812815656563,-5.789187184343437
94,246,12,5.254629779942277,-6.745370220057723
94,247,11,2.9639285714285695,-8.03607142857143
94,248,10,3.657440476190475,-6.342559523809525
94,249,9,3.2962574404761895,-5.7037425595238105
94,250,8,2.1438616071428545,-5.8561383928571455
94,251,7,1.4738169642857146,-5.526183035714285
94,252,6,1.569099702380953,-4.430900297619047
94,253,5,0.0,-5.0
94,254,4,0.0,-4.0
94,255,3,0.0,-3.0
94,256,2,0.0,-2.0
94,257,1,0.0,-1.0
94,258,0,0.0,0.0
95,1,125,118.68995535714285,-6.31004464285715
95,2,125,119.90956517584095,-5.090434824159047
95,3,125,119.39062499999997,-5.609375000000028
95,4,125,119.57119047619047,-5.428809523809534
95,5,125,119.83125,-5.168750000000003
95,6,125,119.77025577557757,-5.229744224422433
95,7,125,119.60541666666663,-5.394583333333372
95,8,125,118.84791666666668,-6.152083333333323
95,9,125,118.17604166666665,-6.823958333333351
95,10,125,117.88604166666667,-7.113958333333329
95,11,125,119.91983032646048,-5.080169673539515
95,12,125,119.39380341880342,-5.606196581196585
95,13,125,119.756875,-5.243125000000006
95,14,125,119.31816964285716,-5.681830357142843
95,15,125,119.82489583333333,-5.175104166666671
95,16,125,119.57462797619048,-5.4253720238095156
95,17,125,119.77956872542593,-5.220431274574068
95,18,125,119.5837577160494,-5.416242283950595
95,19,125,119.83314458313798,-5.16685541686202
95,20,125,119.50226546798736,-5.497734532012643
95,21,125,119.62094521604938,-5.379054783950622
95,22,125,119.56666666666665,-5.433333333333351
95,23,125,119.2702380952381,-5.729761904761901
95,24,125,119.78479938271603,-5.215200617283969
95,25,125,119.834375,-5.165625000000006
95,26,125,119.03630952380952,-5.963690476190479
95,27,125,119.85084104938274,-5.149158950617263
95,28,125,117.90668154761902,-7.093318452380984
95,29,125,117.84066964285714,-7.1593303571428635
95,30,125,118.77617737346509,-6.223822626534911
95,31,125,117.93677083333334,-7.063229166666659
95,32,125,119.04327702702702,-5.956722972972983
95,33,125,118.4658165271034,-6.534183472896601
95,34,125,119.31761991692198,-5.682380083078016
95,35,125,119.50862513271325,-5.491374867286751
95,36,125,119.79177401181619,-5.208225988183813
95,37,125,118.99880893250477,-6.001191067495228
95,38,125,118.49135738416987,-6.5086426158301265
95,39,125,119.33595290656133,-5.664047093438668
95,40,125,119.32338962412689,-5.676610375873111
95,41,125,118.10654069575233,-6.893459304247671
95,42,125,117.89032730398473,-7.1096726960152665
95,43,125,118.76708166705365,-6.232918332946355
95,44,125,114.66374713827838,-10.336252861721619
95,45,125,116.7546865114053,-8.245313488594704
95,46,125,118.25672961229945,-6.743270387700548
95,47,125,117.67674597247412,-7.323254027525877
95,48,125,117.16251760533423,-7.83748239466577
95,49,125,116.47184031319053,-8.528159686809474
95,50,125,114.83190112363464,-10.168098876365363
95,51,125,117.58813789203285,-7.411862107967153
95,52,125,117.42429182893586,-7.575708171064136
95,53,125,117.7728554301461,-7.227144569853905
95,54,125,118.81245212542088,-6.187547874579124
95,55,125,119.42144718338632,-5.57855281661368
95,56,125,118.68349084719344,-6.31650915280656
95,57,125,119.5156931861821,-5.484306813817895
95,58,125,119.10818692271816,-5.891813077281839
95,59,125,118.31462210112716,-6.685377898872844
95,60,125,118.39263076591203,-6.607369234087969
95,61,125,117.83318210617021,-7.166817893829787
95,62,125,116.13807531738459,-8.86192468261541
95,63,125,117.06550459002855,-7.934495409971447
95,64,125,115.43950657894736,-9.56049342105264
95,65,125,117.6173618197279,-7.382638180272096
95,66,125,119.04808145943562,-5.951918540564378
95,67,125,117.39438988095239,-7.605610119047611
95,68,125,118.90342889732383,-6.096571102676165
95,69,125,117.46806228448887,-7.531937715511134
95,70,125,116.9930119337557,-8.006988066244304
95,71,125,118.00165554207119,-6.998344457928809
95,72,125,117.16770286214076,-7.832297137859243
95,73,125,115.90293259834827,-9.097067401651728
95,74,125,115.96775152132992,-9.032248478670084
95,75,125,116.27411107277446,-8.72588892722554
95,76,125,114.71384552591272,-10.286154474087283
95,77,125,111.53808740022058,-13.461912599779424
95,78,125,118.35187867678137,-6.648121323218632
95,79,125,114.42980204125581,-10.570197958744188
95,80,125,114.59528595908901,-10.404714040910989
95,81,125,108.29192975336066,-16.708070246639338
95,82,125,110.91606728943573,-14.08393271056427
95,83,125,111.48947683043077,-13.510523169569225
95,84,125,112.46626564044001,-12.533734359559986
95,85,125,114.13562884902053,-10.864371150979466
95,86,125,114.07702192910195,-10.922978070898054
95,87,125,113.77934293790891,-11.220657062091092
95,88,125,113.60843484235525,-11.391565157644749
95,89,125,111.8791437640469,-13.120856235953099
95,90,125,114.42032409166707,-10.57967590833293
95,91,125,116.2536586734894,-8.746341326510603
95,92,125,113.39511362425405,-11.604886375745949
95,93,125,111.06311965811965,-13.936880341880354
95,94,125,110.3356138754045,-14.664386124595495
95,95,125,104.93104166666672,-20.068958333333285
95,96,125,111.37001119683308,-13.629988803166924
95,97,125,112.42911272033128,-12.570887279668725
95,98,125,112.9347826199338,-12.065217380066201
95,99,125,115.93478740718987,-9.065212592810127
95,100,125,114.13562456111394,-10.864375438886057
95,101,125,109.83427594445284,-15.165724055547159
95,102,125,112.24275544096265,-12.757244559037346
95,103,125,112.26564896719155,-12.734351032808448
95,104,125,110.63640112683808,-14.36359887316192
95,105,125,113.30947746632935,-11.690522533670645
95,106,125,115.23958881999783,-9.760411180002166
95,107,125,109.25412581127178,-15.745874188728223
95,108,125,113.02653320485702,-11.973466795142983
95,109,125,114.76280486863386,-10.237195131366136
95,110,125,112.00928505898275,-12.990714941017245
95,111,125,112.46574602615985,-12.534253973840151
95,112,125,107.42786877309197,-17.572131226908027
95,113,125,111.94469808400261,-13.05530191599739
95,114,125,103.54888154046046,-21.451118459539543
95,115,125,111.2134484916921,-13.786551508307895
95,116,125,109.97015819398466,-15.029841806015341
95,117,125,111.50680048034467,-13.493199519655334
95,118,125,114.23847103181492,-10.761528968185075
95,119,125,113.62832264513592,-11.371677354864076
95,120,125,115.04638695988172,-9.953613040118285
95,121,125,108.48124270079768,-16.51875729920232
95,122,125,110.79107589285711,-14.208924107142892
95,123,125,107.35481398809523,-17.64518601190477
95,124,125,117.73721055595585,-7.262789444044145
95,125,125,114.5996148371856,-10.400385162814402
95,126,125,113.76642679014745,-11.233573209852551
95,127,125,107.81407795329672,-17.185922046703283
95,128,125,110.07834019940415,-14.921659800595847
95,129,125,108.04598403128732,-16.95401596871268
95,130,125,108.19452429019736,-16.805475709802636
95,131,125,102.46440358709273,-22.535596412907267
95,132,125,110.1041149084833,-14.895885091516703
95,133,125,102.40209956709955,-22.597900432900445
95,134,125,103.21866539299515,-21.78133460700485
95,135,125,95.8345386904762,-29.165461309523806
95,136,125,107.88296133333563,-17.11703866666437
95,137,125,110.44130295166788,-14.558697048332121
95,138,125,101.52643025734476,-23.473569742655243
95,139,125,104.6164427003749,-20.383557299625096
95,140,125,101.94835110722218,-23.05164889277782
95,141,125,101.66196493262699,-23.338035067373013
95,142,125,100.99603948076405,-24.003960519235946
95,143,125,100.91317569926575,-24.08682430073425
95,144,125,93.74042465092097,-31.25957534907903
95,145,125,96.4640454426747,-28.535954557325297
95,146,125,102.28266894585197,-22.717331054148033
95,147,125,102.85589826839825,-22.14410173160175
95,148,125,101.14749031670083,-23.852509683299175
95,149,125,104.56453640901893,-20.435463590981072
95,150,125,99.6248665223665,-25.375133477633497
95,151,125,103.99147223666978,-21.00852776333022
95,152,125,106.62634794582473,-18.373652054175267
95,153,125,98.16641169650242,-26.833588303497578
95,154,125,104.83023593183131,-20.16976406816869
95,155,125,106.08046700419891,-18.91953299580109
95,156,125,98.56276041666665,-26.43723958333335
95,157,125,92.18811550697865,-32.81188449302135
95,158,125,95.96410477053139,-29.035895229468608
95,159,124,98.84077178030304,-25.159228219696956
95,160,123,98.2742981150794,-24.725701884920596
95,161,122,92.57577004501067,-29.42422995498933
95,162,121,96.67378408218127,-24.32621591781873
95,163,120,98.12715730042018,-21.87284269957982
95,164,119,94.68628224206351,-24.313717757936487
95,165,118,102.74902977049291,-15.25097022950709
95,166,117,96.74886608339497,-20.251133916605028
95,167,116,90.10594516594514,-25.894054834054856
95,168,115,89.03754960317457,-25.96245039682543
95,169,114,86.68666633937299,-27.31333366062701
95,170,113,98.08052493612755,-14.919475063872454
95,171,112,97.90912924151883,-14.090870758481174
95,172,111,96.91424109967987,-14.08575890032013
95,173,110,93.45285393654773,-16.547146063452274
95,174,109,88.74029585997809,-20.25970414002191
95,175,108,90.62144395078602,-17.378556049213984
95,176,107,91.52719716702322,-15.472802832976782
95,177,106,89.76925173784547,-16.230748262154535
95,178,105,84.5262159541847,-20.473784045815293
95,179,104,73.67677999084252,-30.32322000915748
95,180,103,74.73146661943537,-28.268533380564634
95,181,102,75.32062730355297,-26.679372696447032
95,182,101,82.98319048598461,-18.016809514015392
95,183,100,83.74880132843083,-16.25119867156917
95,184,99,74.47186090431947,-24.52813909568053
95,185,98,66.37494318181817,-31.625056818181832
95,186,97,67.34248789098972,-29.657512109010284
95,187,96,71.89809519991053,-24.10190480008947
95,188,95,62.62050684648206,-32.37949315351794
95,189,94,67.26395052869591,-26.736049471304085
95,190,93,71.81265264249642,-21.187347357503583
95,191,92,65.83240964085732,-26.16759035914268
95,192,91,70.72280505952382,-20.27719494047618
95,193,90,71.79960492886177,-18.20039507113823
95,194,89,69.0331148018648,-19.966885198135202
95,195,88,69.77807023528266,-18.221929764717345
95,196,87,79.32482518935106,-7.67517481064894
95,197,86,67.64977471993099,-18.35022528006901
95,198,85,71.62062295117322,-13.379377048826782
95,199,84,65.52015810405867,-18.479841895941334
95,200,83,65.87614312246214,-17.12385687753786
95,201,82,65.96583581349203,-16.034164186507965
95,202,81,60.13620688339438,-20.86379311660562
95,203,80,66.15837797619047,-13.841622023809535
95,204,79,58.135961156898645,-20.864038843101355
95,205,78,62.046082032003056,-15.953917967996944
95,206,77,53.89676368826067,-23.10323631173933
95,207,76,57.56586691086687,-18.434133089133127
95,208,75,57.31358764499389,-17.686412355006112
95,209,74,58.75546067333964,-15.244539326660359
95,210,73,56.81776041666667,-16.182239583333327
95,211,72,54.493168047230554,-17.506831952769446
95,212,71,59.29291418650793,-11.707085813492071
95,213,70,53.92504101800978,-16.07495898199022
95,214,69,62.81535689480094,-6.184643105199058
95,215,68,53.17070074023197,-14.829299259768028
95,216,67,55.37614320491336,-11.623856795086638
95,217,66,58.394156746031726,-7.605843253968274
95,218,65,53.25200282356534,-11.747997176434659
95,219,64,52.52209190115438,-11.477908098845617
95,220,63,52.82168446137196,-10.178315538628041
95,221,62,52.39063744101643,-9.60936255898357
95,222,61,51.22530532521556,-9.774694674784442
95,223,60,47.9013756437859,-12.098624356214103
95,224,59,50.7674989853896,-8.2325010146104
95,225,58,48.755601438492064,-9.244398561507936
95,226,57,46.40041260822511,-10.59958739177489
95,227,56,45.70587549603176,-10.294124503968241
95,228,55,46.73776909722223,-8.262230902777773
95,229,54,48.721819321397824,-5.278180678602176
95,230,53,45.51965745625901,-7.4803425437409885
95,231,52,41.56855208333332,-10.431447916666677
95,232,51,41.86979724702382,-9.130202752976182
95,233,50,39.36497023809523,-10.635029761904768
95,234,49,39.06924107142857,-9.930758928571429
95,235,48,43.22862661210317,-4.77137338789683
95,236,47,34.07063244047619,-12.929367559523811
95,237,46,37.712755167958655,-8.287244832041345
95,238,45,39.585610119047615,-5.414389880952385
95,239,44,35.17998759920636,-8.820012400793637
95,240,43,40.07842261904763,-2.921577380952371
95,241,42,39.719821428571436,-2.2801785714285643
95,242,41,37.206701388888895,-3.793298611111105
95,243,40,39.94319940476191,-0.056800595238087226
95,244,39,41.05867282668882,2.05867282668882
95,245,38,39.620020411395785,1.6200204113957852
95,246,37,35.99501945970695,-1.0049805402930474
95,247,36,38.03644803113552,2.036448031135521
95,248,35,39.720515491452986,4.720515491452986
95,249,34,33.26084077380951,-0.7391592261904876
95,250,33,34.686934523809526,1.6869345238095264
95,251,32,35.24109179197997,3.2410917919799687
95,252,31,37.025917658730165,6.025917658730165
95,253,30,30.70536954365079,0.7053695436507894
95,254,29,30.066669823232303,1.0666698232323029
95,255,28,34.65643849206351,6.656438492063508
95,256,27,31.385233134920647,4.385233134920647
95,257,26,26.73759685362946,0.7375968536294586
95,258,25,25.07652405753968,0.07652405753967884
95,259,24,27.82100574712642,3.8210057471264207
95,260,23,25.080528273809517,2.0805282738095165
95,261,22,25.541912202380956,3.5419122023809564
95,262,21,24.677641369047628,3.6776413690476275
95,263,20,25.592474435286924,5.592474435286924
95,264,19,19.548206845238095,0.548206845238095
95,265,18,18.880208333333332,0.8802083333333321
95,266,17,16.980305059523804,-0.01969494047619591
95,267,16,17.745251358695647,1.745251358695647
95,268,15,17.454609713203457,2.4546097132034568
95,269,14,16.261480654761908,2.2614806547619075
95,270,13,12.318972949604738,-0.6810270503952616
95,271,12,9.779900793650791,-2.220099206349209
95,272,11,9.260630822981366,-1.7393691770186344
95,273,10,4.6597172619047615,-5.3402827380952385
95,274,9,5.7809375,-3.2190624999999997
95,275,8,2.913995535714288,-5.086004464285712
95,276,7,2.836324404761905,-4.163675595238095
95,277,6,3.1485639880952387,-2.8514360119047613
95,278,5,0.0,-5.0
95,279,4,0.0,-4.0
95,280,3,0.0,-3.0
95,281,2,0.0,-2.0
95,282,1,0.0,-1.0
95,283,0,0.0,0.0
96,1,125,117.47956388152492,-7.520436118475075
96,2,125,115.36090986972576,-9.63909013027424
96,3,125,117.05889358708797,-7.941106412912035
96,4,125,118.60937457471769,-6.390625425282309
96,5,125,118.46858161621886,-6.531418383781144
96,6,125,118.39784499481432,-6.602155005185679
96,7,125,119.19428848224668,-5.805711517753323
96,8,125,119.04043666736239,-5.9595633326376145
96,9,125,118.98826749444409,-6.011732505555912
96,10,125,117.40565143915346,-7.594348560846541
96,11,125,116.6517763125157,-8.348223687484307
96,12,125,117.82460127011909,-7.175398729880911
96,13,125,118.32261743273628,-6.67738256726372
96,14,125,117.180268153963,-7.819731846037001
96,15,125,118.38589759893239,-6.614102401067612
96,16,125,118.58386535165418,-6.4161346483458175
96,17,125,116.77586784260764,-8.224132157392361
96,18,125,115.25936416221191,-9.74063583778809
96,19,125,115.96630353859112,-9.03369646140888
96,20,125,116.85104142596155,-8.148958574038446
96,21,125,117.6405634877965,-7.3594365122035015
96,22,125,114.72389737587346,-10.276102624126537
96,23,125,116.87093448855651,-8.129065511443486
96,24,125,118.17242038271884,-6.82757961728116
96,25,125,114.54308058357739,-10.456919416422608
96,26,125,117.00413103176531,-7.995868968234689
96,27,125,117.75312715005884,-7.246872849941155
96,28,125,118.99501578780833,-6.0049842121916726
96,29,125,117.45943602543036,-7.540563974569636
96,30,125,117.50598684681071,-7.494013153189286
96,31,125,118.25577134171742,-6.74422865828258
96,32,125,115.99539095930508,-9.004609040694916
96,33,125,118.60215600896565,-6.39784399103435
96,34,125,116.33142887494955,-8.668571125050448
96,35,125,115.43128326110966,-9.568716738890345
96,36,125,117.79074900298374,-7.209250997016255
96,37,125,116.81692954888892,-8.183070451111078
96,38,125,116.95946070771413,-8.040539292285871
96,39,125,116.42252079632942,-8.577479203670578
96,40,125,117.22454689384327,-7.775453106156732
96,41,125,117.53990446682458,-7.460095533175419
96,42,125,116.7186544043119,-8.281345595688094
96,43,125,114.17836436158106,-10.82163563841894
96,44,125,117.15274835412347,-7.847251645876526
96,45,125,116.1226312250914,-8.877368774908604
96,46,125,115.58913520359366,-9.410864796406344
96,47,125,116.3918300239814,-8.608169976018601
96,48,125,111.2674899654744,-13.732510034525603
96,49,125,113.89956862623717,-11.10043137376283
96,50,125,112.0498642730435,-12.950135726956503
96,51,125,112.86072671178665,-12.139273288213346
96,52,125,114.76473635723767,-10.235263642762334
96,53,125,114.15713923016776,-10.842860769832242
96,54,125,112.64116275558884,-12.358837244411163
96,55,125,112.77828325417734,-12.221716745822661
96,56,125,114.54561672800415,-10.454383271995852
96,57,125,114.57898671272854,-10.421013287271464
96,58,125,109.99398893466108,-15.006011065338924
96,59,125,112.08497355557463,-12.915026444425365
96,60,125,113.57712919429655,-11.422870805703454
96,61,125,113.40794821867595,-11.592051781324045
96,62,125,110.65022329583151,-14.349776704168491
96,63,125,113.47025241517365,-11.529747584826353
96,64,125,112.66168927790318,-12.338310722096821
96,65,125,113.78949436515714,-11.21050563484286
96,66,125,113.52548638624721,-11.47451361375279
96,67,125,111.14212555055587,-13.857874449444125
96,68,125,114.20297355016376,-10.797026449836238
96,69,125,109.85085593674592,-15.149144063254084
96,70,125,111.28853043351721,-13.71146956648279
96,71,125,112.94347417416554,-12.056525825834456
96,72,125,113.24602517184016,-11.75397482815984
96,73,125,113.54585606735313,-11.454143932646872
96,74,125,111.94233857342779,-13.05766142657221
96,75,125,111.76144748222346,-13.23855251777654
96,76,125,112.1538181584295,-12.846181841570498
96,77,125,112.0259890317277,-12.974010968272296
96,78,125,112.99221221225991,-12.007787787740085
96,79,125,111.9612832450609,-13.038716754939102
96,80,125,110.80077161513574,-14.199228384864256
96,81,125,109.05975907073135,-15.940240929268654
96,82,125,110.84084989321033,-14.159150106789667
96,83,125,112.40292817037475,-12.59707182962525
96,84,125,107.69253257632347,-17.307467423676528
96,85,125,107.73319434407965,-17.26680565592035
96,86,125,109.69954268482131,-15.30045731517869
96,87,125,108.47474968353774,-16.525250316462262
96,88,125,109.22856275659612,-15.77143724340388
96,89,125,104.88722553391335,-20.11277446608665
96,90,125,102.67707966313719,-22.322920336862808
96,91,125,106.02943983240375,-18.970560167596247
96,92,125,105.64394642652323,-19.35605357347677
96,93,125,104.34308484304643,-20.656915156953573
96,94,125,103.96206679783465,-21.03793320216535
96,95,125,104.40340521555785,-20.596594784442146
96,96,125,104.7955224852913,-20.2044775147087
96,97,125,105.62385284575994,-19.37614715424006
96,98,125,105.66407956450728,-19.335920435492724
96,99,125,103.6319899898806,-21.368010010119406
96,100,125,105.91415855476366,-19.08584144523634
96,101,125,106.42689810684362,-18.573101893156377
96,102,125,104.50719781098644,-20.49280218901356
96,103,125,106.32134862448882,-18.67865137551118
96,104,125,102.88630109277813,-22.113698907221874
96,105,125,103.6843053134132,-21.315694686586795
96,106,125,107.32539492708943,-17.674605072910566
96,107,125,104.94825814817804,-20.05174185182196
96,108,125,106.7081209260119,-18.2918790739881
96,109,125,103.2124202195101,-21.787579780489907
96,110,125,102.61979982779114,-22.38020017220886
96,111,125,105.28395277790814,-19.71604722209186
96,112,125,104.92888682860053,-20.071113171399475
96,113,125,101.70481581287804,-23.29518418712196
96,114,125,103.89329331833656,-21.10670668166344
96,115,125,101.42641171068314,-23.57358828931686
96,116,125,98.9133205231864,-26.0866794768136
96,117,125,100.39578104262743,-24.604218957372566
96,118,125,101.84557634314744,-23.154423656852558
96,119,125,99.58643227385608,-25.413567726143924
96,120,125,101.08946434867478,-23.91053565132522
96,121,125,98.67764206275501,-26.322357937244988
96,122,125,96.59425103547598,-28.405748964524022
96,123,125,96.59293014302672,-28.40706985697328
96,124,125,104.53187006106047,-20.468129938939526
96,125,125,103.44767723537807,-21.552322764621934
96,126,125,103.2809922637924,-21.7190077362076
96,127,125,105.16473529188056,-19.83526470811944
96,128,125,103.50141777281571,-21.498582227184286
96,129,125,103.47641398498395,-21.52358601501605
96,130,125,104.70365829300731,-20.296341706992692
96,131,125,103.69124834588301,-21.30875165411699
96,132,125,105.09019225431416,-19.90980774568584
96,133,125,99.22390254153945,-25.776097458460555
96,134,125,98.60344179043975,-26.396558209560254
96,135,125,100.65534710123583,-24.344652898764167
96,136,125,98.14488409109238,-26.85511590890762
96,137,125,93.09549361892194,-31.904506381078065
96,138,125,99.84678335484352,-25.153216645156476
96,139,125,98.99152553788758,-26.008474462112417
96,140,125,96.44014826785322,-28.559851732146782
96,141,125,97.2167675040742,-27.7832324959258
96,142,125,98.1291942772713,-26.870805722728704
96,143,125,96.90983578954267,-28.09016421045733
96,144,125,96.64936658556917,-28.35063341443083
96,145,125,99.19955077578659,-25.80044922421341
96,146,125,100.46137901791073,-24.53862098208927
96,147,125,96.93213758917089,-28.067862410829107
96,148,125,96.12071531090592,-28.879284689094078
96,149,125,90.49127690675995,-34.50872309324005
96,150,125,90.83205592802173,-34.16794407197827
96,151,125,92.60033124286599,-32.39966875713401
96,152,125,93.3664978016236,-31.633502198376405
96,153,125,94.71959616542084,-30.28040383457916
96,154,125,96.28747669642833,-28.712523303571672
96,155,125,98.08006797072672,-26.919932029273284
96,156,125,94.07530409988235,-30.924695900117655
96,157,125,91.96285047777525,-33.03714952222475
96,158,125,93.94781848620359,-31.052181513796413
96,159,125,90.92828023008444,-34.07171976991556
96,160,125,97.01533246182905,-27.984667538170953
96,161,125,97.34621364461921,-27.653786355380788
96,162,125,99.9665224806424,-25.033477519357604
96,163,125,95.38353306936624,-29.616466930633763
96,164,125,98.75416845106456,-26.245831548935442
96,165,125,101.57845888480612,-23.421541115193875
96,166,125,102.45438670343808,-22.545613296561925
96,167,125,100.36657833552601,-24.633421664473985
96,168,125,100.43109959387853,-24.56890040612147
96,169,125,99.75460460574604,-25.24539539425396
96,170,125,100.47681913548601,-24.52318086451399
96,171,125,92.278713243374,-32.721286756626
96,172,125,91.83400284147585,-33.16599715852415
96,173,125,96.32161789285144,-28.678382107148565
96,174,125,94.87479912923632,-30.125200870763678
96,175,125,93.25154543066711,-31.748454569332893
96,176,125,100.19167286476018,-24.80832713523982
96,177,125,98.10199528062063,-26.898004719379372
96,178,125,96.20657700424414,-28.79342299575586
96,179,125,99.40601965905739,-25.593980340942608
96,180,125,98.48068148560169,-26.519318514398307
96,181,125,100.05813591710634,-24.94186408289366
96,182,125,92.267532909631,-32.732467090369
96,183,125,92.60580590157186,-32.394194098428144
96,184,125,98.6656557997721,-26.334344200227903
96,185,125,96.37469631025911,-28.62530368974089
96,186,125,95.59220906451586,-29.407790935484144
96,187,125,98.14242609553223,-26.85757390446777
96,188,125,94.43153192664577,-30.568468073354225
96,189,125,95.42186556172238,-29.578134438277615
96,190,125,93.14725002598769,-31.852749974012312
96,191,125,97.15642946033401,-27.84357053966599
96,192,125,92.53062918862217,-32.46937081137783
96,193,125,92.35881222270686,-32.64118777729314
96,194,125,94.77921573239215,-30.220784267607854
96,195,125,92.45469337620669,-32.54530662379331
96,196,125,95.25449384222703,-29.745506157772965
96,197,125,94.39891967843405,-30.601080321565945
96,198,125,93.75277562733221,-31.247224372667787
96,199,125,98.85712832743397,-26.14287167256603
96,200,125,91.03213324841032,-33.96786675158968
96,201,125,87.59034768412948,-37.40965231587052
96,202,125,92.86400582535765,-32.13599417464235
96,203,125,84.96810901634213,-40.031890983657874
96,204,125,94.4788346808891,-30.521165319110906
96,205,125,93.49462673162098,-31.505373268379017
96,206,125,89.7854877746417,-35.214512225358305
96,207,125,87.31169019588712,-37.688309804112876
96,208,125,92.1407799965858,-32.859220003414194
96,209,125,93.39753346283314,-31.602466537166862
96,210,125,88.87195729134616,-36.12804270865384
96,211,125,88.95483698439625,-36.04516301560375
96,212,124,90.95948822608422,-33.04051177391578
96,213,123,86.1176112183917,-36.8823887816083
96,214,122,95.80020162656842,-26.199798373431577
96,215,121,95.04470735670955,-25.95529264329045
96,216,120,87.32813469001488,-32.67186530998512
96,217,119,91.57394020902207,-27.42605979097793
96,218,118,86.15296675713249,-31.84703324286751
96,219,117,84.37348797308661,-32.62651202691339
96,220,116,95.15063477471963,-20.849365225280366
96,221,115,96.72437159699108,-18.275628403008923
96,222,114,94.35223559918421,-19.647764400815788
96,223,113,90.12722406469128,-22.872775935308724
96,224,112,91.38827711931624,-20.611722880683757
96,225,111,91.4506989323121,-19.549301067687907
96,226,110,93.28655463841156,-16.71344536158844
96,227,109,93.0186651214934,-15.981334878506601
96,228,108,95.02634786717857,-12.973652132821428
96,229,107,95.80679980809796,-11.193200191902037
96,230,106,94.82192615669382,-11.17807384330618
96,231,105,95.92045690914043,-9.079543090859573
96,232,104,93.00426800107186,-10.995731998928136
96,233,103,90.5070132763068,-12.492986723693207
96,234,102,91.49655099343299,-10.50344900656701
96,235,101,89.09747220421049,-11.90252779578951
96,236,100,94.24743875107342,-5.7525612489265825
96,237,99,85.55942810202501,-13.44057189797499
96,238,98,86.13176060176954,-11.868239398230457
96,239,97,91.1506140019209,-5.8493859980791
96,240,96,84.43534790941501,-11.564652090584985
96,241,95,90.37659708252855,-4.623402917471452
96,242,94,83.98405481463435,-10.015945185365652
96,243,93,80.45237617050074,-12.547623829499258
96,244,92,84.6115682413135,-7.388431758686494
96,245,91,82.33111362604717,-8.66888637395283
96,246,90,83.984144305276,-6.015855694723996
96,247,89,76.2862074029276,-12.713792597072398
96,248,88,84.02575352387143,-3.9742464761285703
96,249,87,63.36289685671457,-23.63710314328543
96,250,86,66.65931051587302,-19.340689484126983
96,251,85,69.20323660714287,-15.79676339285713
96,252,84,76.34508180544945,-7.654918194550547
96,253,83,69.27794816468258,-13.722051835317416
96,254,82,69.67049854422393,-12.329501455776068
96,255,81,57.95252154892013,-23.04747845107987
96,256,80,62.03212968384078,-17.96787031615922
96,257,79,63.224058995028685,-15.775941004971315
96,258,78,78.0112024077649,0.011202407764898226
96,259,77,75.39098931520809,-1.6090106847919117
96,260,76,66.97567505411254,-9.024324945887457
96,261,75,74.54320894943857,-0.456791050561435
96,262,74,70.14287309775384,-3.857126902246165
96,263,73,67.80817135050744,-5.191828649492564
96,264,72,66.21887402056886,-5.781125979431138
96,265,71,63.67646716830184,-7.323532831698159
96,266,70,47.91734276286273,-22.08265723713727
96,267,69,57.16120039682538,-11.838799603174621
96,268,68,59.506798062027826,-8.493201937972174
96,269,67,63.570201759025295,-3.429798240974705
96,270,66,64.5449399076165,-1.4550600923835049
96,271,65,66.75668844105574,1.7566884410557435
96,272,64,66.72250725153448,2.7225072515344806
96,273,63,60.13773786976911,-2.8622621302308886
96,274,62,55.33814511877013,-6.661854881229871
96,275,61,52.5234117965368,-8.476588203463201
96,276,60,49.58119222689074,-10.418807773109258
96,277,59,50.16738839285716,-8.832611607142837
96,278,58,48.28318700396824,-9.716812996031763
96,279,57,48.74353918650793,-8.256460813492069
96,280,56,41.786369047619054,-14.213630952380946
96,281,55,46.13347132034632,-8.866528679653683
96,282,54,41.64690972222221,-12.353090277777788
96,283,53,38.445195932539676,-14.554804067460324
96,284,52,35.440394683441546,-16.559605316558454
96,285,51,40.94348214285714,-10.056517857142858
96,286,50,33.53457589285715,-16.46542410714285
96,287,49,34.840827132936504,-14.159172867063496
96,288,48,33.0895882936508,-14.910411706349201
96,289,47,34.362509920634935,-12.637490079365065
96,290,46,31.427145718864466,-14.572854281135534
96,291,45,31.100019257703067,-13.899980742296933
96,292,44,32.393877164502165,-11.606122835497835
96,293,43,30.070652281746057,-12.929347718253943
96,294,42,30.96178571428571,-11.03821428571429
96,295,41,32.62680803571429,-8.37319196428571
96,296,40,32.156804821676154,-7.843195178323846
96,297,39,30.6050892857143,-8.3949107142857
96,298,38,28.60678571428572,-9.39321428571428
96,299,37,29.21125,-7.78875
96,300,36,26.254642857142848,-9.745357142857152
96,301,35,22.856004464285718,-12.143995535714282
96,302,34,25.208278769841275,-8.791721230158725
96,303,33,21.376855158730155,-11.623144841269845
96,304,32,17.464497767857146,-14.535502232142854
96,305,31,19.29847470238095,-11.70152529761905
96,306,30,19.509568452380954,-10.490431547619046
96,307,29,15.798370535714291,-13.201629464285709
96,308,28,16.545758928571427,-11.454241071428573
96,309,27,15.359107142857148,-11.640892857142852
96,310,26,14.39177331349207,-11.60822668650793
96,311,25,15.106964285714295,-9.893035714285705
96,312,24,14.14047743055556,-9.85952256944444
96,313,23,15.287581845238098,-7.712418154761902
96,314,22,12.755238095238091,-9.244761904761909
96,315,21,12.743906249999998,-8.256093750000002
96,316,20,14.136034226190478,-5.863965773809522
96,317,19,9.792552083333328,-9.207447916666672
96,318,18,11.27296942640692,-6.72703057359308
96,319,17,12.03626307720057,-4.963736922799431
96,320,16,10.575148809523805,-5.424851190476195
96,321,15,11.11167410714286,-3.8883258928571394
96,322,14,10.505736607142854,-3.494263392857146
96,323,13,10.538336038961038,-2.461663961038962
96,324,12,9.331026785714286,-2.668973214285714
96,325,11,5.431180555555553,-5.568819444444447
96,326,10,3.4767409114183287,-6.523259088581671
96,327,9,2.2744866071428564,-6.725513392857144
96,328,8,0.0,-8.0
96,329,7,0.0,-7.0
96,330,6,0.0,-6.0
96,331,5,0.0,-5.0
96,332,4,0.0,-4.0
96,333,3,0.0,-3.0
96,334,2,0.0,-2.0
96,335,1,0.0,-1.0
96,336,0,0.0,0.0
97,1,125,118.56201281147155,-6.437987188528453
97,2,125,119.50200757575757,-5.497992424242426
97,3,125,118.36705583707317,-6.632944162926833
97,4,125,118.38761304748603,-6.6123869525139725
97,5,125,117.20817880766545,-7.791821192334552
97,6,125,118.44482074418724,-6.55517925581276
97,7,125,117.47072182798078,-7.529278172019218
97,8,125,117.9695406892836,-7.030459310716395
97,9,125,118.09565072503756,-6.904349274962442
97,10,125,115.71879400985199,-9.28120599014801
97,11,125,117.42142563612238,-7.578574363877621
97,12,125,116.86612460263254,-8.133875397367461
97,13,125,119.01070983030459,-5.989290169695408
97,14,125,118.12809605947768,-6.871903940522316
97,15,125,118.13166844902159,-6.868331550978411
97,16,125,118.60947710940636,-6.390522890593644
97,17,125,117.73913761408755,-7.260862385912446
97,18,125,118.25369698708278,-6.746303012917224
97,19,125,119.18175307450284,-5.818246925497164
97,20,125,118.4150045238463,-6.5849954761536935
97,21,125,118.90749127108234,-6.0925087289176645
97,22,125,118.19764326454984,-6.802356735450161
97,23,125,118.7111197381117,-6.288880261888295
97,24,125,118.75877754254614,-6.241222457453858
97,25,125,118.52355374892709,-6.476446251072915
97,26,125,118.70290122996892,-6.297098770031084
97,27,125,119.1462962262759,-5.853703773724106
97,28,125,118.36071767590731,-6.63928232409269
97,29,125,117.63179692329484,-7.368203076705157
97,30,125,118.92051508209877,-6.079484917901226
97,31,125,118.15451890573112,-6.845481094268877
97,32,125,118.07402302396751,-6.925976976032487
97,33,125,117.50884048987066,-7.491159510129336
97,34,125,117.85092967758985,-7.149070322410154
97,35,125,117.69951767972267,-7.300482320277325
97,36,125,118.82607113504965,-6.173928864950355
97,37,125,117.64899845870877,-7.351001541291225
97,38,125,117.20761171971617,-7.792388280283831
97,39,125,116.97343109714954,-8.026568902850457
97,40,125,115.87730111713222,-9.12269888286778
97,41,125,117.23069478420499,-7.769305215795015
97,42,125,116.34846468714895,-8.651535312851053
97,43,125,117.18467036253314,-7.81532963746686
97,44,125,116.55093186996844,-8.449068130031563
97,45,125,117.38451575068912,-7.615484249310882
97,46,125,116.95690520497374,-8.043094795026263
97,47,125,117.61964609262596,-7.380353907374044
97,48,125,118.04160460318614,-6.958395396813856
97,49,125,118.03743488663736,-6.962565113362643
97,50,125,116.88050370629269,-8.119496293707314
97,51,125,117.74164085318489,-7.25835914681511
97,52,125,116.89768154615676,-8.102318453843239
97,53,125,115.51917980395096,-9.480820196049038
97,54,125,117.76541871404977,-7.234581285950227
97,55,125,115.28493911145479,-9.71506088854521
97,56,125,116.0626642777931,-8.937335722206896
97,57,125,115.69061168534111,-9.30938831465889
97,58,125,114.14447941135215,-10.855520588647849
97,59,125,115.12163391947891,-9.87836608052109
97,60,125,114.8049922729396,-10.1950077270604
97,61,125,114.17210251005486,-10.827897489945144
97,62,125,112.71740989688047,-12.282590103119531
97,63,125,111.2878033755733,-13.712196624426696
97,64,125,109.85298103181655,-15.147018968183446
97,65,125,114.15846999595537,-10.841530004044628
97,66,125,112.13673715822358,-12.863262841776418
97,67,125,115.32738589675145,-9.672614103248549
97,68,125,112.79814280158396,-12.201857198416036
97,69,125,114.3518708416287,-10.648129158371304
97,70,125,112.79431118044522,-12.20568881955478
97,71,125,113.5578592278525,-11.442140772147496
97,72,125,115.66532580528197,-9.334674194718033
97,73,125,112.47217313436784,-12.527826865632164
97,74,125,113.5735444614667,-11.426455538533304
97,75,125,112.5252569166574,-12.474743083342602
97,76,125,112.3981516706285,-12.601848329371506
97,77,125,111.09870296788385,-13.901297032116148
97,78,124,107.71195405678966,-16.288045943210335
97,79,123,111.92127504364842,-11.078724956351579
97,80,122,107.02492625694622,-14.975073743053784
97,81,121,108.5040637798113,-12.495936220188696
97,82,120,108.3873701856887,-11.612629814311305
97,83,119,105.7926629962454,-13.207337003754603
97,84,118,106.74213988303055,-11.257860116969454
97,85,117,106.10219709901544,-10.897802900984559
97,86,116,102.50857018982535,-13.491429810174651
97,87,115,109.08809381304536,-5.9119061869546385
97,88,114,107.03377955380856,-6.966220446191443
97,89,113,107.13895083112365,-5.861049168876349
97,90,112,107.98024993220004,-4.019750067799961
97,91,111,108.52082484766302,-2.4791751523369783
97,92,110,106.34459838383839,-3.655401616161612
97,93,109,108.66476352399852,-0.33523647600148365
97,94,108,102.7820133272894,-5.217986672710595
97,95,107,102.24240462026935,-4.757595379730645
97,96,106,107.07022586698126,1.0702258669812608
97,97,105,104.49649611786845,-0.5035038821315538
97,98,104,102.25439648165177,-1.7456035183482328
97,99,103,104.48545190140742,1.4854519014074157
97,100,102,104.76344175391162,2.7634417539116214
97,101,101,105.46164519653162,4.46164519653162
97,102,100,105.44176524138425,5.441765241384246
97,103,99,104.81588135063791,5.815881350637909
97,104,98,102.89187805426226,4.891878054262264
97,105,97,105.49088421759616,8.490884217596161
97,106,96,96.78825332397028,0.7882533239702809
97,107,95,98.95166958587427,3.9516695858742708
97,108,94,93.35927888966543,-0.6407211103345674
97,109,93,93.9472788300657,0.9472788300656987
97,110,92,95.47455265006103,3.474552650061028
97,111,91,98.13366099897299,7.133660998972985
97,112,90,102.88092180701862,12.880921807018623
97,113,89,99.16341374779638,10.163413747796383
97,114,88,97.05813099540033,9.058130995400333
97,115,87,101.63927958798504,14.639279587985044
97,116,86,100.47603828002721,14.476038280027211
97,117,85,101.63225731063555,16.632257310635552
97,118,84,98.55684233988022,14.55684233988022
97,119,83,100.25344497749711,17.25344497749711
97,120,82,98.43714310774666,16.437143107746664
97,121,81,92.41282035014311,11.412820350143107
97,122,80,92.3624903900963,12.362490390096298
97,123,79,93.45425431302475,14.454254313024748
97,124,78,98.48260807396755,20.482608073967555
97,125,77,99.65493971275814,22.654939712758136
97,126,76,96.51764741285496,20.517647412854956
97,127,75,93.12587159620708,18.125871596207077
97,128,74,89.83789714929807,15.837897149298072
97,129,73,91.95938663421481,18.95938663421481
97,130,72,84.5479801141584,12.547980114158406
97,131,71,94.01873587280474,23.01873587280474
97,132,70,93.92979531480944,23.92979531480944
97,133,69,93.43896519846899,24.438965198468992
97,134,68,95.2296457465101,27.2296457465101
97,135,67,89.8219489884021,22.8219489884021
97,136,66,84.78421303294901,18.784213032949012
97,137,65,87.65536391509112,22.655363915091115
97,138,64,91.86574891057218,27.86574891057218
97,139,63,86.7834546709057,23.783454670905698
97,140,62,78.11432848496595,16.114328484965952
97,141,61,81.80305955421952,20.803059554219516
97,142,60,78.29090458783386,18.290904587833865
97,143,59,83.13864724048463,24.13864724048463
97,144,58,70.32083447802198,12.320834478021979
97,145,57,72.69345016415659,15.693450164156587
97,146,56,63.43777100761477,7.437771007614771
97,147,55,71.43021287251955,16.430212872519547
97,148,54,67.73789799178726,13.737897991787264
97,149,53,68.36013507326007,15.360135073260068
97,150,52,68.52924922238245,16.529249222382447
97,151,51,64.4281324404762,13.428132440476205
97,152,50,63.07381942785479,13.073819427854787
97,153,49,60.193266369047606,11.193266369047606
97,154,48,58.55515624999998,10.555156249999982
97,155,47,58.55676501035197,11.556765010351967
97,156,46,58.12517274844721,12.125172748447213
97,157,45,55.508430059523825,10.508430059523825
97,158,44,53.8494494047619,9.849449404761899
97,159,43,46.843154761904756,3.8431547619047564
97,160,42,43.42961309523808,1.429613095238082
97,161,41,45.52807787698414,4.528077876984142
97,162,40,45.90469494047622,5.904694940476219
97,163,39,44.954062500000006,5.954062500000006
97,164,38,40.64996279761905,2.6499627976190467
97,165,37,47.16004013347763,10.16004013347763
97,166,36,47.191076388888874,11.191076388888874
97,167,35,48.987395833333345,13.987395833333345
97,168,34,39.59797844516594,5.597978445165943
97,169,33,40.602604166666666,7.602604166666666
97,170,32,41.76245535714286,9.762455357142862
97,171,31,38.347192460317466,7.347192460317466
97,172,30,40.98006696428571,10.980066964285712
97,173,29,35.44367311507937,6.4436731150793705
97,174,28,36.19385890151516,8.193858901515163
97,175,27,35.218325892857145,8.218325892857145
97,176,26,34.04548611111111,8.04548611111111
97,177,25,30.456138392857135,5.4561383928571345
97,178,24,30.06706349206349,6.06706349206349
97,179,23,29.470840773809513,6.470840773809513
97,180,22,25.46107886904762,3.4610788690476184
97,181,21,26.896835856625255,5.8968358566252554
97,182,20,25.164598214285718,5.164598214285718
97,183,19,24.182255003450656,5.182255003450656
97,184,18,24.943256987577644,6.943256987577644
97,185,17,21.811324404761923,4.811324404761923
97,186,16,19.12153273809524,3.1215327380952402
97,187,15,18.36347718253969,3.3634771825396896
97,188,14,16.625099206349205,2.625099206349205
97,189,13,15.029193948412697,2.029193948412697
97,190,12,15.906279761904763,3.906279761904763
97,191,11,11.842906746031748,0.8429067460317476
97,192,10,9.303392857142857,-0.6966071428571432
97,193,9,11.073117559523812,2.073117559523812
97,194,8,11.15609375,3.15609375
97,195,7,8.249268353174605,1.249268353174605
97,196,6,8.095781249999998,2.095781249999998
97,197,5,4.818044987922709,-0.1819550120772906
97,198,4,1.703481495859215,-2.296518504140785
97,199,3,1.3779613095238092,-1.6220386904761908
97,200,2,0.41739583333333385,-1.5826041666666661
97,201,1,0.0,-1.0
97,202,0,0.0,0.0
98,1,125,116.5972470238095,-8.402752976190499
98,2,125,112.9978083017425,-12.002191698257505
98,3,125,118.46206069982343,-6.537939300176575
98,4,125,114.39820132095765,-10.601798679042346
98,5,125,116.22285108415244,-8.777148915847562
98,6,125,117.5687988640783,-7.431201135921697
98,7,125,118.44673886390622,-6.553261136093781
98,8,125,118.42352540902161,-6.576474590978393
98,9,125,119.19692098891524,-5.803079011084762
98,10,125,116.70222382703082,-8.29777617296918
98,11,125,117.40144614634646,-7.5985538536535415
98,12,125,117.95371677475336,-7.04628322524664
98,13,125,118.63308608058608,-6.366913919413918
98,14,125,117.37677083333332,-7.623229166666675
98,15,125,119.10990071614583,-5.89009928385417
98,16,125,118.2869188596491,-6.713081140350894
98,17,125,118.74710943210371,-6.252890567896287
98,18,125,117.91322675244403,-7.086773247555968
98,19,125,117.51033191205147,-7.48966808794853
98,20,125,118.59154074215203,-6.408459257847966
98,21,125,119.21079401838684,-5.789205981613165
98,22,125,118.8069996405093,-6.193000359490696
98,23,125,118.19492623167105,-6.805073768328953
98,24,125,118.59577686289758,-6.40422313710242
98,25,125,119.25281345061414,-5.747186549385859
98,26,125,117.60194028724666,-7.398059712753337
98,27,125,119.22357166419181,-5.776428335808191
98,28,125,118.10053688923433,-6.899463110765666
98,29,125,119.12223632550835,-5.877763674491646
98,30,125,119.28741871226009,-5.7125812877399085
98,31,125,119.90746169772629,-5.092538302273709
98,32,124,119.66438857554274,-4.335611424457255
98,33,123,119.22095330211562,-3.7790466978843824
98,34,122,119.11539523984452,-2.884604760155483
98,35,121,118.94448983819652,-2.0555101618034826
98,36,120,119.29315465909261,-0.7068453409073925
98,37,119,119.47510410454697,0.47510410454697194
98,38,118,117.44462453591078,-0.5553754640892237
98,39,117,118.00691408306614,1.0069140830661354
98,40,116,117.20451740548057,1.2045174054805727
98,41,115,117.51536519931388,2.5153651993138766
98,42,114,115.69948203389367,1.6994820338936734
98,43,113,115.33674571338199,2.336745713381987
98,44,112,117.57848794059126,5.578487940591259
98,45,111,115.3452714972482,4.345271497248206
98,46,110,116.43401036073404,6.434010360734035
98,47,109,113.31430059523814,4.314300595238137
98,48,108,116.55435825425836,8.55435825425836
98,49,107,117.35227059946097,10.352270599460965
98,50,106,115.94746958924989,9.947469589249891
98,51,105,113.85360177373855,8.853601773738546
98,52,104,112.96706368526108,8.967063685261081
98,53,103,115.16374037189435,12.163740371894349
98,54,102,116.07865897520234,14.078658975202345
98,55,101,114.39073791668454,13.390737916684543
98,56,100,111.80881872571995,11.808818725719945
98,57,99,114.60361100678843,15.603611006788427
98,58,98,114.59718016005584,16.597180160055842
98,59,97,115.76466913534603,18.764669135346026
98,60,96,114.84232396076058,18.84232396076058
98,61,95,114.47183600985579,19.471836009855792
98,62,94,107.12149345853452,13.121493458534516
98,63,93,111.92146463923663,18.921464639236632
98,64,92,109.40616948119578,17.406169481195775
98,65,91,106.95179250364265,15.95179250364265
98,66,90,108.8590538320203,18.859053832020294
98,67,89,109.9711851141135,20.971185114113496
98,68,88,107.50933802510647,19.509338025106473
98,69,87,104.04474709464323,17.044747094643228
98,70,86,105.83356790972466,19.833567909724664
98,71,85,105.67996637409715,20.679966374097148
98,72,84,105.34594182416916,21.34594182416916
98,73,83,102.14130376357218,19.141303763572182
98,74,82,104.43327492430322,22.43327492430322
98,75,81,101.73716560359887,20.737165603598868
98,76,80,110.29640016579314,30.296400165793145
98,77,79,107.89977565614166,28.899775656141657
98,78,78,107.35781274251197,29.357812742511967
98,79,77,100.560929175142,23.560929175141993
98,80,76,102.76667355493812,26.766673554938123
98,81,75,99.63016967528552,24.630169675285515
98,82,74,98.55330812663792,24.553308126637916
98,83,73,101.25538533710991,28.255385337109914
98,84,72,99.77287404586761,27.77287404586761
98,85,71,100.23961434668709,29.23961434668709
98,86,70,100.01734984684106,30.017349846841057
98,87,69,101.21813563069152,32.21813563069152
98,88,68,99.88493905118499,31.884939051184986
98,89,67,97.90224340626469,30.902243406264688
98,90,66,94.85812126000403,28.858121260004026
98,91,65,86.62929310452377,21.629293104523768
98,92,64,79.4384204529069,15.438420452906897
98,93,63,83.94624162757114,20.94624162757114
98,94,62,79.94665938344163,17.946659383441627
98,95,61,77.17835317460316,16.17835317460316
98,96,60,91.13847251662945,31.13847251662945
98,97,59,84.7732512909686,25.773251290968602
98,98,58,84.98829619602469,26.98829619602469
98,99,57,84.65621962161381,27.656219621613815
98,100,56,82.08200292678512,26.082002926785123
98,101,55,85.8128066442753,30.812806644275298
98,102,54,82.04108483380922,28.041084833809222
98,103,53,85.24816076609434,32.248160766094344
98,104,52,93.48008479397308,41.48008479397308
98,105,51,89.02139500298449,38.02139500298449
98,106,50,86.1891317592618,36.1891317592618
98,107,49,87.63698624501987,38.63698624501987
98,108,48,91.61291213909475,43.612912139094746
98,109,47,85.76976018736909,38.76976018736909
98,110,46,90.31635256859765,44.31635256859765
98,111,45,88.66646183706533,43.66646183706533
98,112,44,91.78351414315964,47.783514143159636
98,113,43,80.62811147792199,37.62811147792199
98,114,42,89.93037577273604,47.93037577273604
98,115,41,73.69103922275053,32.69103922275053
98,116,40,77.45717251954065,37.45717251954065
98,117,39,68.06974399035026,29.06974399035026
98,118,38,75.29797073259125,37.29797073259125
98,119,37,77.2748303910829,40.2748303910829
98,120,36,70.25023758662208,34.25023758662208
98,121,35,58.34551587301589,23.34551587301589
98,122,34,71.64481737012986,37.64481737012986
98,123,33,72.163515625,39.163515625
98,124,32,71.82491414835168,39.82491414835168
98,125,31,70.90793042188724,39.907930421887244
98,126,30,58.97539445797257,28.97539445797257
98,127,29,61.38717803030303,32.38717803030303
98,128,28,62.642658053751816,34.642658053751816
98,129,27,65.52181818181815,38.52181818181815
98,130,26,59.28520687441643,33.28520687441643
98,131,25,55.589106359649136,30.589106359649136
98,132,24,67.86608784893266,43.866087848932665
98,133,23,51.08165863130743,28.081658631307427
98,134,22,44.8799925595238,22.8799925595238
98,135,21,43.44008443322981,22.440084433229813
98,136,20,36.56697021287328,16.56697021287328
98,137,19,35.97695684523809,16.976956845238092
98,138,18,28.919675099206344,10.919675099206344
98,139,17,28.478697916666675,11.478697916666675
98,140,16,25.58033234126983,9.58033234126983
98,141,15,23.163177083333334,8.163177083333334
98,142,14,20.862492559523805,6.862492559523805
98,143,13,17.339925595238093,4.339925595238093
98,144,12,15.53377480158731,3.5337748015873096
98,145,11,14.196299603174602,3.1962996031746016
98,146,10,13.45386656746032,3.45386656746032
98,147,9,11.662812500000001,2.662812500000001
98,148,8,9.091075487012981,1.091075487012981
98,149,7,9.79906994047619,2.7990699404761905
98,150,6,6.200631868131866,0.2006318681318664
98,151,5,4.978668154761905,-0.021331845238094616
98,152,4,2.753363095238095,-1.246636904761905
98,153,3,3.249079861111108,0.2490798611111078
98,154,2,0.6834326657160146,-1.3165673342839854
98,155,1,0.0,-1.0
98,156,0,0.0,0.0
99,1,125,116.16656040446483,-8.833439595535168
99,2,125,114.39691328013421,-10.603086719865786
99,3,125,114.94527112327144,-10.05472887672856
99,4,125,116.37925100184736,-8.620748998152635
99,5,125,116.46414957249458,-8.535850427505423
99,6,125,116.71097919064769,-8.289020809352309
99,7,125,116.75263059308877,-8.247369406911233
99,8,125,116.54995471805776,-8.450045281942238
99,9,125,115.3393405499705,-9.660659450029499
99,10,125,113.59992197386335,-11.400078026136654
99,11,125,113.54581741966733,-11.45418258033267
99,12,125,119.1148046638267,-5.885195336173297
99,13,125,116.87673364201456,-8.123266357985443
99,14,125,116.2984300363632,-8.7015699636368
99,15,125,117.51895714548148,-7.48104285451852
99,16,125,113.26845179707695,-11.731548202923051
99,17,125,116.75795206383607,-8.242047936163928
99,18,125,115.30230660359196,-9.697693396408042
99,19,125,116.2253440858364,-8.774655914163603
99,20,125,116.44450203936881,-8.555497960631186
99,21,125,117.69587734060921,-7.304122659390785
99,22,125,116.58293089358179,-8.41706910641821
99,23,125,116.58914382216501,-8.410856177834987
99,24,125,113.4122194723956,-11.587780527604394
99,25,125,115.79404784762656,-9.205952152373442
99,26,125,114.68772197083513,-10.312278029164872
99,27,125,115.65795947884526,-9.342040521154743
99,28,125,115.79679309686112,-9.203206903138877
99,29,125,117.38659012247172,-7.613409877528284
99,30,125,118.05201701372953,-6.947982986270475
99,31,125,115.95449212221347,-9.045507877786534
99,32,125,117.50512633226181,-7.49487366773819
99,33,125,114.70120431288584,-10.298795687114165
99,34,125,114.61029759740912,-10.389702402590885
99,35,125,116.86758859721729,-8.132411402782708
99,36,125,115.12526373740036,-9.87473626259964
99,37,125,117.7086584597422,-7.291341540257804
99,38,125,113.24413151154415,-11.755868488455846
99,39,125,115.65596907282732,-9.344030927172682
99,40,125,115.39240300644974,-9.60759699355026
99,41,125,113.93392182290813,-11.066078177091867
99,42,125,114.84881128321918,-10.151188716780823
99,43,125,115.38686415587331,-9.613135844126688
99,44,125,115.95166062034271,-9.048339379657293
99,45,125,116.07165236335155,-8.928347636648454
99,46,125,112.14570936518513,-12.854290634814873
99,47,125,115.3842148861419,-9.615785113858095
99,48,125,115.90457496793212,-9.09542503206788
99,49,125,115.9513458147998,-9.048654185200206
99,50,125,115.71854593910828,-9.281454060891718
99,51,125,113.65235029191106,-11.347649708088937
99,52,125,113.31666831522053,-11.683331684779475
99,53,125,112.96339644157081,-12.036603558429192
99,54,125,112.55866945097792,-12.441330549022084
99,55,125,113.80691547832785,-11.193084521672148
99,56,125,113.29316595197312,-11.706834048026877
99,57,125,114.74908793399818,-10.250912066001817
99,58,125,112.74954691681239,-12.250453083187608
99,59,125,112.34333678285081,-12.656663217149188
99,60,125,113.74068481475452,-11.259315185245484
99,61,124,111.35930072089984,-12.640699279100161
99,62,123,112.00343550341181,-10.996564496588192
99,63,122,112.14753231474808,-9.852467685251924
99,64,121,114.79711709019213,-6.202882909807869
99,65,120,114.11137333782433,-5.8886266621756675
99,66,119,109.1285181265035,-9.871481873496506
99,67,118,109.9164439809008,-8.083556019099206
99,68,117,113.8030864411547,-3.1969135588452957
99,69,116,111.5867488789718,-4.413251121028196
99,70,115,112.02972997000415,-2.970270029995845
99,71,114,110.69328331712593,-3.306716682874068
99,72,113,110.1296279187221,-2.8703720812779068
99,73,112,107.17419167023657,-4.825808329763433
99,74,111,110.47104679534145,-0.5289532046585492
99,75,110,109.37293236451248,-0.6270676354875206
99,76,109,109.89027705371102,0.8902770537110172
99,77,108,110.59023469188159,2.590234691881591
99,78,107,110.98909934155465,3.989099341554649
99,79,106,107.72202337826744,1.722023378267437
99,80,105,107.43115250676613,2.431152506766125
99,81,104,109.66455207196832,5.664552071968316
99,82,103,106.53535724438541,3.535357244385409
99,83,102,106.69848987590176,4.698489875901757
99,84,101,104.7223820001265,3.722382000126501
99,85,100,95.37661138205755,-4.623388617942453
99,86,99,99.8405162455776,0.8405162455776036
99,87,98,102.06009908567441,4.060099085674409
99,88,97,98.33085913406929,1.3308591340692857
99,89,96,95.3969560677995,-0.6030439322005066
99,90,95,96.34437134964905,1.3443713496490517
99,91,94,96.22537050873652,2.2253705087365176
99,92,93,94.46185764316627,1.4618576431662689
99,93,92,92.45145960731045,0.4514596073104542
99,94,91,97.78230951957012,6.78230951957012
99,95,90,102.59458931213689,12.59458931213689
99,96,89,101.61588940439432,12.615889404394323
99,97,88,95.55305561703042,7.553055617030424
99,98,87,98.86515132414547,11.865151324145472
99,99,86,98.11271215710096,12.112712157100958
99,100,85,95.46070495421436,10.460704954214364
99,101,84,89.50301775480743,5.503017754807431
99,102,83,91.40352390740024,8.403523907400242
99,103,82,90.445733544525,8.445733544524998
99,104,81,91.21064869906039,10.210648699060386
99,105,80,94.36626901709134,14.36626901709134
99,106,79,90.85041495784,11.850414957840002
99,107,78,92.40389081498077,14.40389081498077
99,108,77,98.95700195078216,21.957001950782157
99,109,76,93.42696476275798,17.426964762757976
99,110,75,97.65008328891221,22.650083288912214
99,111,74,93.92291956867449,19.922919568674487
99,112,73,98.12705484895325,25.12705484895325
99,113,72,92.5642612384866,20.564261238486594
99,114,71,91.32309220675702,20.323092206757025
99,115,70,85.02294106282035,15.022941062820351
99,116,69,92.08353070546181,23.08353070546181
99,117,68,85.17578199359802,17.175781993598022
99,118,67,88.5054112841965,21.505411284196498
99,119,66,92.38726031160998,26.387260311609978
99,120,65,91.50276279100248,26.502762791002482
99,121,64,91.82827126481176,27.82827126481176
99,122,63,89.35177677002179,26.351776770021786
99,123,62,89.51589706691149,27.515897066911492
99,124,61,89.88053226817618,28.880532268176182
99,125,60,88.02196659779902,28.02196659779902
99,126,59,89.59312926073673,30.59312926073673
99,127,58,90.1760580403895,32.176058040389506
99,128,57,92.43091828019537,35.43091828019537
99,129,56,86.48794011071796,30.487940110717958
99,130,55,93.41183943267042,38.41183943267042
99,131,54,86.22929558306257,32.229295583062566
99,132,53,82.4759711693981,29.475971169398093
99,133,52,88.52314390444293,36.52314390444293
99,134,51,86.45275204007294,35.45275204007294
99,135,50,80.86220717870755,30.86220717870755
99,136,49,84.84786955908938,35.847869559089375
99,137,48,82.99961611783488,34.999616117834876
99,138,47,70.70453869047621,23.704538690476213
99,139,46,70.15316659035412,24.153166590354118
99,140,45,60.12920503281441,15.129205032814411
99,141,44,60.63311100551384,16.63311100551384
99,142,43,62.96851435920138,19.96851435920138
99,143,42,75.32924976093695,33.329249760936946
99,144,41,68.9029662698413,27.9029662698413
99,145,40,59.77490312791784,19.774903127917838
99,146,39,61.2577194211018,22.257719421101797
99,147,38,61.20799223856207,23.20799223856207
99,148,37,59.463190292874415,22.463190292874415
99,149,36,59.38488479151184,23.384884791511837
99,150,35,59.05880961651356,24.058809616513557
99,151,34,63.561699301352334,29.561699301352334
99,152,33,49.216763392857146,16.216763392857146
99,153,32,50.78899247006353,18.788992470063533
99,154,31,50.233926017418966,19.233926017418966
99,155,30,57.503100098169135,27.503100098169135
99,156,29,51.40085317460317,22.40085317460317
99,157,28,58.68328497023809,30.68328497023809
99,158,27,53.98639632936507,26.98639632936507
99,159,26,53.82305020363408,27.823050203634082
99,160,25,48.532187937675076,23.532187937675076
99,161,24,38.64365747929609,14.643657479296088
99,162,23,34.445215450310556,11.445215450310556
99,163,22,27.795701884920653,5.795701884920653
99,164,21,25.966108630952384,4.966108630952384
99,165,20,26.685530753968255,6.685530753968255
99,166,19,25.161269841269853,6.161269841269853
99,167,18,23.807854662698418,5.807854662698418
99,168,17,19.88620445526694,2.8862044552669417
99,169,16,19.227916666666673,3.2279166666666725
99,170,15,17.08925099206349,2.0892509920634907
99,171,14,15.872901785714284,1.8729017857142836
99,172,13,14.539051339285717,1.5390513392857166
99,173,12,14.442362689393942,2.442362689393942
99,174,11,11.53237080627705,0.5323708062770507
99,175,10,11.235395247113996,1.2353952471139955
99,176,9,8.257224702380949,-0.7427752976190511
99,177,8,8.493864087301592,0.49386408730159204
99,178,7,4.29325148809524,-2.7067485119047596
99,179,6,1.6698022273425508,-4.330197772657449
99,180,5,1.4547575844854084,-3.5452424155145916
99,181,4,0.9556727630568345,-3.0443272369431655
99,182,3,0.0,-3.0
99,183,2,0.0,-2.0
99,184,1,0.0,-1.0
99,185,0,0.0,0.0
100,1,125,115.54480581245407,-9.455194187545928
100,2,125,117.04668145020847,-7.953318549791533
100,3,125,114.86981820793525,-10.130181792064747
100,4,125,114.42737028644198,-10.572629713558015
100,5,125,114.37083875249667,-10.629161247503333
100,6,125,117.41029193010152,-7.589708069898478
100,7,125,117.58282689970201,-7.417173100297987
100,8,125,117.19233104530322,-7.80766895469678
100,9,125,117.92258454630903,-7.077415453690975
100,10,125,117.53849283264462,-7.4615071673553786
100,11,125,118.06188615223361,-6.938113847766388
100,12,125,117.74207262831176,-7.25792737168824
100,13,125,117.62152840078602,-7.378471599213981
100,14,125,117.81112018129298,-7.188879818707022
100,15,125,117.17059517383113,-7.829404826168869
100,16,125,118.53531986131618,-6.464680138683818
100,17,125,116.94479501150875,-8.055204988491255
100,18,125,116.66400381746082,-8.335996182539176
100,19,125,117.95513717601268,-7.044862823987316
100,20,125,117.80105464720789,-7.198945352792109
100,21,125,116.52145422710927,-8.478545772890726
100,22,125,118.04342543912324,-6.95657456087676
100,23,125,119.1046879119182,-5.895312088081795
100,24,125,118.48519458455476,-6.514805415445238
100,25,125,118.4310779873761,-6.568922012623901
100,26,125,117.31780358415354,-7.682196415846462
100,27,125,119.39752732036106,-5.602472679638936
100,28,125,118.43909049432735,-6.5609095056726545
100,29,125,115.73231991961522,-9.267680080384778
100,30,125,117.70482048392478,-7.295179516075223
100,31,125,113.97307996753378,-11.026920032466222
100,32,125,116.78756795674062,-8.212432043259383
100,33,125,116.6693524708357,-8.330647529164295
100,34,125,116.8208841526277,-8.179115847372302
100,35,125,117.41985826570911,-7.5801417342908906
100,36,125,114.85135948506897,-10.148640514931031
100,37,125,113.2630711494904,-11.7369288505096
100,38,125,112.96341217920732,-12.036587820792676
100,39,125,110.77861903550358,-14.221380964496419
100,40,125,111.89374333868432,-13.106256661315683
100,41,125,110.20136358405914,-14.798636415940862
100,42,125,110.5057008363186,-14.494299163681404
100,43,125,107.45710487625959,-17.542895123740408
100,44,125,114.71574253944137,-10.284257460558635
100,45,125,110.48992592625252,-14.510074073747475
100,46,125,110.31126131923111,-14.688738680768893
100,47,125,112.51606906563848,-12.483930934361524
100,48,125,112.84641703091297,-12.153582969087026
100,49,125,111.71612104965511,-13.283878950344885
100,50,125,112.70811949133936,-12.29188050866064
100,51,125,112.66504236673427,-12.33495763326573
100,52,125,112.16732187080962,-12.832678129190384
100,53,125,113.15021675803978,-11.849783241960225
100,54,125,115.7478244430544,-9.252175556945602
100,55,125,112.98100800100704,-12.01899199899296
100,56,125,112.0545828329421,-12.945417167057897
100,57,125,110.53252144310461,-14.467478556895387
100,58,125,107.43107610922777,-17.568923890772226
100,59,125,111.76388607778645,-13.236113922213548
100,60,125,109.52322365099685,-15.476776349003146
100,61,125,114.44140111730708,-10.55859888269292
100,62,125,112.54850068912279,-12.45149931087721
100,63,125,108.76375094590772,-16.236249054092283
100,64,125,110.30590126910711,-14.69409873089289
100,65,125,112.2556654211725,-12.744334578827505
100,66,125,105.84515968746226,-19.154840312537743
100,67,125,106.69258395249872,-18.307416047501277
100,68,125,108.70027053945721,-16.299729460542792
100,69,125,100.07429120909883,-24.92570879090117
100,70,125,99.54099715161112,-25.459002848388877
100,71,125,103.88373944387543,-21.116260556124573
100,72,125,102.7867319274512,-22.2132680725488
100,73,125,102.58833335806739,-22.411666641932612
100,74,125,106.60747042595492,-18.392529574045085
100,75,125,102.40836739701588,-22.59163260298412
100,76,124,102.24071312298308,-21.75928687701692
100,77,123,103.65925746218572,-19.34074253781428
100,78,122,106.04796683463633,-15.952033165363673
100,79,121,105.84844069136686,-15.15155930863314
100,80,120,101.01388428913685,-18.986115710863146
100,81,119,102.29600504016298,-16.70399495983702
100,82,118,100.14394614974239,-17.85605385025761
100,83,117,96.69316837513145,-20.30683162486855
100,84,116,94.12784787620927,-21.872152123790727
100,85,115,96.29874187093723,-18.701258129062765
100,86,114,86.68046641224274,-27.319533587757263
100,87,113,94.88303519771492,-18.116964802285082
100,88,112,88.72733788616587,-23.27266211383413
100,89,111,92.33366448590402,-18.666335514095977
100,90,110,88.03095068711977,-21.96904931288023
100,91,109,88.52001677809812,-20.479983221901875
100,92,108,92.77783018834492,-15.222169811655078
100,93,107,89.42933060937115,-17.57066939062885
100,94,106,87.08270599490139,-18.91729400509861
100,95,105,94.72869691270373,-10.271303087296275
100,96,104,90.17327515379219,-13.82672484620781
100,97,103,86.54549548038129,-16.45450451961871
100,98,102,88.52822098350732,-13.471779016492675
100,99,101,92.30817859114248,-8.691821408857521
100,100,100,88.02833060737579,-11.971669392624207
100,101,99,86.74126946072181,-12.25873053927819
100,102,98,85.36673410486202,-12.633265895137981
100,103,97,87.10826770215505,-9.891732297844953
100,104,96,86.78577964385049,-9.21422035614951
100,105,95,89.7888003932248,-5.211199606775196
100,106,94,88.79474733813394,-5.205252661866055
100,107,93,89.9662844141549,-3.0337155858451013
100,108,92,91.73885241667041,-0.26114758332958843
100,109,91,88.12116949887142,-2.8788305011285757
100,110,90,84.51308918730722,-5.486910812692784
100,111,89,85.69767844565789,-3.3023215543421145
100,112,88,89.5426028416929,1.5426028416928972
100,113,87,85.69348025390408,-1.3065197460959155
100,114,86,91.16159556635753,5.1615955663575335
100,115,85,89.60861783718558,4.608617837185577
100,116,84,87.20709924135798,3.20709924135798
100,117,83,84.65163893508597,1.6516389350859697
100,118,82,88.04201937687921,6.04201937687921
100,119,81,81.37159227131507,0.3715922713150661
100,120,80,84.42516306702836,4.425163067028365
100,121,79,68.68448991517171,-10.31551008482829
100,122,78,79.9504986312707,1.9504986312707047
100,123,77,78.96757801226553,1.967578012265534
100,124,76,77.88668059940773,1.8866805994077254
100,125,75,68.83078632298192,-6.169213677018078
100,126,74,73.47784386282112,-0.5221561371788823
100,127,73,70.00098877196724,-2.9990112280327565
100,128,72,65.69750205424911,-6.302497945750886
100,129,71,77.40154159147392,6.401541591473915
100,130,70,90.32472152048247,20.32472152048247
100,131,69,78.43932594686058,9.439325946860578
100,132,68,82.31801303357165,14.318013033571646
100,133,67,84.6528956582633,17.652895658263304
100,134,66,83.41820382623484,17.418203826234844
100,135,65,70.58257345193257,5.582573451932575
100,136,64,73.04502468060396,9.045024680603959
100,137,63,62.54853680865229,-0.4514631913477132
100,138,62,58.98494047619047,-3.0150595238095335
100,139,61,56.513132953612455,-4.486867046387545
100,140,60,58.23710565476189,-1.7628943452381094
100,141,59,60.290437656920815,1.2904376569208154
100,142,58,58.18483223921546,0.18483223921546
100,143,57,62.03211884469697,5.032118844696967
100,144,56,57.450295381701665,1.4502953817016646
100,145,55,57.441541037087916,2.441541037087916
100,146,54,61.3234447843823,7.323444784382303
100,147,53,64.16156746031746,11.161567460317457
100,148,52,65.02307504582481,13.023075045824811
100,149,51,49.884551613408505,-1.1154483865914955
100,150,50,53.806945260723765,3.806945260723765
100,151,49,58.37515624999999,9.37515624999999
100,152,48,52.121125602554926,4.121125602554926
100,153,47,56.75797786439265,9.75797786439265
100,154,46,51.315558083995576,5.315558083995576
100,155,45,44.77643484477122,-0.2235651552287834
100,156,44,39.82555084860793,-4.174449151392068
100,157,43,43.70092090201466,0.7009209020146585
100,158,42,32.65336557539685,-9.346634424603153
100,159,41,39.78864583333333,-1.2113541666666734
100,160,40,38.9585578416149,-1.0414421583851023
100,161,39,40.53797432790638,1.537974327906383
100,162,38,39.95572916666667,1.9557291666666714
100,163,37,41.20906250000001,4.209062500000009
100,164,36,37.813116373360955,1.8131163733609554
100,165,35,32.14735637626261,-2.852643623737393
100,166,34,30.860974702380943,-3.1390252976190567
100,167,33,27.72012962092731,-5.27987037907269
100,168,32,23.02468802213868,-8.97531197786132
100,169,31,23.487612992818576,-7.512387007181424
100,170,30,21.997885107545432,-8.002114892454568
100,171,29,19.358254310782275,-9.641745689217725
100,172,28,15.964345238095238,-12.035654761904762
100,173,27,15.730014880952378,-11.269985119047622
100,174,26,14.388606827200583,-11.611393172799417
100,175,25,19.567559523809518,-5.432440476190482
100,176,24,20.22741815476191,-3.77258184523809
100,177,23,17.24186259920635,-5.75813740079365
100,178,22,17.345262896825403,-4.654737103174597
100,179,21,15.213348214285716,-5.786651785714284
100,180,20,17.139178307985873,-2.8608216920141274
100,181,19,12.648467261904763,-6.351532738095237
100,182,18,14.754776785714284,-3.2452232142857156
100,183,17,13.04639384920635,-3.95360615079365
100,184,16,12.829760760073263,-3.1702392399267367
100,185,15,15.224558531746027,0.2245585317460268
100,186,14,13.441617288961037,-0.5583827110389628
100,187,13,10.742188644688648,-2.257811355311352
100,188,12,9.742358630952381,-2.2576413690476187
100,189,11,8.877400793650787,-2.1225992063492125
100,190,10,4.988777281746033,-5.011222718253967
100,191,9,2.2490476190476185,-6.7509523809523815
100,192,8,2.7121056547619045,-5.2878943452380955
100,193,7,2.351130952380956,-4.648869047619044
100,194,6,1.4305357142857131,-4.569464285714287
100,195,5,0.0,-5.0
100,196,4,0.0,-4.0
100,197,3,0.0,-3.0
100,198,2,0.0,-2.0
100,199,1,0.0,-1.0
100,200,0,0.0,0.0
