run_id,fault_code,fault_name,rul_percent,fault__observable__most_frequent,fault__observable__logistic_regression,fault__observable__random_forest,fault__observable__extra_trees,fault__physics_assisted__most_frequent,fault__physics_assisted__logistic_regression,fault__physics_assisted__random_forest,fault__physics_assisted__extra_trees,rul__observable__median_dummy,rul__observable__linear_regression,rul__observable__random_forest,rul__observable__extra_trees,rul__physics_assisted__median_dummy,rul__physics_assisted__linear_regression,rul__physics_assisted__random_forest,rul__physics_assisted__extra_trees
1,0,normal_operation,97.2208552958977,1,0,0,0,1,0,0,0,72.225,95.04739618693912,92.28976451366097,91.54808666256133,72.225,99.13326258548108,92.14511733424078,92.30106630913264
2,0,normal_operation,94.4853886933811,1,0,0,0,1,0,0,0,72.0125,84.54430654383026,91.55127956252143,90.87670434718149,72.0125,85.54721863460625,92.29227461932152,92.32553881492446
3,0,normal_operation,99.3626025315145,1,0,0,0,1,0,0,0,72.30000000000001,96.39565809485562,93.71571712291286,92.21875075344774,72.30000000000001,100.0,93.95498496795113,93.4699294620506
4,0,normal_operation,99.3575042236442,1,0,0,0,1,0,0,0,71.8,93.30431498544866,94.07076074669314,93.86811175072704,71.8,95.52940521735749,94.7372432687511,94.4042370688177
5,0,normal_operation,91.3264192393941,1,0,0,0,1,0,0,0,72.225,98.84042334470288,93.17813877990824,92.83975184305395,72.225,100.0,93.56172190274792,93.05994474776747
6,0,normal_operation,94.8361104873488,1,0,0,0,1,0,0,0,72.225,86.86890784378122,92.56498960285008,90.83696428110744,72.225,87.93689291986996,92.77213482991105,92.56094339225778
7,0,normal_operation,95.1810273228666,1,0,0,0,1,0,0,0,72.225,96.49834792083277,93.89480504356237,93.1189592905028,72.225,100.0,93.96137680802585,93.49910315600282
8,0,normal_operation,94.8321683526633,1,0,0,0,1,0,0,0,72.1875,88.49632472755914,90.19477115145884,90.79910296898059,72.1875,89.46474332860413,89.91297756257308,90.90242369981708
9,0,normal_operation,89.1538447744133,1,1,0,0,1,3,0,0,71.8,83.04679971002675,87.9347432277875,87.88030950987745,71.8,83.82185013678777,90.25072492222066,89.63425759453052
10,0,normal_operation,95.4224293446373,1,0,0,0,1,0,0,0,72.30000000000001,91.89604290804634,92.95793324549733,91.9827286198566,72.30000000000001,93.71997361145236,92.017493581167,92.54198807358905
11,0,normal_operation,91.581165394846,1,0,0,0,1,0,0,0,72.225,91.35034900392957,91.71672740251162,91.73218692951846,72.225,93.68456902848732,91.89213508024179,92.10469958090049
12,0,normal_operation,87.8030890683157,1,0,0,0,1,0,0,0,71.8,91.53639592879836,96.15866656568598,94.67914592407129,71.8,93.6916199480658,97.38468535033235,96.33644736355721
13,0,normal_operation,95.6404724628711,1,0,0,0,1,0,0,0,72.225,93.82390221761838,90.5018226972036,91.35656170892598,72.225,97.3503427415135,90.05375549310173,91.13661932917374
14,0,normal_operation,94.8264700596076,1,0,0,0,1,0,0,0,71.8,84.91306836869516,88.52249925478036,88.54051216604313,71.8,86.02799208826627,89.18856102917412,89.13557028551185
15,0,normal_operation,99.3961593777412,1,0,0,0,1,0,0,0,72.225,89.81240113346723,94.28431667143519,93.20721250068046,72.225,91.75620538955127,94.42872083903404,93.35316274953654
16,0,normal_operation,96.2690058895848,1,0,0,0,1,0,0,1,72.225,88.06245548216943,91.75554216077393,91.40578804869685,72.225,89.82687940815066,92.11613988131586,92.52045746384898
17,0,normal_operation,98.363548788037,1,0,0,0,1,0,0,0,72.0125,98.72542489265234,93.96539470807848,93.30595298896188,72.0125,100.0,94.44536223569231,94.18404808427839
18,0,normal_operation,87.2394100833859,1,0,0,0,1,0,0,0,72.225,90.0925699098586,92.33844646308164,92.07437873528357,72.225,91.79230159003204,92.52225660024806,92.67214644517748
19,0,normal_operation,97.2142723910322,1,0,0,0,1,0,0,0,72.30000000000001,90.6705166865427,91.53182638516563,91.45842166493222,72.30000000000001,92.17340721953688,91.01828804990294,91.54667171255527
20,0,normal_operation,87.9489287564681,1,0,0,0,1,0,0,0,72.30000000000001,89.00516291262204,92.10037051126608,91.90944136551748,72.30000000000001,90.56837063009867,91.22378712711166,92.11740570311954
21,0,normal_operation,90.2748926059449,1,0,0,0,1,0,0,0,72.1875,96.64261968924289,93.73364559606972,93.54123510839513,72.1875,100.0,92.88202441021654,93.40217497655948
22,0,normal_operation,98.7579049574472,1,0,0,0,1,0,0,0,72.1875,89.81707488339416,91.67223702678054,91.80165175390293,72.1875,91.6501442832803,89.65747825592331,90.95196233100856
23,0,normal_operation,90.7066877046304,1,0,2,0,1,0,0,0,72.0125,90.73544659407487,92.30856437532624,89.72095631034172,72.0125,93.25820340658544,94.16983686595607,92.36932445006434
24,0,normal_operation,92.9619632951346,1,0,0,0,1,0,0,0,72.0125,98.28023714470714,94.34333495814923,93.6626992439753,72.0125,100.0,92.92532744326085,92.99405400901506
25,0,normal_operation,93.5323549130829,1,0,0,3,1,0,0,3,72.1875,88.54152758117463,90.13231573917328,86.27154537563104,72.1875,90.68535571575515,90.93125271782363,84.75918659657926
26,0,normal_operation,87.4327346228986,1,0,0,0,1,0,0,0,71.8,95.11907845638575,91.76320013408353,91.63676443016224,71.8,98.31983122283378,91.81627823138747,92.39265102129302
27,0,normal_operation,87.4847309424967,1,0,2,0,1,0,0,0,72.0125,91.68036103285003,92.49526656549666,91.45558656410866,72.0125,94.41990416484569,92.03272549490546,91.71463353038989
28,0,normal_operation,95.3382175471001,1,0,0,0,1,0,0,0,72.0125,95.36647673014744,92.85571639606843,92.45271503345371,72.0125,98.69826730250335,91.89267015418018,92.675021682084
29,0,normal_operation,88.4346545307523,1,0,0,0,1,0,0,0,72.30000000000001,95.68093533596439,93.7731421203305,92.51443060978985,72.30000000000001,99.74821042646079,93.92317058714882,93.5750668244342
30,0,normal_operation,93.0751365289008,1,0,0,0,1,0,0,0,72.225,96.07525826187407,93.92658183679299,92.6769388024716,72.225,100.0,94.52309163311064,93.20906521450193
31,0,normal_operation,86.5997915527088,1,0,0,0,1,0,0,0,71.8,95.8276389473883,93.84036716604392,92.72280546445025,71.8,99.47561130351141,95.13271844733194,94.02325460688839
32,0,normal_operation,97.2595483098015,1,0,0,0,1,0,0,0,72.30000000000001,94.75640250575455,93.48297762439128,92.457837804664,72.30000000000001,98.6281633668427,92.84791547444468,92.67820181952058
33,0,normal_operation,88.8980560427598,1,0,0,0,1,0,0,0,71.8,95.84596280281266,92.04482015252296,91.95091257619977,71.8,99.10208107312168,92.24993046660076,92.00476184035999
34,0,normal_operation,87.7277054245428,1,0,0,0,1,0,0,0,71.8,86.55102859086307,91.07776597996055,89.25792410060966,71.8,87.97433422149345,90.48270571211238,90.31468579965926
35,0,normal_operation,98.0393831146013,1,0,0,0,1,0,0,0,72.225,92.99567234055536,94.66910369842975,93.5482518092198,72.225,95.81273381311601,94.94666389447907,93.74143863993389
36,0,normal_operation,97.7954667658284,1,0,0,0,1,0,0,0,72.1875,92.52118882674395,93.66869590629958,92.77912973851062,72.1875,95.39380020602138,92.42861311042115,92.34513217297003
37,0,normal_operation,91.0271205062791,1,0,0,0,1,0,0,0,71.8,84.29639113565788,91.32190425138282,90.65055534057669,71.8,85.14243557543314,94.33156349273924,93.1730613259644
38,0,normal_operation,87.7586168242362,1,0,0,0,1,0,0,0,72.1875,87.83189146077699,93.70838840598694,92.67556385402997,72.1875,89.05838039342567,93.4873796705271,92.98542508750917
39,0,normal_operation,98.5407416487292,1,0,0,0,1,0,0,0,71.8,98.11908553021581,93.51631627081743,92.75668855939757,71.8,100.0,93.15564028317338,93.57215046851161
40,0,normal_operation,90.0657911473207,1,0,0,0,1,0,0,0,72.1875,96.79549221833037,91.01192952827016,90.87893227710562,72.1875,100.0,91.10011125031295,91.81334742761751
41,0,normal_operation,96.7037810248171,1,0,0,0,1,0,0,0,72.1875,88.68779024803067,93.0528887995067,92.50705868336792,72.1875,90.63620723637598,93.50717944368857,93.27428492520485
42,0,normal_operation,86.4468178775258,1,0,0,0,1,0,0,0,72.1875,88.47290714220534,92.80836620144387,91.80230062052111,72.1875,89.84793620220404,92.91562519019391,92.71559886618566
43,0,normal_operation,93.628128926177,1,0,0,0,1,1,0,0,72.0125,83.91768334997259,90.26676789857014,90.07235232803423,72.0125,84.79592985320564,90.83659690446314,90.99534001623924
44,0,normal_operation,97.3179106029694,1,3,1,0,1,3,0,0,72.1875,82.1704832956203,83.40497320476396,84.17385396974407,72.1875,82.80541147638908,86.00958358494637,85.41177556268775
45,0,normal_operation,94.7367321243468,1,0,0,0,1,0,0,0,72.1875,95.69681565642593,94.8203891644342,93.31369818093593,72.1875,99.07957538729895,94.75860322814188,93.6441519717013
46,0,normal_operation,93.2051333842952,1,0,0,0,1,0,0,0,72.1875,90.3606192949614,92.11463013181427,92.1470212407098,72.1875,91.88904644362536,90.51597410642216,91.76554414707147
47,0,normal_operation,95.3016315004797,1,0,0,0,1,0,0,0,72.225,86.20657872550083,92.75343745503746,91.78111660200591,72.225,87.67962895642654,93.19780596982662,92.31979255026778
48,0,normal_operation,96.7034115272706,1,0,0,0,1,0,0,0,72.225,88.0026207106919,92.2006535371601,90.96777480562169,72.225,89.19256982146265,92.29182423272294,91.44556191435667
49,0,normal_operation,92.3018744860476,1,0,0,0,1,0,0,0,72.1875,90.60315988120583,95.66721222433586,94.09903144004542,72.1875,92.68986969066643,94.13471036704692,94.54588635167062
50,0,normal_operation,92.6276298307169,1,0,0,0,1,0,0,0,72.225,93.45979628503176,91.16081702988002,91.60594481254847,72.225,96.34196291982911,93.26934060681396,92.52675571378657
51,0,normal_operation,94.6647719529054,1,0,0,0,1,0,0,0,72.225,91.59639020185045,92.43729979213762,92.0627381604218,72.225,93.84698866355673,92.9605230554128,92.82999722042351
52,0,normal_operation,90.2609065536532,1,0,0,0,1,0,0,0,72.30000000000001,99.93622337019335,93.64372571072235,93.75025362553085,72.30000000000001,100.0,94.32807350651497,93.60099639240435
53,0,normal_operation,94.3371262900184,1,0,0,0,1,0,0,0,72.225,91.10704122086075,94.39260760125653,92.37254946976938,72.225,93.85001914296055,93.90174074792063,92.3333712486094
54,0,normal_operation,92.0638502277639,1,0,0,0,1,0,0,0,72.1875,89.98176591521911,90.92604398321402,91.27410463445568,72.1875,91.28148840385464,90.34164319277436,90.92865612485794
55,0,normal_operation,88.388826714586,1,0,0,0,1,0,0,0,72.0125,85.44345277107743,90.89466696850828,90.90344271902484,72.0125,86.68256860275999,91.0416738072712,91.06816440995121
56,0,normal_operation,89.6665342997562,1,0,0,0,1,0,0,0,72.0125,97.56507835213108,92.82253909478972,92.44378842433807,72.0125,100.0,93.27961935433929,93.44827515739718
57,0,normal_operation,98.5732145301984,1,0,0,0,1,0,0,0,72.1875,98.24845040506823,91.77514102737562,91.8863888775445,72.1875,100.0,92.39389443552238,93.25193073768489
58,0,normal_operation,88.870970438681,1,0,0,0,1,0,0,0,72.1875,91.07290055169851,95.31569936986484,94.13790051974593,72.1875,93.05427720768714,94.64272226950295,94.76944647376673
59,0,normal_operation,94.0426463407312,1,0,0,0,1,0,0,0,72.225,92.97169208334392,90.90812577951044,90.33970517304553,72.225,96.12260159017691,90.07916654731258,90.73775803376266
60,0,normal_operation,89.4501380982749,1,0,0,0,1,0,0,0,71.8,88.94269426532276,94.50575521878973,92.77794780562299,71.8,90.51669102487152,93.43977517868213,92.7005840108652
61,0,normal_operation,86.2827369563507,1,0,0,0,1,0,0,0,72.225,89.95753624720427,93.43644328463341,92.77426710650448,72.225,91.5887491905786,92.80497157072485,92.9596772229911
62,0,normal_operation,98.9328120921707,1,0,0,0,1,0,0,0,71.8,95.16071037315137,90.57343825064498,91.92614011733797,71.8,98.19602379017871,90.62706740714997,92.12638188109497
63,0,normal_operation,88.5592536965728,1,0,0,0,1,0,0,0,71.8,93.77234352056465,92.55991013923514,92.22200463482469,71.8,95.91663296814107,93.75414684006886,93.17763222113358
64,0,normal_operation,92.81703746206,1,0,0,0,1,0,0,0,72.225,87.6292414047726,92.08516696227112,91.4823016784754,72.225,89.28172706669724,92.63217420481416,92.08698911116012
65,0,normal_operation,95.1870331129862,1,0,0,0,1,0,0,0,72.30000000000001,89.57145049942076,93.16808293458308,92.85316287740059,72.30000000000001,91.69836863786654,93.48337578633743,93.60245204434322
66,0,normal_operation,85.5660829935933,1,0,0,0,1,0,0,0,71.8,99.40127470511867,92.79138893426006,92.63072648741444,71.8,100.0,92.52291339408805,92.50110596834375
67,0,normal_operation,86.4806841798336,1,0,0,0,1,0,0,0,71.8,87.62609377664432,92.63492679326984,92.34898661391075,71.8,89.00950715844911,92.58185388982074,92.54943819079097
68,0,normal_operation,87.0482970603306,1,0,0,0,1,0,0,0,72.0125,92.4832353666144,93.1387323013557,90.91330227044347,72.0125,95.5980373651146,93.21520926103993,92.82777178950242
69,0,normal_operation,92.4126090495891,1,0,0,0,1,0,0,0,71.8,96.99843009755146,92.68113092721616,92.2565456967015,71.8,100.0,92.961084011338,92.59246195039563
70,0,normal_operation,98.3638375649618,1,0,0,0,1,0,0,0,72.225,90.37026238305477,92.93739934352674,93.18265622092369,72.225,92.3046772802756,93.48849246167968,93.14985370876721
71,0,normal_operation,85.4581141945695,1,0,0,0,1,0,0,0,72.1875,95.06238606430446,96.74581835441957,94.38406490032777,72.1875,98.44735719673623,96.94627726466548,95.45672782813284
72,0,normal_operation,98.5708335710104,1,0,0,0,1,0,0,0,72.30000000000001,94.03124877312422,94.7771017041457,93.2880988352333,72.30000000000001,97.02152006915443,91.66953315363433,92.4962465310717
73,0,normal_operation,97.0823413679453,1,0,0,0,1,0,0,0,72.225,90.82087146741321,93.92502049814031,92.234121329219,72.225,93.49651573693686,93.79659414830716,92.31531922426153
74,0,normal_operation,98.2976789961415,1,0,0,0,1,0,0,1,72.225,84.7156634822677,90.19354779359472,89.72296664486078,72.225,85.5108269436871,90.91637488755072,89.9995114430496
75,0,normal_operation,99.6802097446174,1,0,0,0,1,0,0,0,72.30000000000001,94.89077225558978,91.02724048649787,91.88624762037763,72.30000000000001,98.28085203888833,91.63698278861102,92.54428315115013
76,0,normal_operation,85.8942830136946,1,0,0,0,1,0,0,0,72.0125,92.15609996603355,92.49853240778373,90.36380297885827,72.0125,95.06542881901228,93.33688582947,92.38260417076648
77,0,normal_operation,92.8247476369643,1,0,0,0,1,0,0,0,72.1875,87.39698939583899,92.1608667744211,91.4547123149681,72.1875,88.55698444917164,91.38341035348141,91.4481928977246
78,0,normal_operation,95.8365938855026,1,0,0,0,1,0,0,0,72.1875,87.5313601186877,88.22211561793522,88.78829226489778,72.1875,88.72129669387313,87.96357762225205,89.19108539472784
79,0,normal_operation,99.5946183214579,1,0,0,0,1,0,0,0,72.1875,95.36103485992157,93.19877541855165,92.311771237939,72.1875,98.47297981070383,92.64697223804454,92.32548612784538
80,0,normal_operation,91.4858725567519,1,0,0,0,1,0,0,0,72.0125,94.35485601194617,93.33712621277995,90.85637876070852,72.0125,97.80156865212781,93.59346257536696,92.40334419087601
81,0,normal_operation,87.6008291967851,1,0,0,0,1,0,0,0,72.30000000000001,92.13164322944712,93.10339981191754,93.09729641433185,72.30000000000001,94.2346778759626,94.32895444711194,93.77021955795027
82,0,normal_operation,85.9070676875484,1,0,1,0,1,0,0,0,72.30000000000001,90.63418651797213,95.53038487736636,94.75508448895995,72.30000000000001,92.7750136077789,95.42211329923481,94.99515554480817
83,0,normal_operation,94.8528983646056,1,0,0,0,1,0,0,0,71.8,92.66239725440033,92.85462504757261,92.94909703981244,71.8,95.26928271421217,91.48211998517152,92.46289633132552
84,0,normal_operation,85.2323068845403,1,0,0,0,1,0,0,0,72.30000000000001,96.87053967655618,92.39168245365721,91.32595834412867,72.30000000000001,100.0,93.43722443160803,92.88555418657701
85,0,normal_operation,90.586146100833,1,0,1,0,1,0,0,1,72.1875,87.40032136817364,94.0039945538738,92.1991688385018,72.1875,88.65285398616643,93.68932873046899,92.8578882433581
86,0,normal_operation,99.2744569716659,1,0,0,0,1,0,0,0,72.1875,94.82597419688483,90.64117241126522,90.6663673848979,72.1875,98.80960389233101,91.63431659098718,91.72289933030449
87,0,normal_operation,89.0367913959783,1,0,1,0,1,0,0,0,72.1875,90.45103546281481,95.55738698670413,94.70141695014081,72.1875,92.88826429093092,94.8713844902872,95.27590782714594
88,0,normal_operation,91.2661615647499,1,0,0,0,1,0,0,0,72.1875,97.08299216394568,91.82458487059156,91.98116573137666,72.1875,100.0,92.80770932809953,92.77593983629302
89,0,normal_operation,94.9950827737664,1,0,0,0,1,0,0,0,71.8,93.56169829376466,94.08668802445328,93.08447812787465,71.8,95.94430396844929,95.11323696289692,93.86516997117535
90,0,normal_operation,87.6719868160051,1,0,0,0,1,0,0,0,71.8,89.22972000793139,91.35273590154337,90.54524246078303,71.8,90.14249304759511,90.98029110210712,91.48061657276209
91,0,normal_operation,85.4890123079579,1,0,0,0,1,0,0,0,72.225,94.52808148041196,92.34070160018474,92.75086741779505,72.225,97.6122159788001,93.28727952574913,93.08471270707005
92,0,normal_operation,87.8564990076993,1,0,1,0,1,0,0,0,72.1875,89.16206319743576,95.87676780759656,94.39202050190364,72.1875,91.4087754168898,95.00026604012108,94.66300476707218
93,0,normal_operation,87.3460742833985,1,0,0,0,1,0,0,0,72.1875,97.43061631172768,94.65300466521826,93.82812623263652,72.1875,100.0,94.33770142160613,93.83348505395817
94,0,normal_operation,87.8638554285445,1,0,1,0,1,0,0,0,72.225,90.47358780487666,96.2953432549544,94.31174228338163,72.225,92.67785861207415,96.29352416169881,95.33984995309052
95,0,normal_operation,93.8426122704259,1,0,0,0,1,0,0,0,71.8,87.37796635990685,92.47058018529177,92.27006864028,71.8,88.65032843490772,93.0674703792671,92.89948733492594
96,0,normal_operation,88.7770918370847,1,0,0,0,1,0,0,0,71.8,89.56576857284185,93.54306371213593,93.26682943827498,71.8,91.05539638722168,93.01091648659798,93.33176160940893
97,0,normal_operation,97.3656440003325,1,0,0,0,1,0,0,0,72.30000000000001,99.81301053203858,92.61314009553884,92.53747010932503,72.30000000000001,100.0,94.75055257669436,94.27740229441515
98,0,normal_operation,93.7610399991768,1,0,0,0,1,0,0,0,72.30000000000001,88.5070825279174,93.48976459743518,91.79572253577531,72.30000000000001,89.4563538845201,93.7961020955091,92.69857861557016
99,0,normal_operation,97.2664083905596,1,0,0,0,1,0,0,0,72.0125,89.3187883318099,93.3293002335841,92.41657778334847,72.0125,90.83210488063428,91.59038401767286,92.1149336040546
100,0,normal_operation,91.378889803212,1,0,0,0,1,0,0,0,72.1875,87.28600602585155,90.73584309651669,89.21890641501142,72.1875,88.83261365062774,90.44227652232667,90.144360536274
101,0,normal_operation,91.3432853365013,1,0,0,0,1,0,0,0,72.225,86.30293695860664,89.57021711797147,89.71781232065777,72.225,87.42815030173296,89.99411183889644,90.1479954629376
102,0,normal_operation,95.4392396995241,1,0,0,0,1,0,0,0,72.1875,95.55380506234619,94.31081581361548,93.59466785099501,72.1875,98.54897520327458,94.68553759337973,94.23096943099058
103,0,normal_operation,86.0320914867708,1,0,0,0,1,0,0,0,71.8,89.55297021676466,95.26269409848315,93.84049417831952,71.8,91.13221453957007,94.96363906157791,94.42444719921811
104,0,normal_operation,91.1142879556173,1,0,0,0,1,0,0,0,72.225,97.1524854252937,93.6417074199429,92.98244755010072,72.225,100.0,92.84335699623573,92.95253321281936
105,0,normal_operation,92.9700085984851,1,0,0,0,1,0,0,0,72.0125,86.80837310642839,90.03625008146243,88.85096780075973,72.0125,88.56195389012157,89.97524991990211,89.4815996232512
106,0,normal_operation,96.6820336273614,1,0,0,0,1,0,0,0,72.225,88.05779741951653,92.20628199744583,89.43913544507772,72.225,90.17861953956773,91.60288736075978,88.97251556493875
107,0,normal_operation,87.3048507638696,1,0,0,0,1,0,0,0,72.30000000000001,88.4198425281396,93.07506161425033,92.58205193697371,72.30000000000001,90.12138952784758,92.33949309767004,93.01419680804723
108,0,normal_operation,91.8613654853151,1,0,0,0,1,0,0,0,71.8,97.32995149471424,91.08198523837103,90.99645233505997,71.8,100.0,92.00706725556768,91.70044382991253
109,0,normal_operation,94.5656364710826,1,0,0,0,1,0,0,0,72.225,96.43728445920559,91.2256714392987,91.50231189708595,72.225,100.0,91.48744823627617,91.61272105927195
110,0,normal_operation,89.3359685751171,1,0,0,0,1,0,0,0,72.1875,95.44795699359013,94.043414552495,93.53913285345507,72.1875,98.381189835396,93.6329132895319,93.9641080752107
111,0,normal_operation,88.8218523489551,1,0,0,0,1,0,0,0,72.30000000000001,88.84665641088863,92.564374936767,92.42707381327642,72.30000000000001,90.29680448744026,92.03061430205324,92.14016086259227
112,0,normal_operation,90.1669361695156,1,0,0,0,1,0,0,0,72.0125,97.09811320619662,94.42675356091506,93.76230264567,72.0125,100.0,94.01977884774203,94.09669922307876
113,0,normal_operation,94.0325573137269,1,0,0,0,1,0,0,0,72.1875,92.71240748484918,90.97295971516452,91.68838529587468,72.1875,94.51041081490268,92.47266680446,92.96748050456549
114,0,normal_operation,91.9367373886349,1,0,0,0,1,0,0,0,72.0125,90.15212680955105,95.82406317167091,94.15238256544619,72.0125,92.304340375056,94.12511000403101,94.47702252446851
115,0,normal_operation,89.8370771078017,1,0,0,0,1,0,0,0,72.0125,96.03383998647544,93.51617114649545,92.48963276130198,72.0125,99.5161299590457,92.02802862112037,92.64052914941745
116,0,normal_operation,87.638116235253,1,0,0,0,1,0,0,0,72.1875,94.88082188847181,94.73109867354081,93.79103343871593,72.1875,97.96726707761474,94.20738591313128,94.45470142118256
117,0,normal_operation,90.1168691057366,1,0,0,0,1,0,0,0,72.30000000000001,91.62758602383313,94.79714153043871,92.815399390773,72.30000000000001,94.53168878352153,92.48044513921462,92.70792123051886
118,0,normal_operation,88.6427439747725,1,0,0,0,1,0,0,0,72.0125,96.02072564964149,92.04492992680922,91.69365648102034,72.0125,99.96814782703515,92.33173783500256,92.244040721669
119,0,normal_operation,87.8299296518724,1,0,0,0,1,0,0,0,72.225,86.0347066796277,92.01048501453671,89.17095663528863,72.225,87.80741127933359,91.50472769246863,89.86448011945205
120,0,normal_operation,95.2504486494198,1,0,0,0,1,0,0,0,72.225,91.7644515408838,93.12164042203014,92.68763924781045,72.225,94.56251668064232,94.48159508369646,93.77045489910391
121,0,normal_operation,94.7142644525903,1,0,0,0,1,0,0,0,71.8,95.21466001382666,91.37644176460164,91.83938503744085,71.8,98.09401543888262,91.21753340888522,91.80910751684591
122,0,normal_operation,88.1340238363903,1,0,0,0,1,0,0,0,72.30000000000001,93.43970388157405,93.36059610237571,92.36835865415819,72.30000000000001,96.75243796199878,93.31814917367527,93.25953770572376
123,0,normal_operation,94.1095591102845,1,0,0,0,1,0,0,0,72.225,90.59253913620626,95.2372800615404,93.69653967309159,72.225,93.05218012548497,94.79231452003093,94.31576561725036
124,0,normal_operation,96.5542827220549,1,0,0,0,1,0,0,0,72.30000000000001,90.7013966883214,93.35282169760856,93.34244358542038,72.30000000000001,92.65312604888672,94.64574872100684,93.25312216747378
125,0,normal_operation,97.6289372903696,1,0,0,0,1,0,0,0,72.30000000000001,95.18424471285992,89.03909529874836,91.33612697134835,72.30000000000001,98.976274935828,91.86737252425323,92.53309914902849
126,0,normal_operation,93.7337374679084,1,0,0,0,1,0,0,0,72.0125,94.53546214357158,93.34654968371771,93.33163912576003,72.0125,97.21469223400453,92.83184198364201,93.3450032077511
127,0,normal_operation,89.7711111322159,1,0,0,0,1,0,0,0,71.8,88.81887396656565,90.93917801236238,90.66027641445146,71.8,89.68587343222556,91.67687460843528,91.53827201308194
128,0,normal_operation,92.1919483742333,1,0,0,0,1,0,0,0,72.30000000000001,94.07649706616212,93.388532107244,93.07424363870888,72.30000000000001,97.17097524552244,91.47843914362304,92.49390527147865
129,0,normal_operation,93.1582890099946,1,0,0,0,1,0,0,0,72.225,94.71591187032911,92.38832300850895,92.0913263697321,72.225,98.36123030865399,93.18409419634884,92.65188355633298
130,0,normal_operation,88.2801494859945,1,3,0,0,1,3,0,0,72.0125,84.1421490542406,89.20640230995839,88.05267928695635,72.0125,85.16622446897651,90.06316598699509,89.15445319381634
131,0,normal_operation,91.0686999378644,1,0,2,0,1,0,0,0,72.30000000000001,90.35453075630905,96.22413075376633,94.64242093235845,72.30000000000001,92.67625593364669,96.28785975964894,95.306050678987
132,0,normal_operation,94.4184456942125,1,0,0,0,1,0,0,0,72.1875,97.28763698709236,91.51608877558616,91.35314431771327,72.1875,100.0,90.57871092455325,90.78678422360787
133,0,normal_operation,87.8804252414166,1,0,0,0,1,0,0,0,72.30000000000001,87.9119556296782,91.62063308092155,92.18827066880911,72.30000000000001,89.03953518160151,92.36816028786296,92.57474857998066
134,0,normal_operation,92.88106605789,1,0,0,0,1,0,0,0,72.1875,94.03287777261386,90.76260466058176,91.54086839184153,72.1875,96.70494308402661,91.82718515285316,91.6058875843168
135,0,normal_operation,90.901845418229,1,0,0,0,1,0,0,0,72.0125,95.4187659913095,91.94816751926133,92.58969609344001,72.0125,98.61405723266442,92.36211508763186,93.01747966977472
136,0,normal_operation,90.2156900691629,1,0,0,0,1,0,0,0,72.0125,87.42078051648977,91.2122659379248,91.10207541235509,72.0125,88.55430707148145,91.08835781810998,91.1378237162875
137,0,normal_operation,85.6668113841736,1,0,0,0,1,0,0,0,72.30000000000001,94.05347519553646,93.20998045139093,91.98515998877983,72.30000000000001,97.53663934450495,93.82633284267123,93.16308706594528
138,0,normal_operation,95.3169412768016,1,0,0,0,1,0,0,0,72.30000000000001,91.2388245775538,93.68179600921206,93.24810554317972,72.30000000000001,93.21867239971672,94.56559469061438,93.27194705825066
139,0,normal_operation,95.2512380045197,1,0,0,0,1,0,0,0,72.30000000000001,94.53357783811133,93.07625950785358,92.19213909596532,72.30000000000001,97.87881288820464,92.64440043142746,93.06651848119613
140,0,normal_operation,89.9628682032111,1,0,2,0,1,0,0,0,71.8,89.6084877769507,95.70022845831161,94.19907464146509,71.8,91.53413022614669,95.46726793669578,94.66119115005341
141,0,normal_operation,97.3258177744196,1,0,0,0,1,0,0,0,72.1875,92.84851009839907,92.2780751155091,92.06399025312048,72.1875,95.05479300173025,92.87426500109014,92.56394363573223
142,0,normal_operation,96.5367158108244,1,0,0,0,1,0,0,0,72.30000000000001,92.0984490987957,95.11361443994674,93.81909497255685,72.30000000000001,94.22576301417669,94.77740588454255,94.0115043603546
143,0,normal_operation,90.6609331725265,1,0,0,0,1,0,0,0,72.30000000000001,89.40770122703105,91.52792340775835,91.20489004975397,72.30000000000001,90.81164790207751,90.99330202592785,91.59840835365887
144,0,normal_operation,89.9134815111281,1,0,0,0,1,0,0,0,72.30000000000001,93.91187546778615,93.12336813565067,92.20305754835238,72.30000000000001,97.11522370490296,91.15054730737378,91.96088014353363
145,0,normal_operation,96.5328137864442,1,0,0,0,1,0,0,0,72.225,88.83048165876374,91.15610722310319,90.5477435873308,72.225,90.4160123965251,91.56606259699112,91.4514257686107
146,0,normal_operation,92.7163518475856,1,0,0,0,1,0,0,0,72.0125,97.89640930307749,92.69182800225906,92.6940313488987,72.0125,100.0,92.20836620659911,92.64759141515893
147,0,normal_operation,87.9979423428618,1,0,0,0,1,0,0,0,72.30000000000001,91.90585590248551,93.2922929465391,93.37129852907485,72.30000000000001,94.07533819252538,93.936820406271,93.75263865337995
148,0,normal_operation,96.849445449168,1,0,1,0,1,0,0,0,72.1875,89.59756611378911,95.15279914954921,93.57341416044656,72.1875,91.13499452846432,93.30482246169257,93.72667639535244
149,0,normal_operation,86.6755861628981,1,0,0,0,1,0,0,0,71.8,87.67414254339712,91.61269131759309,90.9091009099987,71.8,88.62840318987804,90.91445158209328,91.04725171512013
150,0,normal_operation,87.8456560902637,1,0,2,0,1,0,2,2,72.1875,89.93982176604729,94.67804180449312,92.84982415232913,72.1875,92.02306336418053,94.58767282355906,93.84665122590539
151,0,normal_operation,97.7606901143351,1,0,0,0,1,0,0,0,72.0125,94.6856404255861,89.82975663416524,90.57369261168084,72.0125,97.5062590790245,89.9446874483079,90.74768221867966
152,0,normal_operation,93.7418644776376,1,0,0,0,1,0,0,0,72.1875,97.5838995641383,91.01211335424425,91.16480579013816,72.1875,100.0,89.79732196529801,90.62345856548494
153,0,normal_operation,85.0078356303542,1,0,0,0,1,0,0,0,72.225,97.18950594263413,91.6735325139594,92.09092660139275,72.225,100.0,91.99254595940998,92.50216202917122
154,0,normal_operation,92.9152010400766,1,0,0,0,1,0,0,0,72.30000000000001,93.32731475426783,95.47294949421479,94.89668871855486,72.30000000000001,95.81596196910763,96.14188221802347,95.95870999651866
155,0,normal_operation,92.4714143679459,1,0,0,0,1,0,0,0,72.0125,97.34600620545922,92.19119623503859,91.73468819762533,72.0125,100.0,91.73926697540692,91.87761502724184
156,0,normal_operation,96.079604379931,1,0,2,0,1,0,0,0,72.0125,91.34777642554212,92.77974894270847,91.72810693079069,72.0125,94.02496562472395,93.16037169522518,92.33238643384317
157,0,normal_operation,86.2522422040393,1,0,0,0,1,0,0,0,72.225,94.20243218386642,94.03326485475645,93.3188960332411,72.225,97.45781289526285,93.97860038998046,93.7104894016704
158,0,normal_operation,98.3612817448798,1,0,0,0,1,0,0,0,72.1875,99.60006455954851,94.44818320424987,93.96501308572812,72.1875,100.0,94.69658902584338,94.3449737576993
159,0,normal_operation,98.9246959347128,1,0,0,0,1,0,0,0,72.225,89.89466550564734,86.79814314206683,87.64572579051517,72.225,92.48005976575338,90.34061809844862,88.6490686987363
160,0,normal_operation,97.940660780495,1,0,0,0,1,0,0,0,72.1875,93.53798584757092,94.40609835406532,93.56352341267213,72.1875,95.85132808872483,93.80468865236304,93.75940645250868
161,0,normal_operation,93.2843701230816,1,0,0,0,1,0,0,0,72.225,90.6366115380101,91.99367755478022,90.10958999453545,72.225,93.55824783034565,91.80937409726225,90.55146185220465
162,0,normal_operation,90.4361719340958,1,0,1,0,1,0,0,0,72.30000000000001,85.38295240245203,92.69435974804368,91.81862810007267,72.30000000000001,86.24156361051315,92.6275088602065,92.18432433678223
163,0,normal_operation,86.8462562131892,1,0,0,0,1,0,0,0,71.8,85.69560819369731,91.63111713153558,89.0840291887268,71.8,86.94239779233362,90.59926969797495,90.15618409057647
164,0,normal_operation,85.6397861636672,1,0,0,0,1,0,0,0,71.8,92.71605482680748,93.07420560483435,92.84428482135986,71.8,95.34164015296307,91.19667185927808,92.17553625164498
165,0,normal_operation,95.427445591665,1,0,0,0,1,0,0,0,71.8,92.13751941682027,96.00477103230523,95.0426313045021,71.8,94.34703670449204,96.25665381969966,95.93372131373307
166,0,normal_operation,86.8589841639711,1,0,0,0,1,0,0,0,72.30000000000001,93.64493828223786,93.44721900665704,92.56719414396106,72.30000000000001,96.181309850391,94.43461022684234,93.47077838746627
167,0,normal_operation,89.0544149843905,1,0,0,0,1,0,0,0,72.0125,87.75733391584019,91.49105802793349,91.53262419505185,72.0125,89.12331231792743,91.65954050769784,91.86793586386642
168,0,normal_operation,91.2554342746433,1,0,0,0,1,0,0,0,72.0125,90.42672388852908,92.39046094239993,91.21927585917018,72.0125,91.75975705894308,92.06263210554967,91.93414509805606
169,0,normal_operation,86.5856413987258,1,0,0,0,1,0,0,0,72.30000000000001,84.73104206298649,93.52889842137381,91.5041160962509,72.30000000000001,86.0089193949561,93.23058596328765,91.87667091727194
170,0,normal_operation,93.605646472618,1,0,0,0,1,0,0,0,71.8,87.81205246649573,91.21195202160848,90.80616987680338,71.8,88.44244463103678,91.88466909271015,91.93582177245348
171,0,normal_operation,96.0676248069638,1,0,0,0,1,0,0,0,72.1875,87.05921793132634,91.8152710097618,91.02961821094877,72.1875,88.16542889328726,92.45187860083405,92.10470145284121
172,0,normal_operation,99.7659746836146,1,0,0,0,1,0,0,0,72.225,98.09422214150945,92.54599195410934,92.62919968571634,72.225,100.0,92.56316985350199,93.02458090952665
173,0,normal_operation,87.664036907588,1,0,0,0,1,0,0,0,72.0125,88.65153630593014,92.76954788826774,90.72935781888481,72.0125,90.61019878553495,92.96586236402923,91.18802297517624
174,0,normal_operation,99.0871255910432,1,0,0,0,1,0,0,0,71.8,87.96290167299227,92.55922239378204,92.42836787420498,71.8,89.48595368977496,93.28328203171395,93.06885632630772
175,0,normal_operation,92.0060228054328,1,0,0,0,1,0,0,0,72.1875,90.766414876967,92.86839321488853,91.2388851657035,72.1875,93.82250690753682,93.0429580213642,92.19011442677127
176,0,normal_operation,93.3854881748304,1,0,0,0,1,0,0,0,72.0125,95.89946146895485,91.46036083232418,91.12345871011763,72.0125,99.61761527946827,91.42657877505937,91.6792091374734
177,0,normal_operation,85.813592266617,1,0,0,0,1,0,0,0,72.30000000000001,88.23846742741279,92.07016193908905,91.66909459637598,72.30000000000001,89.5211509701544,92.04496481788445,91.79562237408358
178,0,normal_operation,98.4772920675145,1,0,0,0,1,0,0,0,71.8,89.05924983690605,90.50762669509417,90.2298680035605,71.8,89.92813064807429,91.16521867524617,91.65810701574769
179,0,normal_operation,95.6037612898414,1,0,0,0,1,0,0,0,72.0125,97.60955503397565,92.65412509499328,92.31676061521839,72.0125,100.0,92.54064702137651,92.83734895304369
180,0,normal_operation,91.9725991243771,1,0,0,0,1,0,0,0,72.30000000000001,97.35632711690468,93.6604114990918,93.56374142266462,72.30000000000001,100.0,94.30485570582607,93.55213955764322
181,0,normal_operation,87.6717543083015,1,0,0,0,1,0,0,0,72.225,86.88817886577368,91.31628427916576,86.58429646984553,72.225,88.8735604464616,91.65046085639051,87.12551576730758
182,0,normal_operation,90.0377346201539,1,0,0,0,1,0,0,0,71.8,85.65188840463394,90.97013046512743,89.69892543041522,71.8,86.77646467694261,91.32011467551236,91.20188978277226
183,0,normal_operation,95.1308676600437,1,0,0,0,1,0,0,0,72.0125,93.92323683143462,93.5667526715466,93.26837257022834,72.0125,96.31134584868082,93.68620498789349,94.01876303792855
184,0,normal_operation,96.1831911055258,1,0,0,0,1,0,0,0,72.0125,95.70064913821247,93.53069740664931,93.51593231891088,72.0125,99.04729835886945,93.88347976057388,93.68223193493742
185,0,normal_operation,93.9581702550678,1,0,0,0,1,0,0,0,72.1875,86.90831602718957,90.11078844324993,88.33646217166215,72.1875,88.43242570066074,89.89318688307004,89.24833046855885
186,0,normal_operation,98.4241251316122,1,0,0,0,1,0,0,0,72.0125,84.44800640567622,89.55218613153639,89.43280810289637,72.0125,85.34067703109729,90.36136378394929,90.89990511359832
187,0,normal_operation,91.6258308559664,1,0,0,0,1,0,0,0,72.0125,87.2626632026018,91.11146124242006,90.01265225838475,72.0125,87.87526033449132,91.46926521941967,91.28394008959053
188,0,normal_operation,86.4005577513264,1,0,1,0,1,0,0,0,72.30000000000001,88.97059347938887,95.06565849367308,93.90868476579928,72.30000000000001,90.77365926347062,93.84558160763005,93.8245243881538
189,0,normal_operation,99.9308459148264,1,0,0,0,1,0,0,0,72.1875,88.45663247529306,93.30827555209282,92.26450174573027,72.1875,90.00182663562624,94.41703798185205,93.32400852498405
190,0,normal_operation,89.4736595783165,1,0,1,1,1,0,0,1,71.8,85.40711492353975,90.81940992385978,90.23521532540515,71.8,86.08320875382799,90.61330440480963,90.31804162452445
191,0,normal_operation,94.4660499882039,1,1,0,0,1,3,0,0,72.1875,83.01654051637428,87.5768057536703,87.64910234040943,72.1875,84.22762552016803,88.32685120354513,88.42474559004519
192,0,normal_operation,98.5770211633536,1,0,2,2,1,0,0,2,72.30000000000001,90.0756537298404,95.33647558011931,92.60636116238014,72.30000000000001,92.69859925322709,94.88154350772642,93.0562101613155
193,0,normal_operation,90.0714657820326,1,0,0,0,1,0,0,0,72.225,90.08927244599073,93.49831349207572,92.90982810080874,72.225,91.81761923857968,93.03565889555351,93.24804164164034
194,0,normal_operation,85.7267100887983,1,0,0,0,1,0,0,0,72.225,94.48655831637387,92.47388843211313,92.50074847229395,72.225,97.81246591611539,93.21607762792176,93.03905625177575
195,0,normal_operation,95.9456417233484,1,0,0,0,1,0,0,0,72.0125,96.35257383391297,93.08494096141088,93.17511705552107,72.0125,99.69304259324451,93.87113561652163,93.84132202954133
196,0,normal_operation,95.3879797957978,1,0,0,0,1,0,0,0,71.8,92.19398572875,95.35543751398595,93.85647230488705,71.8,94.59179740640002,94.87118497220365,94.58909879088688
197,0,normal_operation,96.7026329723676,1,0,0,0,1,0,0,0,72.0125,89.76445061950122,94.4121848238281,93.13019724247259,72.0125,91.61733786285873,93.44024364590722,93.47464546466612
198,0,normal_operation,86.5721986296025,1,0,1,0,1,0,0,0,72.0125,86.65565705537301,90.84484021234493,90.67138685740966,72.0125,87.72783212508114,91.51918891981747,91.2050400240911
199,0,normal_operation,98.3571351877666,1,0,0,0,1,0,0,0,71.8,97.32886494342853,93.3876036026839,92.79568248619402,71.8,100.0,93.04119761288139,92.74534215040913
200,0,normal_operation,86.0932794864846,1,0,0,0,1,0,0,0,72.225,87.33767211371259,92.83780098432598,91.23115625756093,72.225,88.60347495016552,92.78938444211944,92.36142766805
201,0,normal_operation,95.2557335861254,1,0,0,0,1,0,0,0,71.8,87.82266934396851,90.06673007644156,90.4070699224428,71.8,88.76748500281616,90.2252614174317,90.72899237719112
202,0,normal_operation,86.7623927822775,1,0,0,0,1,0,0,0,72.30000000000001,92.89672471068872,93.11983582050115,92.83034486740475,72.30000000000001,95.95303819282927,92.43136831957139,92.6837527551455
203,0,normal_operation,96.2369719465528,1,0,0,0,1,0,0,0,71.8,94.37030398809057,93.67260399829047,93.79305741501517,71.8,96.94412787200193,95.07610672123978,94.27265122329531
204,0,normal_operation,96.0243631254408,1,0,0,0,1,0,0,0,72.225,100.0,93.65758240472631,93.00284555987392,72.225,100.0,94.08310013443551,93.50530253553661
205,0,normal_operation,90.496549244788,1,0,0,0,1,0,0,0,72.30000000000001,91.06548968163179,93.70532397682213,93.16505379424407,72.30000000000001,93.08862762517268,94.44276408770024,93.19597650834922
206,0,normal_operation,96.8404591546286,1,0,0,0,1,0,0,0,72.225,87.9686853996267,92.10224558199332,91.19677749977832,72.225,89.86910170339202,92.8444545731936,91.90315444011587
207,0,normal_operation,96.5790087564866,1,0,0,0,1,0,0,0,72.0125,86.79292524397054,92.45164138078668,91.60800671328744,72.0125,88.14874718592,92.77196751137903,92.42893377589604
208,0,normal_operation,88.4342987803465,1,0,0,0,1,0,0,0,72.30000000000001,93.87365999997948,95.53834585600244,94.12395829290736,72.30000000000001,96.97425438467485,93.67532263203898,93.83973525993424
209,0,normal_operation,96.72897949882,1,0,0,0,1,0,0,0,72.1875,84.90994458172763,91.6207345538452,90.96980484349915,72.1875,85.78800699214383,93.69317780758007,92.20439755175593
210,0,normal_operation,92.9630838554189,1,0,0,0,1,0,0,0,72.30000000000001,85.51713351461171,93.5205974219086,91.99697957929345,72.30000000000001,86.5524870026787,93.99476952921603,93.00338285868123
211,0,normal_operation,86.6842594323404,1,0,0,0,1,0,0,0,72.30000000000001,94.71077003612527,93.77877713385254,92.57212333148908,72.30000000000001,98.32472573354303,93.06709150674557,92.80470658689644
212,0,normal_operation,99.4663400082385,1,0,0,0,1,0,0,0,72.0125,91.5826578352805,92.79947249466593,92.14613418708272,72.0125,93.81825726913092,92.8588380619721,92.4942470379604
213,0,normal_operation,91.4896348922065,1,0,0,0,1,0,0,0,71.8,92.0859664389183,89.67808845212465,89.33049156588399,71.8,94.7230898549351,91.7117782297781,91.24165823732433
214,0,normal_operation,87.8119120963253,1,0,0,0,1,0,0,0,72.1875,89.98521440255722,89.95102165836909,91.04824929738152,72.1875,91.58978100282688,88.9131910216553,90.58323180409525
215,0,normal_operation,96.534373960883,1,0,0,0,1,0,0,0,72.0125,89.42084060670123,93.50949746164665,93.18170108981693,72.0125,91.3874659430104,94.20225182569784,93.52210197234984
216,0,normal_operation,95.0994237116298,1,0,0,0,1,0,0,0,72.1875,90.29053354281166,95.38242518687106,94.07230433473482,72.1875,92.53812534737862,93.59640147451657,94.15270924959894
217,0,normal_operation,85.8910494528742,1,0,0,0,1,0,0,0,71.8,90.77287554385146,94.124878603928,93.39623705544719,71.8,92.34254118384553,94.52487518950316,93.62302255712635
218,0,normal_operation,86.8799827166377,1,3,0,0,1,3,0,0,72.0125,84.45721970322325,87.77023756650065,87.26390782989309,72.0125,85.55405867278222,89.1351694823537,88.11883843440631
219,0,normal_operation,91.3466407774625,1,0,0,0,1,0,0,0,72.30000000000001,95.29725755039357,91.34568922384045,91.88467073156588,72.30000000000001,98.51309028606283,91.40757756848747,92.40780131236254
220,0,normal_operation,86.6322690740957,1,0,0,0,1,0,0,0,71.8,91.79872628746166,92.69327912401278,90.85709396278946,71.8,94.38962859169663,91.8992856329041,91.55755825175567
221,0,normal_operation,86.478911390665,1,0,0,0,1,0,0,0,72.30000000000001,84.81922237534441,92.38319119391345,90.56803368946547,72.30000000000001,86.10281592737655,92.77950481413465,90.77342762974506
222,0,normal_operation,89.7621966272415,1,0,0,0,1,0,0,0,72.0125,87.72242349731121,92.24992515520256,91.4943543824733,72.0125,89.43054807364359,92.50080999475924,92.87563671927737
223,0,normal_operation,98.3938360792897,1,0,0,0,1,0,0,0,72.225,94.74297980067476,94.35361522965792,93.19939570876514,72.225,98.0671038557072,94.6347579469381,93.53780923892924
224,0,normal_operation,88.1804626379848,1,0,0,0,1,0,0,0,72.30000000000001,88.1355276539197,93.66559000015911,92.20374195054005,72.30000000000001,88.95920695343068,94.4196459206954,93.47999465497567
225,0,normal_operation,93.3668345013231,1,0,0,0,1,0,0,0,71.8,87.42953144939906,92.19128857862174,90.64973301168358,71.8,88.98765804894985,91.49314441716258,91.03029309224658
226,0,normal_operation,99.8190210242874,1,0,0,0,1,0,0,0,72.0125,85.6588414320497,90.80698091069272,90.46952023405146,72.0125,86.89093018968511,91.39570728968545,91.35208864168037
227,0,normal_operation,86.1099215436541,1,0,0,0,1,0,0,0,72.1875,93.28668744681667,93.05468741540086,92.1564276512509,72.1875,96.69874296324932,92.20917281180708,92.53808244592082
228,0,normal_operation,91.0327597783373,1,0,0,0,1,0,0,0,72.1875,91.5042447740454,92.66825539301017,91.88311242621856,72.1875,94.22954552062144,91.9912396704115,91.97321038584744
229,0,normal_operation,87.4170095777404,1,0,0,0,1,0,0,0,72.225,97.19101233780374,93.90187618358539,92.81797723564664,72.225,100.0,93.30115856604631,92.92532413339417
230,0,normal_operation,95.2830356312131,1,0,0,0,1,0,0,0,72.225,88.75628242810735,93.36097815222278,92.64693455427285,72.225,90.71153003566144,92.15944391166978,92.64374024825638
231,0,normal_operation,93.9623528780887,1,0,0,0,1,0,0,0,71.8,88.48893721902748,94.3898894195436,93.07794393945278,71.8,90.11798331048766,95.02282842489436,93.94100577703874
232,0,normal_operation,91.3396847983069,1,0,0,0,1,0,0,0,72.0125,89.79736175689334,94.37968015664762,93.38546768052973,72.0125,91.72238178538416,93.87755003382452,93.85615131138279
233,0,normal_operation,91.3650217543854,1,0,0,0,1,0,0,0,72.0125,89.05430848448714,93.08376002662594,91.15665998270944,72.0125,91.1158900287256,92.75263382614985,90.9472457377303
234,0,normal_operation,89.3527789769609,1,0,0,0,1,0,0,0,72.0125,89.50254411534743,93.05141322751102,92.16093763987004,72.0125,91.29581205166312,92.10002125791641,92.39388436280424
235,0,normal_operation,99.0359630917732,1,0,0,0,1,0,0,0,72.225,89.4014465295733,93.06224232291635,92.11433490055332,72.225,91.84685279919006,93.60490601172913,92.99370239820506
236,0,normal_operation,96.3899107469665,1,0,0,0,1,0,0,0,71.8,96.56621772250497,92.24847085929012,92.2472227533718,71.8,99.75196666495421,93.168891561548,93.00100253297835
237,0,normal_operation,95.2234064570547,1,0,0,0,1,0,0,0,71.8,89.84741080682761,93.97514468655278,93.16052716794397,71.8,91.90005445710875,94.55268876296955,93.74619041592472
238,0,normal_operation,97.3536171089176,1,0,0,0,1,0,0,0,72.1875,84.88171230265552,90.89230773610225,89.94846576076782,72.1875,86.28095213532322,90.02812271131462,89.70077384522169
239,0,normal_operation,98.4158406303136,1,0,0,0,1,0,0,0,72.0125,93.42505392672645,95.4543136384474,94.44676664885485,72.0125,95.94490835817149,96.42902970781697,95.50327830865868
240,0,normal_operation,99.3018560482937,1,0,0,0,1,0,0,0,72.225,93.19852266206938,95.12406700809645,93.75695591368822,72.225,95.88912387939075,95.40247787888953,94.65404454750151
241,0,normal_operation,97.1380577694069,1,0,0,0,1,0,0,0,72.0125,93.07965150046715,93.10677455515355,90.90844689110503,72.0125,96.29043672171417,92.8444019257529,92.5538244495255
242,0,normal_operation,89.8875044314487,1,0,0,0,1,0,0,0,72.225,91.63551340029966,96.11755398438824,94.71346655335256,72.225,94.34795603062094,96.3123135680757,94.91132949911643
243,0,normal_operation,87.7110664038219,1,3,0,0,1,3,0,0,72.30000000000001,85.46009386152794,89.69115495120792,86.3427817060429,72.30000000000001,87.13964532110045,89.38621137128538,85.54441727223607
244,0,normal_operation,94.8054983351238,1,0,0,0,1,0,0,0,71.8,96.27720409607713,92.26021208023758,92.58800163895673,71.8,99.89308067377183,91.95967548990807,92.81547034128411
245,0,normal_operation,96.9198682808313,1,0,0,0,1,0,0,0,72.225,92.3257443908246,94.9791230229895,93.89694422255599,72.225,95.12051084925879,95.26745567386055,94.28360260261417
246,0,normal_operation,96.2791959080117,1,0,0,0,1,3,0,0,72.30000000000001,85.36078808247363,91.29001944109359,89.2079523814496,72.30000000000001,86.94564250572562,90.1220215319563,88.52942307062969
247,0,normal_operation,95.068032780348,1,0,0,0,1,0,0,0,72.225,95.35886280880467,94.11455336545545,93.42029618047447,72.225,98.86001191297323,94.19261181311035,93.6535218437498
248,0,normal_operation,90.8614312330626,1,0,0,0,1,0,0,0,72.225,94.9007326677428,91.04840788337539,90.81107391540561,72.225,98.73648238934695,91.01677851656436,91.52446860737452
249,0,normal_operation,96.8361027240844,1,0,0,0,1,0,0,0,72.0125,96.53413621797286,92.12489349801098,91.98504389117701,72.0125,100.0,92.09933227590408,92.20902696774337
250,0,normal_operation,99.263416230672,1,0,0,0,1,0,0,0,71.8,88.74553019126252,92.343583243278,89.82855289835177,71.8,90.69574600721916,92.49561247160268,88.43659899065858
251,0,normal_operation,94.4678310140352,1,0,0,0,1,0,0,0,72.1875,92.51825835485914,93.47310564916336,92.47973721108357,72.1875,94.34215340320338,93.21657363954054,93.18486286897509
252,0,normal_operation,94.7867660945292,1,0,0,0,1,0,0,0,71.8,92.84046226193635,93.68516379780478,93.29830251804032,71.8,95.40579268481731,92.93484238919031,93.45206973127624
253,0,normal_operation,85.377024785653,1,0,0,0,1,0,0,0,72.30000000000001,88.91360215922023,95.3749016616654,92.71969781257519,72.30000000000001,91.14026199161368,94.98208615722778,92.99726759715824
254,0,normal_operation,90.555440297728,1,0,0,0,1,0,0,0,71.8,97.93646797584904,93.86780415211321,93.4727330652174,71.8,100.0,93.6048083647635,93.87189003307172
255,0,normal_operation,87.6528258643795,1,0,0,0,1,0,0,0,72.30000000000001,96.8994114320297,92.87987772720838,91.82665541788543,72.30000000000001,100.0,93.48354894992798,92.6746557934111
256,0,normal_operation,88.3565560704556,1,0,0,0,1,0,0,0,72.1875,87.35403423368098,91.30657888424055,89.24129825154891,72.1875,89.37726293488912,90.58887381975417,88.94934642944207
257,0,normal_operation,87.7092533162966,1,0,0,0,1,0,0,0,71.8,86.558030980115,90.54419334904593,89.6523348073142,71.8,87.19723491037092,90.3935269326061,90.63853731914384
258,0,normal_operation,94.9092523675435,1,0,0,0,1,0,0,0,72.1875,91.10254638165648,95.40290133943074,93.62209309526668,72.1875,92.8529717330115,95.6474151491811,94.73039086963054
259,0,normal_operation,98.6585498278454,1,0,0,0,1,0,0,0,72.225,97.05473939552692,92.86051906682509,92.2299815457972,72.225,100.0,92.53945617499772,92.80756160105382
260,0,normal_operation,90.7495947793829,1,0,0,0,1,0,0,0,71.8,94.01669261402812,93.65674517899043,92.84936736489666,71.8,96.65907055581079,93.0643046998633,93.07917913761055
261,0,normal_operation,89.126046337329,1,0,1,0,1,0,0,0,72.1875,88.01190722350921,93.75523915211652,93.07064783339113,72.1875,89.37921146757265,93.32373358419538,92.94802241327935
262,0,normal_operation,97.0667437541961,1,0,0,0,1,0,0,0,71.8,96.28916884137602,92.30381312380706,91.9557426361459,71.8,100.0,93.93035121984485,93.64284901347126
263,0,normal_operation,86.3061582985134,1,0,0,0,1,0,0,0,72.0125,98.93733838004411,94.18662830135695,93.55566598867733,72.0125,100.0,93.2183768209263,93.07795627904002
264,0,normal_operation,99.090975428268,1,0,1,1,1,0,0,0,71.8,85.97092182762708,90.57724308436693,89.54307554586754,71.8,86.51332943158157,90.30336099566692,90.1893007957234
265,0,normal_operation,93.0120635182409,1,0,0,0,1,0,0,0,72.1875,98.92275925435521,91.61086114813698,91.82273024095825,72.1875,100.0,89.89033655274957,90.77508462408734
266,0,normal_operation,87.0680348861884,1,0,0,0,1,0,0,0,72.30000000000001,86.0577952256702,91.37770999299586,90.02264959604061,72.30000000000001,87.59429304547841,91.11673711682717,90.08994010792341
267,0,normal_operation,86.6041248782531,1,0,0,0,1,0,0,0,72.0125,95.8673302061808,92.98257576051218,92.76208244948025,72.0125,98.90902922163376,92.5269427471757,92.78029158825447
268,0,normal_operation,91.1594363508927,1,0,0,0,1,0,0,0,72.30000000000001,100.0,93.41020639364223,92.77610059897823,72.30000000000001,100.0,92.5778625906098,92.89885869311848
269,0,normal_operation,99.8245339346993,1,0,0,0,1,0,0,0,72.0125,94.40574399113667,91.65284255099829,91.56251159702326,72.0125,97.7948232549094,91.1680253202618,91.6410453339289
270,0,normal_operation,88.6624793018542,1,0,0,0,1,0,0,0,72.0125,89.77508191454122,92.14556815407285,92.35517184566731,72.0125,91.45726628497431,91.73034988631389,92.14575069769825
271,0,normal_operation,91.173902701113,1,0,0,0,1,0,0,0,71.8,94.71444887808326,92.31017199372509,92.4962103452463,71.8,97.3538014363259,92.57714232642594,92.709939208786
272,0,normal_operation,93.2768877240395,1,0,0,0,1,0,0,0,71.8,93.18360315035045,95.50564269262806,94.34145538232372,71.8,95.69998469988687,95.59029328269504,95.08605649643204
273,0,normal_operation,95.7935520228923,1,0,0,0,1,0,0,0,72.30000000000001,97.90513106307216,91.49532422123994,90.73702004559085,72.30000000000001,100.0,92.62387713753697,92.57359832745925
274,0,normal_operation,90.1967314195054,1,0,0,0,1,0,0,0,72.225,96.68167515239026,93.81618721253359,93.37250671809728,72.225,100.0,93.23679393660787,93.18810595701652
275,0,normal_operation,88.2659810253595,1,0,0,0,1,0,0,0,72.0125,84.9631542893406,92.57226755927262,91.48245563003478,72.0125,86.06835104414435,92.7789468977685,92.26993673667664
276,0,normal_operation,96.7430810946868,1,0,0,0,1,0,0,0,72.225,91.39061155395869,91.23269908400893,90.79784816420941,72.225,94.60244972478554,90.73943706294536,90.44999321850882
277,0,normal_operation,98.8349799669441,1,0,0,0,1,0,0,0,72.30000000000001,93.15336154087106,92.48616091323595,92.14102050476315,72.30000000000001,96.64305086745588,92.69036902603396,92.1393811980326
278,0,normal_operation,95.5650943672505,1,0,0,0,1,0,0,0,71.8,93.73072877456312,91.33080657115613,91.42148284560804,71.8,96.67839498430595,90.79218773462972,91.69381819656725
279,0,normal_operation,95.0954674750618,1,0,0,0,1,0,0,0,71.8,92.28408192291856,95.12832790603886,94.3210130232481,71.8,94.44060289993632,95.93832502325247,94.90059344455891
280,0,normal_operation,87.6568563174747,1,0,0,0,1,0,0,0,72.225,97.54924381348627,93.26934216026814,92.82786042201803,72.225,100.0,92.91444465509862,92.83437243347831
281,0,normal_operation,86.6183335762655,1,0,0,0,1,3,0,0,72.0125,84.7809979480631,91.21211602536354,90.31650181823454,72.0125,86.0726557220701,91.75037483062951,90.45171050893764
282,0,normal_operation,87.8986799570331,1,0,0,0,1,0,0,0,71.8,95.37432474915249,91.36417944528097,90.62965090181171,71.8,98.8591889204842,91.89314255064699,91.79762134528691
283,0,normal_operation,93.3594273370714,1,0,0,0,1,0,0,0,72.30000000000001,94.73285641284552,93.66645942954646,92.34190787031673,72.30000000000001,98.31002905955569,93.22915341498066,92.92364046511834
284,0,normal_operation,90.0843351737158,1,0,0,0,1,0,0,1,72.0125,87.19418067111954,93.40168028293172,92.33607225212623,72.0125,88.58507056376851,93.13419783517118,92.57188705303066
285,0,normal_operation,94.4338590797848,1,0,0,0,1,0,0,0,72.225,85.19894750540936,92.40229298718845,91.4583749648687,72.225,86.2044782673688,93.21758386148662,92.4102698547864
286,0,normal_operation,92.5192436980482,1,0,0,0,1,0,0,0,72.0125,93.12554937595966,90.563907177126,90.86269020476819,72.0125,95.43299912653444,90.33733808903953,91.50540241269044
287,0,normal_operation,92.2847750484703,1,0,0,0,1,0,0,0,72.30000000000001,95.4171259110912,93.17056585142656,92.39002409132476,72.30000000000001,99.41147660470747,92.47957849345784,92.76785328351922
288,0,normal_operation,98.9103433749719,1,0,0,0,1,0,0,0,72.30000000000001,98.80105175181984,94.8177352489937,93.83549610217793,72.30000000000001,100.0,93.47291158906982,93.7416005306119
289,0,normal_operation,90.1493183536202,1,0,0,0,1,0,0,0,72.30000000000001,95.85800679404906,94.36809691063746,92.91077229346733,72.30000000000001,100.0,94.90393031635486,93.88119560471146
290,0,normal_operation,94.6971614863872,1,0,0,0,1,0,0,0,72.1875,95.51414190498559,93.17966391930533,92.0952221138799,72.1875,99.36229703979717,92.4096030489268,92.59641349020649
291,0,normal_operation,97.528307657172,1,0,1,0,1,0,0,0,72.1875,89.02574641420202,95.27405196470177,93.61467260330144,72.1875,91.11932177130696,93.95866628401043,93.28006199470303
292,0,normal_operation,93.2396279952745,1,0,0,0,1,0,0,0,72.225,89.84602064026654,93.97720752075313,93.55090076130527,72.225,91.80104934630616,94.44432038281273,92.92748498646039
293,0,normal_operation,96.3476431525292,1,0,1,0,1,0,0,1,72.30000000000001,90.59836414682736,95.96126245474832,94.27963327405489,72.30000000000001,92.79285877441339,96.28819671021787,95.56205537340846
294,0,normal_operation,99.5910082761968,1,0,0,0,1,0,0,0,72.0125,90.88945681228824,91.63767017476428,91.46449602991001,72.0125,92.73723928156045,91.69262691478617,91.59362397360485
295,0,normal_operation,99.3126168456931,1,0,0,0,1,1,0,0,71.8,84.34151713164466,89.42866261526538,90.21141775676968,71.8,85.00960124910108,92.23630544731417,91.23402006314186
296,0,normal_operation,89.2225233872274,1,0,0,0,1,0,0,0,72.225,88.9098935276873,90.91067341141382,90.8772231704396,72.225,90.59098925264675,91.22918041305049,91.21127507985673
297,0,normal_operation,93.8591297937945,1,0,0,0,1,0,0,0,72.1875,91.47510652967273,93.44988005660979,91.28701145712417,72.1875,94.28180333736145,92.93470162885568,92.07540515962195
298,0,normal_operation,91.7701087053362,1,0,0,0,1,0,0,0,72.1875,88.86085650495735,90.9363986662354,90.83501068078704,72.1875,90.58311856276715,89.83015500645796,90.45057272070366
299,0,normal_operation,89.2226154267783,1,0,0,0,1,0,0,0,72.0125,92.61005411344196,92.5204575401785,90.94611314443577,72.0125,95.7861957601632,92.95231658562224,92.36901881898854
300,0,normal_operation,87.0790257361354,1,0,0,0,1,0,0,0,72.1875,91.89219421270452,94.10204985682758,92.84678186919811,72.1875,94.82385624389622,94.09702541725684,93.1246348363296
301,1,nitrogen_gas_leak,99.8,1,0,0,0,1,0,1,0,72.225,91.42284758210837,94.9759313878203,94.08089940740705,72.225,93.99700897613485,96.83130535919372,95.89701490934438
302,1,nitrogen_gas_leak,99.6,1,0,0,0,1,0,1,0,72.225,91.2914540960692,95.23970378111684,94.06983945200388,72.225,93.82477352767364,97.17006184605597,95.93112869781727
303,1,nitrogen_gas_leak,99.4,1,0,0,0,1,0,1,0,72.1875,90.93924506879611,97.08444276255105,95.37320396689847,72.1875,93.51428350372532,97.83028580559511,96.45195670148343
304,1,nitrogen_gas_leak,99.2,1,0,1,0,1,0,1,0,72.1875,91.23763140320762,96.06545750126787,94.73027916959447,72.1875,93.4595368464443,97.39644919168701,96.0539954930561
305,1,nitrogen_gas_leak,99.0,1,0,1,0,1,0,1,1,71.8,91.29508028692119,96.63191536003814,95.12920910338677,71.8,93.33758917722082,97.45235055228054,96.19969393315698
306,1,nitrogen_gas_leak,98.8,1,0,0,0,1,0,1,0,72.225,90.70512632628557,95.40312238241442,93.52882143602976,72.225,93.2509760982465,96.88530167516848,95.22193714701294
307,1,nitrogen_gas_leak,98.6,1,0,0,0,1,0,1,0,72.30000000000001,91.05762718660428,94.57364918692664,93.29506787863555,72.30000000000001,93.34294218615908,95.57824050197124,94.65740075720025
308,1,nitrogen_gas_leak,98.4,1,0,0,0,1,0,1,0,72.0125,90.17319181754694,95.60523706112168,93.81442952876544,72.0125,92.3481292283588,95.80364774265138,94.83282742963662
309,1,nitrogen_gas_leak,98.2,1,0,0,0,1,0,1,0,72.1875,90.70876440392883,94.86017894026595,94.05018798502557,72.1875,92.65586502252107,94.98208471098646,94.5962977501304
310,1,nitrogen_gas_leak,98.0,1,0,0,0,1,0,1,0,72.225,90.20560585509108,95.24792567930152,94.0319783609072,72.225,92.51263380171335,95.91749485926995,94.99855594401217
311,1,nitrogen_gas_leak,97.8,1,0,1,0,1,0,1,1,71.8,90.49632343276282,96.01238083185564,94.31381763392983,71.8,92.33818515160655,96.38911078555674,94.98031588142663
312,1,nitrogen_gas_leak,97.6,1,0,0,0,1,0,1,1,72.1875,89.90995326314483,94.98581236347015,93.89783110945763,72.1875,92.0477399609449,96.28421589641137,95.14537585692456
313,1,nitrogen_gas_leak,97.4,1,0,1,0,1,0,1,1,72.30000000000001,90.19764491964557,95.9225627918508,94.49765877063817,72.30000000000001,92.26060544470401,96.8331458536301,95.44024553107798
314,1,nitrogen_gas_leak,97.2,1,0,0,0,1,0,1,1,72.1875,89.68876426371564,94.14415189818658,93.362962709323,72.1875,91.72459576964839,95.65610433317865,94.74586478871088
315,1,nitrogen_gas_leak,97.0,1,0,0,0,1,0,1,1,71.8,89.96990103748027,93.52509816609837,93.52304870399031,71.8,91.67557160294587,94.97704550638957,94.25837390594259
316,1,nitrogen_gas_leak,96.8,1,0,0,0,1,0,1,1,72.30000000000001,89.85968675683809,94.77494580134724,93.77234219698992,72.30000000000001,91.8218780828155,95.2471755188528,94.80098908549384
317,1,nitrogen_gas_leak,96.6,1,0,0,0,1,0,1,1,71.8,89.66279882052865,94.8385106830934,93.45651791134028,71.8,91.33049413760602,96.12276394986213,94.85927714866139
318,1,nitrogen_gas_leak,96.4,1,0,0,0,1,0,1,0,72.225,89.10592314120785,93.12048175498188,92.76930003208126,72.225,91.2410033493895,94.63360106214901,93.30242538978628
319,1,nitrogen_gas_leak,96.2,1,0,0,0,1,0,1,0,72.225,89.00977734173483,90.76071774900974,91.80000603217007,72.225,91.00519635399064,93.81533071620117,92.92454222580447
320,1,nitrogen_gas_leak,96.0,1,0,0,0,1,0,1,1,72.225,88.92449092549211,93.7052207315317,92.72838574748359,72.225,90.74854004400578,94.10441185304225,93.80615492856194
321,1,nitrogen_gas_leak,95.8,1,0,1,0,1,0,1,1,72.1875,88.94150210386108,93.78055597140273,92.67307420543257,72.1875,90.61528408186851,94.12175431679803,93.5107204778312
322,1,nitrogen_gas_leak,95.6,1,0,0,0,1,0,1,1,72.0125,89.17988091134329,93.1539498981052,92.62050329336711,72.0125,90.82294408436655,94.10172070198641,93.5657679092537
323,1,nitrogen_gas_leak,95.4,1,0,1,1,1,0,1,1,72.1875,88.7825220949097,93.60326273553478,93.25247106223365,72.1875,90.30577200141911,94.14753781516976,93.72195906944498
324,1,nitrogen_gas_leak,95.2,1,0,1,0,1,0,1,1,72.225,88.38159264441717,93.30689046361404,92.44756410641416,72.225,90.07712973773263,94.13089044961211,93.41188468273359
325,1,nitrogen_gas_leak,95.0,1,0,1,0,1,0,1,1,72.30000000000001,88.59575603292512,94.49279789302895,93.444565089227,72.30000000000001,90.23990571042036,94.54814718042974,94.00083869464234
326,1,nitrogen_gas_leak,94.8,1,0,0,0,1,0,1,1,72.0125,88.6045042612837,93.8785434531374,92.98505699798612,72.0125,90.11344268827997,93.75570646295402,93.27413847843242
327,1,nitrogen_gas_leak,94.6,1,0,0,0,1,0,1,1,72.30000000000001,88.32146214372816,93.77000828904207,92.93279061982197,72.30000000000001,89.89503798464852,93.78998957484167,93.46817644406644
328,1,nitrogen_gas_leak,94.4,1,0,0,0,1,0,1,1,72.1875,88.2273771914043,93.33523191973524,92.74339246770688,72.1875,89.49237274024387,94.01238443882772,93.42365063122756
329,1,nitrogen_gas_leak,94.2,1,0,0,0,1,0,1,0,72.1875,87.46446354551924,92.81364534402375,91.86848336421423,72.1875,89.15809977735671,93.23520902198992,92.72868120309724
330,1,nitrogen_gas_leak,94.0,1,0,0,0,1,0,1,1,72.0125,88.11861670109816,92.89364607372187,92.17175796802957,72.0125,89.48880637210874,92.97991423790752,92.64897105111837
331,1,nitrogen_gas_leak,93.8,1,0,0,0,1,0,1,1,72.0125,87.11966757882291,93.17750646370035,92.29781071155217,72.0125,88.51460456519715,93.0027604666074,92.68797271741113
332,1,nitrogen_gas_leak,93.6,1,0,0,0,1,0,1,0,71.8,87.64134886998467,92.30033347083157,91.87253757213426,71.8,88.82926847230988,92.39438882050652,92.28840416541433
333,1,nitrogen_gas_leak,93.4,1,0,0,0,1,0,1,1,72.225,87.18296211409306,91.54035227847584,91.4745274979444,72.225,88.50399253511463,92.21604276718577,92.2624215762152
334,1,nitrogen_gas_leak,93.2,1,0,1,0,1,0,1,1,72.1875,87.23197903945932,92.71392554116923,91.70654658183797,72.1875,88.43094184711654,93.11835490562726,92.47941727683559
335,1,nitrogen_gas_leak,93.0,1,0,1,0,1,0,1,1,72.225,86.8318743316724,91.63309049595557,91.11605731918605,72.225,88.31252704288431,92.39331163027684,91.9346578415056
336,1,nitrogen_gas_leak,92.8,1,0,1,1,1,0,1,1,71.8,87.11363452448185,91.96621909043508,91.26217046287688,71.8,88.16522096825979,92.52412450371028,91.84423368739543
337,1,nitrogen_gas_leak,92.6,1,0,0,0,1,0,1,1,71.8,86.96276109756656,91.593598113574,90.91399473785019,71.8,87.99236323296381,92.01459016229009,91.52820762865954
338,1,nitrogen_gas_leak,92.4,1,0,1,0,1,0,1,1,72.1875,86.40593869916775,92.14858258424383,91.3066471341826,72.1875,87.68298670585855,92.21009840160123,91.78660243998762
339,1,nitrogen_gas_leak,92.2,1,0,1,1,1,0,1,1,72.30000000000001,86.58602656207009,91.94108153393523,91.11563746747692,72.30000000000001,87.73753462567976,91.57019544970186,91.57920646540497
340,1,nitrogen_gas_leak,92.0,1,0,1,0,1,0,1,1,71.8,86.52400084575807,91.82295307959554,91.64273985922547,71.8,87.47963843176746,91.61584616214842,91.74646751492017
341,1,nitrogen_gas_leak,91.8,1,0,1,0,1,0,1,1,71.8,86.40001910228082,91.20578661902653,90.24836376700992,71.8,87.3173120690744,91.24677356032208,91.07188005656397
342,1,nitrogen_gas_leak,91.6,1,0,1,1,1,0,1,1,72.0125,86.52746266132804,91.44998378506533,91.04267647561173,72.0125,87.50304699599849,91.95521926480464,91.32634616288227
343,1,nitrogen_gas_leak,91.4,1,0,1,0,1,0,1,1,71.8,86.11911618608514,91.77069055136575,91.58658501835676,71.8,86.98056305002406,91.6689588686284,91.3318757240126
344,1,nitrogen_gas_leak,91.2,1,0,1,1,1,0,1,1,72.30000000000001,85.93349348129502,90.95888270594213,90.71319452222365,72.30000000000001,86.92057075658641,91.08845380069214,91.09766433957648
345,1,nitrogen_gas_leak,91.0,1,0,1,1,1,0,1,1,72.225,85.46795254125595,90.46794914738457,90.15165616711309,72.225,86.61864049399685,90.77847048906929,90.66268140941713
346,1,nitrogen_gas_leak,90.8,1,0,1,1,1,0,1,1,72.1875,85.15876273153832,90.334843668964,89.8057258741056,72.1875,86.29651916228784,90.58755128485575,90.54603106160752
347,1,nitrogen_gas_leak,90.6,1,0,1,0,1,0,1,1,72.30000000000001,85.54756951615293,90.70179389702592,90.03326158198702,72.30000000000001,86.43823932300825,90.87767518477196,90.60987839581236
348,1,nitrogen_gas_leak,90.4,1,0,1,0,1,0,1,1,72.30000000000001,85.50401693669917,92.80365550480946,91.4987971750693,72.30000000000001,86.36997197245671,91.9268159987531,91.81504105867785
349,1,nitrogen_gas_leak,90.2,1,0,1,1,1,0,1,1,72.225,84.89712863381793,90.13133264602033,89.39542385305649,72.225,85.98723522442644,90.36127467082966,89.77112646151902
350,1,nitrogen_gas_leak,90.0,1,0,1,1,1,1,1,1,71.8,85.1858197874958,90.52476735259194,89.55146983616933,71.8,85.82102996942508,90.56229368608133,90.02920846198353
351,1,nitrogen_gas_leak,89.8,1,0,1,1,1,0,1,1,72.225,84.69560591005417,89.90270937674319,89.34853702866398,72.225,85.51402738071052,90.39249096048839,89.74030198953618
352,1,nitrogen_gas_leak,89.6,1,0,1,1,1,0,1,1,72.225,84.52903115898695,90.02276171857076,89.44817004120752,72.225,85.40104675621372,90.21772505925766,89.68556685268054
353,1,nitrogen_gas_leak,89.4,1,0,1,1,1,1,1,1,72.30000000000001,84.65069785783335,88.7819389986916,88.19307098127416,72.30000000000001,85.34200377916727,89.34736357658412,89.43962216924666
354,1,nitrogen_gas_leak,89.2,1,0,1,1,1,1,1,1,72.0125,84.18710989251103,90.67419427619245,89.62031244862509,72.0125,84.83510259271007,89.5958775320281,89.45231288019141
355,1,nitrogen_gas_leak,89.0,1,0,1,1,1,1,1,1,71.8,84.49730872125541,90.76917019356402,88.72178356920165,71.8,84.98818369325656,89.5845573909432,88.95241473851131
356,1,nitrogen_gas_leak,88.8,1,0,1,1,1,1,1,1,72.1875,84.15833700863801,89.09131161535329,89.02382086567239,72.1875,84.71889013417797,88.89258797250388,89.05258533538438
357,1,nitrogen_gas_leak,88.6,1,0,1,1,1,1,1,1,71.8,84.19838159390848,88.6708260503409,88.5960764255345,71.8,84.64391495649616,88.94178541774677,88.55081402329817
358,1,nitrogen_gas_leak,88.4,1,0,1,1,1,1,1,1,71.8,84.0614547591698,88.20523235656032,88.37836886335774,71.8,84.47395648751304,88.65150026948831,88.20675028073954
359,1,nitrogen_gas_leak,88.2,1,0,1,1,1,1,1,1,71.8,83.9079340545616,88.2350603244057,88.53179220621715,71.8,84.30276604019325,88.22902917397997,88.38454933618488
360,1,nitrogen_gas_leak,88.0,1,0,1,1,1,1,1,1,71.8,83.79343447531775,88.1574366859822,88.3115186463589,71.8,84.14305180776134,88.0254304016746,87.777043607898
361,1,nitrogen_gas_leak,87.8,1,0,1,1,1,1,1,1,72.225,83.28990570195178,88.80146229021167,87.9663655614601,72.225,83.86999333970553,88.28332662116682,87.93010141246732
362,1,nitrogen_gas_leak,87.6,1,0,1,1,1,1,1,1,72.225,83.13436387197488,88.14614572527306,88.03462915174036,72.225,83.7304829420417,87.81986220533553,87.737180216001
363,1,nitrogen_gas_leak,87.4,1,0,1,1,1,1,1,1,72.0125,83.35551174195378,86.90286619085808,87.12844094718113,72.0125,83.699032673434,87.430803427722,87.06514443129532
364,1,nitrogen_gas_leak,87.2,1,0,1,1,1,1,1,1,72.1875,83.28980895392544,86.82875310304605,87.45858148303635,72.1875,83.42422329751277,86.9560714318013,87.64068877568707
365,1,nitrogen_gas_leak,87.0,1,0,1,1,1,1,1,1,72.0125,82.89925586638131,86.71170093259789,86.91757508031309,72.0125,83.19147687220892,87.15692480506134,86.97312434117912
366,1,nitrogen_gas_leak,86.8,1,0,1,1,1,1,1,1,71.8,82.92443850183247,86.8820421176853,86.64927385068383,71.8,83.11349731597973,86.84839736480983,86.76921607282883
367,1,nitrogen_gas_leak,86.6,1,1,1,1,1,1,1,1,72.0125,82.2935739949085,87.23859322057135,87.09779597733186,72.0125,82.54511360731172,86.92196775561419,86.57396162580218
368,1,nitrogen_gas_leak,86.4,1,1,1,1,1,1,1,1,72.30000000000001,82.5945371401198,87.18595384605896,86.99373473682226,72.30000000000001,82.80470072537764,86.74785968545703,86.7255905545941
369,1,nitrogen_gas_leak,86.2,1,1,1,1,1,1,1,1,72.0125,82.13359653057992,86.7266458178249,86.33129151431989,72.0125,82.31497264118076,86.43200128269739,86.22337535165029
370,1,nitrogen_gas_leak,86.0,1,0,1,1,1,1,1,1,72.0125,82.5440632408177,86.45907709404634,86.03128469163111,72.0125,82.65769758079318,85.88344991052858,85.88898764486994
371,1,nitrogen_gas_leak,85.8,1,0,1,1,1,1,1,1,72.30000000000001,82.3092474257629,85.83803027418426,86.50652439760805,72.30000000000001,82.43468925892253,85.70793757180742,86.0991124054588
372,1,nitrogen_gas_leak,85.6,1,1,1,1,1,1,1,1,72.1875,81.81809255346522,85.72787289058526,85.60314883895462,72.1875,81.96023060766342,85.51575972935797,85.83164470499123
373,1,nitrogen_gas_leak,85.4,1,1,1,1,1,1,1,1,72.225,81.6235315173884,84.9667750711113,85.16068269514203,72.225,81.76178567748553,85.67035440225006,85.48261147930964
374,1,nitrogen_gas_leak,85.2,1,1,1,1,1,1,1,1,72.225,81.40944852538699,85.33195605898001,85.36854706428531,72.225,81.72708984111156,85.12717731282561,84.87668664238747
375,1,nitrogen_gas_leak,85.0,1,1,1,1,1,1,1,1,72.225,81.2676399161515,84.42585465460938,84.75173130172772,72.225,81.57197933532973,84.67959582486311,84.68358721919131
376,1,nitrogen_gas_leak,84.8,1,1,1,1,1,1,1,1,71.8,81.5020822005087,84.5699306088471,84.6815000924771,71.8,81.41302387868416,84.95565826347496,84.68484098306232
377,1,nitrogen_gas_leak,84.6,1,1,1,1,1,1,1,1,71.8,81.38852539840512,84.48639135552726,84.50075727031972,71.8,81.25504721237112,84.49614684829014,84.22728866783994
378,1,nitrogen_gas_leak,84.4,1,1,1,1,1,1,1,1,72.1875,80.70410179323326,83.86272438795802,84.18762017424591,72.1875,80.87638459114208,84.31962780330073,84.27706321124352
379,1,nitrogen_gas_leak,84.2,1,1,1,1,1,1,1,1,72.0125,80.79808182832448,84.41117268129888,84.03331454746856,72.0125,80.68121697196976,84.1946837442265,83.9516612751999
380,1,nitrogen_gas_leak,84.0,1,1,1,1,1,1,1,1,72.1875,80.43425081579917,83.45206659981618,83.65920917139613,72.1875,80.54211744770473,83.92568418605632,83.87369978770558
381,1,nitrogen_gas_leak,83.8,1,1,1,1,1,1,1,1,71.8,80.83045841077461,83.52754148227352,83.71710912651743,71.8,80.5853677880119,83.65076141946709,83.42314948243384
382,1,nitrogen_gas_leak,83.6,1,1,1,1,1,1,1,1,72.30000000000001,80.6673963925307,83.4904811296733,83.76181528507406,72.30000000000001,80.45334381225378,83.52522192760384,83.52870972327304
383,1,nitrogen_gas_leak,83.4,1,1,1,1,1,1,1,1,71.8,80.53544601320722,82.8369422987686,83.6090064808209,71.8,80.24488096719571,83.4196741319592,83.11121286320576
384,1,nitrogen_gas_leak,83.2,1,1,1,1,1,1,1,1,72.0125,80.11413778272409,83.0596031564073,83.1637880534715,72.0125,79.85476689907583,83.26898564494299,82.95212742500573
385,1,nitrogen_gas_leak,83.0,1,1,1,1,1,1,1,1,72.0125,80.5397305781099,82.7565929224375,83.02237129348798,72.0125,80.21306337252467,82.7678112754266,82.86348072966541
386,1,nitrogen_gas_leak,82.8,1,1,1,1,1,1,1,1,71.8,80.09296252973942,82.2682521960841,82.6243097076279,71.8,79.73262891913703,82.86415433675867,82.47872449979381
387,1,nitrogen_gas_leak,82.6,1,1,1,1,1,1,1,1,71.8,79.95846274412358,81.9611494694972,82.44110634640869,71.8,79.56353141976875,82.4517497380306,82.2295332120098
388,1,nitrogen_gas_leak,82.4,1,1,1,1,1,1,1,1,72.30000000000001,79.81857944847906,81.48086945679607,82.656867632492,72.30000000000001,79.42432195353037,82.253642337211,82.32357668584831
389,1,nitrogen_gas_leak,82.2,1,1,1,1,1,1,1,1,72.0125,79.60665819850144,81.90460769727181,82.34019808548535,72.0125,79.18684344317137,82.14759622186806,81.95199123839595
390,1,nitrogen_gas_leak,82.0,1,1,1,1,1,1,1,1,72.30000000000001,79.4536066534726,80.95576475053227,82.19131961228764,72.30000000000001,78.99062432610864,81.83964752545725,81.82773812617518
391,1,nitrogen_gas_leak,81.8,1,1,1,1,1,1,1,1,72.30000000000001,79.3287957250847,80.73246116382134,81.73493662572159,72.30000000000001,78.83650965012146,81.48417969552057,81.8073950135932
392,1,nitrogen_gas_leak,81.6,1,1,1,1,1,1,1,1,72.1875,78.75746265908126,81.07951298456211,81.694156738844,72.1875,78.49603585748397,81.54801256639462,81.78809349189046
393,1,nitrogen_gas_leak,81.4,1,1,1,1,1,1,1,1,72.30000000000001,79.12347211616571,80.83174417657078,81.58366499521512,72.30000000000001,78.57706523497552,81.30564635905858,81.28598880209579
394,1,nitrogen_gas_leak,81.2,1,1,1,1,1,1,1,1,72.30000000000001,78.93876475125988,80.454043337651,80.99556002656402,72.30000000000001,78.35866394085545,80.94421093874648,81.16208644599493
395,1,nitrogen_gas_leak,81.0,1,1,1,1,1,1,1,1,72.225,78.43476888936134,80.64730906834103,81.01840551396553,72.225,78.11866773947123,80.94377210513025,81.09929338842447
396,1,nitrogen_gas_leak,80.8,1,1,1,1,1,1,1,1,71.8,78.66277099928857,80.58644989353735,81.00299255820472,71.8,78.01260652324774,80.83073424470535,80.50607841957287
397,1,nitrogen_gas_leak,80.6,1,1,1,1,1,1,1,1,72.225,78.16981094388962,80.11410597948087,80.54332130081875,72.225,77.72911742338243,80.45627014527649,80.67161256407394
398,1,nitrogen_gas_leak,80.4,1,1,1,1,1,1,1,1,72.1875,78.42341508013628,79.75204956518176,80.63863701229987,72.1875,77.60044829089793,80.38308125197439,80.47809543943903
399,1,nitrogen_gas_leak,80.2,1,1,1,1,1,1,1,1,72.30000000000001,78.20561191907171,79.87781667198865,80.34873868269487,72.30000000000001,77.47607666610966,80.12648980779409,80.19896729666674
400,1,nitrogen_gas_leak,80.0,1,1,1,1,1,1,1,1,71.8,78.03391057338484,79.65325498530792,80.57856294453155,71.8,77.30796151227301,79.87889554346607,79.72092582489898
401,1,nitrogen_gas_leak,79.8,1,1,1,1,1,1,1,1,72.0125,77.83477483290193,79.41187413402109,79.68038859442099,72.0125,77.07487933637238,80.07223597321722,79.69147205453488
402,1,nitrogen_gas_leak,79.6,1,1,1,1,1,1,1,1,72.0125,77.42111415655641,79.39373185649433,79.58349124168566,72.0125,76.6515479919748,79.76614460416964,79.61954837932416
403,1,nitrogen_gas_leak,79.4,1,1,1,1,1,1,1,1,72.0125,77.00067905927638,78.77337389805514,79.34943148293074,72.0125,76.2219962549388,78.92244748123505,79.24676273415005
404,1,nitrogen_gas_leak,79.2,1,1,1,1,1,1,1,1,72.0125,76.98217846072055,78.5453255128677,79.13239980127996,72.0125,76.16758847945536,78.6552034864221,79.01589818180791
405,1,nitrogen_gas_leak,79.0,1,1,1,1,1,1,1,1,72.225,77.03653854659956,78.83687879538535,79.12173627588037,72.225,76.31142698538412,78.97804691558441,79.10948042235498
406,1,nitrogen_gas_leak,78.8,1,1,1,1,1,1,1,1,72.1875,76.8196918766298,78.59186223816863,79.14885431663802,72.1875,76.10948366065406,78.7465754440013,78.6760143340164
407,1,nitrogen_gas_leak,78.6,1,1,1,1,1,1,1,1,71.8,77.03264970052697,78.47057991071429,78.56639227688954,71.8,76.1164336266627,78.49832287720115,78.29142280859809
408,1,nitrogen_gas_leak,78.4,1,1,1,1,1,1,1,1,72.30000000000001,76.84569783159928,78.51147903444503,78.81613134474705,72.30000000000001,75.85373094354777,78.9236557545937,78.363041125076
409,1,nitrogen_gas_leak,78.2,1,1,1,1,1,1,1,1,72.30000000000001,76.6977883101023,77.80293379907644,78.73895713330006,72.30000000000001,75.6777143271099,78.44258460845454,78.16484605960231
410,1,nitrogen_gas_leak,78.0,1,1,1,1,1,1,1,1,71.8,76.61905848917269,77.82636461489896,78.08519219547526,71.8,75.61303050535707,77.93567703308966,77.73346053124374
411,1,nitrogen_gas_leak,77.8,1,1,1,1,1,1,1,1,72.30000000000001,76.51731684726303,77.46531770833327,77.84628948472324,72.30000000000001,75.45113221008822,77.74132780529276,77.87806486625722
412,1,nitrogen_gas_leak,77.6,1,1,1,1,1,1,1,1,72.0125,76.18786873166292,77.58593112824674,77.7786897555549,72.0125,75.13500182009763,77.85507931495347,77.60281132708522
413,1,nitrogen_gas_leak,77.4,1,1,1,1,1,1,1,1,72.0125,76.2536804995658,76.9988858630952,77.52752272320133,72.0125,75.16352363708295,77.29263184857237,77.2329704008958
414,1,nitrogen_gas_leak,77.2,1,1,1,1,1,1,1,1,71.8,76.01865007171439,77.10657177179591,77.22240627420535,71.8,74.92317492865277,77.20200874029646,76.92648029429625
415,1,nitrogen_gas_leak,77.0,1,1,1,1,1,1,1,1,72.30000000000001,75.82928776449228,76.78087028769842,76.7543319336092,72.30000000000001,74.65749320500221,76.95067922303089,76.9102098499863
416,1,nitrogen_gas_leak,76.8,1,1,1,1,1,1,1,1,71.8,75.72204227941137,76.6508336707571,76.83611086102941,71.8,74.58262717015373,76.74906818568705,76.64108777834453
417,1,nitrogen_gas_leak,76.6,1,1,1,1,1,1,1,1,72.30000000000001,75.58677123425355,76.68550257936506,76.71539220114676,72.30000000000001,74.37584824479218,76.57728034680932,76.7277910563419
418,1,nitrogen_gas_leak,76.4,1,1,1,1,1,1,1,1,72.0125,75.1316227614975,76.47282815994373,76.66809946291636,72.0125,73.95894935066723,76.38012762844559,76.4857065665595
419,1,nitrogen_gas_leak,76.2,1,1,1,1,1,1,1,1,72.30000000000001,75.35951994675443,76.95500009914923,76.68647920487322,72.30000000000001,74.11161712306726,76.61124902691289,76.11519650483216
420,1,nitrogen_gas_leak,76.0,1,1,1,1,1,1,1,1,71.8,75.11375154399485,75.94931165674603,76.09219656130075,71.8,73.89739394071233,76.06668172735364,75.85121845927927
421,1,nitrogen_gas_leak,75.8,1,1,1,1,1,1,1,1,72.225,74.66996259915874,76.2472729617652,76.1727537707971,72.225,73.55020390931398,75.99816318542575,75.94648073907953
422,1,nitrogen_gas_leak,75.6,1,1,1,1,1,1,1,1,72.1875,74.90486311987428,75.9211961972394,76.12603904921724,72.1875,73.48765338506522,75.72672904601998,75.51803461679654
423,1,nitrogen_gas_leak,75.4,1,1,1,1,1,1,1,1,72.225,74.31110485687955,75.4330803075397,75.69511599448883,72.225,73.29382333173162,75.41465342261905,75.43852375481073
424,1,nitrogen_gas_leak,75.2,1,1,1,1,1,1,1,1,72.225,74.17524055533909,75.14273556547623,75.38134396564223,72.225,73.09238502313701,75.07815337301584,75.18685352643563
425,1,nitrogen_gas_leak,75.0,1,1,1,1,1,1,1,1,72.0125,73.77204552107618,75.41493244047619,75.2616586327486,72.0125,72.47367645407574,75.1568629200941,74.9294939191237
426,1,nitrogen_gas_leak,74.8,1,1,1,1,1,1,1,1,72.0125,74.23664127051947,74.7305180059523,75.13634691557249,72.0125,72.87694169432979,74.58060196123316,74.8040016939845
427,1,nitrogen_gas_leak,74.6,1,1,1,1,1,1,1,1,72.30000000000001,74.04673638513259,74.91917556367244,74.61276659686995,72.30000000000001,72.61838626597316,74.6883380697187,74.6806987913431
428,1,nitrogen_gas_leak,74.4,1,1,1,1,1,1,1,1,71.8,73.87543777474451,74.736063560584,74.54371004064838,71.8,72.51408427773738,74.58119602534934,74.35212111947808
429,1,nitrogen_gas_leak,74.2,1,1,1,1,1,1,1,1,72.30000000000001,73.84363314063447,75.09573556787673,74.36550053064815,72.30000000000001,72.38309625849446,74.23330261233822,74.09101905765473
430,1,nitrogen_gas_leak,74.0,1,1,1,1,1,1,1,1,72.1875,73.51761937361695,74.4138042031423,74.109045869586,72.1875,72.05380117616218,74.07186160714281,73.65221967720133
431,1,nitrogen_gas_leak,73.8,1,1,1,1,1,1,1,1,72.0125,73.47755675717286,73.92582991071417,73.95775414251497,72.0125,72.01482470486219,73.82533247104242,73.80485782577757
432,1,nitrogen_gas_leak,73.6,1,1,1,1,1,1,1,1,72.1875,72.95978309311073,73.56129707341267,73.90665625384271,72.1875,71.6447041520118,73.42015059523807,73.40520074930181
433,1,nitrogen_gas_leak,73.4,1,1,1,1,1,1,1,1,72.30000000000001,73.19744085725995,73.55354553571436,73.2909183306559,72.30000000000001,71.6476281539374,73.587154637179,73.33972499888887
434,1,nitrogen_gas_leak,73.2,1,1,1,1,1,1,1,1,71.8,72.95144180346492,73.13581755952389,73.34737787284249,71.8,71.46442315540288,73.10010070037413,73.25899104503422
435,1,nitrogen_gas_leak,73.0,1,1,1,1,1,1,1,1,72.0125,72.3016876862494,73.49242913430237,73.35758409096222,72.0125,70.80477057647806,73.17098360805856,72.88456497467074
436,1,nitrogen_gas_leak,72.8,1,1,1,1,1,1,1,1,72.225,72.37176494714777,72.59828181668995,73.05627421079618,72.225,70.91419277007468,72.82332310606056,72.85115556583726
437,1,nitrogen_gas_leak,72.6,1,1,1,1,1,1,1,1,72.225,72.20554085320174,72.03082946428569,72.63017320225026,72.225,70.76351580798288,72.34620029761902,72.62135350061514
438,1,nitrogen_gas_leak,72.4,1,1,1,1,1,1,1,1,72.0125,71.95546155840445,72.17210803571429,72.50366113763718,72.0125,70.37738922839429,72.47572701083642,72.37313962360457
439,1,nitrogen_gas_leak,72.2,1,1,1,1,1,1,1,1,71.8,72.16643204914676,71.98819613095247,72.22044640580155,71.8,70.58701858209443,72.21147034323135,72.05056847491647
440,1,nitrogen_gas_leak,72.0,1,1,1,1,1,1,1,1,72.0125,71.7343764530958,71.84873164682537,72.2501266125091,72.0125,70.11237342795442,72.09440325091579,72.05409277740382
441,1,nitrogen_gas_leak,71.8,1,1,1,1,1,1,1,1,72.30000000000001,71.89998992100706,71.69333746392493,71.85471310083113,72.30000000000001,70.17312620990693,71.86543789231598,71.86496029624408
442,1,nitrogen_gas_leak,71.6,1,1,1,1,1,1,1,1,72.0125,71.71791332399111,71.2616798611111,71.84474034875852,72.0125,70.03889858298338,71.71607797619045,71.6782483110814
443,1,nitrogen_gas_leak,71.4,1,1,1,1,1,1,1,1,72.225,71.28606378522211,71.32904623015874,71.53710581835081,72.225,69.71518185582478,71.36480097402597,71.39371204860313
444,1,nitrogen_gas_leak,71.2,1,1,1,1,1,1,1,1,71.8,71.3815339556792,71.14555069444448,71.3605017472093,71.8,69.71775392472895,71.15908234126985,70.94234301176648
445,1,nitrogen_gas_leak,71.0,1,1,1,1,1,1,1,1,72.225,70.92673538299053,70.6998108630952,71.45630109044299,72.225,69.45758970298293,70.94266347402592,71.14612967019616
446,1,nitrogen_gas_leak,70.8,1,1,1,1,1,1,1,1,72.0125,70.68955582914457,70.82568625992067,71.1047379859055,72.0125,68.9636477809467,70.83591150793653,70.84324931829366
447,1,nitrogen_gas_leak,70.6,1,1,1,1,1,1,1,1,72.225,70.71875227020544,70.50659869742302,71.50642459663347,72.225,68.93026154974737,70.18065014309902,70.65891567822636
448,1,nitrogen_gas_leak,70.4,1,1,1,1,1,1,1,1,72.30000000000001,70.80077114368078,70.41302853535356,70.81020984424009,72.30000000000001,68.9388150332569,70.46007583874461,70.44947834641702
449,1,nitrogen_gas_leak,70.2,1,1,1,1,1,1,1,1,72.1875,70.56872779032857,70.08507251984133,70.52051955762201,72.1875,68.75433027932571,70.12085622294376,69.99537562222486
450,1,nitrogen_gas_leak,70.0,1,1,1,1,1,1,1,1,72.30000000000001,70.53489230543623,69.88904166666671,69.98533111446113,72.30000000000001,68.64003361666828,69.92801036255416,70.05441468169951
451,1,nitrogen_gas_leak,69.8,1,1,1,1,1,1,1,1,71.8,70.26354677555766,69.88498497023812,70.55219798382954,71.8,68.50523329874271,69.56427956349211,69.53977007531094
452,1,nitrogen_gas_leak,69.6,1,1,1,1,1,1,1,1,72.225,69.85522121509212,69.96725956787277,70.21535839982097,72.225,68.23971714653243,69.87985198412696,69.8399662688003
453,1,nitrogen_gas_leak,69.4,1,1,1,1,1,1,1,1,72.225,69.75651319399572,69.4891959325397,69.76638034320084,72.225,67.96290090647514,69.38366170634924,69.55441921808658
454,1,nitrogen_gas_leak,69.2,1,1,1,1,1,1,1,1,72.1875,69.95347021150425,69.06343645833336,69.82083281278598,72.1875,67.93368122158239,69.08383035714289,69.03605690951353
455,1,nitrogen_gas_leak,69.0,1,1,1,1,1,1,1,1,72.225,69.43871451661926,69.04921626984131,69.30007978630073,72.225,67.61192787639678,69.0079426587302,69.05038349188008
456,1,nitrogen_gas_leak,68.8,1,1,1,1,1,1,1,1,72.0125,69.49063273307226,68.80642688492064,69.30718743098892,72.0125,67.56619062810803,68.94870833333331,68.90881093480054
457,1,nitrogen_gas_leak,68.6,1,1,1,1,1,1,1,1,72.0125,69.156572939474,68.34839940476189,69.1116160363926,72.0125,67.22599951990188,68.37775615079366,68.62757598927656
458,1,nitrogen_gas_leak,68.4,1,1,1,1,1,1,1,1,71.8,69.18110102426994,68.29139742063488,68.69690265401553,71.8,67.28920820836568,68.419730952381,68.29991809802165
459,1,nitrogen_gas_leak,68.2,1,1,1,1,1,1,1,1,72.1875,69.04297091792786,68.13089940476189,68.65988210801285,72.1875,67.01931984625762,68.20169305555562,68.08482878134845
460,1,nitrogen_gas_leak,68.0,1,1,1,1,1,1,1,1,72.225,68.64105321597535,67.95482356150795,68.18601718451434,72.225,66.73690500936308,68.0285873015874,68.1907476315867
461,1,nitrogen_gas_leak,67.8,1,1,1,1,1,1,1,1,72.30000000000001,68.787277411361,67.66603392857141,67.94988386112873,72.30000000000001,66.67734642963062,67.66215698953827,67.9172351924025
462,1,nitrogen_gas_leak,67.6,1,1,1,1,1,1,1,1,72.1875,68.35001369579322,67.55774434523809,68.26196226653666,72.1875,66.42681931614344,67.50727519841276,67.65465571594196
463,1,nitrogen_gas_leak,67.4,1,1,1,1,1,1,1,1,72.225,68.09961983805118,66.77661612103176,67.77354523481065,72.225,66.31933871770445,67.24445972222229,67.45344710736558
464,1,nitrogen_gas_leak,67.2,1,1,1,1,1,1,1,1,72.30000000000001,68.27030438438607,67.07861041666666,67.82514517674217,72.30000000000001,66.09788730051903,67.13300605158736,67.3695383415278
465,1,nitrogen_gas_leak,67.0,1,1,1,1,1,1,1,1,72.0125,68.02565296821659,67.016283531746,67.51557752054877,72.0125,65.93316068764533,67.05828878968255,67.0253072404802
466,1,nitrogen_gas_leak,66.8,1,1,1,1,1,1,1,1,72.225,67.641069927649,66.3596246031746,67.1244230458076,72.225,65.77075809304185,66.96606755952385,66.97817045169464
467,1,nitrogen_gas_leak,66.6,1,1,1,1,1,1,1,1,71.8,67.71285257083592,66.33670803571428,67.16006544683616,71.8,65.68232138716898,66.50080238095242,66.31031340351359
468,1,nitrogen_gas_leak,66.4,1,1,1,1,1,1,1,1,72.30000000000001,67.75747073198902,66.76753063162866,67.4016425106551,72.30000000000001,65.52327270200776,66.14788571428568,66.3796610644447
469,1,nitrogen_gas_leak,66.2,1,1,1,1,1,1,1,1,72.225,67.2463970335599,66.1062948412698,66.56876403585736,72.225,65.07503034516945,66.06184047619047,66.22703964936504
470,1,nitrogen_gas_leak,66.0,1,1,1,1,1,1,1,1,72.0125,67.4722434426019,65.79399464285716,66.90020582199224,72.0125,65.27785335544704,65.89627261904765,66.06998864380333
471,1,nitrogen_gas_leak,65.8,1,1,1,1,1,1,1,1,72.1875,67.19675498872131,65.61470793650793,66.4780139863553,72.1875,64.91116799464778,65.82846130952379,65.74480290418137
472,1,nitrogen_gas_leak,65.6,1,1,1,1,1,1,1,1,71.8,66.91376825691637,65.5378307539683,66.4419573175216,71.8,64.79530024068605,65.51144047619047,65.42054565829245
473,1,nitrogen_gas_leak,65.4,1,1,1,1,1,1,1,1,72.30000000000001,66.97021432541406,65.96222379290516,66.30828630250629,72.30000000000001,64.6485150630958,65.37456256311931,65.44790707287359
474,1,nitrogen_gas_leak,65.2,1,1,1,1,1,1,1,1,72.1875,66.54504373090266,64.92246726190474,65.8725983922191,72.1875,64.34149523842869,65.1163967261905,65.23765600188557
475,1,nitrogen_gas_leak,65.0,1,1,1,1,1,1,1,1,71.8,66.42182907693405,64.8259278273809,65.78143894342992,71.8,64.26538524924423,65.03254821428571,64.8148005789076
476,1,nitrogen_gas_leak,64.8,1,1,1,1,1,1,1,1,71.8,66.26223705260784,64.57715482872987,65.51656193797571,71.8,64.08819204861503,64.74451845238097,64.76750143270425
477,1,nitrogen_gas_leak,64.6,1,1,1,1,1,1,1,1,72.225,65.90632595556916,64.33784017857147,65.08496720683684,72.225,63.77778398319173,64.5063220238095,64.57099263031957
478,1,nitrogen_gas_leak,64.4,1,1,1,1,1,1,1,1,72.30000000000001,66.01675748295362,63.83014523809523,65.272270404561,72.30000000000001,63.597083449462964,64.51819414682542,64.56981367347204
479,1,nitrogen_gas_leak,64.2,1,1,1,1,1,1,1,1,72.30000000000001,65.83363068750742,64.09716651785712,65.10728260112778,72.30000000000001,63.39379693516943,64.26983700396823,64.26690733852435
480,1,nitrogen_gas_leak,64.0,1,1,1,1,1,1,1,1,72.30000000000001,65.74346608363562,63.65962698412692,64.5628390980092,72.30000000000001,63.29012735391456,63.951378869047666,64.13028623853091
481,1,nitrogen_gas_leak,63.8,1,1,1,1,1,1,1,1,72.1875,65.0496762394116,64.01823985491883,64.75428199024097,72.1875,63.006726248066755,64.01075299836198,63.82108401824674
482,1,nitrogen_gas_leak,63.6,1,1,1,1,1,1,1,1,72.30000000000001,65.42469377267517,63.18794900793645,63.942233144167474,72.30000000000001,62.93788270194423,63.35390000000001,63.73142357831525
483,1,nitrogen_gas_leak,63.4,1,1,1,1,1,1,1,1,72.1875,65.12550571861539,63.1416244047619,63.89430730951439,72.1875,62.758866088544195,63.35652916666663,63.22080242289152
484,1,nitrogen_gas_leak,63.2,1,1,1,1,1,1,1,1,72.1875,65.11754957435772,62.83501289682536,64.0701304456292,72.1875,62.62338636564122,62.98576626984124,62.9744240340643
485,1,nitrogen_gas_leak,63.0,1,1,1,1,1,1,1,1,71.8,64.82119123943154,62.85752291666667,63.414367044926806,71.8,62.50519362336949,62.92319742063494,62.963403075760205
486,1,nitrogen_gas_leak,62.8,1,1,1,1,1,1,1,1,72.225,64.48625352095469,62.70706011904761,63.16064363272724,72.225,62.174910889606934,62.79200892857139,62.92006757649367
487,1,nitrogen_gas_leak,62.6,1,1,1,1,1,1,1,1,72.30000000000001,64.71743478416028,62.60415968674716,63.84990142173905,72.30000000000001,62.16543880931814,62.82686934523813,62.48046272273862
488,1,nitrogen_gas_leak,62.4,1,1,1,1,1,1,1,1,72.0125,63.837600951688465,62.129402976190505,62.94301206911634,72.0125,61.412879470749225,62.4161910714286,62.52181321717119
489,1,nitrogen_gas_leak,62.2,1,1,1,1,1,1,1,1,72.30000000000001,64.39054303385353,62.28629123436625,63.40075449605587,72.30000000000001,61.802683706710724,62.256766369047654,62.0266027035161
490,1,nitrogen_gas_leak,62.0,1,1,1,1,1,1,1,1,72.1875,64.06924198228702,61.9038726190476,62.58085120634415,72.1875,61.54899624027031,61.955590674603194,61.758531042494624
491,1,nitrogen_gas_leak,61.8,1,1,1,1,1,1,1,1,72.225,63.63352763244169,61.753388690476186,62.23389305099879,72.225,61.34978783660628,61.67698809523812,61.85658248997698
492,1,nitrogen_gas_leak,61.6,1,1,1,1,1,1,1,1,72.30000000000001,63.83835158971031,61.665379365079325,61.90235662098491,72.30000000000001,61.193386083264784,61.75938392857146,61.708886610808605
493,1,nitrogen_gas_leak,61.4,1,1,1,1,1,1,1,1,72.30000000000001,63.63474158313758,61.29443541666664,61.85260205526848,72.30000000000001,60.96978399976672,61.320319047619066,61.472786287948296
494,1,nitrogen_gas_leak,61.2,1,1,1,1,1,1,1,1,72.0125,62.92290391117774,60.93839503968251,61.814464233994705,72.0125,60.39707236868045,61.255873249054346,61.257973733388454
495,1,nitrogen_gas_leak,61.0,1,1,1,1,1,1,1,1,71.8,63.20875978354391,61.069288690476235,61.593844366199534,71.8,60.73565642796393,61.08789117063493,60.93961483585095
496,1,nitrogen_gas_leak,60.8,1,1,1,1,1,1,1,1,72.225,62.80511891421491,61.04873958333338,61.17179644356777,72.225,60.476956618902896,60.82509662698417,61.03116407749667
497,1,nitrogen_gas_leak,60.6,1,1,1,1,1,1,1,1,72.30000000000001,63.05906481436638,61.14117678571425,61.30401666929246,72.30000000000001,60.337567174138876,60.851441991342,60.27183224381115
498,1,nitrogen_gas_leak,60.4,1,1,1,1,1,1,1,1,71.8,62.68123554863256,60.17248244047615,61.33077262232058,71.8,60.18883027522535,60.297081980519444,60.389968396413295
499,1,nitrogen_gas_leak,60.2,1,1,1,1,1,1,1,1,72.30000000000001,62.60215837477078,60.464913492063495,60.84454203371183,72.30000000000001,59.83860900354059,60.29829556277053,59.97088961246153
500,1,nitrogen_gas_leak,60.0,1,1,1,1,1,1,1,1,72.30000000000001,62.49403288202637,59.582808531746075,60.4266139661719,72.30000000000001,59.71990637526611,59.87905389610396,59.92481331826568
501,1,nitrogen_gas_leak,59.8,1,1,1,1,1,1,1,1,72.1875,62.22196450440886,59.63732998511904,60.33288636611132,72.1875,59.57474688072719,59.76357431318687,59.72157970443898
502,1,nitrogen_gas_leak,59.6,1,1,1,1,1,1,1,1,72.0125,61.823969817420014,59.42163303571426,59.87052372003623,72.0125,59.1689879725864,59.52535416666661,59.74555408394544
503,1,nitrogen_gas_leak,59.4,1,1,1,1,1,1,1,1,72.30000000000001,61.96170061632412,59.143368452380976,59.766799199007124,72.30000000000001,59.1399934517939,59.29379345238096,59.155430229686345
504,1,nitrogen_gas_leak,59.2,1,1,1,1,1,1,1,1,72.1875,61.71018463648341,58.985374702380966,59.79455304322083,72.1875,59.03827938933462,59.20558205128207,59.04820419965573
505,1,nitrogen_gas_leak,59.0,1,1,1,1,1,1,1,1,72.225,61.41849283933731,58.11709027777776,59.41665618851473,72.225,58.72218199434167,58.93453862248859,59.307032666634385
506,1,nitrogen_gas_leak,58.8,1,1,1,1,1,1,1,1,72.0125,61.331575775311386,58.650719593254024,58.92228227846438,72.0125,58.612420244341834,58.74950833333333,58.90427629034707
507,1,nitrogen_gas_leak,58.6,1,1,1,1,1,1,1,1,72.1875,61.30677395477855,58.39784464285717,59.1241208948474,72.1875,58.53177117333573,58.64642312271062,58.43715353310248
508,1,nitrogen_gas_leak,58.4,1,1,1,1,1,1,1,1,72.0125,60.47513986771268,58.39768653828702,59.61437121882337,72.0125,57.76638598170857,58.49141249999999,58.82757198345315
509,1,nitrogen_gas_leak,58.2,1,1,1,1,1,1,1,1,71.8,60.88171112610366,58.08163154761908,58.585912432985,71.8,58.236363198097614,58.09080138888889,58.09598844663741
510,1,nitrogen_gas_leak,58.0,1,1,1,1,1,1,1,1,72.0125,60.421679489082024,57.78765664682538,58.304689083163154,72.0125,57.666251783812626,57.847596825396785,58.1051587480034
511,1,nitrogen_gas_leak,57.8,1,1,1,1,1,1,1,1,72.1875,60.40973810558755,57.51937619047616,58.416468979254525,72.1875,57.757875260642514,57.694624801587345,57.618627671321086
512,1,nitrogen_gas_leak,57.6,1,1,1,1,1,1,1,1,72.0125,60.452377162642954,57.034457539682535,58.11340253982287,72.0125,57.648461616697716,57.445204563492055,57.77439057448363
513,1,nitrogen_gas_leak,57.4,1,1,1,1,1,1,1,1,71.8,60.21517318591041,57.42796753742821,57.93011961820802,71.8,57.52765597208575,57.254274999999986,57.38744305770012
514,1,nitrogen_gas_leak,57.2,1,1,1,1,1,1,1,1,72.30000000000001,60.20303554899873,57.0329113095238,57.730601133322004,72.30000000000001,57.23531903439358,57.292889682539645,57.21898536718209
515,1,nitrogen_gas_leak,57.0,1,1,1,1,1,1,1,1,72.0125,60.155483427928786,56.323147420634875,58.333550115025,72.0125,57.30346052561761,56.79881939033184,57.12687432967287
516,1,nitrogen_gas_leak,56.8,1,1,1,1,1,1,1,1,72.0125,59.57257641751058,56.58718432539676,57.098515848940124,72.0125,56.73753695148956,56.69606130952379,57.00891125127698
517,1,nitrogen_gas_leak,56.6,1,1,1,1,1,1,1,1,72.30000000000001,59.685466831898246,56.44709821428572,57.22555558315113,72.30000000000001,56.67973525329333,56.509035515873,56.65396409711005
518,1,nitrogen_gas_leak,56.4,1,1,1,1,1,1,1,1,72.1875,59.4990596285254,56.217551948051906,57.32982384790148,72.1875,56.57987897862987,56.39285692640689,56.3544488911019
519,1,nitrogen_gas_leak,56.2,1,1,1,1,1,1,1,1,72.225,59.04072121530664,56.068857142857134,56.84458305424642,72.225,56.371544621196605,56.10599980158733,56.51048716089589
520,1,nitrogen_gas_leak,56.0,1,1,1,1,1,1,1,1,71.8,59.059368232657235,55.99441736111108,56.59059421797598,71.8,56.285296494734716,55.949063293650795,56.115280556607814
521,1,nitrogen_gas_leak,55.8,1,1,1,1,1,1,1,1,72.0125,58.94801754869259,55.545153968254006,56.38948743967192,72.0125,56.03806422073716,55.71491408730159,55.95197384747049
522,1,nitrogen_gas_leak,55.6,1,1,1,1,1,1,1,1,72.225,58.59063204186492,55.69942321428566,56.22134047575516,72.225,55.762819611370425,55.80583645382398,55.74569879871521
523,1,nitrogen_gas_leak,55.4,1,1,1,1,1,1,1,1,72.225,58.423853849850104,55.324401984126965,55.83580129882024,72.225,55.55509090970803,55.57059724442223,55.63280962054745
524,1,nitrogen_gas_leak,55.2,1,1,1,1,1,1,1,1,72.225,58.21426102987823,54.89932031943463,55.947067803124106,72.225,55.4624628623329,54.8284443903319,55.28912220347349
525,1,nitrogen_gas_leak,55.0,1,1,1,1,1,1,1,1,72.225,58.0537284549356,54.64090883838384,55.56629263006973,72.225,55.277629155953115,54.66915283189036,55.17348998422341
526,1,nitrogen_gas_leak,54.8,1,1,1,1,1,1,1,1,72.1875,58.17120581812657,54.62577559523808,55.4693026241767,72.1875,55.15878488784836,54.841654545454574,54.965132203986784
527,1,nitrogen_gas_leak,54.6,1,1,1,1,1,1,1,1,71.8,57.88174694461996,54.574939420995655,54.930622959608634,71.8,55.03359972264723,54.68173059163063,54.590138187559
528,1,nitrogen_gas_leak,54.4,1,1,1,1,1,1,1,1,71.8,57.72913466542284,54.001894331709984,55.795309112022736,71.8,54.86340064183999,54.11472444083699,54.25153254205456
529,1,nitrogen_gas_leak,54.2,1,1,1,1,1,1,1,1,72.0125,57.1749847296086,54.17418492063488,55.22679609513284,72.0125,54.20594721777302,54.262574007936536,54.458477016498094
530,1,nitrogen_gas_leak,54.0,1,1,1,1,1,1,1,1,72.225,57.23105662923406,54.073482251082254,54.51276092233691,72.225,54.39538341600895,54.10865957792207,54.26909816765808
531,1,nitrogen_gas_leak,53.8,1,1,1,1,1,1,1,1,72.30000000000001,57.46277542967253,53.370523015872976,54.207355385737564,72.30000000000001,54.297771596779555,53.64837123015871,53.88207098468271
532,1,nitrogen_gas_leak,53.6,1,1,1,1,1,1,1,1,71.8,57.0204780206658,53.526120670995724,54.32818857480456,71.8,54.13118450580604,53.68068614718612,53.68480820199235
533,1,nitrogen_gas_leak,53.4,1,1,1,1,1,1,1,1,72.1875,56.8637105328544,53.24334166666671,54.43180618530014,72.1875,53.86377264149889,53.55264122023806,53.458783837561114
534,1,nitrogen_gas_leak,53.2,1,1,1,1,1,1,1,1,71.8,56.67114783754282,53.12089289321791,53.76311351961503,71.8,53.75154786834923,53.22684626623374,53.27969716915265
535,1,nitrogen_gas_leak,53.0,1,1,1,1,1,1,1,1,72.225,56.447348630016954,52.80708239087305,53.32327635936756,72.225,53.325277801126674,52.82207662302976,53.08747651362198
536,1,nitrogen_gas_leak,52.8,1,1,1,1,1,1,1,1,72.0125,56.550840793225525,52.82900535714285,53.362164652281265,72.0125,53.4554939674711,52.93400932539684,53.18497240025554
537,1,nitrogen_gas_leak,52.6,1,1,1,1,1,1,1,1,72.0125,55.75837563162827,52.206560515873,53.446797060736884,72.0125,52.69582760023078,52.541829662698404,52.91924571804644
538,1,nitrogen_gas_leak,52.4,1,1,1,1,1,1,1,1,72.225,55.95019328227536,52.928318579586296,52.58649227876715,72.225,52.78796885037785,52.555906078296736,52.430792732058606
539,1,nitrogen_gas_leak,52.2,1,1,1,1,1,1,1,1,72.1875,55.63275917348528,52.17007023809527,53.42844674556855,72.1875,52.73411429612396,52.076731547619055,52.42997497777041
540,1,nitrogen_gas_leak,52.0,1,1,1,1,1,1,1,1,72.0125,56.0350393515579,52.099805803571435,53.38889723406639,72.0125,52.893049346619904,51.842610218254,52.15789875343827
541,1,nitrogen_gas_leak,51.8,1,1,1,1,1,1,1,1,72.30000000000001,55.65953276281367,51.88166130952385,52.52843031061652,72.30000000000001,52.36153606448211,51.817960912698375,52.09506370236318
542,1,nitrogen_gas_leak,51.6,1,1,1,1,1,1,1,1,71.8,55.32143447732154,51.615395436507924,52.197081185768305,71.8,52.33014148477175,51.62211488095236,51.50768232895501
543,1,nitrogen_gas_leak,51.4,1,1,1,1,1,1,1,1,72.1875,55.49680164508577,51.42751011904767,52.195924366272244,72.1875,52.17098485005977,51.6496257440476,51.6010634042487
544,1,nitrogen_gas_leak,51.2,1,1,1,1,1,1,1,1,72.1875,55.03921859590806,50.990443452380944,52.19176489513644,72.1875,51.91946992324313,51.21494300595241,51.469171324018745
545,1,nitrogen_gas_leak,51.0,1,1,1,1,1,1,1,1,72.225,54.766180175818704,51.41260605158728,51.430123778048895,72.225,51.57751556407969,51.25340860805864,51.21639448753739
546,1,nitrogen_gas_leak,50.8,1,1,1,1,1,1,1,1,72.30000000000001,54.82095071849496,51.19689345238101,51.72088382316697,72.30000000000001,51.47974044304357,50.927168650793625,51.252761890351145
547,1,nitrogen_gas_leak,50.6,1,1,1,1,1,1,1,1,72.1875,54.50725410561438,50.52210416666669,51.762996104856754,72.1875,51.37415071623337,50.75451666666673,50.820877667853075
548,1,nitrogen_gas_leak,50.4,1,1,1,1,1,1,1,1,71.8,54.27620078654686,50.78943125000003,51.441321527866464,71.8,51.250563731886736,50.71989806547621,50.49027327664403
549,1,nitrogen_gas_leak,50.2,1,1,1,1,1,1,1,1,71.8,54.107173971397195,50.53045744047625,51.344578093523,71.8,51.07462674548872,50.44597068452384,50.26299364932688
550,1,nitrogen_gas_leak,50.0,1,1,1,1,1,1,1,1,72.1875,54.37263795725698,50.34293704531887,50.93384745348431,72.1875,50.944840632343464,50.37948541666673,50.32045548874076
551,1,nitrogen_gas_leak,49.8,1,1,1,1,1,1,1,1,72.0125,54.23030092768103,50.554217559523806,51.15883287131225,72.0125,50.987996719898945,50.099150674008385,50.27601652525705
552,1,nitrogen_gas_leak,49.6,1,1,1,1,1,1,1,1,71.8,53.60534757448096,50.04090535714288,50.275871292851804,71.8,50.53158792657846,49.86506631944444,49.989281283523084
553,1,nitrogen_gas_leak,49.4,1,1,1,1,1,1,1,1,72.30000000000001,53.58045696554498,49.92722966269846,50.31277426379099,72.30000000000001,50.15385422651851,49.61265863095242,49.73794126280142
554,1,nitrogen_gas_leak,49.2,1,1,1,1,1,1,1,1,72.30000000000001,53.43628719401755,49.62949449404764,49.928015096122856,72.30000000000001,49.9932739668389,49.169153246753275,49.37971882285653
555,1,nitrogen_gas_leak,49.0,1,1,1,1,1,1,1,1,72.225,52.9900085515601,49.228100595238104,49.574958700353015,72.225,49.81717226813747,49.196381502525256,48.996561568844946
556,1,nitrogen_gas_leak,48.8,1,1,1,1,1,1,1,1,72.0125,52.46982994065033,49.239764583333354,49.82856606054522,72.0125,49.220785534720925,49.44344012896824,48.97534218154754
557,1,nitrogen_gas_leak,48.6,1,1,1,1,1,1,1,1,72.0125,53.112429073623,49.5093535218254,50.45632354086679,72.0125,49.81933028269429,49.27208147321435,49.14267681917012
558,1,nitrogen_gas_leak,48.4,1,1,1,1,1,1,1,1,72.1875,52.373168221876405,49.63934851190476,49.474305142478464,72.1875,49.321451296273764,48.8466561535332,48.49967785844031
559,1,nitrogen_gas_leak,48.2,1,1,1,1,1,1,1,1,72.0125,52.74551208823104,49.23570292658734,49.61509119054369,72.0125,49.42848480347325,49.07905111607149,48.77817611085067
560,1,nitrogen_gas_leak,48.0,1,1,1,1,1,1,1,1,72.30000000000001,52.41838433407068,48.242767162698414,48.41509597691693,72.30000000000001,48.91780969779442,48.28215773809522,48.167141918090245
561,1,nitrogen_gas_leak,47.8,1,1,1,1,1,1,1,1,72.0125,52.347907694686626,47.56225957341274,48.68676564261361,72.0125,49.00571438152163,47.91513783143939,48.19731792396335
562,1,nitrogen_gas_leak,47.6,1,1,1,1,1,1,1,1,72.0125,51.74404447069553,47.40414300595245,48.39143546552218,72.0125,48.42189071889638,47.61760023223308,47.86281874825063
563,1,nitrogen_gas_leak,47.4,1,1,1,1,1,1,1,1,72.0125,52.142262553280396,46.559211706349224,48.7475332649057,72.0125,48.77296488785235,46.97357190882035,47.70405802981009
564,1,nitrogen_gas_leak,47.2,1,1,1,1,1,1,1,1,72.225,51.42851857400693,47.06670515873013,47.95223471047313,72.225,48.27187292281069,47.19010307359308,47.46654381164905
565,1,nitrogen_gas_leak,47.0,1,1,1,1,1,1,1,1,72.0125,50.940289180037304,46.35465386904761,47.91090895246975,72.0125,47.62583985963379,46.98601278183624,47.28973639943498
566,1,nitrogen_gas_leak,46.8,1,1,1,1,1,1,1,1,72.0125,50.68108972585564,45.91742410714285,47.86207065194062,72.0125,47.35279909159898,46.37335950802669,47.07982009999276
567,1,nitrogen_gas_leak,46.6,1,1,1,1,1,1,1,1,72.1875,50.733236088000645,45.64034940476187,47.94573787280385,72.1875,47.63463724638525,45.665894844009365,46.70377311202479
568,1,nitrogen_gas_leak,46.4,1,1,1,1,1,1,1,1,72.30000000000001,51.05804260136483,46.33368015873017,46.651855338716985,72.30000000000001,47.50815823254304,46.440310867604595,46.55829179547648
569,1,nitrogen_gas_leak,46.2,1,1,1,1,1,1,1,1,72.225,50.62382283047408,45.760680952380945,46.82991120707052,72.225,47.26870790011722,46.111097698412685,46.152236493524605
570,1,nitrogen_gas_leak,46.0,1,1,1,1,1,1,1,1,72.1875,50.96827703385029,46.14318482142854,46.64839484309364,72.1875,47.3276366970865,45.854220042422064,46.345358574117874
571,1,nitrogen_gas_leak,45.8,1,1,1,1,1,1,1,1,72.30000000000001,50.53156224734135,45.813605158730134,45.93227619899848,72.30000000000001,46.95418949006497,45.878998412698394,45.979731760097195
572,1,nitrogen_gas_leak,45.6,1,1,1,1,1,1,1,1,72.30000000000001,50.340913873784935,45.375598214285695,45.69408278253046,72.30000000000001,46.75271645646379,45.447571825396835,45.687805579662125
573,1,nitrogen_gas_leak,45.4,1,1,1,1,1,1,1,1,71.8,49.94454961515204,45.424341666666706,46.08794753421071,71.8,46.694191515144766,45.30412527308041,45.72689177967922
574,1,nitrogen_gas_leak,45.2,1,1,1,1,1,1,1,1,72.0125,50.14362194251676,44.626154117063486,46.55091318771314,72.0125,46.698763637313945,44.875190079365076,45.68309868290577
575,1,nitrogen_gas_leak,45.0,1,1,1,1,1,1,1,1,72.225,49.508252157036615,44.709784126984104,45.47128646852636,72.225,46.215435978290586,44.81354318903319,45.05122597272709
576,1,nitrogen_gas_leak,44.8,1,1,1,1,1,1,1,1,72.1875,49.556291257248645,44.93198273809528,45.06594838170207,72.1875,46.10381366215697,44.896895475322516,44.82952566781059
577,1,nitrogen_gas_leak,44.6,1,1,1,1,1,1,1,1,72.1875,49.66647938353779,44.23461765873014,45.17682616420874,72.1875,45.997138652375895,44.46786571341778,44.727895906941086
578,1,nitrogen_gas_leak,44.4,1,1,1,1,1,1,1,1,72.0125,48.55775375417373,44.06774305555557,45.23303926665631,72.0125,45.145203604530536,44.04332698412701,44.551224121514785
579,1,nitrogen_gas_leak,44.2,1,1,1,1,1,1,1,1,71.8,48.85610863970804,44.14518551587302,45.08982028103686,71.8,45.56313899859037,44.08289898097821,44.42691796455604
580,1,nitrogen_gas_leak,44.0,1,1,1,1,1,1,1,1,72.225,48.659823003449674,43.848920238095246,44.20978263598338,72.225,45.26097213170664,44.06691750360747,44.059605417322416
581,1,nitrogen_gas_leak,43.8,1,1,1,1,1,1,1,1,71.8,48.522886430281275,43.344562103174596,44.626123529938766,71.8,45.20756757861687,43.500904734946396,43.85761798774105
582,1,nitrogen_gas_leak,43.6,1,1,1,1,1,1,1,1,72.0125,48.14856618496731,43.62332123015877,44.2160707179625,72.0125,44.69411377743691,43.68768253968252,43.694861230978596
583,1,nitrogen_gas_leak,43.4,1,1,1,1,1,1,1,1,72.0125,48.18408261555125,43.35342837301587,43.73896924610556,72.0125,44.71065403743667,43.49820277777774,43.66203072018616
584,1,nitrogen_gas_leak,43.2,1,1,1,1,1,1,1,1,72.30000000000001,48.17544473525546,42.91662698412698,43.705031044714936,72.30000000000001,44.48464205545648,43.11105138888885,43.36227642624439
585,1,nitrogen_gas_leak,43.0,1,1,1,1,1,1,1,1,72.0125,47.75274579776627,42.87371040764788,43.4548029031272,72.0125,44.277298724420326,42.84090396825394,43.3576061399546
586,1,nitrogen_gas_leak,42.8,1,1,1,1,1,1,1,1,72.0125,47.5577200401661,42.4586209235209,43.25324551805264,72.0125,44.08093321679808,42.49235654761903,43.072200094815095
587,1,nitrogen_gas_leak,42.6,1,1,1,1,1,1,1,1,71.8,47.46003378949754,42.41939583333335,43.22813398284798,71.8,44.131425591405865,42.618397892128016,42.99976686987684
588,1,nitrogen_gas_leak,42.4,1,1,1,1,1,1,1,1,72.225,47.27985133467061,42.20500952380953,42.38362376776683,72.225,43.822976958320766,42.260409007936495,42.416028223618575
589,1,nitrogen_gas_leak,42.2,1,1,1,1,1,1,1,1,71.8,47.08891775054064,41.916370436508,42.737426775028126,71.8,43.770654476342884,42.15814174133438,42.53460036482245
590,1,nitrogen_gas_leak,42.0,1,1,1,1,1,1,1,1,71.8,46.933692097696856,41.89947976190479,42.413799044725856,71.8,43.60194135661134,41.94358102704868,42.416258829158195
591,1,nitrogen_gas_leak,41.8,1,1,1,1,1,1,1,1,72.1875,46.66682734883627,41.75927956349209,42.41138114973734,72.1875,43.35348481273635,41.96205754242211,41.91319400151253
592,1,nitrogen_gas_leak,41.6,1,1,1,1,1,1,1,1,71.8,46.55379590482151,41.37216408730162,41.50371999792872,71.8,43.21107573739735,41.49523426203834,41.73786748533495
593,1,nitrogen_gas_leak,41.4,1,1,1,1,1,1,1,1,72.30000000000001,46.72205831846718,41.12833644688646,41.62421735135996,72.30000000000001,42.993378387728725,41.57536465201464,41.22791956044145
594,1,nitrogen_gas_leak,41.2,1,1,1,1,1,1,1,1,72.225,46.18473270644293,41.034279166666636,41.12698937806029,72.225,42.70077723070436,41.16819750000001,41.255207268454704
595,1,nitrogen_gas_leak,41.0,1,1,1,1,1,1,1,1,72.1875,46.39551805101534,40.74960272366524,40.95952160875181,72.1875,42.694866026118966,41.08865218527922,41.04654808075789
596,1,nitrogen_gas_leak,40.8,1,1,1,1,1,1,1,1,71.8,45.82067244490658,40.7186265873016,40.84268688502243,71.8,42.45163423539206,40.84734021441926,40.93169996104709
597,1,nitrogen_gas_leak,40.6,1,1,1,1,1,1,1,1,72.1875,45.62312376529128,40.53220476190477,40.950692534157675,72.1875,42.25124236151596,41.027912304326875,40.69551287793242
598,1,nitrogen_gas_leak,40.4,1,1,1,1,1,1,1,1,72.1875,45.799457310923266,40.40638248557001,40.28400759606105,72.1875,42.16235796332127,40.63562956623164,40.47615837715555
599,1,nitrogen_gas_leak,40.2,1,1,1,1,1,1,1,1,72.1875,45.62062760678401,39.99942222222227,40.071009204784225,72.1875,41.961488040006785,39.98730099480306,40.18930111577241
600,1,nitrogen_gas_leak,40.0,1,1,1,1,1,1,1,1,72.1875,45.468582240041556,39.51987460317464,39.86672509470722,72.1875,41.78792718828032,39.61001647099352,39.94144882235505
601,1,nitrogen_gas_leak,39.8,1,1,1,1,1,1,1,1,72.30000000000001,45.26678372933679,39.53705908397158,40.031330557465544,72.30000000000001,41.48200761698309,39.71531981074481,39.49263780340563
602,1,nitrogen_gas_leak,39.6,1,1,1,1,1,1,1,1,72.225,44.769338926045876,39.33534484126987,39.47001828786198,72.225,41.194931255027626,39.394709404761954,39.530308046393905
603,1,nitrogen_gas_leak,39.4,1,1,1,1,1,1,1,1,72.0125,44.9748575368901,39.023140426587304,40.02689546274645,72.0125,41.38976117437522,39.429859027777795,39.58834356225412
604,1,nitrogen_gas_leak,39.2,1,1,1,1,1,1,1,1,71.8,44.37870644903849,39.209572222222214,39.340044354615706,71.8,41.010620398813984,39.40988029378431,39.46648494504766
605,1,nitrogen_gas_leak,39.0,1,1,1,1,1,1,1,1,72.0125,44.436246020266516,38.80773730158731,39.17796797673943,72.0125,40.875788851562874,38.968173015873035,39.195407384879594
606,1,nitrogen_gas_leak,38.8,1,1,1,1,1,1,1,1,72.30000000000001,44.315571551023524,38.57261130952382,39.23947068613088,72.30000000000001,40.545284500110725,38.80669424603175,38.71655351595936
607,1,nitrogen_gas_leak,38.6,1,1,1,1,1,1,1,1,72.225,43.83243921894708,38.686556349206384,38.61092510073141,72.225,40.33275456157657,38.68583738095243,38.64377240382525
608,1,nitrogen_gas_leak,38.4,1,1,1,1,1,1,1,1,72.225,43.66482126803892,38.132661309523776,38.29915164997713,72.225,40.054143275284616,38.19863202380958,38.33929240861694
609,1,nitrogen_gas_leak,38.2,1,1,1,1,1,1,1,1,72.0125,43.42533552996065,38.15304940476191,38.58918783279521,72.0125,39.88043132684899,38.52245595238096,38.29155569703098
610,1,nitrogen_gas_leak,38.0,1,1,1,1,1,1,1,1,72.0125,43.030052214079554,37.9003154761905,38.280575085605314,72.0125,39.510527221752376,38.004292261904766,38.20690439698124
611,1,nitrogen_gas_leak,37.8,1,1,1,1,1,1,1,1,72.0125,43.31859504483333,37.843839880952395,38.01605498716189,72.0125,39.769263215873565,37.96649027777778,37.8456494941124
612,1,nitrogen_gas_leak,37.6,1,1,1,1,1,1,1,1,72.225,42.85130418541774,37.193374404761904,37.83499828859704,72.225,39.4787173578682,37.57335345238098,37.850874485218725
613,1,nitrogen_gas_leak,37.4,1,1,1,1,1,1,1,1,72.0125,43.1062553568362,36.87544999999998,37.6358443716507,72.0125,39.54375274580498,37.03164513888885,37.57504961774541
614,1,nitrogen_gas_leak,37.2,1,1,1,1,1,1,1,1,72.0125,42.58933307734431,36.8094113095238,37.22281102590697,72.0125,39.05373715083624,37.07743551587299,37.29617611389118
615,1,nitrogen_gas_leak,37.0,1,1,1,1,1,1,1,1,71.8,42.2425352471007,36.68009791666666,36.95753436677729,71.8,38.89877785758153,36.88353566509952,37.20795771860736
616,1,nitrogen_gas_leak,36.8,1,1,1,1,1,1,1,1,72.30000000000001,42.44988980641268,36.779545238095245,37.076173015636975,72.30000000000001,38.70416554061403,36.946561309523844,36.747418620745734
617,1,nitrogen_gas_leak,36.6,1,1,1,1,1,1,1,1,71.8,41.867377824737545,36.40269241071427,36.661536408243194,71.8,38.53337373924526,36.54068745081381,36.87856755042169
618,1,nitrogen_gas_leak,36.4,1,1,1,1,1,1,1,1,72.30000000000001,42.082901011786944,36.19626587301589,36.543119698681856,72.30000000000001,38.34801438756578,36.39101547619049,36.370926872315316
619,1,nitrogen_gas_leak,36.2,1,1,1,1,1,1,1,1,72.30000000000001,41.90531037492531,35.97107512626266,36.53551833928269,72.30000000000001,38.17717261562224,36.1517535714286,36.15382185894989
620,1,nitrogen_gas_leak,36.0,1,1,1,1,1,1,1,1,72.30000000000001,41.696264166244404,35.59738544372299,36.296988037725335,72.30000000000001,37.97238389467972,35.91480330086585,35.92976160008758
621,1,nitrogen_gas_leak,35.8,1,1,1,1,1,1,1,1,71.8,41.127584922714604,35.790174296536776,36.036486465454516,71.8,37.80988682917328,35.816710457668044,36.227630230477644
622,1,nitrogen_gas_leak,35.6,1,1,1,1,1,1,1,1,72.0125,41.3596011004674,35.820279563492065,35.79798837448862,72.0125,37.852801468425405,35.91179067460316,35.901371340692876
623,1,nitrogen_gas_leak,35.4,1,1,1,1,1,1,1,1,72.30000000000001,41.06122652413717,34.93465952380954,35.69392431768195,72.30000000000001,37.33843434774754,35.31924761904763,35.327000540430646
624,1,nitrogen_gas_leak,35.2,1,1,1,1,1,1,1,1,72.30000000000001,40.82002516344473,34.29850833333334,35.70440158506165,72.30000000000001,37.099990645809896,34.65678313492069,35.17321480146401
625,1,nitrogen_gas_leak,35.0,1,1,1,1,1,1,1,1,72.30000000000001,40.62657838840495,34.14604583333334,35.40018459908275,72.30000000000001,36.91287294029226,34.4391652777778,35.0445784919402
626,1,nitrogen_gas_leak,34.8,1,1,1,1,1,1,1,1,71.8,40.17645017639389,34.67053917748917,35.025697085511666,71.8,36.8799640689552,34.73769319576329,35.22197045073709
627,1,nitrogen_gas_leak,34.6,1,1,1,1,1,1,1,1,72.225,40.069336278329324,34.89664603174603,34.90606230496809,72.225,36.66415390132634,34.74752678571426,34.726268623561346
628,1,nitrogen_gas_leak,34.4,1,1,1,1,1,1,1,1,72.225,39.88606850802326,34.37311865079368,34.685280724285846,72.225,36.445976401823216,34.272506547619074,34.52273579847353
629,1,nitrogen_gas_leak,34.2,1,1,1,1,1,1,1,1,72.0125,39.614649372513334,34.15311746031747,34.229104795528954,72.0125,36.15808931514276,34.207172853535354,34.47927408614534
630,1,nitrogen_gas_leak,34.0,1,1,1,1,1,1,1,1,72.30000000000001,39.78430825440812,33.96944397546898,34.152310571643326,72.30000000000001,36.09254705166465,33.897448935786436,33.933907847115705
631,1,nitrogen_gas_leak,33.8,1,1,1,1,1,1,1,1,72.1875,39.88048897642072,33.641586011904735,33.905299959223946,72.1875,36.098011081268,33.633602887767395,34.032302641306025
632,1,nitrogen_gas_leak,33.6,1,1,1,1,1,1,1,1,71.8,39.00554661166156,33.418520833333304,33.50842761513079,71.8,35.71421593402815,33.70605648941406,33.865553797309445
633,1,nitrogen_gas_leak,33.4,1,1,1,1,1,1,1,1,72.225,38.9346258201809,33.31065602453103,33.6138017746776,72.225,35.43585813399213,33.47348690476191,33.52209061980782
634,1,nitrogen_gas_leak,33.2,1,1,1,1,1,1,1,1,72.1875,39.33973338803389,33.256761607142856,33.200140744620796,72.1875,35.543814493039626,33.202542804794795,33.463059237687006
635,1,nitrogen_gas_leak,33.0,1,1,1,1,1,1,1,1,71.8,38.45376319796155,32.7824849206349,33.00397472408462,71.8,35.160906123086676,32.76467683573441,33.05659280423199
636,1,nitrogen_gas_leak,32.8,1,1,1,1,1,1,1,1,72.0125,38.366427968553175,32.794776587301605,32.78171594769666,72.0125,34.94213715486454,32.94149453463203,33.130599109787205
637,1,nitrogen_gas_leak,32.6,1,1,1,1,1,1,1,1,72.30000000000001,38.322543426131126,32.19857658730164,33.12043828207456,72.30000000000001,34.66337468229409,32.490853174603195,32.5960556760646
638,1,nitrogen_gas_leak,32.4,1,1,1,1,1,1,1,1,71.8,37.85200621918809,32.23441884920635,32.30816021823127,71.8,34.5769788373739,32.24709072462331,32.442702584115
639,1,nitrogen_gas_leak,32.2,1,1,1,1,1,1,1,1,72.0125,38.2072911103367,32.24537242063492,32.173893945744595,72.0125,34.759636523664994,32.139452371933615,32.61607959750995
640,1,nitrogen_gas_leak,32.0,1,1,1,1,1,1,1,1,72.1875,37.651414722856615,31.87700912698412,31.92981862979923,72.1875,34.283039358102485,32.01838820522775,32.018203323938984
641,1,nitrogen_gas_leak,31.8,1,1,1,1,1,1,1,1,72.30000000000001,37.58767170637742,32.04275416666671,32.12011285592806,72.30000000000001,33.94664233861168,32.00958571428576,31.991108457314013
642,1,nitrogen_gas_leak,31.6,1,1,1,1,1,1,1,1,72.30000000000001,37.41843751196511,31.827620833333363,31.861270641157525,72.30000000000001,33.79536763508548,31.666948809523817,31.808677576971146
643,1,nitrogen_gas_leak,31.4,1,1,1,1,1,1,1,1,71.8,36.86959844347106,31.3383236111111,31.472186849106414,71.8,33.632723768858014,31.524064786672355,31.770758371857028
644,1,nitrogen_gas_leak,31.2,1,1,1,1,1,1,1,1,71.8,36.65501714162396,31.10355456349207,31.315949802997235,71.8,33.43490727708921,31.106041373973962,31.461986606789022
645,1,nitrogen_gas_leak,31.0,1,1,1,1,1,1,1,1,72.1875,36.61394448551387,31.254910119047622,30.966649033456306,72.1875,33.33159270905972,31.2292893957039,31.120968971608303
646,1,nitrogen_gas_leak,30.8,1,1,1,1,1,1,1,1,72.1875,36.8627605264275,30.620999404761875,30.51184272060829,72.1875,33.25215338469759,30.66788820522772,30.889796553478863
647,1,nitrogen_gas_leak,30.6,1,1,1,1,1,1,1,1,71.8,36.088760440786174,30.448871825396854,30.869467412127573,71.8,32.88970482731399,30.604366969212048,30.81005548736016
648,1,nitrogen_gas_leak,30.4,1,1,1,1,1,1,1,1,72.30000000000001,36.21182799789357,30.520703571428598,30.787030138091726,72.30000000000001,32.62470146575006,30.63673730158731,30.686518488816613
649,1,nitrogen_gas_leak,30.2,1,1,1,1,1,1,1,1,72.30000000000001,35.99664081004677,29.71818293650793,30.464475531790765,72.30000000000001,32.39380752103624,29.91721765873014,30.280614004653444
650,1,nitrogen_gas_leak,30.0,1,1,1,1,1,1,1,1,71.8,35.486093220275,29.765636507936517,30.01806419705038,71.8,32.29699456907447,29.968269746989836,30.23129052470844
651,1,nitrogen_gas_leak,29.8,1,1,1,1,1,1,1,1,72.1875,35.841086903642825,29.87078928571426,29.59703944009347,72.1875,32.33243119389087,29.999800705227745,29.75626422699555
652,1,nitrogen_gas_leak,29.6,1,1,1,1,1,1,1,1,72.0125,35.07929223320657,29.74827757936505,29.715491465317903,72.0125,31.777314731782795,29.890246825396808,29.6906176193856
653,1,nitrogen_gas_leak,29.4,1,1,1,1,1,1,1,1,72.1875,34.96364110203132,29.30772103174603,29.504930203155403,72.1875,31.826320755224152,29.272279871894415,29.575594509380153
654,1,nitrogen_gas_leak,29.2,1,1,1,1,1,1,1,1,72.0125,34.37267382750419,29.24740178571425,29.727010398916406,72.0125,31.103288901306147,29.208258928571418,29.393266436889792
655,1,nitrogen_gas_leak,29.0,1,1,1,1,1,1,1,1,72.30000000000001,34.89149138893063,29.136891269841257,28.96193348654766,72.30000000000001,31.35008254812204,29.117651501035198,29.01941232016156
656,1,nitrogen_gas_leak,28.8,1,1,1,1,1,1,1,1,72.225,34.46806156946332,28.67038392857142,28.794516123845227,72.225,31.16720039633141,28.74038095238097,28.903363547035443
657,1,nitrogen_gas_leak,28.6,1,1,1,1,1,1,1,1,72.1875,34.207468226903046,28.467049007936513,28.521964218514437,72.1875,31.045956218774307,28.54733899887853,28.7990217202629
658,1,nitrogen_gas_leak,28.4,1,1,1,1,1,1,1,1,72.30000000000001,34.31080031940259,28.352742857142857,28.554179106878323,72.30000000000001,30.77732928679639,28.393532693599937,28.161496368007008
659,1,nitrogen_gas_leak,28.2,1,1,1,1,1,1,1,1,72.225,33.80584674251054,27.881672420634935,28.705461845578405,72.225,30.7079083286656,28.063393253968272,28.542277832012537
660,1,nitrogen_gas_leak,28.0,1,1,1,1,1,1,1,1,72.225,33.70925922670553,27.86499781746032,28.42315149285032,72.225,30.33297657140227,27.825382142857176,28.026676923804988
661,1,nitrogen_gas_leak,27.8,1,1,1,1,1,1,1,1,72.0125,33.384627015521836,27.90055416666665,27.93462366530636,72.0125,30.145421117472008,27.81548035714287,28.034639735856455
662,1,nitrogen_gas_leak,27.6,1,1,1,1,1,1,1,1,72.30000000000001,33.49688540849,27.65753452380953,27.910280115191128,72.30000000000001,30.010101210901027,27.659256390977447,27.58479641312824
663,1,nitrogen_gas_leak,27.4,1,1,1,1,1,1,1,1,72.225,33.121733133328476,27.27516388888888,27.52199278178531,72.225,29.832660024348954,27.271098214285704,27.52051831288466
664,1,nitrogen_gas_leak,27.2,1,1,1,1,1,1,1,1,72.1875,33.27738990064287,27.42731408730162,26.97714278228005,72.1875,29.867675114506284,27.40440615079367,27.221377372654345
665,1,nitrogen_gas_leak,27.0,1,1,1,1,1,1,1,1,72.1875,33.20063937491349,26.93183313492065,26.94353583949784,72.1875,29.706741208284193,26.943855753968293,27.107287339365303
666,1,nitrogen_gas_leak,26.8,1,1,1,1,1,1,1,1,72.0125,32.5957704452996,26.679712896825404,26.650352566757842,72.0125,29.37284705784345,26.84099085497837,27.06694046576448
667,1,nitrogen_gas_leak,26.6,1,1,1,1,1,1,1,1,72.0125,32.311905380359796,26.327544841269855,26.686323372130943,72.0125,29.10293219536654,26.398063672438685,26.64799354901525
668,1,nitrogen_gas_leak,26.4,1,1,1,1,1,1,1,1,72.1875,32.321829141341475,26.323609920634908,26.3003516259473,72.1875,29.07793088358926,26.489302976190473,26.54506781941222
669,1,nitrogen_gas_leak,26.2,1,1,1,1,1,1,1,1,72.1875,32.53495765129641,26.378160119047585,26.569215299133692,72.1875,28.99583061224589,26.334763131313128,26.92340026938457
670,1,nitrogen_gas_leak,26.0,1,1,1,1,1,1,1,1,72.225,31.697338912669416,26.045180952380946,26.25293107744,72.225,28.590809103256582,26.10696408730158,26.167642549421203
671,1,nitrogen_gas_leak,25.8,1,1,1,1,1,1,1,1,72.30000000000001,31.7895905451875,25.66760436507934,25.963192622687885,72.30000000000001,28.38032253816236,25.718043295739356,25.879578539406253
672,1,nitrogen_gas_leak,25.6,1,1,1,1,1,1,1,1,72.1875,31.7733404860504,25.564503571428553,25.66789837337218,72.1875,28.36944310307807,25.57616845238096,25.60844409873082
673,1,nitrogen_gas_leak,25.4,1,1,1,1,1,1,1,1,72.225,31.129394560701865,25.416372619047603,25.653166112598555,72.225,27.941554137538027,25.53930357142855,25.55056609528414
674,1,nitrogen_gas_leak,25.2,1,1,1,1,1,1,1,1,72.225,30.93900017500803,25.043169047619028,25.399939083581813,72.225,27.72967411551224,25.188734523809504,25.278067616498436
675,1,nitrogen_gas_leak,25.0,1,1,1,1,1,1,1,1,72.0125,30.14991956076646,25.188355158730165,25.811360066147184,72.0125,27.055987955162635,25.196601190476205,24.960583148153965
676,1,nitrogen_gas_leak,24.8,1,1,1,1,1,1,1,1,71.8,30.34327554264384,25.065925793650806,25.682258265560495,71.8,27.3458312924989,25.03208134920636,25.59912377287355
677,1,nitrogen_gas_leak,24.6,1,1,1,1,1,1,1,1,72.225,30.261297648178395,24.567227651515125,24.761320447566888,72.225,27.29492628018908,24.49611646825394,24.982476939431507
678,1,nitrogen_gas_leak,24.4,1,1,1,1,1,1,1,1,72.225,30.070995036271448,24.143215151515136,24.49644273705569,72.225,27.083613709187595,24.320974404761877,24.62641299143758
679,1,nitrogen_gas_leak,24.2,1,1,1,1,1,1,1,1,72.225,29.93746409146157,24.001598809523802,24.42034509536864,72.225,26.780783338891922,23.89524126984125,24.216352649283696
680,1,nitrogen_gas_leak,24.0,1,1,1,1,1,1,1,1,72.30000000000001,29.959662380057225,23.990803968253957,24.457657111483872,72.30000000000001,26.618645262408954,23.936975595238092,24.123647809898024
681,1,nitrogen_gas_leak,23.8,1,1,1,1,1,1,1,1,72.1875,30.024915754128386,23.690627380952407,23.948615232153223,72.1875,26.66988218819111,23.93104908008659,24.136220544501086
682,1,nitrogen_gas_leak,23.6,1,1,1,1,1,1,1,1,72.1875,29.97840917890297,24.338579166666683,24.191739769119312,72.1875,26.518523899559376,23.78425539321789,24.346015318329737
683,1,nitrogen_gas_leak,23.4,1,1,1,1,1,1,1,1,71.8,28.90969042021699,23.429120833333318,23.923808209634366,71.8,26.00892933208589,23.442267460317453,23.97720005424784
684,1,nitrogen_gas_leak,23.2,1,1,1,1,1,1,1,1,72.1875,28.99969060925509,22.84714345238095,23.36699024657328,72.1875,25.979943058643265,23.0412140873016,23.14114429476424
685,1,nitrogen_gas_leak,23.0,1,1,1,1,1,1,1,1,71.8,28.488688252374622,22.62795099206348,23.20481185652111,71.8,25.57952344254678,22.881805952380923,23.691529861097045
686,1,nitrogen_gas_leak,22.8,1,1,1,1,1,1,1,1,71.8,28.29912458348327,22.51737539682537,23.126309989804344,71.8,25.413266931996866,22.5855077380952,23.37157973242104
687,1,nitrogen_gas_leak,22.6,1,1,1,1,1,1,1,1,72.0125,28.268938901034545,22.46035674603178,23.108568244817512,72.0125,25.263040387930673,22.789601785714304,22.53856079194458
688,1,nitrogen_gas_leak,22.4,1,1,1,1,1,1,1,1,72.1875,28.53380785832411,22.55242420634921,22.856187174925545,72.1875,25.302788666216834,22.275041287878807,22.584317351387377
689,1,nitrogen_gas_leak,22.2,1,1,1,1,1,1,1,1,72.0125,27.796667845145677,22.047123015873023,22.58505320404129,72.0125,24.8153763556068,22.213602976190487,22.203467028590868
690,1,nitrogen_gas_leak,22.0,1,1,1,1,1,1,1,1,72.30000000000001,27.8775871606216,22.008839087301617,22.105038857675876,72.30000000000001,24.638882248073884,21.843902579365093,21.926141583331727
691,1,nitrogen_gas_leak,21.8,1,1,1,1,1,1,1,1,72.225,27.455788694403125,21.89179832251084,22.179331864165324,72.225,24.61322023096141,21.82419702380953,21.941243454011488
692,1,nitrogen_gas_leak,21.6,1,1,1,1,1,1,1,1,72.0125,27.10805609134718,21.52189345238097,21.892223589981196,72.0125,24.163917840733987,21.54750119047619,21.611738993028403
693,1,nitrogen_gas_leak,21.4,1,1,1,1,1,1,1,1,72.1875,27.142497040093573,21.264817478354985,21.97130899930995,72.1875,24.239463227540213,21.37452601010099,21.55397330766597
694,1,nitrogen_gas_leak,21.2,1,1,1,1,1,1,1,1,72.225,26.860307878449603,21.28128252164502,21.574557616220996,72.225,24.01128822574102,21.172171825396827,21.224810329613145
695,1,nitrogen_gas_leak,21.0,1,1,1,1,1,1,1,1,72.0125,26.96280723326427,20.972040800865816,21.22720676517765,72.0125,24.020880798596714,20.913879166666657,21.206411445433318
696,1,nitrogen_gas_leak,20.8,1,1,1,1,1,1,1,1,72.0125,26.37445881011962,20.610254166666664,21.181238818246065,72.0125,23.477324865832962,20.62734853896102,20.86302593717283
697,1,nitrogen_gas_leak,20.6,1,1,1,1,1,1,1,1,72.225,26.285293620325902,20.509824675324673,20.980663797959437,72.225,23.37228562902405,20.478524206349203,20.620259084036526
698,1,nitrogen_gas_leak,20.4,1,1,1,1,1,1,1,1,72.1875,26.668302610297026,20.265922619047632,20.255537986652303,72.1875,23.422241226147,20.1171007936508,20.701072550212736
699,1,nitrogen_gas_leak,20.2,1,1,1,1,1,1,1,1,72.1875,26.423375757194876,20.073573214285727,20.173161393129387,72.1875,23.22532089273774,20.142661904761905,20.553568648653282
700,1,nitrogen_gas_leak,20.0,1,1,1,1,1,1,1,1,72.1875,26.177175839126747,19.790974404761908,19.896966800559678,72.1875,23.019947892499644,19.909144047619037,20.314179633175296
701,1,nitrogen_gas_leak,19.8,1,1,1,1,1,1,1,1,71.8,25.22256360620107,19.666847420634927,20.06106437663997,71.8,22.490845897825977,19.767225198412714,20.69951307766428
702,1,nitrogen_gas_leak,19.6,1,1,1,1,1,1,1,1,72.1875,25.575592536084685,19.457938690476173,19.811862059778015,72.1875,22.581243033013855,19.473299007936486,19.810788986472293
703,1,nitrogen_gas_leak,19.4,1,1,1,1,1,1,1,1,72.1875,25.154531889163408,19.186461507936503,19.68967411282903,72.1875,22.330581960826137,19.22501448412697,19.48196959889646
704,1,nitrogen_gas_leak,19.2,1,1,1,1,1,1,1,1,71.8,24.576524021373785,19.068840476190466,19.701810273263217,71.8,21.8923722143036,19.19508939393941,19.724736293795537
705,1,nitrogen_gas_leak,19.0,1,1,1,1,1,1,1,1,72.0125,25.029788587485015,19.143916666666666,19.720982415579908,72.0125,22.20201487094849,19.009767857142847,19.63767758815123
706,1,nitrogen_gas_leak,18.8,1,1,1,1,1,1,1,1,72.30000000000001,24.651896631145505,18.653689484126993,19.115644084647396,72.30000000000001,21.6001965859732,18.794331150793642,18.866610515886862
707,1,nitrogen_gas_leak,18.6,1,1,1,1,1,1,1,1,72.0125,24.33900086391234,18.471664880952382,19.106519865382282,72.0125,21.555419507056612,18.49093511904761,18.72895195368443
708,1,nitrogen_gas_leak,18.4,1,1,1,1,1,1,1,1,72.225,23.96847155762157,18.66790476190476,19.36555865307608,72.225,21.384640424581463,18.3785611111111,18.618451403036364
709,1,nitrogen_gas_leak,18.2,1,1,1,1,1,1,1,1,72.225,23.76777225359738,17.895213095238102,19.15426733341998,72.225,21.183738385838048,17.9066625,18.620010091223172
710,1,nitrogen_gas_leak,18.0,1,1,1,1,1,1,1,1,71.8,23.336834102852734,17.888863888888878,18.541778966309344,71.8,20.720853771448347,17.939105248917745,18.46255922394978
711,1,nitrogen_gas_leak,17.8,1,1,1,1,1,1,1,1,72.1875,24.075249383855585,18.13341607142858,18.325690110736325,72.1875,20.948632615948178,17.9586990079365,18.372035306090105
712,1,nitrogen_gas_leak,17.6,1,1,1,1,1,1,1,1,72.225,23.188104211012913,17.7431244047619,17.901418965435422,72.225,20.57457526715259,17.69149285714286,17.806547280519265
713,1,nitrogen_gas_leak,17.4,1,1,1,1,1,1,1,1,72.1875,22.97976137285891,17.369147619047617,17.704849302859824,72.1875,20.35921537350888,17.191826190476196,17.485397168835387
714,1,nitrogen_gas_leak,17.2,1,1,1,1,1,1,1,1,72.225,22.728136971994168,16.863217261904772,18.966735631599263,72.225,20.229037372067097,16.743766666666673,17.279379113073173
715,1,nitrogen_gas_leak,17.0,1,1,1,1,1,1,1,1,72.30000000000001,22.88258961927157,17.230476785714263,17.608197841238276,72.30000000000001,19.95627497895049,17.093918073593063,17.3729810458566
716,1,nitrogen_gas_leak,16.8,1,1,1,1,1,1,1,1,72.225,22.38128866864745,16.88622261904763,17.160650128405756,72.225,19.743642179026303,16.592255753968267,16.7889332464605
717,1,nitrogen_gas_leak,16.6,1,1,1,1,1,1,1,1,71.8,21.894325284629524,16.98709107142858,17.026771136005312,71.8,19.367525068956972,16.629639574314584,17.273649735306627
718,1,nitrogen_gas_leak,16.4,1,1,1,1,1,1,1,1,72.1875,22.091175000190816,16.64249821428571,16.861005417414443,72.1875,19.459272599575215,16.460215277777777,16.581045119241036
719,1,nitrogen_gas_leak,16.2,1,1,1,1,1,1,1,1,71.8,21.47011577175219,16.257214754689745,16.457066479311866,71.8,18.958524662274435,16.07747638888888,16.838970939851684
720,1,nitrogen_gas_leak,16.0,1,1,1,1,1,1,1,1,72.225,21.52474470853116,16.36533154761907,16.288861357918407,72.225,19.00391746828464,16.314520238095255,16.128205329846043
721,1,nitrogen_gas_leak,15.8,1,1,1,1,1,1,1,1,72.225,21.308756058414183,16.032041666666686,16.137025913012483,72.225,18.827627935355466,15.91530714285716,15.937991674383152
722,1,nitrogen_gas_leak,15.6,1,1,1,1,1,1,1,1,72.225,21.14213936373922,15.497604365079383,16.08711243656955,72.225,18.5598887294557,15.335601785714289,15.631030803786757
723,1,nitrogen_gas_leak,15.4,1,1,1,1,1,1,1,1,71.8,20.623871393694955,15.840508531746035,15.857835162110286,71.8,18.173227340956586,15.491550595238085,15.931383755743095
724,1,nitrogen_gas_leak,15.2,1,1,1,1,1,1,1,1,72.0125,20.986182407620113,15.633405357142864,16.141892680990534,72.0125,18.437463584342055,15.383920562770552,15.364231620728656
725,1,nitrogen_gas_leak,15.0,1,1,1,1,1,1,1,1,72.0125,20.83365866915014,15.501547023809517,16.097211907079124,72.0125,18.293351968318902,15.145539826839816,15.310632220481045
726,1,nitrogen_gas_leak,14.8,1,1,1,1,1,1,1,1,72.225,20.24063202120309,14.802867063492076,16.910757257124803,72.225,17.916397057762616,14.522266269841268,15.242859659963502
727,1,nitrogen_gas_leak,14.6,1,1,1,1,1,1,1,1,72.225,20.109530090597353,14.407547005772006,15.01168827897801,72.225,17.570125564781108,14.477762698412693,14.604442940845592
728,1,nitrogen_gas_leak,14.4,1,1,1,1,1,1,1,1,71.8,19.560202009440538,14.710856800144299,15.018020434070282,71.8,17.175084096272784,14.435669444444436,14.963513759431994
729,1,nitrogen_gas_leak,14.2,1,1,1,1,1,1,1,1,72.30000000000001,19.791901055258016,14.819733333333334,15.307226527836244,72.30000000000001,17.04725107876898,14.327375595238122,14.659150649040264
730,1,nitrogen_gas_leak,14.0,1,1,1,1,1,1,1,1,72.1875,19.98742938950683,14.249274404761916,14.61330432203687,72.1875,17.20475913008155,14.121028968253988,14.4397415565913
731,1,nitrogen_gas_leak,13.8,1,1,1,1,1,1,1,1,71.8,18.900379462388912,14.07880615079366,14.08146718780445,71.8,16.571459402770458,13.807849494949487,14.07185472861804
732,1,nitrogen_gas_leak,13.6,1,1,1,1,1,1,1,1,72.1875,19.439821516102207,13.741639484126988,14.309000202580991,72.1875,16.780692773918567,13.653966468253987,13.85225638215983
733,1,nitrogen_gas_leak,13.4,1,1,1,1,1,1,1,1,72.30000000000001,18.955438242522874,14.72858333333334,14.860061037240255,72.30000000000001,16.271799927963123,13.801060119047635,13.723901068489715
734,1,nitrogen_gas_leak,13.2,1,1,1,1,1,1,1,1,72.30000000000001,18.843832959332552,13.508353373015883,13.744244892929691,72.30000000000001,16.184149119603795,13.071343650793658,13.19447287599794
735,1,nitrogen_gas_leak,13.0,1,1,1,1,1,1,1,1,72.225,18.42834069278748,12.975856746031752,13.600108512463628,72.225,16.002827132167745,12.94035836940837,13.080508691278995
736,1,nitrogen_gas_leak,12.8,1,1,1,1,1,1,1,1,72.0125,18.400004822475317,13.18960007215007,13.411885574292526,72.0125,16.029961644466084,12.802934253246747,12.893447835917932
737,1,nitrogen_gas_leak,12.6,1,1,1,1,1,1,1,1,72.1875,18.336904603050932,12.98230694444445,13.286994178868024,72.1875,15.80067262068777,12.726396626984135,12.816214356853575
738,1,nitrogen_gas_leak,12.4,1,1,1,1,1,1,1,1,72.30000000000001,17.98774122076172,12.890208928571434,13.26689336686542,72.30000000000001,15.416315305442168,12.449651587301586,12.556736871718336
739,1,nitrogen_gas_leak,12.2,1,1,1,1,1,1,1,1,72.225,17.576314765564163,12.552374603174608,13.22022791859854,72.225,15.197598088118113,12.277368885281387,12.486630824240834
740,1,nitrogen_gas_leak,12.0,1,1,1,1,1,1,1,1,72.1875,17.64426876929553,12.576528373015874,12.690015682469978,72.1875,15.198484198117583,12.377010515873032,12.392360768108006
741,1,nitrogen_gas_leak,11.8,1,1,1,1,1,1,1,1,72.1875,17.70536654109744,12.14650496031747,12.55372876963363,72.1875,15.0734565735943,11.643543650793667,12.326721985420654
742,1,nitrogen_gas_leak,11.6,1,1,1,1,1,1,1,1,72.1875,17.059396185774787,12.218773809523803,12.30798332785717,72.1875,14.771511867597042,11.439167532467547,11.807503185860496
743,1,nitrogen_gas_leak,11.4,1,1,1,1,1,1,1,1,72.225,16.713099651617505,13.143314880952394,14.180093540437463,72.225,14.394959916316864,12.095242496392508,12.344261494436239
744,1,nitrogen_gas_leak,11.2,1,1,1,1,1,1,1,1,72.0125,16.200325327427954,11.402969047619047,12.213564352690273,72.0125,14.059191523563854,11.209973412698405,11.414945569859153
745,1,nitrogen_gas_leak,11.0,1,1,1,1,1,1,1,1,72.30000000000001,16.35983006167909,11.732374404761899,12.304919670087118,72.30000000000001,13.950186270039524,10.656354761904751,11.08906669632745
746,1,nitrogen_gas_leak,10.8,1,1,1,1,1,1,1,1,72.1875,16.482104922806215,11.06754094516595,11.564741923769386,72.1875,14.054256757068522,10.78196706349207,11.035165926713292
747,1,nitrogen_gas_leak,10.6,1,1,1,1,1,1,1,1,72.0125,15.650243737044462,10.818079761904762,11.610647263324257,72.0125,13.566930969364037,10.72922202380952,10.743490434053356
748,1,nitrogen_gas_leak,10.4,1,1,1,1,1,1,1,1,72.1875,15.75395474480731,11.017886904761905,11.038647470053636,72.1875,13.56878105676978,10.354153445165956,10.527456163931483
749,1,nitrogen_gas_leak,10.2,1,1,1,1,1,1,1,1,72.225,15.355688256476107,10.665686399711406,11.893101947441785,72.225,13.183656520431697,10.208410714285712,10.518218416745377
750,1,nitrogen_gas_leak,10.0,1,1,1,1,1,1,1,1,72.0125,14.918945554239286,10.29010476190476,11.024178100447575,72.0125,12.906355426522012,10.020709126984135,10.09772813785763
751,1,nitrogen_gas_leak,9.8,1,1,1,1,1,1,1,1,71.8,14.480162228639266,10.354082738095242,10.694128257068215,71.8,12.548374525834703,9.956339285714279,10.452701858296972
752,1,nitrogen_gas_leak,9.6,1,1,1,1,1,1,1,1,71.8,14.231391285519187,10.048020833333334,10.388974767163845,71.8,12.33754897765455,9.626107142857135,10.099747527545262
753,1,nitrogen_gas_leak,9.4,1,1,1,1,1,1,1,1,72.30000000000001,14.562307575003153,10.081531547619052,10.491374709607198,72.30000000000001,12.348989545763828,9.405101388888891,9.494747345839334
754,1,nitrogen_gas_leak,9.2,1,1,1,1,1,1,1,1,72.30000000000001,14.314897680825318,10.017967857142867,10.977179000681213,72.30000000000001,12.126130935637327,8.98660595238096,9.63319083281914
755,1,nitrogen_gas_leak,9.0,1,1,1,1,1,1,1,1,71.8,13.604075511238655,9.385234722222226,9.932790451086175,71.8,11.771236516377463,8.967023214285716,9.694690103132388
756,1,nitrogen_gas_leak,8.8,1,1,1,1,1,1,1,1,72.1875,14.036333675706302,9.066970670995673,9.822200103984335,72.1875,12.016968298929939,8.793616774891769,9.05395617795913
757,1,nitrogen_gas_leak,8.6,1,1,1,1,1,1,1,1,72.225,13.55903182958459,8.78581814574314,9.61346430972751,72.225,11.671798428364674,8.658207611832612,8.809183040287913
758,1,nitrogen_gas_leak,8.4,1,1,1,1,1,1,1,1,72.30000000000001,13.463061035122003,8.8513011904762,9.423228518701388,72.30000000000001,11.385947921627334,8.302400595238096,8.528794891241771
759,1,nitrogen_gas_leak,8.2,1,1,1,1,1,1,1,1,72.1875,13.590065796243238,8.71221832611832,9.346132324403406,72.1875,11.485709036934388,8.34347451298701,8.57191034207198
760,1,nitrogen_gas_leak,8.0,1,1,1,1,1,1,1,1,72.0125,12.210720175636801,8.689857936507941,9.310051169556608,72.0125,10.501125973971583,8.106896482683979,8.556888379249445
761,1,nitrogen_gas_leak,7.8,1,1,1,1,1,1,1,1,72.30000000000001,12.805053900886563,8.27194166666667,9.00748348977968,72.30000000000001,10.804396528313,7.951371626984123,8.032423912321493
762,1,nitrogen_gas_leak,7.6,1,1,1,1,1,1,1,1,72.1875,12.594357339334238,7.985050595238094,8.342476928939016,72.1875,10.769141858565249,7.830626893939398,7.938325664463987
763,1,nitrogen_gas_leak,7.4,1,1,1,1,1,1,1,1,72.1875,12.72221237011366,8.110082016594514,9.203405906097691,72.1875,10.6640001635406,7.497741666666668,7.995854988085061
764,1,nitrogen_gas_leak,7.2,1,1,1,1,1,1,1,1,72.1875,12.566722042368,7.8481778499278505,8.64879331720249,72.1875,10.485869605555969,6.870320238095238,7.7789261361374455
765,1,nitrogen_gas_leak,7.0,1,1,1,1,1,1,1,1,72.0125,11.787932311561356,7.184200396825398,8.142172973588051,72.0125,10.152943458979486,7.15888744588744,7.233687215340893
766,1,nitrogen_gas_leak,6.8,1,1,1,1,1,1,1,1,71.8,11.089404254077166,7.043369642857142,7.907659036415038,71.8,9.52347869494745,6.6211565476190515,7.604639788224959
767,1,nitrogen_gas_leak,6.6,1,1,1,1,1,1,1,1,72.1875,11.230330655587395,7.264123214285715,7.996773460548217,72.1875,9.736585196699465,6.571087896825395,7.0568769980806305
768,1,nitrogen_gas_leak,6.4,1,1,1,1,1,1,1,1,72.225,11.031283464060628,7.165216468253968,7.728930849384325,72.225,9.570533904552946,6.712674007936514,7.052805512866703
769,1,nitrogen_gas_leak,6.2,1,1,1,1,1,1,1,1,72.225,10.780318859145538,6.5213214285714285,7.2140250802079695,72.225,9.337505723377419,6.021232683982688,6.783301287843365
770,1,nitrogen_gas_leak,6.0,1,1,1,1,1,1,1,1,72.30000000000001,10.81611906073023,6.352848611111111,7.851518611355438,72.30000000000001,9.047239836395676,5.953843452380953,6.502980913333664
771,1,nitrogen_gas_leak,5.8,1,1,1,1,1,1,1,1,71.8,9.909006590000551,5.993682738095231,6.709488758242245,71.8,8.471312051645135,5.77951091269841,6.484872801207859
772,1,nitrogen_gas_leak,5.6,1,1,1,1,1,1,1,1,72.30000000000001,10.256338788507136,5.714421428571428,7.031760040026077,72.30000000000001,8.535615655692084,5.641332936507938,5.8887817882966464
773,1,nitrogen_gas_leak,5.4,1,1,1,1,1,1,1,1,72.225,9.91205265630343,5.7799545634920655,7.499196214684881,72.225,8.475781227294995,5.336186255411252,5.876618797106728
774,1,nitrogen_gas_leak,5.2,1,1,1,1,1,1,1,1,71.8,9.245686803040009,6.8285869047619006,8.537689832507853,71.8,7.875699151632574,5.9049043650793696,6.5301406575354575
775,1,nitrogen_gas_leak,5.0,1,1,1,1,1,1,1,1,71.8,8.968943644007638,5.310592063492067,6.662534179170031,71.8,7.657279467163647,4.927619246031746,5.767686145287672
776,1,nitrogen_gas_leak,4.8,1,1,1,1,1,1,1,1,72.225,9.242399585115727,4.9678773809523795,6.492375895073935,72.225,7.865714498229593,4.700885064935062,5.2942651553187225
777,1,nitrogen_gas_leak,4.6,1,1,1,1,1,1,1,1,71.8,8.530127522297768,4.829224007936508,5.715835587359737,71.8,7.25774399915219,4.486950595238095,5.213264033648113
778,1,nitrogen_gas_leak,4.4,1,1,1,1,1,1,1,1,72.0125,9.017006397719172,5.730701190476193,7.232934868018492,72.0125,7.729158573462783,4.692683134920635,5.258908197265162
779,1,nitrogen_gas_leak,4.2,1,1,1,1,1,1,1,1,72.1875,8.643103623217357,4.3533607142857145,5.537546674863113,72.1875,7.349157030927884,4.251149206349206,4.580953987628109
780,1,nitrogen_gas_leak,4.0,1,1,1,1,1,1,1,1,72.30000000000001,8.482575487530134,4.204845238095238,5.7806192522494255,72.30000000000001,7.001435180606656,4.042373809523812,4.581884876525938
781,1,nitrogen_gas_leak,3.8,1,1,1,1,1,1,1,1,72.1875,8.342276020452147,4.04025476190476,4.96536878320477,72.1875,6.980979400520944,3.8186793650793645,4.192028537020926
782,1,nitrogen_gas_leak,3.6,1,1,1,1,1,1,1,1,71.8,7.394867790768686,3.928881547619049,5.525490146425937,71.8,6.250658053141308,3.6597537698412697,4.341914813755952
783,1,nitrogen_gas_leak,3.4,1,1,1,1,1,1,1,1,71.8,7.157724165349457,3.833316666666664,5.74777228679374,71.8,6.036416440310397,3.334163690476188,4.234925475316613
784,1,nitrogen_gas_leak,3.2,1,1,1,1,1,1,1,1,72.1875,7.4428029652736,3.3761785714285693,4.723467726714609,72.1875,6.32425207030164,3.1902920634920626,3.6614823229157163
785,1,nitrogen_gas_leak,3.0,1,1,1,1,1,1,1,1,71.8,6.656562760338268,3.3566964285714285,5.459305485038506,71.8,5.605108742302583,3.0044833333333325,3.7688318685144986
786,1,nitrogen_gas_leak,2.8,1,1,1,1,1,1,1,1,71.8,6.4207576666400925,2.9410363095238132,5.031782189308352,71.8,5.386817012711461,2.6733293650793644,3.4908908832518715
787,1,nitrogen_gas_leak,2.6,1,1,1,1,1,1,1,1,72.1875,6.777281075002371,3.017818452380949,4.463589779396402,72.1875,5.716856007308827,2.7415839285714294,3.0974377442509176
788,1,nitrogen_gas_leak,2.4,1,1,1,1,1,1,1,1,72.225,6.5070450714847325,3.7017500000000005,5.59160882027746,72.225,5.39994517440514,2.7899476190476182,3.4627377021053753
789,1,nitrogen_gas_leak,2.2,1,1,1,1,1,1,1,1,72.225,6.273836013645102,3.239928571428573,5.508330898199539,72.225,5.194220288653554,2.1839595238095244,3.2793668687720414
790,1,nitrogen_gas_leak,2.0,1,1,1,1,1,1,1,1,72.0125,6.0116546327830065,2.6209003968253946,4.017567281385643,72.0125,5.0796418894593955,2.257210912698414,2.6985427319067776
791,1,nitrogen_gas_leak,1.8,1,1,1,1,1,1,1,1,72.0125,5.5135263196953375,1.9452811507936512,4.4391587853283925,72.0125,4.627457034517789,1.741737698412699,2.469120076608854
792,1,nitrogen_gas_leak,1.6,1,1,1,1,1,1,1,1,72.0125,4.821917018774542,2.728169444444445,5.341954403742342,72.0125,3.9998037564239795,1.8950623015873027,2.8631869804259473
793,1,nitrogen_gas_leak,1.4,1,1,1,1,1,1,1,1,72.225,5.2818981621787415,1.8303043650793651,4.055806468668054,72.225,4.520424560735705,1.5554924603174596,2.0864338664710917
794,1,nitrogen_gas_leak,1.2,1,1,1,1,1,1,1,1,72.30000000000001,5.283290420400668,1.7839103174603188,4.145355469020629,72.30000000000001,4.215823961541652,1.386421825396827,2.1898341439010425
795,1,nitrogen_gas_leak,1.0,1,1,1,1,1,1,1,1,71.8,4.302557371114851,1.788436904761906,3.597433855272564,71.8,3.5282243871688905,1.123708134920635,2.0238694982777825
796,1,nitrogen_gas_leak,0.8,1,1,1,1,1,1,1,1,72.30000000000001,4.703198849462019,2.334664285714287,5.119357509758424,72.30000000000001,3.675479455741481,1.66099662698413,2.387595800808695
797,1,nitrogen_gas_leak,0.6,1,1,1,1,1,1,1,1,72.30000000000001,4.453272323889664,2.8519714285714275,6.391178601730487,72.30000000000001,3.45085710227071,1.8050656746031777,2.8021692978243165
798,1,nitrogen_gas_leak,0.4,1,1,1,1,1,1,1,1,72.30000000000001,4.287398378453425,2.1589589285714297,5.766540185002019,72.30000000000001,3.335394369902758,1.5561132936507966,2.411146484277056
799,1,nitrogen_gas_leak,0.2,1,1,1,1,1,1,1,1,71.8,3.3468013163221,1.9192928571428565,4.427556357675648,71.8,2.6837834168361923,0.9501849206349202,1.8052080848694931
800,1,nitrogen_gas_leak,0.0,1,1,2,1,1,1,1,1,72.30000000000001,3.910732792283895,3.253910714285711,6.487438736663662,72.30000000000001,3.0214173907988098,1.725188690476194,2.541660685648227
801,2,worn_seal,99.8,1,0,0,0,1,0,2,0,71.8,91.90839208686495,95.5019265770623,94.63248815730952,71.8,94.10232870285299,96.95715020261969,96.0724480577452
802,2,worn_seal,99.6,1,0,0,0,1,0,2,0,72.0125,91.47430380632252,96.23499601344754,94.60196382115431,72.0125,93.89721561457407,96.72816006383214,96.03775257439177
803,2,worn_seal,99.4,1,0,0,0,1,0,2,0,71.8,91.74960911529695,94.63386513165109,93.46588577292897,71.8,93.93200407085959,96.47063472705663,95.16066934110282
804,2,worn_seal,99.2,1,0,0,0,1,0,2,0,72.1875,91.67067827678298,94.8582674141741,93.73892327624338,72.1875,93.84010349697834,95.9788604446072,95.23372502816845
805,2,worn_seal,99.0,1,0,0,0,1,0,2,0,72.225,91.108702136353,94.52545426528079,93.88470105481544,72.225,93.71260471515129,95.72386821086917,94.91092266698635
806,2,worn_seal,98.8,1,0,2,0,1,0,2,0,72.1875,91.31633558829928,96.54973507624194,94.53993697781404,72.1875,93.61266670215238,96.83378963455603,95.99976373552349
807,2,worn_seal,98.6,1,0,2,0,1,0,2,2,72.225,90.9049424082186,95.12809084198585,94.08432430032305,72.225,93.57593896551303,96.15964803304283,94.6278889921468
808,2,worn_seal,98.4,1,0,2,0,1,0,2,2,72.30000000000001,91.2764385604271,96.30191303481178,94.74652842152963,72.30000000000001,93.80233761522592,97.33553157518776,96.21225672669729
809,2,worn_seal,98.2,1,0,2,0,1,0,2,2,72.225,90.77309212504771,95.78331385934013,94.63973211654093,72.225,93.3055928720937,97.1381473412259,95.55135342939208
810,2,worn_seal,98.0,1,0,2,0,1,0,2,2,72.0125,90.98847466064693,94.97069681582514,94.24870671935611,72.0125,93.36211011842255,96.7236045972328,95.7884725514454
811,2,worn_seal,97.8,1,0,2,0,1,0,2,2,71.8,91.0877852330812,95.75383239896655,93.76339935028649,71.8,93.25056517062217,96.66165407433773,95.24220655297304
812,2,worn_seal,97.6,1,0,2,0,1,0,2,2,72.1875,90.48500917870942,95.48060169804685,94.22887010545485,72.1875,92.99658842940804,96.6485763529116,95.57245538927533
813,2,worn_seal,97.4,1,0,2,0,1,0,2,2,72.225,90.44863956697253,95.09460755455022,94.18527646457122,72.225,92.88240850126309,96.50619924144655,95.41390485251927
814,2,worn_seal,97.2,1,0,2,0,1,0,2,2,72.1875,90.61096951279478,96.25318159000697,94.42677428078066,72.1875,92.89922724991722,96.72495163128326,95.85390227624839
815,2,worn_seal,97.0,1,0,2,0,1,0,2,2,71.8,90.72469809735226,95.39110630442306,94.12219851526608,71.8,92.9035486001364,96.2499972570046,95.49867114649085
816,2,worn_seal,96.8,1,0,2,0,1,0,2,2,72.0125,90.1915042814997,94.71854184737242,93.31259216196753,72.0125,92.56594951184466,96.05169329293261,94.93429384005317
817,2,worn_seal,96.6,1,0,2,0,1,0,2,2,72.225,90.05609522483533,94.58222766538732,93.251628110817,72.225,92.59060576595525,95.39950841091213,94.43872826305687
818,2,worn_seal,96.4,1,0,2,0,1,0,2,2,72.225,90.01402852048805,94.68455487773302,93.3731631828091,72.225,92.41239691172497,95.4845010876606,94.38695682822028
819,2,worn_seal,96.2,1,0,2,0,1,0,2,2,72.0125,90.47647710629006,95.45870613038461,93.81474584007984,72.0125,92.80708441178164,95.87199822690388,94.61698527598048
820,2,worn_seal,96.0,1,0,2,2,1,0,2,2,71.8,90.33438391318924,94.68959512524522,93.38510491124272,71.8,92.49450928165467,95.48960776556791,94.81458881192228
821,2,worn_seal,95.8,1,0,0,0,1,0,2,2,72.225,89.66200689305843,93.46299809901011,92.45896297830194,72.225,92.28770275881386,94.90108558337184,93.22648196853224
822,2,worn_seal,95.6,1,0,2,0,1,0,2,2,72.225,89.6117941164777,93.00370417808347,91.5154215533628,72.225,92.1145233786261,94.34965369190697,93.2089936431697
823,2,worn_seal,95.4,1,0,0,0,1,0,2,0,71.8,90.05476542356791,93.15226180071377,91.7034558550663,71.8,92.22141763654102,93.15803650078371,92.50878144063762
824,2,worn_seal,95.2,1,0,0,0,1,0,2,0,72.30000000000001,89.91372676917514,91.9901607232319,91.41991399819393,72.30000000000001,92.43041931071488,92.04351181525644,91.90110634624847
825,2,worn_seal,95.0,1,0,0,0,1,0,2,2,72.0125,89.26997402529673,94.14547766847382,92.14066007981864,72.0125,91.62342093191394,94.57011396086291,93.31143757040213
826,2,worn_seal,94.8,1,0,2,0,1,0,2,2,72.30000000000001,89.66304520517807,94.25518987843505,92.35063495518763,72.30000000000001,92.17158480718251,94.39459389118056,92.89569726697918
827,2,worn_seal,94.6,1,0,2,0,1,0,2,2,72.30000000000001,89.58661335784838,94.2217758262922,91.93210588609509,72.30000000000001,92.09546556335908,94.40067249715516,92.58791952789103
828,2,worn_seal,94.4,1,0,2,0,1,0,2,2,71.8,89.67065147739929,94.351540320301,91.66061719669298,71.8,91.80096288301415,94.54830098713552,92.80247638369163
829,2,worn_seal,94.2,1,0,2,2,1,0,2,2,72.0125,89.3717428487801,93.74683182523188,91.52481501020299,72.0125,91.68191540764762,94.2741131686004,91.91585068248179
830,2,worn_seal,94.0,1,0,2,0,1,0,2,2,72.225,88.88744608762418,91.06451433156279,87.51338423922874,72.225,91.34171480761145,93.45561755780176,89.72801599356497
831,2,worn_seal,93.8,1,0,0,0,1,0,2,2,72.225,88.77625360779204,90.59617879589582,86.59174941915548,72.225,91.2850566822071,93.09391351333852,88.25584959376017
832,2,worn_seal,93.6,1,0,0,3,1,0,2,2,72.30000000000001,89.05273847198723,92.50915833337513,87.37410558128774,72.30000000000001,91.55348335654172,93.92665309881232,87.92070078042507
833,2,worn_seal,93.4,1,0,0,3,1,0,2,3,72.30000000000001,89.06309925467531,83.53547550488344,84.84707479821886,72.30000000000001,91.57264442613851,87.66900834746056,86.07119560066545
834,2,worn_seal,93.2,1,0,3,3,1,0,2,3,72.0125,88.63618616011291,78.70976753135297,83.2478553504011,72.0125,90.95464925254667,82.33121664080006,84.04504009264771
835,2,worn_seal,93.0,1,0,2,3,1,0,2,2,71.8,89.08769479506097,88.40142459083474,85.36810153782471,71.8,91.20389594339271,88.13479039643735,86.85644199093399
836,2,worn_seal,92.8,1,0,3,3,1,0,2,3,72.225,88.39442965041883,78.37229023797887,82.94302141528325,72.225,90.6745185375587,83.98260789791006,83.82608747871224
837,2,worn_seal,92.6,1,0,2,3,1,0,2,2,72.225,88.24258958325449,81.75103172898669,82.90887545716541,72.225,90.68501178639224,85.38931216375566,84.33795344624845
838,2,worn_seal,92.4,1,0,2,3,1,0,2,2,72.30000000000001,88.59677366856393,86.94046984062284,85.80650391471731,72.30000000000001,91.10459503113933,90.03912007246176,87.75153904331047
839,2,worn_seal,92.2,1,0,2,3,1,0,2,2,72.225,88.08743567151154,85.55860783603025,85.06711533353608,72.225,90.42805516788046,88.49000116893562,86.961753621688
840,2,worn_seal,92.0,1,0,2,3,1,0,2,2,72.0125,88.4933627002631,87.34889124853531,86.801274554731,72.0125,90.76740582887845,89.78012521784369,87.81315242984296
841,2,worn_seal,91.8,1,0,2,2,1,0,2,2,72.225,87.84908325390649,87.46021676914565,85.73856396332597,72.225,90.32751256973421,88.93125100871126,87.26529343087434
842,2,worn_seal,91.6,1,0,2,2,1,2,2,2,72.1875,87.59538209346225,89.50445869674212,88.23889963369214,72.1875,90.21526417259031,89.37663889930913,88.8595971467831
843,2,worn_seal,91.4,1,3,2,2,1,3,2,2,72.0125,88.29986641155986,88.33528066735362,86.31920493008471,72.0125,90.56020547034711,90.08111916075623,87.0433827524104
844,2,worn_seal,91.2,1,3,2,2,1,2,2,2,72.30000000000001,87.97925164608974,89.7037077593207,87.3016187278609,72.30000000000001,90.47897654451667,90.41705047498341,88.66513505905036
845,2,worn_seal,91.0,1,0,3,2,1,2,2,2,71.8,88.16825069857182,89.71940134561397,87.387183178861,71.8,90.29472508063621,90.4467494394003,88.92860342663579
846,2,worn_seal,90.8,1,3,2,2,1,2,2,2,71.8,88.12362005823206,89.33642996313255,86.82138442569651,71.8,90.2223116269939,89.8584590427729,87.79953824354605
847,2,worn_seal,90.6,1,3,2,2,1,2,2,2,72.0125,87.30043058451312,89.21069284410665,86.87676734544058,72.0125,89.59492996311855,89.62769493712474,87.98869789598491
848,2,worn_seal,90.4,1,3,2,2,1,3,2,2,72.0125,87.59954805241074,89.32544187991232,86.759444323144,72.0125,89.86610009822215,89.8670402668833,87.5055324404967
849,2,worn_seal,90.2,1,3,2,2,1,2,2,2,72.225,87.10461680768093,88.93171984387217,86.8171710667554,72.225,89.54087791493026,89.9213634579335,88.0170507459988
850,2,worn_seal,90.0,1,3,2,2,1,2,2,2,72.30000000000001,87.48086623572044,88.56062018412838,86.22151469553918,72.30000000000001,89.98941750805875,89.53642435599738,88.16389828877708
851,2,worn_seal,89.8,1,3,2,2,1,2,2,2,71.8,87.67524673522429,89.01556681744219,87.50943233289648,71.8,89.77841519642074,89.15382230810806,87.98797435803776
852,2,worn_seal,89.6,1,3,2,2,1,3,2,2,72.1875,87.21513535231725,88.8479833219007,86.53037730170004,72.1875,89.43079744715142,89.52753720829132,87.83147934860322
853,2,worn_seal,89.4,1,3,2,2,1,2,2,2,71.8,87.45668055946231,87.2435403408902,86.34895485115808,71.8,89.58317322047156,88.2055988990589,87.1892374519841
854,2,worn_seal,89.2,1,3,2,2,1,2,2,2,72.1875,86.83606518055132,88.45662401384661,86.35923337312921,72.1875,89.18882617000862,89.10191835818927,87.31952474521734
855,2,worn_seal,89.0,1,3,2,2,1,2,2,2,71.8,87.32090108978038,88.24357240753857,86.23750588035286,71.8,89.41674265258668,88.48103055923033,87.39549608929443
856,2,worn_seal,88.8,1,3,2,2,1,3,2,2,72.225,86.50155343277626,88.48094932932938,86.17116632935068,72.225,88.73527328581126,88.89264873921235,87.32839453688138
857,2,worn_seal,88.6,1,3,2,2,1,2,2,2,72.1875,86.68727230889736,88.28202861855385,86.33439930014818,72.1875,88.93748083676314,88.59821262257088,87.5655178037914
858,2,worn_seal,88.4,1,3,2,2,1,2,2,2,72.225,86.24620224969446,88.04852770157613,86.80920558113445,72.225,88.65460659027784,88.18443342175097,87.49558326159593
859,2,worn_seal,88.2,1,3,2,2,1,3,2,2,72.1875,86.82448705451452,86.7337682276979,85.48360733820499,72.1875,88.83288344062534,87.7872937588526,86.43063855966972
860,2,worn_seal,88.0,1,3,2,2,1,2,2,2,72.30000000000001,86.4615894627915,87.36764577721875,86.33225313145832,72.30000000000001,88.96832845245473,87.86359859528493,86.90578702767709
861,2,worn_seal,87.8,1,3,2,2,1,2,2,2,71.8,86.76958484308128,87.61404217405133,86.95888983434428,71.8,88.86692466790441,87.76911343719763,87.00242273842665
862,2,worn_seal,87.6,1,3,2,2,1,2,2,2,72.30000000000001,86.34382321303924,86.95496386826748,86.3932944083176,72.30000000000001,88.85884817609038,87.28411756260179,86.9186665985581
863,2,worn_seal,87.4,1,3,2,2,1,3,2,2,72.225,85.83081322588106,86.87039794493438,85.07529450763657,72.225,88.03719701613223,87.46499008670628,86.42656427803954
864,2,worn_seal,87.2,1,3,2,2,1,2,2,2,72.1875,85.98128950057338,86.85813866444545,86.0207385284546,72.1875,88.26224875795016,86.83562608247972,86.52959466403283
865,2,worn_seal,87.0,1,3,2,2,1,3,2,2,72.0125,85.92183761710709,86.61378429536607,85.48388051227063,72.0125,88.16741759718667,86.88228913503977,86.09272216980948
866,2,worn_seal,86.8,1,3,2,2,1,2,2,2,72.0125,85.33615311599071,85.82059437614038,85.67825022171517,72.0125,87.61399099416155,86.4826968634652,86.22339734095995
867,2,worn_seal,86.6,1,3,2,2,1,2,2,2,72.225,85.3674795240812,85.82562702076596,84.55134987571527,72.225,87.78234408969975,86.34243248684328,86.10905290921599
868,2,worn_seal,86.4,1,3,2,2,1,2,2,2,71.8,86.14129499449729,85.410084251192,85.0569119056544,71.8,88.23179711021852,86.17424652777787,85.59595054032881
869,2,worn_seal,86.2,1,3,2,2,1,2,2,2,71.8,86.03242552443288,85.28224278599087,85.16839889630006,71.8,88.1318385694463,85.87627275890202,85.3783586162725
870,2,worn_seal,86.0,1,3,2,2,1,2,2,2,72.30000000000001,85.60910623871823,85.71836680514963,85.51822026600354,72.30000000000001,88.1361299359897,85.99954496054656,85.43918784057631
871,2,worn_seal,85.8,1,3,2,2,1,2,2,2,72.1875,84.95946196812243,85.29700287437917,84.54064324390018,72.1875,87.49730898568221,85.84832457442825,85.29099950184431
872,2,worn_seal,85.6,1,3,2,2,1,2,2,2,71.8,85.74594563964399,84.99894818613048,84.77361884950335,71.8,87.85375259681638,85.58867356150796,84.77074985337288
873,2,worn_seal,85.4,1,3,2,2,1,3,2,2,71.8,85.64062973343071,84.05313394076784,83.65090885113938,71.8,87.75766125121459,85.00776018270685,84.56447232248367
874,2,worn_seal,85.2,1,3,2,2,1,3,2,2,72.0125,85.1883426561426,84.59416930449039,84.0794683114419,72.0125,87.41546041443019,84.93870920213877,84.68314409608443
875,2,worn_seal,85.0,1,3,2,2,1,2,2,2,71.8,85.47804630321505,84.59139755144433,84.24970979511669,71.8,87.57871248393286,84.7682641279496,84.43464737543978
876,2,worn_seal,84.8,1,3,2,2,1,2,2,2,72.1875,84.79074064724352,84.37794455142206,84.15795291904053,72.1875,87.09589065369948,84.7472335735809,84.34010263770348
877,2,worn_seal,84.6,1,3,2,2,1,2,2,2,72.1875,84.53118968481509,84.42328731242645,84.12915745520274,72.1875,86.9553910763585,84.42453696638105,84.30336973968885
878,2,worn_seal,84.4,1,3,2,2,1,2,2,2,72.225,84.26924936674776,83.49333038135117,84.24742715622307,72.225,86.69761779142803,84.70307902773864,84.18859038526324
879,2,worn_seal,84.2,1,3,2,2,1,2,2,2,72.1875,84.16852335434399,83.87527853152638,83.65980390272179,72.1875,86.71584983217232,83.9392315341273,84.06380478736097
880,2,worn_seal,84.0,1,3,2,2,1,2,2,2,72.30000000000001,84.61441109315574,83.3522635701701,83.37131471675588,72.30000000000001,87.15466050000613,83.82453576850193,83.78103784274975
881,2,worn_seal,83.8,1,3,2,2,1,2,2,2,72.30000000000001,84.43817797217972,83.67014784026301,83.59707376325404,72.30000000000001,86.97378263285948,83.61307977036739,83.65448084850064
882,2,worn_seal,83.6,1,3,2,2,1,3,2,2,72.0125,84.70048174443863,82.35122444538774,81.81306687182172,72.0125,86.90112275893975,83.55134252831598,82.92848879831858
883,2,worn_seal,83.4,1,3,2,2,1,3,2,2,72.0125,84.66933796829633,82.29103186236063,81.94875152626238,72.0125,86.86531127766997,83.04261989408813,82.75395685130107
884,2,worn_seal,83.2,1,3,2,2,1,3,2,2,72.1875,84.22584804469719,82.49980267909982,82.02238314591787,72.1875,86.37262830993339,83.04969479166661,82.65745629497178
885,2,worn_seal,83.0,1,3,2,2,1,3,2,2,72.0125,83.92885637384276,82.78859196428559,82.63347479832018,72.0125,86.16162093971653,82.89376638082142,82.78714338652414
886,2,worn_seal,82.8,1,3,2,2,1,2,2,2,72.30000000000001,84.02718331726388,82.54468452380952,82.48635004020578,72.30000000000001,86.58133385432396,82.70350350578629,82.74130148795622
887,2,worn_seal,82.6,1,3,2,2,1,2,2,2,72.225,83.38350983268114,82.56823645069633,82.52897222323581,72.225,85.76210107148475,82.56969491987705,82.23763236042755
888,2,worn_seal,82.4,1,3,2,2,1,2,2,2,72.225,83.32474496026714,82.24946049564527,82.19510876334202,72.225,85.58344173363457,82.265267448737,82.14911761071959
889,2,worn_seal,82.2,1,3,2,2,1,3,2,2,72.0125,83.68968278037272,82.26570535714276,81.66819749884232,72.0125,85.91266951770433,82.2928178070328,81.94828226674571
890,2,worn_seal,82.0,1,3,2,2,1,3,2,2,72.0125,83.47595326988235,82.1019198807668,81.89394415627656,72.0125,85.70615536047336,81.93341687685319,81.89076772994353
891,2,worn_seal,81.8,1,3,2,2,1,2,2,2,72.225,83.00034068473308,81.9052372923237,81.78472421660302,72.225,85.30843327806387,81.93180157572111,81.70613457853013
892,2,worn_seal,81.6,1,3,2,2,1,3,2,2,72.30000000000001,83.52444663142867,81.38223171087805,81.88530429638524,72.30000000000001,86.10002508730076,81.51636539709929,81.42755729904695
893,2,worn_seal,81.4,1,3,2,2,1,2,2,2,72.30000000000001,83.28095383778414,81.45266338392672,81.43619005534875,72.30000000000001,85.84687707015176,81.25527205808987,81.36112399388043
894,2,worn_seal,81.2,1,3,2,2,1,3,2,2,72.1875,83.3767459841878,80.91833204543128,80.86086677330658,72.1875,85.42540187811784,81.26453303571431,81.14534736896623
895,2,worn_seal,81.0,1,3,2,2,1,3,2,2,71.8,83.56043815774075,81.07349697420628,80.94484477312433,71.8,85.68605639819242,81.05327664592348,80.95984088945312
896,2,worn_seal,80.8,1,3,2,2,1,3,2,2,71.8,83.45141121538634,80.4546984623016,80.59706622814565,71.8,85.58603827832705,80.69987058531741,80.6702526816262
897,2,worn_seal,80.6,1,3,2,2,1,3,2,2,72.1875,82.89249131956664,80.44853144826057,80.57583854639117,72.1875,85.07975119340384,80.62959558531753,80.58922867973187
898,2,worn_seal,80.4,1,3,2,2,1,3,2,2,71.8,83.27919228431205,80.23636922251127,80.47280373359904,71.8,85.40356268284762,80.29540634926981,80.4293463288035
899,2,worn_seal,80.2,1,3,2,2,1,3,2,2,72.1875,82.85778181924415,80.13506279761903,80.40282456167868,72.1875,84.92562164208871,80.1891344246032,80.26553046472672
900,2,worn_seal,80.0,1,3,2,2,1,3,2,2,72.0125,82.75043603963854,79.87432703373021,80.08945688844045,72.0125,84.96554196598285,80.13445131461431,80.12243063982112
901,2,worn_seal,79.8,1,3,2,2,1,3,2,2,71.8,82.96250330276027,79.88373988095242,79.96697992213429,71.8,85.10869009090686,79.86725798611099,79.86345272316353
902,2,worn_seal,79.6,1,3,2,2,1,3,2,2,72.1875,82.5382036677446,79.64118705357137,79.93351098141714,72.1875,84.62488813380455,79.7411783234127,79.72126592840672
903,2,worn_seal,79.4,1,3,2,2,1,3,2,2,72.30000000000001,82.36234986455091,79.14110543154766,79.62326888599893,72.30000000000001,84.96716897976438,79.35766555300376,79.5399017377329
904,2,worn_seal,79.2,1,3,2,2,1,3,2,2,71.8,82.70651346957983,79.60358412823624,79.96731399241132,71.8,84.83643850411963,79.45766484036791,79.52209825990543
905,2,worn_seal,79.0,1,3,2,2,1,3,2,2,71.8,82.58506252277803,78.81034394841271,79.2736875117395,71.8,84.73047285175068,78.91410253878067,79.04222054979554
906,2,worn_seal,78.8,1,3,2,2,1,3,2,2,72.30000000000001,82.04159330730374,78.61021681547624,79.0687353588749,72.30000000000001,84.65432057106301,78.77777570636344,78.95181549955251
907,2,worn_seal,78.6,1,3,2,2,1,3,2,2,72.0125,82.14559088735288,79.09981040853249,79.62783543821729,72.0125,84.36041669236266,79.00679046255085,79.31360293627758
908,2,worn_seal,78.4,1,3,2,2,1,2,2,2,72.0125,81.22852382852021,79.13293165513826,79.18934965300258,72.0125,83.49911199208601,78.81106264880954,79.06200636059948
909,2,worn_seal,78.2,1,3,2,2,1,3,2,2,72.1875,81.65555909733484,78.32757008928566,78.70729204782191,72.1875,83.87716575398291,78.29572224702382,78.57399679918963
910,2,worn_seal,78.0,1,3,2,2,1,3,2,2,71.8,82.10779389764866,78.74193562309559,79.16576615248799,71.8,84.2506778490915,78.52271593163785,78.54184695278776
911,2,worn_seal,77.8,1,3,2,2,1,2,2,2,72.30000000000001,81.48905715050316,78.21550349025975,78.65609195960181,72.30000000000001,84.11549753472437,78.32341853138934,78.3876995537085
912,2,worn_seal,77.6,1,3,2,2,1,3,2,2,72.0125,81.4303601842785,78.47065688310559,78.80910032477979,72.0125,83.6647970894159,78.30994273871889,78.51027012971858
913,2,worn_seal,77.4,1,3,2,2,1,3,2,2,71.8,81.81034970540287,78.59385913500036,78.85638530000192,71.8,83.95968937532115,78.64033740079377,78.2871311341851
914,2,worn_seal,77.2,1,2,1,2,1,2,2,2,72.1875,73.46522052104184,75.5773724298295,71.79035314405556,72.1875,70.43914940540532,76.10504970438294,75.51801855228746
915,2,worn_seal,77.0,1,2,2,2,1,2,2,2,72.30000000000001,73.72652167425784,75.74870238095235,74.37024631393874,72.30000000000001,70.09173213840182,76.2463168727106,76.16691184112078
916,2,worn_seal,76.8,1,2,2,2,1,2,2,2,72.1875,72.9799893506809,75.5970349298295,73.12975562698341,72.1875,69.7842152672237,76.12843988295435,75.6328402746326
917,2,worn_seal,76.6,1,2,2,2,1,2,2,2,72.30000000000001,73.27474182456449,75.36984543650787,74.467528172795,72.30000000000001,69.50108317589626,76.03544142032639,76.01871131038432
918,2,worn_seal,76.4,1,2,2,2,1,2,2,2,72.0125,72.85607895586347,75.62331374007938,74.39301991170632,72.0125,69.37158724397617,75.9009779265873,75.66364511913716
919,2,worn_seal,76.2,1,2,2,2,1,2,2,2,72.1875,72.82069183592844,75.58661154999135,74.37259931893584,72.1875,69.15713966841048,75.75039122023814,75.39942700207533
920,2,worn_seal,76.0,1,2,2,2,1,2,2,2,72.30000000000001,72.80592406432774,75.52045416666664,74.7052087370377,72.30000000000001,68.86972089069714,75.91622252747254,75.3124794700434
921,2,worn_seal,75.8,1,2,2,2,1,2,2,2,72.30000000000001,72.58981847284095,74.92132996031742,74.24864419912984,72.30000000000001,68.6058736576766,75.34345183699307,75.20651008928623
922,2,worn_seal,75.6,1,2,2,2,1,2,2,2,72.0125,71.91234366358688,75.3563904761904,73.93383206208891,72.0125,68.27596748315229,75.72763611111105,75.07848266447817
923,2,worn_seal,75.4,1,2,2,2,1,2,2,2,72.0125,72.08384823929937,74.78305342261902,73.55606871853851,72.0125,68.38420607609162,75.09456512896818,74.52883894845397
924,2,worn_seal,75.2,1,2,2,2,1,2,2,2,72.1875,71.68458607339169,74.5871619047619,73.66045511667102,72.1875,68.0596310867964,75.14839536831334,74.56037025162291
925,2,worn_seal,75.0,1,2,2,2,1,2,2,2,72.1875,71.34811667271518,72.79046329365082,72.5146430727867,72.1875,67.81956927071737,74.6085703232196,74.07424262191866
926,2,worn_seal,74.8,1,2,2,2,1,2,2,2,72.0125,71.44156789474044,74.58940753968251,73.57967474957593,72.0125,67.64599005966922,74.65162465277774,74.24537451845687
927,2,worn_seal,74.6,1,2,2,2,1,2,2,2,71.8,70.79064180300719,74.62216081349214,74.0664378897175,71.8,67.54459767493643,74.90376532968807,73.8918822981936
928,2,worn_seal,74.4,1,2,2,2,1,2,2,2,71.8,70.6193895498719,73.63943323412697,72.94289275196095,71.8,67.35265681036798,74.2347953148071,73.5933227611151
929,2,worn_seal,74.2,1,2,2,2,1,2,2,2,71.8,70.44690738267508,72.78651284271285,72.40703829205857,71.8,67.1596270689424,73.62042247254516,73.19741069224855
930,2,worn_seal,74.0,1,2,2,2,1,2,2,2,72.1875,71.22988574300736,73.63235095598841,72.81488818291243,72.1875,67.0741352460337,73.74212893217889,73.42184397351625
931,2,worn_seal,73.8,1,2,2,2,1,2,2,2,72.30000000000001,71.1964456286675,73.31445019841273,72.54361600315,72.30000000000001,66.85838046541616,73.6880662008131,73.22361151035564
932,2,worn_seal,73.6,1,2,2,2,1,2,2,2,72.225,71.0265733041016,73.76160793650793,73.1324764903128,72.225,66.98593670825345,73.70663333333334,73.11200431011746
933,2,worn_seal,73.4,1,2,2,2,1,2,2,2,71.8,69.84140286897318,72.42680093795099,71.91029479772507,71.8,66.46364333071753,73.26654066559405,72.49314166217655
934,2,worn_seal,73.2,1,2,2,2,1,2,2,2,72.1875,70.04398896332115,72.71774336219336,71.82381958657079,72.1875,66.22377470790846,73.62588188075922,72.22319961327605
935,2,worn_seal,73.0,1,2,2,2,1,2,2,2,72.1875,70.12138727910234,72.99998627344873,72.25695573500656,72.1875,66.10866521298016,73.06748025287322,72.28374919250712
936,2,worn_seal,72.8,1,2,2,2,1,2,2,2,72.1875,70.5020356608024,71.525919312632,71.7610864639886,72.1875,66.0729706130558,72.47715678391991,72.24118675928541
937,2,worn_seal,72.6,1,2,2,2,1,2,2,2,71.8,69.23790014659555,71.82859657287156,71.22099104203737,71.8,65.76812689665678,72.61278183443211,71.71033710430366
938,2,worn_seal,72.4,1,2,2,2,1,2,2,2,71.8,69.10270106406843,71.8187287157287,71.21034848811192,71.8,65.6080940488387,72.19852450627532,71.47883160129415
939,2,worn_seal,72.2,1,2,2,2,1,2,2,2,72.1875,69.70305526022926,71.96213869047615,71.54714248479517,72.1875,65.47894029595889,72.12034662698409,71.6921406221392
940,2,worn_seal,72.0,1,2,2,2,1,2,2,2,72.30000000000001,69.8872525327867,71.81186408730156,71.14473694283771,72.30000000000001,65.3087207867217,72.0237785880786,71.62291465177728
941,2,worn_seal,71.8,1,2,2,2,1,2,2,2,72.0125,69.78150530618659,71.66238856186398,70.89204545721329,72.0125,65.54471407949204,71.97592242063487,71.29954837040663
942,2,worn_seal,71.6,1,2,2,2,1,2,2,2,72.0125,68.89747791460692,71.56975595238089,70.69110095512417,72.0125,64.68864086078582,71.62852083333321,71.2103501927801
943,2,worn_seal,71.4,1,2,2,2,1,2,2,2,72.30000000000001,69.41635427601507,71.37978452380956,70.08716161339439,72.30000000000001,64.76246515893749,71.46838443223446,70.94068630720415
944,2,worn_seal,71.2,1,2,2,2,1,2,2,2,72.225,69.27563737431035,71.43189393054575,70.0914254245275,72.225,65.02567795471732,71.31186577380953,70.52501536367242
945,2,worn_seal,71.0,1,2,2,2,1,2,2,2,72.30000000000001,69.11134104226909,70.9259190476191,70.45809266958233,72.30000000000001,64.4062273697424,70.90709375312193,70.6105248912544
946,2,worn_seal,70.8,1,2,2,2,1,2,2,2,72.225,69.03527688708164,70.94368412698412,70.37350262233416,72.225,64.62799643941487,70.80401726190486,70.38808478937068
947,2,worn_seal,70.6,1,2,2,2,1,2,2,2,72.1875,68.90006122025115,70.19337936507931,69.90807018807122,72.1875,64.2508761812599,70.54430694444436,70.39976706006149
948,2,worn_seal,70.4,1,2,2,2,1,2,2,2,72.0125,68.7416440452737,70.36106587301589,69.3896592581334,72.0125,64.35916813907158,70.56481686507934,69.75077681643492
949,2,worn_seal,70.2,1,2,2,2,1,2,2,2,72.0125,68.55741928148967,69.90945505952385,69.11140517111716,72.0125,64.15817111742518,70.18843849206347,69.41525885239835
950,2,worn_seal,70.0,1,2,2,2,1,2,2,2,71.8,67.38706384127795,69.92071413690478,69.16806054939774,71.8,63.667936321377304,69.89769791897379,69.33734883848591
951,2,worn_seal,69.8,1,2,2,2,1,2,2,2,72.0125,68.11793099743,69.7614613095239,68.77964673824486,72.0125,63.68911166911473,69.62405813492065,69.07307478184958
952,2,worn_seal,69.6,1,2,2,2,1,2,2,2,72.30000000000001,68.05782553705417,69.93923968253968,68.4186001723461,72.30000000000001,63.20855099510498,69.79075407509166,69.3171008023774
953,2,worn_seal,69.4,1,2,2,2,1,2,2,2,72.30000000000001,67.9147650855482,69.61612976671425,68.40192361556954,72.30000000000001,63.046218669574316,69.30018740842493,69.1362345325361
954,2,worn_seal,69.2,1,2,2,2,1,2,2,2,71.8,66.83457357812797,68.07300099206346,67.63965605439327,71.8,63.041551769774784,68.75343526785714,68.69157097734262
955,2,worn_seal,69.0,1,2,2,2,1,2,2,2,72.30000000000001,67.70307616796757,68.96520482612425,68.48357148890207,72.30000000000001,62.80390879898142,68.77144013209013,68.39201286970338
956,2,worn_seal,68.8,1,2,2,2,1,2,2,2,72.1875,67.50142110755557,69.04540476190476,68.52235446947044,72.1875,62.78550882533544,68.98695535714286,68.60410276037766
957,2,worn_seal,68.6,1,2,2,2,1,2,2,2,71.8,66.37337743827773,68.63036866728997,68.01760986043938,71.8,62.5656909771934,68.47846299833884,67.95578123617196
958,2,worn_seal,68.4,1,2,2,2,1,2,2,2,72.1875,66.96358573697744,68.85493333333335,67.91704166839482,72.1875,62.40542774649411,68.77474702380954,68.26063761829877
959,2,worn_seal,68.2,1,2,2,2,1,2,2,2,72.1875,66.63924192582684,68.28966681096682,67.25950553489473,72.1875,62.20076590375756,68.05982126068378,67.90127988449463
960,2,worn_seal,68.0,1,2,2,2,1,2,2,2,72.1875,66.84117629133848,68.04107658730159,67.30043609412391,72.1875,62.134519582926245,67.91600002807348,67.67389601351097
961,2,worn_seal,67.8,1,2,2,2,1,2,2,2,72.30000000000001,66.87208481159314,67.94628710317463,67.2869992257095,72.30000000000001,61.87076569344217,67.83461547619054,67.38849394973231
962,2,worn_seal,67.6,1,2,2,2,1,2,2,2,72.1875,66.32244013678726,67.6231916666667,66.78800624579937,72.1875,61.75925781273817,67.38279308608065,67.09612124292947
963,2,worn_seal,67.4,1,2,2,2,1,2,2,2,72.30000000000001,66.50909165309639,67.7639885642136,66.57159389265553,72.30000000000001,61.467604916110226,67.44768658008662,67.05804047751622
964,2,worn_seal,67.2,1,2,2,2,1,2,2,2,72.0125,66.38246608503766,67.18525337301593,66.2550484063345,72.0125,61.73179239136315,67.06865119047615,66.57840924563521
965,2,worn_seal,67.0,1,2,2,2,1,2,2,2,72.30000000000001,66.27097384635688,67.14465800865806,66.51737098550409,72.30000000000001,61.204245126676554,66.82220602453107,66.73633200115745
966,2,worn_seal,66.8,1,2,2,2,1,2,2,2,71.8,65.12346113149633,66.87411636904766,66.25213738839321,71.8,61.19163855635604,66.88726160944998,66.42269388451945
967,2,worn_seal,66.6,1,2,2,2,1,2,2,2,72.225,66.12156512334991,66.50419404761905,66.04201489693695,72.225,61.31698626120268,66.69751111111113,66.53010611279589
968,2,worn_seal,66.4,1,2,2,2,1,2,2,2,71.8,64.8608688355396,66.74295021645031,65.70863145691388,71.8,60.89724910729112,66.39923982683983,65.95400102259254
969,2,worn_seal,66.2,1,2,2,2,1,2,2,2,72.0125,65.45235776034033,66.36849484126978,65.92566494039788,72.0125,60.74944361246666,66.23599702380943,65.47679211322537
970,2,worn_seal,66.0,1,2,2,2,1,2,2,2,72.30000000000001,65.67944041910322,66.2029819444444,65.17064710448415,72.30000000000001,60.55219504479796,66.10998611111111,65.66572187848013
971,2,worn_seal,65.8,1,2,2,2,1,2,2,2,72.0125,64.9270249582672,65.87723650793644,65.50385152347535,72.0125,60.2142748021245,65.81236249999996,65.28409034107419
972,2,worn_seal,65.6,1,2,2,2,1,2,2,2,72.225,65.41149694593133,65.53694836309522,64.9625996140821,72.225,60.593744119044544,65.54994920634917,65.30722197483378
973,2,worn_seal,65.4,1,2,2,2,1,2,2,2,72.0125,64.964269405508,65.46181845238092,65.1769360234841,72.0125,60.20425192168278,65.38529523809518,64.67824466804757
974,2,worn_seal,65.2,1,2,2,2,1,2,2,2,72.1875,64.53574242373159,65.51516349206348,64.87772487281573,72.1875,59.90357839697716,65.24379884004888,65.01321058658708
975,2,worn_seal,65.0,1,2,2,2,1,2,2,2,72.0125,63.99292479523076,63.80333244047617,63.681018597971864,72.0125,59.253974912790284,64.64575525306621,64.33636146829645
976,2,worn_seal,64.8,1,2,2,2,1,2,2,2,71.8,63.744991572664475,64.42253140331894,63.489804759287416,71.8,59.6971484852591,64.6640334325397,64.28669246731472
977,2,worn_seal,64.6,1,2,2,2,1,2,2,2,71.8,63.56056842954163,64.38860873015871,64.35820683722817,71.8,59.53341214200188,64.36665982373567,64.35157975916643
978,2,worn_seal,64.4,1,2,2,2,1,2,2,2,72.1875,64.45667002376577,64.58139583333336,64.11505582166821,72.1875,59.43061591263592,64.43027738095242,64.26058394186026
979,2,worn_seal,64.2,1,2,2,2,1,2,2,2,72.225,64.51805309781474,65.05801981966567,63.45511943077869,72.225,59.4074693552229,64.66703586309526,63.840282784102335
980,2,worn_seal,64.0,1,2,2,2,1,2,2,2,72.225,64.31441596039619,64.09408010912703,63.34239142242175,72.225,59.38321526166137,63.98302668650793,63.773588416877956
981,2,worn_seal,63.8,1,2,2,2,1,2,2,2,71.8,63.005778490199745,63.96133229166662,63.76259571895269,71.8,58.94751408232146,63.7583727205611,63.54653244970816
982,2,worn_seal,63.6,1,2,2,2,1,2,2,2,72.1875,63.765697769995526,63.83573214285713,63.42357763243095,72.1875,58.80272195693,63.640306349206384,63.45227472759063
983,2,worn_seal,63.4,1,2,2,2,1,2,2,2,72.30000000000001,63.759079155997796,63.786671428571424,63.16296836921546,72.30000000000001,58.470481073025034,63.613737301587335,63.204042383464596
984,2,worn_seal,63.2,1,2,2,2,1,2,2,2,72.1875,63.37478334676261,63.51271369047618,62.753106398933475,72.1875,58.47549958017174,63.120725992063534,62.95911755995476
985,2,worn_seal,63.0,1,2,2,2,1,2,2,2,72.30000000000001,63.575902771579266,63.31412142857143,62.27535815208425,72.30000000000001,58.27406095924381,63.16376904761908,62.72167730948293
986,2,worn_seal,62.8,1,2,2,2,1,2,2,2,72.30000000000001,63.46856428655666,62.9469446428571,62.41918661998265,72.30000000000001,58.160630581071416,62.74353323412704,62.661791664348215
987,2,worn_seal,62.6,1,2,2,2,1,2,2,2,72.0125,62.91515688430198,63.2266156746032,62.74365655454425,72.0125,58.01331950348632,63.055442261904815,62.32696346560641
988,2,worn_seal,62.4,1,2,2,2,1,2,2,2,72.0125,62.24558726222823,63.206449107142845,62.21606709779128,72.0125,57.37055893143283,63.02330982142855,61.976622757064604
989,2,worn_seal,62.2,1,2,2,2,1,2,2,2,72.0125,62.96589061926568,62.66983194444445,61.6795738264489,72.0125,58.023905863642604,62.40125218253972,61.565253318921144
990,2,worn_seal,62.0,1,2,2,2,1,2,2,2,72.0125,62.46960101855158,61.831791666666696,61.92132460610166,72.0125,57.54269843533853,61.49124107142857,61.61836909048946
991,2,worn_seal,61.8,1,2,2,2,1,2,2,2,72.0125,61.93058306160275,61.693836309523796,61.779226450700655,72.0125,57.02022197029478,61.39845178571428,61.39225309622128
992,2,worn_seal,61.6,1,2,2,2,1,2,2,2,72.30000000000001,62.669757760967805,62.366986210317485,60.90858583005371,72.30000000000001,57.31054279633767,62.30456398809527,61.45644720579284
993,2,worn_seal,61.4,1,2,2,2,1,2,2,2,72.30000000000001,62.41398762607412,61.55255337301588,60.77748715454497,72.30000000000001,57.03743614629648,61.324941071428576,61.25868696694183
994,2,worn_seal,61.2,1,2,2,2,1,2,2,2,72.225,62.34778172750284,61.30691964285712,60.668873208364296,72.225,57.38330366923317,61.29584384920635,61.05154824962367
995,2,worn_seal,61.0,1,2,2,2,1,2,2,2,72.225,62.29052044936403,61.014123214285746,60.378104126305935,72.225,57.08868348008719,61.03822142857146,60.63759969741179
996,2,worn_seal,60.8,1,2,2,2,1,2,2,2,72.30000000000001,62.10786829845745,61.33307797619049,60.27705924519533,72.30000000000001,56.72236324312481,61.012593452380976,60.819727026537485
997,2,worn_seal,60.6,1,2,2,2,1,2,2,2,72.0125,61.28320997380072,60.55581507936503,60.07622822592105,72.0125,56.31745939849019,60.61250277777776,60.14840883411691
998,2,worn_seal,60.4,1,2,2,2,1,2,2,2,71.8,60.68988377467321,60.53505707972586,60.117947992206666,71.8,56.49996408163531,60.4662404761905,60.21853319675614
999,2,worn_seal,60.2,1,2,2,2,1,2,2,2,72.1875,61.26892042222519,60.404739087301586,60.0937890207528,72.1875,56.27996854200981,60.26088621031746,59.91874269320556
1000,2,worn_seal,60.0,1,2,2,2,1,2,2,2,72.0125,60.64797327568791,60.440498611111025,59.73949827551651,72.0125,55.67726922977011,60.28639940476182,59.707183929874894
1001,2,worn_seal,59.8,1,2,2,2,1,2,2,2,71.8,60.23291725669678,59.96521726190482,59.68553094444488,71.8,56.05328575764362,59.802518452381,59.50845668750777
1002,2,worn_seal,59.6,1,2,2,2,1,2,2,2,72.0125,60.52031484188182,59.57460119047612,59.37479129127749,72.0125,55.525827385501685,59.5328115079365,58.947273210417045
1003,2,worn_seal,59.4,1,2,2,2,1,2,2,2,72.225,61.18234452768703,59.75901587301585,59.38059453439729,72.225,55.93311460789532,59.62557207341274,59.240170177768505
1004,2,worn_seal,59.2,1,2,2,2,1,2,2,2,72.225,61.03733892755011,59.33209940476189,58.919739402208194,72.225,55.80509994545715,59.143760763888935,59.184215494606825
1005,2,worn_seal,59.0,1,2,2,2,1,2,2,2,72.30000000000001,60.86189321821483,59.436966071428614,58.23424792995318,72.30000000000001,55.42124979859035,59.075853896103936,58.88445616034265
1006,2,worn_seal,58.8,1,2,2,2,1,2,2,2,72.1875,60.136018867423545,58.9710759920635,58.73744228507211,72.1875,55.22814584512737,58.788205059523804,58.54517877900601
1007,2,worn_seal,58.6,1,2,2,2,1,2,2,2,72.0125,59.96355796759865,59.215082539682534,58.63704170308403,72.0125,54.9328998540878,58.94803293650797,58.10779106618229
1008,2,worn_seal,58.4,1,2,2,2,1,2,2,2,72.0125,59.70360677575391,58.76980158730155,58.37411600715305,72.0125,54.67271765342202,58.52233055555556,57.76155847371138
1009,2,worn_seal,58.2,1,2,2,2,1,2,2,2,72.0125,59.49604403866468,58.374274801587234,58.11786893859618,72.0125,54.46463987585942,58.03878928571423,57.71531232548617
1010,2,worn_seal,58.0,1,2,2,2,1,2,2,2,72.225,60.24643891843313,58.74063630952376,57.603123372634315,72.225,54.85455210386958,58.4880118818681,57.60550747334913
1011,2,worn_seal,57.8,1,2,2,2,1,2,2,2,72.30000000000001,59.88503954890036,58.42784970238092,57.56629101447989,72.30000000000001,54.40353146261596,57.81191944444442,57.66354555726757
1012,2,worn_seal,57.6,1,2,2,2,1,2,2,2,72.225,59.92161118700537,57.96871428571427,57.03345553534519,72.225,54.65932986841145,57.748782088744576,57.50082228766219
1013,2,worn_seal,57.4,1,2,2,2,1,2,2,2,72.225,59.754215488116905,57.33769146825394,57.250512720461636,72.225,54.570872217126976,57.23999285714286,57.12833084358187
1014,2,worn_seal,57.2,1,2,2,2,1,2,2,2,72.30000000000001,59.509067940011874,57.57531428571424,56.99654553549604,72.30000000000001,54.021189210447304,57.34070912698413,57.112400070592024
1015,2,worn_seal,57.0,1,2,2,2,1,2,2,2,72.30000000000001,59.35464383352975,57.215434523809535,56.74107647738892,72.30000000000001,53.86255771292863,56.862486706349245,56.92509017348185
1016,2,worn_seal,56.8,1,2,2,2,1,2,2,2,72.1875,59.30399753834012,57.00343690476194,56.645873841372506,72.1875,53.94637254678182,56.9403148809524,56.83759383475167
1017,2,worn_seal,56.6,1,2,2,2,1,2,2,2,72.225,59.23537104629411,56.62315714285712,56.41326852553184,72.225,53.93318003992219,56.69352052669549,56.396463939236284
1018,2,worn_seal,56.4,1,2,2,2,1,2,2,2,72.30000000000001,58.97835359372724,56.51299464285714,56.151870058494076,72.30000000000001,53.481938601501625,56.39569186507943,56.27104417628707
1019,2,worn_seal,56.2,1,2,2,2,1,2,2,2,72.0125,57.981907090969436,56.61774027777771,56.522804831508786,72.0125,52.92444140628207,56.36383373015871,55.934040085886735
1020,2,worn_seal,56.0,1,2,2,2,1,2,2,2,72.225,58.776479501972794,55.944195833333325,55.925574087981815,72.225,53.58423806218525,56.08324915223663,55.80949140612872
1021,2,worn_seal,55.8,1,2,2,2,1,2,2,2,72.0125,57.74358492132593,56.21554047619045,56.12508064921826,72.0125,52.67951042037415,55.859547222222226,55.612706532734656
1022,2,worn_seal,55.6,1,2,2,2,1,2,2,2,72.225,58.52944821248288,55.62406944444444,55.66288280210858,72.225,53.247004883958446,55.579387698412646,55.44529461723805
1023,2,worn_seal,55.4,1,2,2,2,1,2,2,2,72.0125,57.78928132273838,55.574946676587295,55.5442979484246,72.0125,52.699888652617986,55.19759761904761,55.39170058731182
1024,2,worn_seal,55.2,1,2,2,2,1,2,2,2,72.1875,57.62824516456488,55.6892180555555,55.516638594372736,72.1875,52.672189067001014,55.43558392857136,55.25650809199023
1025,2,worn_seal,55.0,1,2,2,2,1,2,2,2,72.1875,58.16453410128339,55.48598134920638,54.87007472537503,72.1875,52.708987288124625,55.010420734127,54.85355623518794
1026,2,worn_seal,54.8,1,2,2,2,1,2,2,2,72.30000000000001,57.82116185576924,55.317990476190474,54.735498610821836,72.30000000000001,52.31037755199973,54.85467851731606,54.80169710394723
1027,2,worn_seal,54.6,1,2,2,2,1,2,2,2,72.225,57.8546620050365,54.591337698412666,54.37384402143277,72.225,52.49691188844966,54.699858531746,54.246794927213166
1028,2,worn_seal,54.4,1,2,2,2,1,2,2,2,72.0125,57.65585847336007,54.75126428571427,54.39191445714803,72.0125,52.51988739378756,54.66585064935059,53.990616649851944
1029,2,worn_seal,54.2,1,2,2,2,1,2,2,2,71.8,56.367637959144815,54.33438115079367,54.134800616376126,71.8,52.12663000824395,54.331195479182085,54.13403595763603
1030,2,worn_seal,54.0,1,2,2,2,1,2,2,2,72.1875,57.37189215079101,54.524897908414104,53.910820987043245,72.1875,51.97967316579407,53.957896230158724,53.73304037723294
1031,2,worn_seal,53.8,1,2,2,2,1,2,2,2,72.0125,57.124624208726075,54.248887499999995,53.70925264511885,72.0125,51.99232811691626,53.83312857142857,53.42015883766363
1032,2,worn_seal,53.6,1,2,2,2,1,2,2,2,72.225,57.13305680092514,54.01277936507935,53.51504117875911,72.225,51.825145892554076,53.78332579365081,53.43427396832728
1033,2,worn_seal,53.4,1,2,2,2,1,2,2,2,71.8,55.7799222826911,53.55859960317461,53.014731153064574,71.8,51.55932852628268,53.3368429539295,53.14683054219534
1034,2,worn_seal,53.2,1,2,2,2,1,2,2,2,72.225,56.88750890064373,53.29016169108667,52.779522355526744,72.225,51.48410399478726,53.08147063492064,52.78992895458757
1035,2,worn_seal,53.0,1,2,2,2,1,2,2,2,72.1875,56.47560481644367,53.14893688672442,53.015555485814545,72.1875,51.230098208987336,52.99344583333337,52.91269524195738
1036,2,worn_seal,52.8,1,2,2,2,1,2,2,2,72.0125,56.1566215008469,53.23763730158728,52.9174331935446,72.0125,51.04319951905663,53.08104518398272,52.49561501343889
1037,2,worn_seal,52.6,1,2,2,2,1,2,2,2,72.0125,56.03687957585182,52.81648869047614,52.587901697789306,72.0125,50.9221019663445,52.50910019841268,52.3659222818952
1038,2,worn_seal,52.4,1,2,2,2,1,2,2,2,72.30000000000001,56.19662582734453,53.1543216269841,52.38275479542631,72.30000000000001,50.69436836119279,52.657893650793675,52.40509714910766
1039,2,worn_seal,52.2,1,2,2,2,1,2,2,2,72.30000000000001,56.13761607802603,52.57755545634918,51.99020597719289,72.30000000000001,50.64384259631175,52.16965019841272,52.18512311380366
1040,2,worn_seal,52.0,1,2,2,2,1,2,2,2,71.8,54.79792387938354,52.31524880952384,51.98452798402504,71.8,50.595829824036485,52.03371081107238,51.90639665631261
1041,2,worn_seal,51.8,1,2,2,2,1,2,2,2,72.1875,55.89311722334964,52.16098060966808,51.80830602528927,72.1875,50.46282137645915,51.75934226190478,51.49553618935508
1042,2,worn_seal,51.6,1,2,2,2,1,2,2,2,72.30000000000001,55.68898480281941,51.93261458333332,51.14030466243671,72.30000000000001,50.19922822353683,51.68510476190477,51.536281440331464
1043,2,worn_seal,51.4,1,2,2,2,1,2,2,2,72.30000000000001,55.46714931325661,51.859823809523725,51.57530474954383,72.30000000000001,49.97305398172317,51.28740555555556,51.391279660297094
1044,2,worn_seal,51.2,1,2,2,2,1,2,2,2,72.1875,55.36007496736099,51.56006904761904,51.20386688950614,72.1875,50.01772637427681,51.29954642857141,50.90151067265752
1045,2,worn_seal,51.0,1,2,2,2,1,2,2,2,72.0125,54.54736530709053,51.35292400793649,51.26540366655607,72.0125,49.465990095275046,51.02622063492069,50.89176909267096
1046,2,worn_seal,50.8,1,2,2,2,1,2,2,2,72.225,55.16160268711327,51.01361805555559,50.95676861729715,72.225,49.8684386763521,50.83431746031748,50.630624313118425
1047,2,worn_seal,50.6,1,2,2,2,1,2,2,2,72.30000000000001,54.89343670950215,51.07568035714289,50.73073456942636,72.30000000000001,49.408677427245564,50.46789413780666,50.516128479676425
1048,2,worn_seal,50.4,1,2,2,2,1,2,2,2,72.0125,54.03490288965869,50.60067703373023,50.454185849817506,72.0125,48.96641615469061,50.4323176587302,50.2644083955268
1049,2,worn_seal,50.2,1,2,2,2,1,2,2,2,71.8,53.5367199973962,50.29030158730159,50.150847611907004,71.8,49.3614124205445,50.20261001742158,50.21153092999879
1050,2,worn_seal,50.0,1,2,2,2,1,2,2,2,72.1875,54.460022903324884,50.28748065476189,49.897010595021,72.1875,49.17531161200128,50.11696428571428,49.888832660639245
1051,2,worn_seal,49.8,1,2,2,2,1,2,2,2,72.225,54.47827122910359,50.246254960317465,49.63243157814054,72.225,49.134462392358486,49.869260714285765,49.469534129951086
1052,2,worn_seal,49.6,1,2,2,2,1,2,2,2,72.0125,53.99299131674646,49.8050924603175,49.705783999509784,72.0125,48.903564336518066,49.736675793650754,49.6036031355766
1053,2,worn_seal,49.4,1,2,2,2,1,2,2,2,72.30000000000001,54.050871369100854,49.866816071428566,49.264946103285595,72.30000000000001,48.592867675889586,49.43649512987017,49.38589677033223
1054,2,worn_seal,49.2,1,2,2,2,1,2,2,2,72.225,54.02388989770255,49.6411892857143,49.48085861358205,72.225,48.78061556548469,49.31050615079369,48.920196942048605
1055,2,worn_seal,49.0,1,2,2,2,1,2,2,2,72.225,53.91169061520421,49.21355555555559,49.046964306976264,72.225,48.58729517992916,49.01290654761911,48.84114707178332
1056,2,worn_seal,48.8,1,2,2,2,1,2,2,2,72.1875,53.65548393934592,49.249693750000006,48.681591311781965,72.1875,48.359835062406916,48.7946148809524,48.77868038656533
1057,2,worn_seal,48.6,1,2,2,2,1,2,2,2,72.30000000000001,53.51322373754637,49.09390892857138,48.55463153427987,72.30000000000001,48.07689056904786,48.737466071428614,48.578006916986716
1058,2,worn_seal,48.4,1,2,2,2,1,2,2,2,72.225,53.523473889403434,48.5080061507937,48.371084129860364,72.225,48.09914289858523,48.75586607142862,48.01991983199714
1059,2,worn_seal,48.2,1,2,2,2,1,2,2,2,72.225,53.35656215830173,48.66754900793652,48.20272545615765,72.225,48.008217134543244,48.527710714285774,47.85017027187812
1060,2,worn_seal,48.0,1,2,2,2,1,2,2,2,72.225,53.22270420214533,48.00687817460317,47.958307623059724,72.225,47.853357419282545,47.84147698412703,47.64728604976997
1061,2,worn_seal,47.8,1,2,2,2,1,2,2,2,72.225,53.06316962628372,47.92198174603174,47.61222450280157,72.225,47.74739542071834,47.57486785714286,47.528624767256
1062,2,worn_seal,47.6,1,2,2,2,1,2,2,2,72.30000000000001,52.74888845028119,48.53488753784557,47.35342748096504,72.30000000000001,47.337201371049545,48.011202876984115,47.34718830466338
1063,2,worn_seal,47.4,1,2,2,2,1,2,2,2,72.30000000000001,52.651422798942576,47.56692745310244,47.28923622702956,72.30000000000001,47.250761072436646,47.34803144841264,47.338371587171025
1064,2,worn_seal,47.2,1,2,2,2,1,2,2,2,72.225,52.58685163202374,47.48682440476192,46.74769125369314,72.225,47.42657056480739,47.23680734126988,46.68318529711246
1065,2,worn_seal,47.0,1,2,2,2,1,2,2,2,72.0125,52.24611151266675,47.29446875000002,47.08252171970383,72.0125,47.2090782367626,47.11015773809516,47.05020139136454
1066,2,worn_seal,46.8,1,2,2,2,1,2,2,2,72.1875,52.028831402784114,47.10757123015874,46.947124283349304,72.1875,46.93948039363891,47.00477202380951,46.762801043908766
1067,2,worn_seal,46.6,1,2,2,2,1,2,2,2,72.1875,52.280730018118156,46.88145833333335,46.301474582165966,72.1875,46.908136642626985,46.62877648809521,46.20906795658114
1068,2,worn_seal,46.4,1,2,2,2,1,2,2,2,71.8,50.87590129678583,46.85562063492061,46.828448038858504,71.8,46.79744852141858,46.55598719996123,46.37680041266892
1069,2,worn_seal,46.2,1,2,2,2,1,2,2,2,71.8,50.72518633105406,46.31173075396821,46.50138245145786,71.8,46.65944307660023,46.201303072977105,46.313886545311604
1070,2,worn_seal,46.0,1,2,2,2,1,2,2,2,72.1875,51.1913376801503,46.32984523809525,46.343054962145864,72.1875,46.32330824026769,46.20603229166663,45.79984850672167
1071,2,worn_seal,45.8,1,2,2,2,1,2,2,2,72.1875,50.94176348878385,46.385295934778476,45.94173427292476,72.1875,46.159450773341696,45.8031839285714,45.633395063988026
1072,2,worn_seal,45.6,1,2,2,2,1,2,2,2,72.0125,50.5288160916097,46.14311404220779,45.72893822416599,72.0125,45.58181313100003,45.69892440476191,45.32229106909608
1073,2,worn_seal,45.4,1,2,2,2,1,2,2,2,72.1875,51.1342892043686,45.6526898809524,45.41477654618735,72.1875,46.014053883914606,45.27302519841269,45.35813512067361
1074,2,worn_seal,45.2,1,2,2,2,1,2,2,2,72.225,51.27036511225301,47.863806972443456,45.359273186569574,72.225,45.83221517964315,46.3593260416667,45.09353806354108
1075,2,worn_seal,45.0,1,2,2,2,1,2,2,2,72.225,51.06582016955301,45.23209464285719,44.91406299825944,72.225,45.81111372454185,44.967325396825416,44.75031763277853
1076,2,worn_seal,44.8,1,2,2,2,1,2,2,2,72.30000000000001,50.89835698328171,45.10445793650798,44.77479886851204,72.30000000000001,45.606015869740546,44.876415674603166,44.85311856921594
1077,2,worn_seal,44.6,1,2,2,2,1,2,2,2,71.8,49.56509196569562,45.079557440476236,44.52859715502304,71.8,45.579396189354675,44.65716369047622,44.89865743337214
1078,2,worn_seal,44.4,1,2,2,2,1,2,2,2,72.1875,50.495372257123094,44.61608749999998,44.553173542442366,72.1875,45.36216790111905,44.42095416666666,44.23677412580297
1079,2,worn_seal,44.2,1,2,2,2,1,2,2,2,72.225,50.543613179434885,45.09142182539685,43.964014650625934,72.225,45.167422783947245,44.61249285714292,43.89981400946009
1080,2,worn_seal,44.0,1,2,2,2,1,2,2,2,72.0125,49.57440494758243,44.261325000000014,44.40821992357118,72.0125,44.67833662021049,44.11765992063494,43.73958954618256
1081,2,worn_seal,43.8,1,2,2,2,1,2,2,2,72.0125,49.42969315098097,43.78298849206349,44.26743172938859,72.0125,44.5420975537496,43.57873035714289,43.48103805808732
1082,2,worn_seal,43.6,1,2,2,2,1,2,2,2,72.1875,49.745626393478915,43.80220773809524,43.972850877507014,72.1875,44.77557570794754,43.63875416666669,43.46913234033819
1083,2,worn_seal,43.4,1,2,2,2,1,2,2,2,72.30000000000001,49.87025153693437,43.882571428571445,43.47736660009027,72.30000000000001,44.643437898012046,43.671361507936496,43.25018011061606
1084,2,worn_seal,43.2,1,2,2,2,1,2,2,2,72.30000000000001,49.63593797620433,43.56674583333333,43.36054199475564,72.30000000000001,44.411853887023454,43.20062073412694,42.988677494914654
1085,2,worn_seal,43.0,1,2,2,2,1,2,2,2,72.225,49.626291148757886,43.21281587301584,43.29115374725038,72.225,44.4406094078711,42.988370436507964,42.857513791904765
1086,2,worn_seal,42.8,1,2,2,2,1,2,2,2,72.30000000000001,49.32458961111566,44.020541369047606,42.90124628525885,72.30000000000001,44.119639563131265,43.156710615079355,42.693599895573634
1087,2,worn_seal,42.6,1,2,2,2,1,2,2,2,71.8,48.165949161104606,43.02215101010101,42.65557026895368,71.8,44.254270351991146,42.80016071428573,42.65954860768939
1088,2,worn_seal,42.4,1,2,2,2,1,2,2,2,72.225,49.21439139511795,42.66942480158732,42.508088631741764,72.225,43.9867696437624,42.481773809523844,42.21194794994799
1089,2,worn_seal,42.2,1,2,2,2,1,2,2,2,71.8,47.85716447136008,42.37889702380954,42.68815168944193,71.8,43.9775130552113,42.25297976190478,42.55892734397906
1090,2,worn_seal,42.0,1,2,2,2,1,2,2,2,71.8,47.700512372265116,42.108376785714285,42.299991152130204,71.8,43.83767777778902,42.01562797619049,42.15964996135044
1091,2,worn_seal,41.8,1,2,2,2,1,2,2,2,72.225,48.74749643083751,42.61477986111115,42.2216738765378,72.225,43.63050062244764,42.03792976190483,41.763238278331485
1092,2,worn_seal,41.6,1,2,2,2,1,2,2,2,72.225,48.58246447041651,42.4310408826534,42.022424466596675,72.225,43.53110182407149,41.91289841269846,41.60761149326972
1093,2,worn_seal,41.4,1,2,2,2,1,2,2,2,71.8,47.29022383400836,41.83823829365079,41.67795349183087,71.8,43.44846988233837,41.53888154761908,41.38704646391
1094,2,worn_seal,41.2,1,2,2,2,1,2,2,2,72.225,48.36780917014594,42.74456309523813,40.948728528238526,72.225,43.11300773804767,42.22204330808081,41.081392365965236
1095,2,worn_seal,41.0,1,2,2,2,1,2,2,2,72.225,48.142730870440246,41.92320773809525,41.61612093724204,72.225,43.12589715987653,41.371413744588764,40.99451565815142
1096,2,worn_seal,40.8,1,2,2,2,1,2,2,2,72.225,48.088289795618905,43.81618018672913,40.9880979429057,72.225,42.81890684629603,41.72041547619049,40.70028681645572
1097,2,worn_seal,40.6,1,2,2,2,1,2,2,2,72.30000000000001,47.830338888166295,41.11144742063495,40.69310937237635,72.30000000000001,42.76371580596198,40.83369761904762,40.405762037193725
1098,2,worn_seal,40.4,1,2,2,2,1,2,2,2,72.225,47.715907969222066,40.54161130952383,40.74593175017086,72.225,42.697454846914546,40.26396289682539,40.256815622193365
1099,2,worn_seal,40.2,1,2,2,2,1,2,2,2,72.225,47.56444599209104,40.01689285714285,40.5776349295163,72.225,42.572400641307084,39.77018353174603,40.083856385778894
1100,2,worn_seal,40.0,1,2,2,2,1,2,2,2,71.8,46.25499537244512,39.968136309523814,40.105800185975056,71.8,42.51061726211765,39.975925000000046,40.091229968126044
1101,2,worn_seal,39.8,1,2,2,2,1,2,2,2,72.1875,46.84446962139772,39.47852358613609,40.22024391316527,72.1875,42.18339983338912,39.744987456049444,39.9557323864239
1102,2,worn_seal,39.6,1,2,2,2,1,2,2,2,72.1875,46.57827656397971,39.23097589493837,40.14955876759542,72.1875,42.01828656562157,39.367495103957076,39.645780274950205
1103,2,worn_seal,39.4,1,2,2,2,1,2,2,2,72.225,47.042518366766636,39.41212678571431,39.21901790397899,72.225,41.91565118237585,39.30727047258299,39.14425019090655
1104,2,worn_seal,39.2,1,2,2,2,1,2,2,2,72.1875,46.915214202675514,39.09507483766235,39.718174053358005,72.1875,41.916533965697234,39.137204429353886,39.21776927726953
1105,2,worn_seal,39.0,1,2,2,2,1,2,2,2,72.1875,46.69125040781573,38.86192047258298,39.25534417799472,72.1875,41.76255351181495,38.8198032388777,38.9418831098581
1106,2,worn_seal,38.8,1,2,2,2,1,2,2,2,72.30000000000001,46.52866134337699,38.95741130952382,39.057608656840245,72.30000000000001,41.58688563763981,38.85532777777779,38.65591465545328
1107,2,worn_seal,38.6,1,2,2,2,1,2,2,2,71.8,45.23224665285754,38.60679662698412,38.594679171176466,71.8,41.584101783027904,38.765757142857126,38.76423168324094
1108,2,worn_seal,38.4,1,2,2,2,1,2,2,2,72.1875,45.67594891091434,38.3277452380952,38.74788165200715,72.1875,41.21026323108421,38.32439550078246,38.39399568125304
1109,2,worn_seal,38.2,1,2,2,2,1,2,2,2,72.1875,46.250222611409946,38.198204861111115,38.97370640487597,72.1875,41.26565174572523,38.230558830508286,38.25715732684077
1110,2,worn_seal,38.0,1,2,2,2,1,2,2,2,72.30000000000001,45.896279686178495,38.236203571428575,38.014838387512654,72.30000000000001,41.00974827265453,38.089759523809505,38.048918495066744
1111,2,worn_seal,37.8,1,2,2,2,1,2,2,2,72.1875,45.864907080982604,37.9269021825397,38.14407525714474,72.1875,40.973170142871375,37.80089252459198,37.90211647284903
1112,2,worn_seal,37.6,1,2,2,2,1,2,2,2,72.30000000000001,45.55694509076564,37.764461309523824,37.66631817057367,72.30000000000001,40.697463601672226,37.57042559523809,37.4642813700464
1113,2,worn_seal,37.4,1,2,2,2,1,2,2,2,71.8,44.34518324181692,37.50568333333335,37.55417501881324,71.8,40.78575192088398,37.53137281746032,37.55480608064934
1114,2,worn_seal,37.2,1,2,2,2,1,2,2,2,72.1875,45.147043430422755,37.301035714285746,37.601121378927076,72.1875,40.501956847217336,37.21963438967132,37.07223593951809
1115,2,worn_seal,37.0,1,2,2,2,1,2,2,2,71.8,44.09640937209633,36.73475674603176,37.36379559072778,71.8,40.538745056297216,36.94942837301588,37.28150485985968
1116,2,worn_seal,36.8,1,2,2,2,1,2,2,2,72.0125,44.73372090650435,37.117168055555545,36.95863077903015,72.0125,40.222891305581335,37.067532936507945,36.94633243859462
1117,2,worn_seal,36.6,1,2,2,2,1,2,2,2,72.0125,44.90363273709622,36.409426388888896,36.82875756371129,72.0125,40.385881284213205,36.77044672619049,36.71263584733917
1118,2,worn_seal,36.4,1,2,2,2,1,2,2,2,72.1875,44.79691750843507,36.529817063492054,36.4803345206246,72.1875,40.03333022942944,36.56556375475072,36.61833044048025
1119,2,worn_seal,36.2,1,2,2,2,1,2,2,2,72.0125,44.245906688946974,36.33212023809526,36.274840995570514,72.0125,39.78284309339512,36.26444920634923,36.328647028924955
1120,2,worn_seal,36.0,1,2,2,2,1,2,2,2,71.8,43.32390838494389,36.124854166666644,36.13911907423534,71.8,39.86651090941746,36.08836626984127,36.22789444147823
1121,2,worn_seal,35.8,1,2,2,2,1,2,2,2,72.30000000000001,44.33717525730346,36.07213333333331,36.177158703364285,72.30000000000001,39.635385993644555,35.98136626984126,35.78207253968332
1122,2,worn_seal,35.6,1,2,2,2,1,2,2,2,72.0125,43.245644715363596,35.78036130952379,35.72938223771666,72.0125,38.866631455464145,35.52813452380949,35.409757661162296
1123,2,worn_seal,35.4,1,2,2,2,1,2,2,2,72.30000000000001,43.957524391621064,35.51816666666661,35.776997274367865,72.30000000000001,39.28421670374312,35.321993650793644,35.05369391359777
1124,2,worn_seal,35.2,1,2,2,2,1,2,2,2,72.225,43.85230622482901,35.3905271825397,35.63260195536782,72.225,39.22073960800347,35.19276825396823,34.72091936760492
1125,2,worn_seal,35.0,1,2,2,2,1,2,2,2,72.0125,43.3138324197277,35.30475416666665,35.17071707415947,72.0125,38.94862637198177,34.96903214285716,34.95821852689049
1126,2,worn_seal,34.8,1,2,2,2,1,2,2,2,72.225,43.55602413908228,35.17291726190477,35.19831310995018,72.225,38.946286102981745,34.81376884920633,34.47617895299079
1127,2,worn_seal,34.6,1,2,2,2,1,2,2,2,72.1875,43.64046002248483,35.696427876984096,35.935012368734185,72.1875,38.889601475587554,35.01648978288929,35.1673779780545
1128,2,worn_seal,34.4,1,2,2,2,1,2,2,2,72.0125,42.68765330046189,34.49220568181816,34.33566772973478,72.0125,38.38345684962346,34.38220952380952,34.1292530121987
1129,2,worn_seal,34.2,1,2,2,2,1,2,2,2,72.30000000000001,43.04087251661996,34.276777976190466,34.44103259704781,72.30000000000001,38.47510954543811,34.23024116161614,33.93019703610581
1130,2,worn_seal,34.0,1,2,2,2,1,2,2,2,72.1875,43.008014918777675,34.53521666666667,34.24375583924189,72.1875,38.44378142546606,34.061882603957095,34.19510702490555
1131,2,worn_seal,33.8,1,2,2,2,1,2,2,2,71.8,41.723216578303486,34.13119265873015,34.55125967617846,71.8,38.42997202825245,33.939274585137106,34.079999855065
1132,2,worn_seal,33.6,1,2,2,2,1,2,2,2,71.8,41.56616417009795,33.593875992063516,34.023705343649766,71.8,38.29707613728063,33.35233670634921,34.04324509988084
1133,2,worn_seal,33.4,1,2,2,2,1,2,2,2,72.1875,42.07207526125134,33.57180674603177,33.60155821725241,72.1875,37.917475175306826,33.58712228649678,33.361750245370445
1134,2,worn_seal,33.2,1,2,2,2,1,2,2,2,72.1875,42.13202207887366,33.34119583333334,33.31026780845698,72.1875,37.84196355177878,33.085721096020556,33.1343167510488
1135,2,worn_seal,33.0,1,2,2,2,1,2,2,2,72.0125,41.452430979959715,33.29259999999998,33.50662256531375,72.0125,37.28421828317185,33.22137698412696,32.92467997063747
1136,2,worn_seal,32.8,1,2,2,2,1,2,2,2,71.8,40.94643827334538,33.05938452380954,33.093753130033235,71.8,37.765838893419456,32.89527261904763,33.11107445126633
1137,2,worn_seal,32.6,1,2,2,2,1,2,2,2,72.30000000000001,41.94693076796939,33.13614027777777,32.9786677479854,72.30000000000001,37.547756560838614,32.72179475500342,32.48409440015576
1138,2,worn_seal,32.4,1,2,2,2,1,2,2,2,72.225,41.822964431337766,32.74187896825397,32.81730337408779,72.225,37.19546912669472,32.67088253968252,32.428631850719654
1139,2,worn_seal,32.2,1,2,2,2,1,2,2,2,72.225,41.639748023113945,32.43688412698412,32.65654936356219,72.225,37.11789725738281,32.12241904761902,32.029854342424976
1140,2,worn_seal,32.0,1,2,2,2,1,2,2,2,72.30000000000001,41.38353150668269,32.19290126262624,32.17634181530142,72.30000000000001,37.03701182623387,31.93509503968252,31.860583363795982
1141,2,worn_seal,31.8,1,2,2,2,1,2,2,2,71.8,40.1925224312463,32.14825158730161,32.196098682259056,71.8,37.10719842129461,31.98634047619047,32.12067429783405
1142,2,worn_seal,31.6,1,2,2,2,1,2,2,2,72.225,41.20477855824868,31.797862500000015,31.93201243385861,72.225,36.67411568626099,31.618134523809523,31.725708741215623
1143,2,worn_seal,31.4,1,2,2,2,1,2,2,2,71.8,39.923107519616835,31.793753968253956,31.702057727553353,71.8,36.85790110436575,31.517829761904764,31.832533986571185
1144,2,worn_seal,31.2,1,2,2,2,1,2,2,2,71.8,39.75872072434141,31.489294642857136,31.345775485967998,71.8,36.721533506064524,31.173784523809505,31.747461322218747
1145,2,worn_seal,31.0,1,2,2,2,1,2,2,2,72.30000000000001,40.596587590476894,31.231400992063463,31.318529491251446,72.30000000000001,36.35415170412398,31.010390476190437,30.8141357148731
1146,2,worn_seal,30.8,1,2,2,2,1,2,2,2,72.30000000000001,40.58909238017527,31.3174714285714,31.228259388306597,72.30000000000001,36.3810918139304,30.82825388198757,30.824988316658843
1147,2,worn_seal,30.6,1,2,2,2,1,2,2,2,72.1875,39.971908198752054,30.82716726190478,30.693962762985752,72.1875,36.07585507100718,30.664169707131695,30.746502432988315
1148,2,worn_seal,30.4,1,2,2,2,1,2,2,2,72.225,40.26021666302669,30.6868111111111,30.82368798329505,72.225,35.9278616182214,30.558255952380946,30.60216345283734
1149,2,worn_seal,30.2,1,2,2,2,1,2,2,2,72.1875,40.145559275346386,30.513479960317426,30.4673004176436,72.1875,35.9386973345722,30.1975185166555,30.458699063675958
1150,2,worn_seal,30.0,1,2,2,2,1,2,2,2,72.0125,39.50788933789687,30.173288095238078,30.19384646800403,72.0125,35.60834079264343,30.12910535714285,30.066013674978112
1151,2,worn_seal,29.8,1,2,2,2,1,2,2,2,72.225,39.83271905813696,30.31506190476191,30.13335940431232,72.225,35.46581088847509,30.11972619047619,29.97368993537212
1152,2,worn_seal,29.6,1,2,2,2,1,2,2,2,72.225,39.6566255580764,29.9765132936508,29.898691244934934,72.225,35.37478434037047,29.761913690476213,29.68307477272243
1153,2,worn_seal,29.4,1,2,2,2,1,2,2,2,72.225,39.4799607611056,29.3347607142857,29.81251557965959,72.225,35.28339373181717,29.183004166666677,29.57352082494876
1154,2,worn_seal,29.2,1,2,2,2,1,2,2,2,72.0125,39.279759975628025,29.24128154761905,29.533077668279034,72.0125,35.439232185579925,29.420272023809524,29.162070398965675
1155,2,worn_seal,29.0,1,2,2,2,1,2,2,2,71.8,38.104334675768236,29.288817460317482,29.276194120310528,71.8,35.28981963873248,29.19505575396827,29.573002545053892
1156,2,worn_seal,28.8,1,2,2,2,1,2,2,2,72.1875,38.596766635393635,28.997323214285736,28.87626146901185,72.1875,34.89417144258991,28.89919530236979,29.119839433825792
1157,2,worn_seal,28.6,1,2,2,2,1,2,2,2,71.8,37.77421079338195,28.616963293650816,29.260954822981006,71.8,35.0193803173831,28.658135515873013,29.030689626742866
1158,2,worn_seal,28.4,1,2,2,2,1,2,2,2,72.1875,38.62962899017411,28.581038690476184,28.643802335519613,72.1875,34.720440185643696,28.470953437290376,28.62443177144212
1159,2,worn_seal,28.2,1,2,2,2,1,2,2,2,72.0125,38.032085209315156,28.281966666666662,28.389999220614573,72.0125,34.33488694618469,28.337944642857142,28.287267610639994
1160,2,worn_seal,28.0,1,2,2,2,1,2,2,2,72.1875,38.10173332684637,27.975073214285693,28.1495021603452,72.1875,34.40065027184782,27.9558903420523,28.369951810410793
1161,2,worn_seal,27.8,1,2,2,2,1,2,2,2,72.30000000000001,38.19763557851422,28.12935178571427,28.657300887578778,72.30000000000001,34.3358023667502,28.07086876293995,27.793343993529387
1162,2,worn_seal,27.6,1,2,2,2,1,2,2,2,72.30000000000001,38.04064242775982,27.71350436507935,28.377807314028153,72.30000000000001,34.2036820012101,27.623005952380925,27.559674044326375
1163,2,worn_seal,27.4,1,2,2,2,1,2,2,2,72.225,37.985891126034446,27.73970357142855,27.898519316588114,72.225,33.8593800641348,27.535175000000017,27.758440212592244
1164,2,worn_seal,27.2,1,2,2,2,1,2,2,2,72.30000000000001,37.7915486958607,27.18158392857142,27.80052868587763,72.30000000000001,34.010006754923324,27.14695793650792,27.246326437998
1165,2,worn_seal,27.0,1,2,2,2,1,2,2,2,72.225,37.6102690038676,26.823528968253964,27.84464243515876,72.225,33.71274700248364,26.922563293650786,27.27688696847438
1166,2,worn_seal,26.8,1,2,2,2,1,2,2,2,72.0125,36.951467963022225,26.9997642857143,27.08322909109151,72.0125,33.415984312496605,26.874509722222218,26.939043045450706
1167,2,worn_seal,26.6,1,2,2,2,1,2,2,2,72.0125,36.5110307787485,26.607895833333327,27.10014850877296,72.0125,33.01863111276648,26.44254900793651,26.911567952510588
1168,2,worn_seal,26.4,1,2,2,2,1,2,2,2,71.8,36.08318282621674,26.69983167388167,27.015634902385003,71.8,33.58447079954085,26.569777777777777,26.98569905023773
1169,2,worn_seal,26.2,1,2,2,2,1,2,2,2,72.1875,36.78376299912263,26.22221071428571,26.681436585642363,72.1875,33.24025030542735,26.170049865861824,26.532043261250227
1170,2,worn_seal,26.0,1,2,2,2,1,2,2,2,71.8,35.79091031424305,26.105663690476185,26.361145612380582,71.8,33.32958045402179,26.043897619047616,26.64287177362993
1171,2,worn_seal,25.8,1,2,2,2,1,2,2,2,71.8,35.656998796246135,25.899542261904763,26.76580813650583,71.8,33.2076056228471,25.58859781746029,26.511506996527256
1172,2,worn_seal,25.6,1,2,2,2,1,2,2,2,72.30000000000001,36.612954230497834,26.065371031746018,26.773281187642326,72.30000000000001,33.04748409250754,25.591700000000014,26.000126698362173
1173,2,worn_seal,25.4,1,2,2,2,1,2,2,2,72.225,36.41461158609459,25.58613095238093,26.043592197735574,72.225,32.54693247605711,25.44424662698413,25.75976370201057
1174,2,worn_seal,25.2,1,2,2,2,1,2,2,2,72.30000000000001,36.22174371437255,25.306528174603173,25.994514739878632,72.30000000000001,32.70455388531893,25.190493452380974,25.3712478077039
1175,2,worn_seal,25.0,1,2,2,2,1,2,2,2,72.225,36.148199177568614,25.55319583333332,26.178492821992105,72.225,32.1926997533505,25.143175198412692,25.719560897282836
1176,2,worn_seal,24.8,1,2,2,2,1,2,2,2,72.0125,35.05361203890271,24.81080813492062,25.748926014374888,72.0125,31.78806838758134,24.725908928571428,25.292353631265964
1177,2,worn_seal,24.6,1,2,2,2,1,2,2,2,72.225,35.74280389125787,24.595929365079357,25.33083280157502,72.225,32.09525511414613,24.519181944444444,25.052926855801132
1178,2,worn_seal,24.4,1,2,2,2,1,2,2,2,72.30000000000001,35.61078403262232,24.382467857142853,25.1914698256937,72.30000000000001,32.20624773327552,24.40422857142858,24.613867005189913
1179,2,worn_seal,24.2,1,2,2,2,1,2,2,2,72.0125,34.711410221918506,24.367355158730152,24.908018450945644,72.0125,31.51553072239893,24.22298511904761,24.764720029321047
1180,2,worn_seal,24.0,1,2,2,2,1,2,2,2,72.1875,35.46802407637949,24.62635317460316,25.155100882476713,72.1875,31.909132128158465,24.282108992845956,24.68552549881606
1181,2,worn_seal,23.8,1,2,2,2,1,2,2,2,72.1875,34.92401711329606,23.789417460317424,24.461541844717445,72.1875,31.676562408237565,23.734470897607824,24.241568087071496
1182,2,worn_seal,23.6,1,2,2,2,1,2,2,2,72.0125,34.77780053606086,23.90996369047619,24.486427107261772,72.0125,31.625026101710706,23.65976291486291,24.166809190738274
1183,2,worn_seal,23.4,1,2,2,2,1,2,2,2,71.8,33.76317739497245,23.717548214285713,24.347191475847968,71.8,31.638029787384404,23.63575277777778,24.02514079027641
1184,2,worn_seal,23.2,1,2,2,2,1,2,2,2,71.8,33.627529391360426,23.405161904761876,24.23609065521662,71.8,31.51518984494634,23.052963492063487,23.986278265461078
1185,2,worn_seal,23.0,1,2,2,2,1,2,2,2,72.225,34.55758875290403,23.39658333333335,24.188876948368957,72.225,30.88116493914843,23.0109369047619,23.59711582542037
1186,2,worn_seal,22.8,1,2,2,2,1,2,2,2,72.30000000000001,34.376017116738254,22.844412301587287,23.945237051439722,72.30000000000001,31.206111739117965,22.80621071428573,23.293785735753854
1187,2,worn_seal,22.6,1,2,2,2,1,2,2,2,71.8,33.13736145999198,22.963645238095232,23.74163023048896,71.8,31.118241951734174,22.624203968253973,23.37744681426451
1188,2,worn_seal,22.4,1,2,2,2,1,2,2,2,72.1875,33.7436379777011,22.63328055555554,23.172193185287075,72.1875,30.784966878225724,22.5189066118936,23.101519737124807
1189,2,worn_seal,22.2,1,2,2,2,1,2,2,2,71.8,32.191076387995594,22.567862499999983,23.35507756916645,71.8,30.753154620749285,22.10778392857144,23.01550425713711
1190,2,worn_seal,22.0,1,2,2,2,1,2,2,2,72.30000000000001,32.623630139486494,22.156315277777775,23.484190720915926,72.30000000000001,30.475173708581334,22.00827123015872,22.346333560970262
1191,2,worn_seal,21.8,1,2,2,2,1,2,2,2,72.1875,32.40769707640345,22.19205456349205,23.2101325688635,72.1875,30.307412421541734,21.873878040465012,22.506806785096423
1192,2,worn_seal,21.6,1,2,2,2,1,2,2,2,71.8,30.67579943465393,22.146558658008654,22.77843756255244,71.8,30.176981814647903,21.657203571428568,22.318662626281903
1193,2,worn_seal,21.4,1,2,2,2,1,2,2,2,72.30000000000001,31.175424862029452,21.77055615079364,22.33101532993949,72.30000000000001,30.06139394925048,21.52421587301586,21.76818654294479
1194,2,worn_seal,21.2,1,2,2,2,1,2,2,2,72.30000000000001,30.732942720167955,21.754293253968257,22.30287877694834,72.30000000000001,29.969393976145064,21.210329365079357,21.69294483968127
1195,2,worn_seal,21.0,1,2,2,2,1,2,2,2,71.8,29.221572133170696,21.68599583333332,22.05671898791802,71.8,29.626362883391124,21.124683730158736,21.637404359734752
1196,2,worn_seal,20.8,1,2,2,2,1,2,2,2,72.30000000000001,29.616281898971238,21.05351711760462,21.511922577134197,72.30000000000001,29.537684719534994,20.747155753968244,21.076938633386114
1197,2,worn_seal,20.6,1,2,2,2,1,2,2,2,72.0125,28.611680799050518,20.716155158730142,21.372443906515624,72.0125,28.90134155137475,20.592145238095227,21.16729855797449
1198,2,worn_seal,20.4,1,2,2,2,1,2,2,2,72.1875,28.332702455272056,20.98858690476192,21.129890464849346,72.1875,28.94694340940015,20.59323273809523,20.798947465301566
1199,2,worn_seal,20.2,1,2,2,2,1,2,2,2,72.1875,28.20562309385749,20.85754325396826,20.762406992111302,72.1875,28.873054887172238,20.291717261904758,20.756677103106103
1200,2,worn_seal,20.0,1,2,2,2,1,2,2,2,71.8,26.69127847096417,20.59365892857142,20.529389930038143,71.8,28.67367723549504,20.215626875901886,20.597926842346332
1201,2,worn_seal,19.8,1,2,2,2,1,2,2,2,72.0125,26.227325795735467,20.34667678571428,20.70898836271492,72.0125,27.887728521577912,19.943158730158736,20.485033194220463
1202,2,worn_seal,19.6,1,2,2,2,1,2,2,2,72.30000000000001,26.641730248162233,20.142738690476182,20.135438270080577,72.30000000000001,28.67594039212458,19.950920561092637,20.065848234571824
1203,2,worn_seal,19.4,1,2,2,2,1,2,2,2,72.30000000000001,26.061019513899723,20.06774345238095,20.3819930513573,72.30000000000001,28.444110946602848,19.478449529346616,19.76297985120188
1204,2,worn_seal,19.2,1,2,2,2,1,2,2,2,72.30000000000001,25.5867319732439,19.685762499999996,19.721726407167303,72.30000000000001,28.32893292231595,19.163312841034937,19.5706210140086
1205,2,worn_seal,19.0,1,2,2,2,1,2,2,2,72.0125,24.694998661835697,19.420819841269836,19.79539370004203,72.0125,27.683860280091338,19.169032936507918,19.575504047476652
1206,2,worn_seal,18.8,1,2,2,2,1,2,2,2,72.225,24.555817274651083,19.091331547619042,19.25699320617189,72.225,27.370841349758095,18.854146031746037,19.253047859272108
1207,2,worn_seal,18.6,1,2,2,2,1,2,2,2,72.30000000000001,24.009804359318863,18.87990535714285,19.029036235494488,72.30000000000001,27.82346423677751,18.643033079130173,18.792108698188255
1208,2,worn_seal,18.4,1,2,2,2,1,2,2,2,72.0125,23.440900520568718,18.7797113095238,18.947743381565033,72.0125,27.443288747746053,18.584541991341972,18.826270891794582
1209,2,worn_seal,18.2,1,2,2,2,1,2,2,2,72.0125,22.719509580323354,18.444180555555562,18.770914922630624,72.0125,27.082049045313234,18.102642586580078,18.653599623972262
1210,2,worn_seal,18.0,1,2,2,2,1,2,2,2,71.8,21.603438878819816,18.258615476190457,18.82961029200122,71.8,26.775389916012884,18.11418084415583,18.875442783368186
1211,2,worn_seal,17.8,1,2,2,2,1,2,2,2,71.8,21.055119134250724,17.98311547619047,18.151925085826157,71.8,26.57274866606756,17.70987745310244,18.36139565776801
1212,2,worn_seal,17.6,1,2,2,2,1,2,2,2,72.0125,20.886182776624473,17.603865674603195,18.178139843326814,72.0125,26.31330066045861,17.70306666666666,18.30762136609949
1213,2,worn_seal,17.4,1,2,2,2,1,2,2,2,72.225,20.868641025752943,17.392138961038967,17.858185893208017,72.225,26.18787211357302,17.532328571428575,18.18048984767322
1214,2,worn_seal,17.2,1,1,2,2,1,2,2,2,72.1875,20.0243696997005,17.204666071428566,17.602945545332442,72.1875,26.13463970624472,17.398054166666657,17.987858479193147
1215,2,worn_seal,17.0,1,1,2,2,1,2,2,2,72.0125,19.32290396410852,16.811917857142873,17.390724492810797,72.0125,25.80185238846542,17.030635515873016,17.61884703124557
1216,2,worn_seal,16.8,1,1,2,2,1,2,2,2,72.1875,19.711796608944752,16.156589484126982,16.730666894177162,72.1875,25.977256227586643,16.60801805555555,17.19932192869196
1217,2,worn_seal,16.6,1,1,2,2,1,2,2,2,72.225,18.857013787145853,16.09871262626263,16.76933904930226,72.225,25.291839013463445,16.475535714285726,17.354471315136646
1218,2,worn_seal,16.4,1,1,2,2,1,2,2,2,72.225,18.26016043909941,15.960748168498187,16.34739869328397,72.225,25.238232917723536,16.174831547619064,16.913099094866386
1219,2,worn_seal,16.2,1,1,2,2,1,2,2,2,72.30000000000001,17.790609060519017,15.752915007214996,16.369190370701585,72.30000000000001,25.993211033525668,16.061295362679957,16.595329884442066
1220,2,worn_seal,16.0,1,1,2,2,1,2,2,2,72.0125,16.369205167853565,15.721551190476196,16.202275531363423,72.0125,24.641493739134916,16.106390386002875,16.857583964448903
1221,2,worn_seal,15.8,1,1,2,2,1,2,2,2,71.8,15.858538355450527,15.237955357142845,15.562813811880961,71.8,24.661398558587507,15.952556547619047,16.74668315774505
1222,2,worn_seal,15.6,1,1,2,2,1,2,2,2,71.8,15.32710342220281,15.11212976190475,15.47015728372571,71.8,24.467100598026292,15.492712824675328,16.38405400914822
1223,2,worn_seal,15.4,1,1,2,2,1,2,2,2,72.0125,15.228876530355414,14.936093290043274,15.098720925736666,72.0125,24.544851662553903,15.402435317460318,15.98718274684794
1224,2,worn_seal,15.2,1,1,2,2,1,2,2,2,72.0125,14.967074333248767,14.409542694805175,14.506730418483228,72.0125,24.62450174888815,14.870085912698416,15.783192181572288
1225,2,worn_seal,15.0,1,1,2,2,1,2,2,2,72.1875,14.268935824941487,13.808703373015865,14.538545879715619,72.1875,24.215050520012213,14.92203809523809,15.757096918513836
1226,2,worn_seal,14.8,1,1,2,2,1,2,2,2,72.225,13.991092526102847,14.170030753968256,14.63249514697948,72.225,23.795365868169554,14.751148809523794,15.467877436031493
1227,2,worn_seal,14.6,1,1,2,2,1,2,2,2,72.30000000000001,13.624436663179772,13.683073809523798,14.72915671389376,72.30000000000001,24.83285160975923,14.625040799187898,15.347703668088341
1228,2,worn_seal,14.4,1,1,2,2,1,2,2,2,72.1875,12.888800444538262,13.220871861471865,13.69090910219952,72.1875,23.745086920356016,14.254161547619047,14.976784588740962
1229,2,worn_seal,14.2,1,1,2,2,1,2,2,2,72.30000000000001,12.458552759728008,13.212914484126982,13.770385144326676,72.30000000000001,24.418735697911764,14.138430680140278,14.871951156342814
1230,2,worn_seal,14.0,1,1,2,2,1,2,2,2,72.225,11.881769192396334,12.960354166666678,13.493534776148929,72.225,22.976752399559466,13.775891666666672,14.93310259131343
1231,2,worn_seal,13.8,1,1,2,2,1,2,2,2,72.1875,11.120850153102573,12.175635714285711,12.351856240806946,72.1875,23.174207125585745,13.530857380952382,14.558050211630157
1232,2,worn_seal,13.6,1,1,2,2,1,2,2,2,72.0125,10.591329181891524,12.853043055555549,12.846191441468282,72.0125,23.167447118381034,13.393424801587301,14.296091040901056
1233,2,worn_seal,13.4,1,1,2,2,1,2,2,2,72.30000000000001,10.345149379843782,12.552813888888881,13.002491561601751,72.30000000000001,23.840170207250168,13.396028696013296,14.019506219724219
1234,2,worn_seal,13.2,1,1,2,2,1,2,2,2,72.30000000000001,9.822773212841653,12.358233928571424,12.252469814104892,72.30000000000001,23.705052525154514,13.143311830933945,13.888426120124224
1235,2,worn_seal,13.0,1,1,2,2,1,2,2,2,71.8,8.363173293760092,12.743733333333335,12.5188409333117,71.8,21.941552125696177,13.040984523809518,13.52860929084948
1236,2,worn_seal,12.8,1,1,2,2,1,2,2,2,72.225,8.584284512265,12.367058333333329,12.114407831370132,72.225,21.937344376505948,13.034472222222224,13.73470125366157
1237,2,worn_seal,12.6,1,1,2,2,1,2,2,2,72.0125,7.536639041653309,11.872596626984116,11.12905581799047,72.0125,21.988440460884974,12.530231746031752,13.720005858016025
1238,2,worn_seal,12.4,1,1,2,2,1,2,2,2,71.8,6.721852187420453,11.129948214285713,11.196227515378089,71.8,21.3519136257296,12.424153460066497,13.22079598966333
1239,2,worn_seal,12.2,1,1,2,2,1,2,2,2,72.225,6.925049042453146,11.714011904761906,11.027722383093137,72.225,21.407798827834824,12.195839880952372,13.175968813869924
1240,2,worn_seal,12.0,1,1,2,2,1,2,2,2,72.1875,6.740836745393686,11.70592301587302,10.77518208165119,72.1875,21.717024450097455,12.208958531746038,12.80198745070431
1241,2,worn_seal,11.8,1,1,2,2,1,2,2,2,72.225,5.637150798772893,10.54063293650794,9.256373855791093,72.225,21.163272653161663,11.684272023809518,13.10833485977268
1242,2,worn_seal,11.6,1,1,2,2,1,2,2,2,71.8,4.44474291774641,10.882713690476187,8.9938300393905,71.8,20.558274535873927,11.499174491812537,12.522864287677283
1243,2,worn_seal,11.4,1,2,2,2,1,2,2,2,72.30000000000001,0.2154224675105283,10.384716468253977,10.026918775611591,72.30000000000001,13.937803376140536,11.30329186507937,11.525758231122579
1244,2,worn_seal,11.2,1,2,2,2,1,2,2,2,72.30000000000001,0.0,10.526057738095256,9.901493633351892,72.30000000000001,13.591735031311714,11.045246626984138,11.397071006018237
1245,2,worn_seal,11.0,1,2,2,2,1,2,2,2,72.1875,0.0,10.473273611111118,10.294115694572879,72.1875,12.44403294284313,11.016415173160174,11.153192991503252
1246,2,worn_seal,10.8,1,2,2,2,1,2,2,2,71.8,0.0,9.935161309523808,9.650017332855468,71.8,11.04434822543044,10.903049491812531,11.13403958558041
1247,2,worn_seal,10.6,1,2,2,2,1,2,2,2,72.0125,0.0,10.646944047619048,10.79505927600073,72.0125,11.37275791357385,10.98506975108224,11.504348092132746
1248,2,worn_seal,10.4,1,2,2,2,1,2,2,2,72.30000000000001,0.0,10.241986507936508,10.280014848268666,72.30000000000001,12.378933439600239,10.40483002645502,10.891010437466424
1249,2,worn_seal,10.2,1,2,2,2,1,2,2,2,71.8,0.0,9.783561309523812,10.136069497897104,71.8,10.138310711312606,10.566171299171842,10.862572239471936
1250,2,worn_seal,10.0,1,2,2,2,1,2,2,2,72.0125,0.0,9.868151984126987,9.36353298816088,72.0125,0.0,9.954886309523808,9.690257945016743
1251,2,worn_seal,9.8,1,2,2,2,1,2,2,2,72.225,0.0,9.79283273809523,9.218884315150088,72.225,0.0,9.744980307539679,9.487331216634304
1252,2,worn_seal,9.6,1,2,2,2,1,2,2,2,72.30000000000001,0.0,9.64524742063492,9.396015804439788,72.30000000000001,0.0,9.670320899470898,9.53981412816029
1253,2,worn_seal,9.4,1,2,2,2,1,2,2,2,71.8,0.0,9.428331547619054,9.001732968255846,71.8,0.0,9.597841861942412,9.154426454955608
1254,2,worn_seal,9.2,1,2,2,2,1,2,2,2,72.0125,0.0,9.160795039682538,8.949870709442635,72.0125,0.0,9.206342460317465,9.316064114337635
1255,2,worn_seal,9.0,1,2,2,2,1,2,2,2,71.8,0.0,9.069114087301607,8.788904654307878,71.8,0.0,9.106104037267091,8.96519667778833
1256,2,worn_seal,8.8,1,2,2,2,1,2,2,2,71.8,0.0,8.711243253968268,8.632602291393015,71.8,0.0,8.716105227743276,8.763303532045182
1257,2,worn_seal,8.6,1,2,2,2,1,2,2,2,72.225,0.0,8.532995833333326,8.58773849367689,72.225,0.0,8.637758482142853,8.596518003691106
1258,2,worn_seal,8.4,1,2,2,2,1,2,2,2,71.8,0.0,8.337382539682547,8.432134769970732,71.8,0.0,8.69079669599724,8.235524267906529
1259,2,worn_seal,8.2,1,2,2,2,1,2,2,2,72.30000000000001,0.0,8.13460357142857,8.382342923848162,72.30000000000001,0.0,8.196484193121695,8.437549302813407
1260,2,worn_seal,8.0,1,2,2,2,1,2,2,2,72.1875,0.0,8.124107539682543,8.04165282563725,72.1875,0.0,8.106407669552674,8.03636120681197
1261,2,worn_seal,7.8,1,2,2,2,1,2,2,2,71.8,0.0,7.417248611111111,7.777917356572817,71.8,0.0,8.124398481711518,7.831502327884181
1262,2,worn_seal,7.6,1,2,2,2,1,2,2,2,72.225,0.0,7.591119841269841,7.614255918888084,72.225,0.0,7.599666021825392,7.779798220214518
1263,2,worn_seal,7.4,1,2,2,2,1,2,2,2,72.0125,0.0,7.33694523809524,7.483872676163712,72.0125,0.0,7.299854365079364,7.705221445175792
1264,2,worn_seal,7.2,1,2,2,2,1,2,2,2,71.8,0.0,7.349132142857144,7.361976173066879,71.8,0.0,7.194559989648026,7.512935843714756
1265,2,worn_seal,7.0,1,2,2,2,1,2,2,2,72.225,0.0,7.3751470598845605,6.949511028892462,72.225,0.0,7.1716922123015845,7.204264544545493
1266,2,worn_seal,6.8,1,2,2,2,1,2,2,2,72.1875,0.0,6.871079365079372,6.908102870271409,72.1875,0.0,6.794513473389359,6.97267887362831
1267,2,worn_seal,6.6,1,2,2,2,1,2,2,2,71.8,0.0,7.003507142857152,6.788346096199306,71.8,0.0,6.827290942028977,6.872938578479985
1268,2,worn_seal,6.4,1,2,2,2,1,2,2,2,72.0125,0.0,7.429249999999996,6.776836162166006,72.0125,0.0,6.6385638888888865,6.952929458420048
1269,2,worn_seal,6.2,1,2,2,2,1,2,2,2,71.8,0.0,6.93871011904762,6.421722092122152,71.8,0.0,6.667240545203578,6.545384392169222
1270,2,worn_seal,6.0,1,2,2,2,1,2,2,2,72.30000000000001,0.0,6.418347222222224,6.370551259313454,72.30000000000001,0.0,6.125560978835977,6.45449240591853
1271,2,worn_seal,5.8,1,2,2,2,1,2,2,2,72.0125,0.0,6.803196031746035,6.058385368143629,72.0125,0.0,6.542842658730157,6.598539003570135
1272,2,worn_seal,5.6,1,2,2,2,1,2,2,2,71.8,0.0,6.298367857142857,5.923923749591668,71.8,0.0,6.135143918219452,6.132195217944754
1273,2,worn_seal,5.4,1,2,2,2,1,2,2,2,72.1875,0.0,6.001585317460318,5.683222018690177,72.1875,0.0,5.767797798786176,5.7495507079584085
1274,2,worn_seal,5.2,1,2,2,2,1,2,2,2,71.8,0.0,5.297673015873021,5.373269651891985,71.8,0.0,5.2408746721877195,5.5670423787200365
1275,2,worn_seal,5.0,1,2,2,2,1,2,2,2,72.0125,0.0,5.184219444444442,5.11341118326118,72.0125,0.0,4.964439087301586,5.5852088681736465
1276,2,worn_seal,4.8,1,2,2,2,1,2,2,2,72.1875,0.0,4.818666666666668,4.904495960637631,72.1875,0.0,4.733741846405233,4.944826416526198
1277,2,worn_seal,4.6,1,2,2,2,1,2,2,2,71.8,0.0,4.728641468253966,4.619611633521462,71.8,0.0,4.623707738095235,4.682559410606385
1278,2,worn_seal,4.4,1,2,2,2,1,2,2,2,72.1875,0.0,4.475723214285715,4.4128684767652935,72.1875,0.0,4.4385537698412705,4.47408283868956
1279,2,worn_seal,4.2,1,2,2,2,1,2,2,2,72.0125,0.0,4.249037896825399,4.252378282828284,72.0125,0.0,4.239466468253967,4.366568768942178
1280,2,worn_seal,4.0,1,2,2,2,1,2,2,2,72.225,0.0,4.046824206349203,3.978885246506589,72.225,0.0,4.026071230158728,4.096631994420054
1281,2,worn_seal,3.8,1,2,2,2,1,2,2,2,72.1875,0.0,3.86148373015873,3.8629702252618934,72.1875,0.0,3.7497555555555584,3.8380070107249127
1282,2,worn_seal,3.6,1,2,2,2,1,2,2,2,72.30000000000001,0.0,3.6431690476190473,3.7054721569327773,72.30000000000001,0.0,3.6234545634920634,3.751701920603553
1283,2,worn_seal,3.4,1,2,2,2,1,2,2,2,72.1875,0.0,3.411269642857141,3.408670477787152,72.1875,0.0,3.349024404761904,3.3645601388833057
1284,2,worn_seal,3.2,1,2,2,2,1,2,2,2,72.0125,0.0,3.358642460317461,3.238654698773453,72.0125,0.0,3.3048763888888937,3.5694311851571956
1285,2,worn_seal,3.0,1,2,2,2,1,2,2,2,72.225,0.0,3.1947513888888888,3.010094553865896,72.225,0.0,3.1128871031746006,3.0947150450703815
1286,2,worn_seal,2.8,1,2,2,2,1,2,2,2,72.225,0.0,2.797952579365076,2.786082649103991,72.225,0.0,2.7371517857142824,2.9193638545941925
1287,2,worn_seal,2.6,1,2,2,2,1,2,2,2,71.8,0.0,2.6971275793650786,2.597766983219927,71.8,0.0,2.6201833333333333,2.6882321806042166
1288,2,worn_seal,2.4,1,2,2,2,1,2,2,2,72.225,0.0,2.3295785714285686,2.4060235221198623,72.225,0.06917999994571034,2.2290168650793616,2.5632678949982335
1289,2,worn_seal,2.2,1,2,2,2,1,2,2,2,72.225,0.0,2.093083730158729,2.203502815049154,72.225,0.48287840365816237,1.9888668650793622,2.3786612705742685
1290,2,worn_seal,2.0,1,2,2,2,1,2,2,2,72.0125,0.0,2.017076587301587,1.9646446338383847,72.0125,1.4449747216958713,1.9949817460317445,2.321338078796797
1291,2,worn_seal,1.8,1,2,2,2,1,2,2,2,71.8,1.7343328123071942,1.8730960317460323,1.8225420192949597,71.8,1.7612554792293622,1.9028601190476193,1.8980133142018516
1292,2,worn_seal,1.6,1,2,2,2,1,2,2,2,72.225,1.790047006274115,1.6500261904761917,1.6395484499697932,72.225,1.5332549924564631,1.7130279761904756,1.8680297099400978
1293,2,worn_seal,1.4,1,2,2,2,1,2,2,2,72.1875,3.894571602962067,1.611154365079364,1.4588914765789769,72.1875,2.351766160522736,1.6860160714285717,1.6233700357051826
1294,2,worn_seal,1.2,1,2,2,2,1,2,2,2,72.1875,5.467066743456584,1.1044689935064949,1.2667843253968274,72.1875,2.8437845391436767,1.2795118506493524,1.4845044894866972
1295,2,worn_seal,1.0,1,2,2,2,1,2,2,2,72.30000000000001,8.447436557745199,0.9298390873015876,1.1687242617723776,72.30000000000001,3.7095056480188333,1.109552380952381,1.349579152267171
1296,2,worn_seal,0.8,1,2,2,2,1,2,2,2,72.1875,8.533662740838686,0.7512862554112555,0.9041954365079389,72.1875,3.810373225707721,1.0219588744588752,1.2013586589283671
1297,2,worn_seal,0.6,1,2,2,2,1,2,2,2,72.225,8.79990937586036,0.5996674603174594,0.6517747980090065,72.225,3.7130361484465055,0.6789101190476188,0.7731208885531476
1298,2,worn_seal,0.4,1,2,2,2,1,2,2,2,72.0125,11.701378336593635,0.5013128968253973,0.43338444264069276,72.0125,4.742615334903675,0.5442652777777781,0.8146914757320388
1299,2,worn_seal,0.2,1,2,2,2,1,2,2,2,72.30000000000001,14.824219668456394,0.49409623015872994,0.5491750914982065,72.30000000000001,5.624475420596767,0.5426884920634918,0.7935653842690141
1300,2,worn_seal,0.0,1,2,2,2,1,2,2,2,71.8,17.087122578356876,0.5486039682539691,0.5389525489613747,71.8,7.331158019824393,0.7507087301587311,0.6991878995580214
1301,3,early_structural_degradation,84.925,1,3,3,3,1,3,3,3,72.225,56.00163561736909,61.77813321944873,80.38956767609642,72.225,56.901688962988956,67.60924810515584,82.80670781848394
1302,3,early_structural_degradation,84.85,1,3,3,3,1,3,3,3,71.8,57.27521961049218,71.42972780383148,81.18146548578113,71.8,58.39951784396493,74.95845835839778,83.47715657526551
1303,3,early_structural_degradation,84.775,1,3,3,3,1,3,3,3,72.30000000000001,56.92226288621119,78.8675390805375,82.98219090935532,72.30000000000001,58.45346711012289,80.89366019345242,84.2298670254423
1304,3,early_structural_degradation,84.7,1,3,3,3,1,3,3,3,72.225,56.49617537867428,79.32049895833329,83.06885900992692,72.225,57.56387579624165,80.88016761363635,84.1836741458631
1305,3,early_structural_degradation,84.625,1,3,3,3,1,3,3,3,72.225,56.74275819770318,78.77441488095238,81.93266806462744,72.225,57.64089106248886,80.67177252435066,83.51073516580792
1306,3,early_structural_degradation,84.55,1,3,3,3,1,3,3,3,72.1875,57.46703745430877,83.39032075892861,83.08735698428063,72.1875,58.58524227188819,83.55636160714286,84.27284221129767
1307,3,early_structural_degradation,84.475,1,3,3,3,1,3,3,3,71.8,58.20218529840075,82.99790586597264,82.96236542145608,71.8,59.261271873936636,83.89808013392854,83.99684895204987
1308,3,early_structural_degradation,84.4,1,3,3,3,1,3,3,3,72.30000000000001,57.78378508712308,83.00767559523806,82.05506716783266,72.30000000000001,59.228947282770804,83.6666434352106,83.56554252441943
1309,3,early_structural_degradation,84.325,1,3,3,3,1,3,3,3,72.1875,58.10316698327312,84.02601128753491,82.93680453540622,72.1875,59.11915516243353,83.92062790178565,83.92379251568082
1310,3,early_structural_degradation,84.25,1,3,3,3,1,3,3,3,72.225,57.69475606726496,82.77275890415474,81.44880422610284,72.225,58.48468700781605,83.4999056484145,83.42857342541521
1311,3,early_structural_degradation,84.175,1,3,3,3,1,3,3,3,71.8,58.904307838446584,83.56120918148372,82.55391631866637,71.8,59.930778105892536,83.86185766369043,83.69009999927468
1312,3,early_structural_degradation,84.1,1,3,3,3,1,3,3,3,71.8,59.11961501688128,83.59294233630948,82.6297821191511,71.8,60.113973143893425,83.95615290178564,83.7255294737211
1313,3,early_structural_degradation,84.025,1,3,3,3,1,3,3,3,72.30000000000001,58.74225324688322,83.78253921130954,82.74594876769702,72.30000000000001,60.11214796768757,83.74966138392854,83.64669315179613
1314,3,early_structural_degradation,83.95,1,3,3,3,1,3,3,3,72.0125,58.66448207635175,83.92593906250005,83.2346927910753,72.0125,59.664455702006805,84.03569366206706,83.56331047616615
1315,3,early_structural_degradation,83.875,1,3,3,3,1,3,3,3,72.0125,59.20644703552195,83.4794612351191,82.69963428319952,72.0125,60.16973008738257,83.76132641369044,83.47510430306049
1316,3,early_structural_degradation,83.8,1,3,3,3,1,3,3,3,72.0125,58.770548745149256,83.26562555614005,82.46429272368253,72.0125,59.76315328646111,83.66581458333334,83.40509690922225
1317,3,early_structural_degradation,83.725,1,3,3,3,1,3,3,3,72.1875,59.514627790766085,83.69681251820175,82.72983901350716,72.1875,60.47621523841702,83.79223266369053,83.44606915238838
1318,3,early_structural_degradation,83.65,1,3,3,3,1,3,3,3,72.225,59.08629872425399,83.4260272321428,82.41848884346474,72.225,60.069014756263684,83.60505096726189,83.06613719697711
1319,3,early_structural_degradation,83.575,1,3,3,3,1,3,3,3,72.1875,60.248133488112586,83.09858898809527,82.3148485056242,72.1875,60.91601416383053,83.55640952380956,83.23176097743709
1320,3,early_structural_degradation,83.5,1,3,3,3,1,3,3,3,72.1875,60.32100541795008,83.19958452380959,82.67873375828756,72.1875,61.05865219728516,83.34896875000004,83.15132096604891
1321,3,early_structural_degradation,83.425,1,3,3,3,1,3,3,3,72.0125,59.86814742960082,83.29849088356853,82.41369043972452,72.0125,60.78960426535526,83.43381889880959,83.13735816435137
1322,3,early_structural_degradation,83.35,1,3,3,3,1,3,3,3,72.30000000000001,60.38101217233439,83.22727843442173,81.90197583215883,72.30000000000001,61.625970119119,83.35266116071435,82.93589869514898
1323,3,early_structural_degradation,83.275,1,3,3,3,1,3,3,3,72.30000000000001,60.58834500207476,83.18622120535721,82.37086673632184,72.30000000000001,61.82264998062902,83.2166569196429,82.99291555743127
1324,3,early_structural_degradation,83.2,1,3,3,3,1,3,3,3,71.8,61.29391558574505,83.10143459821431,82.5418581662362,71.8,62.16142760366776,83.1883857142857,82.94319136188966
1325,3,early_structural_degradation,83.125,1,3,3,3,1,3,3,3,72.1875,61.276140378358186,82.75584346871355,82.04805732924486,72.1875,61.92755736776686,83.0644646577381,82.87229780613134
1326,3,early_structural_degradation,83.05,1,3,3,3,1,3,3,3,72.0125,60.70721276880526,82.54572661210317,81.70584351411556,72.0125,61.57955718897938,83.07874672619045,82.66650746341853
1327,3,early_structural_degradation,82.975,1,3,3,3,1,3,3,3,72.0125,60.954391008352985,82.72251018273217,81.77870693397512,72.0125,61.81216660636432,82.8924140624999,82.70844181878648
1328,3,early_structural_degradation,82.9,1,3,3,3,1,3,3,3,72.225,61.005626338634734,82.77961577380951,81.9963010232161,72.225,61.667272945643404,82.84989977678569,82.71558506352899
1329,3,early_structural_degradation,82.825,1,3,3,3,1,3,3,3,71.8,62.19335216840099,82.8471580522106,82.19383309965784,71.8,63.01385149504216,82.82047008928568,82.59505888089028
1330,3,early_structural_degradation,82.75,1,3,3,3,1,3,3,3,72.1875,62.040606444579296,82.72032217261902,82.2591842088663,72.1875,62.74695635674902,82.7965552083333,82.60331921222831
1331,3,early_structural_degradation,82.675,1,3,3,3,1,3,3,3,72.1875,61.80223209176931,82.33934308035722,81.82069991758712,72.1875,62.80796377590874,82.6292584821429,82.5467565489539
1332,3,early_structural_degradation,82.6,1,3,3,3,1,3,3,3,72.0125,61.822813400048716,82.2150250315148,81.62228378915746,72.0125,62.6352752558999,82.61871294642852,82.43594047159017
1333,3,early_structural_degradation,82.525,1,3,3,3,1,3,3,3,71.8,62.9301348277579,82.46384114583329,81.4928415096267,71.8,63.702922800412885,82.51202968749993,82.36854511790753
1334,3,early_structural_degradation,82.45,1,3,3,3,1,3,3,3,72.225,62.06433158464703,82.47409062499993,81.68791682149158,72.225,62.77652860786661,82.50503757440478,82.4042300655459
1335,3,early_structural_degradation,82.375,1,3,3,3,1,3,3,3,72.225,62.27833660469974,82.23146302083329,81.74940018915939,72.225,62.88933260061592,82.32749315476192,82.36050337127989
1336,3,early_structural_degradation,82.3,1,3,3,3,1,3,3,3,71.8,63.47325156408793,82.2867943427938,81.4303405197989,71.8,64.21655187752135,82.2927316964286,82.10409361227563
1337,3,early_structural_degradation,82.225,1,3,3,3,1,3,3,3,72.1875,62.90471887352337,81.91484811701739,81.64849267778878,72.1875,63.8408161561517,82.24848712797615,82.15821108439336
1338,3,early_structural_degradation,82.15,1,3,3,3,1,3,3,3,72.225,62.803121248967365,82.09790409226183,81.55461200443024,72.225,63.44443585877271,82.1218016369047,82.07862601506147
1339,3,early_structural_degradation,82.075,1,3,3,3,1,3,3,3,72.1875,63.54915676845789,82.03932490360636,81.52811099172567,72.1875,64.25819064943751,82.06110654761903,82.00912213023595
1340,3,early_structural_degradation,82.0,1,3,3,3,1,3,3,3,71.8,64.17206603685753,82.06709583333337,81.22604991927206,71.8,64.89253403684377,82.01579590773807,81.89764436751356
1341,3,early_structural_degradation,81.925,1,3,3,3,1,3,3,3,72.30000000000001,63.936435185567134,81.86283422619049,80.81246493780212,72.30000000000001,64.98644647054367,81.86558325892854,81.79334421720054
1342,3,early_structural_degradation,81.85,1,3,3,3,1,3,3,3,72.0125,63.76902437430948,81.86507562161168,81.1277786368309,72.0125,64.48955854590714,81.83311215277773,81.73455604292158
1343,3,early_structural_degradation,81.775,1,3,3,3,1,3,3,3,72.225,63.64872799457702,81.76075764720248,80.97378994776446,72.225,64.41018942662657,81.72632589285712,81.52973668877135
1344,3,early_structural_degradation,81.7,1,3,3,3,1,3,3,3,72.0125,63.88473456892682,81.72168611134921,80.8447606890937,72.0125,64.60780304500143,81.63727609392146,81.46641516046522
1345,3,early_structural_degradation,81.625,1,3,3,3,1,3,3,3,72.30000000000001,64.56426332013174,81.67535272831952,80.85867013670581,72.30000000000001,65.57389949676991,81.68075758928572,81.5659582235687
1346,3,early_structural_degradation,81.55,1,3,3,3,1,3,3,3,72.30000000000001,64.83093961722538,81.43346019802613,80.55673272675324,72.30000000000001,65.84020074715974,81.45744025297626,81.4156475266834
1347,3,early_structural_degradation,81.475,1,3,3,3,1,3,3,3,72.225,64.38854153065942,81.54418638392856,80.99997894876546,72.225,65.05881874230026,81.50933080357134,81.40197625348331
1348,3,early_structural_degradation,81.4,1,3,3,3,1,3,3,3,72.0125,65.39610758835782,81.16101882440478,80.71331078047126,72.0125,66.0401076437914,81.31520252976193,81.28002068039122
1349,3,early_structural_degradation,81.325,1,3,3,3,1,3,3,3,72.225,64.80957021221057,81.2617219372847,80.21480199343944,72.225,65.28462229936365,81.36964880952378,81.16516098723349
1350,3,early_structural_degradation,81.25,1,3,3,3,1,3,3,3,72.225,64.97970019524924,80.98796037956946,80.20694667017014,72.225,65.47248098687916,81.2222444940476,81.15931086609119
1351,3,early_structural_degradation,81.175,1,3,3,3,1,3,3,3,72.225,65.16243626951962,80.97557770930752,80.20520377531635,72.225,65.63620150927247,81.03128511904768,81.08378024662
1352,3,early_structural_degradation,81.1,1,3,3,3,1,3,3,3,72.0125,65.63461058091526,81.001157426948,80.53025905434014,72.0125,66.28817480707647,81.08937797619052,80.89833332540887
1353,3,early_structural_degradation,81.025,1,3,3,3,1,3,3,3,72.30000000000001,66.10288263917228,80.92304650297619,79.98661261714673,72.30000000000001,67.06624383977211,81.06793125000006,80.90479373429811
1354,3,early_structural_degradation,80.95,1,3,3,3,1,3,3,3,72.0125,65.74118953549913,80.82513483373523,80.16103532307035,72.0125,66.40117020604976,80.94116478174601,80.7424224403315
1355,3,early_structural_degradation,80.875,1,3,3,3,1,3,3,3,72.1875,66.13781653891664,80.96426676558418,80.48927890247141,72.1875,66.92232318752716,80.8888422619048,80.8154408493796
1356,3,early_structural_degradation,80.8,1,3,3,3,1,3,3,3,72.0125,65.98450474328988,80.91115806631139,79.59202186792889,72.0125,66.64222620122274,80.77171939484124,80.46682155604694
1357,3,early_structural_degradation,80.725,1,3,3,3,1,3,3,3,72.225,66.18207717069691,80.58216793154766,79.98864381191244,72.225,66.74820339218296,80.72278216314935,80.65231506976197
1358,3,early_structural_degradation,80.65,1,3,3,3,1,3,3,3,71.8,67.3348833508448,80.49895581313069,80.14291130016768,71.8,67.9449540943993,80.61489382440477,80.51436480616864
1359,3,early_structural_degradation,80.575,1,3,3,3,1,3,3,3,72.0125,66.54494065274862,80.60262554757297,79.55810784740497,72.0125,67.18745396719724,80.65399895833329,80.3739189189476
1360,3,early_structural_degradation,80.5,1,3,3,3,1,3,3,3,72.0125,67.08181184077172,80.62680384618409,80.16279726308036,72.0125,67.69605147337853,80.54698214285715,80.36781489500957
1361,3,early_structural_degradation,80.425,1,3,3,3,1,3,3,3,72.0125,67.5200784895048,80.29418102678571,80.12781249615814,72.0125,68.11288166631513,80.34506249999998,80.32340540513924
1362,3,early_structural_degradation,80.35,1,3,3,3,1,3,3,3,72.1875,67.14113505123282,80.3177314221585,79.8897823605397,72.1875,68.05267449788005,80.55134781912285,79.99952016685684
1363,3,early_structural_degradation,80.275,1,3,3,3,1,3,3,3,72.225,67.28433519026368,79.84997605229535,79.62262448098345,72.225,67.68510436331972,80.15901981195886,80.16744040952437
1364,3,early_structural_degradation,80.2,1,3,3,3,1,3,3,3,72.1875,68.02048103945783,80.12743761545649,80.0146594018673,72.1875,68.53283062094262,80.1780310267857,80.17223528921345
1365,3,early_structural_degradation,80.125,1,3,3,3,1,3,3,3,71.8,68.55667842060772,80.27371059450574,79.09153090526972,71.8,69.1307739432267,80.0293256290584,80.01807088221744
1366,3,early_structural_degradation,80.05,1,3,3,3,1,3,3,3,72.225,67.76973823953267,79.91669237406109,79.36121463679808,72.225,68.27390879323917,80.00568965773805,79.95793156624339
1367,3,early_structural_degradation,79.975,1,3,3,3,1,3,3,3,72.30000000000001,68.49786643945245,79.89012492559517,79.52262776201881,72.30000000000001,69.3864884766089,79.98032760416665,79.87940587650286
1368,3,early_structural_degradation,79.9,1,3,3,3,1,3,3,3,72.1875,68.8763993604697,79.93641179700415,79.40386700985688,72.1875,69.2559163817793,79.91259248511906,79.90002309887562
1369,3,early_structural_degradation,79.825,1,3,3,3,1,3,3,3,72.0125,68.24968331537575,79.51104662572031,78.92868628480137,72.0125,68.86473258403798,79.85568749999999,79.7776696116055
1370,3,early_structural_degradation,79.75,1,3,3,3,1,3,3,3,72.30000000000001,69.0468955005625,79.807840341365,79.3588017478428,72.30000000000001,69.92854645729032,79.78863790543646,79.63271363238273
1371,3,early_structural_degradation,79.675,1,3,3,3,1,3,3,3,71.8,69.54747169207648,79.79612892699471,79.36290444980823,71.8,70.12956907452961,79.75327864583332,79.60571109009933
1372,3,early_structural_degradation,79.6,1,3,3,3,1,3,3,3,71.8,69.74715943257141,79.63906800595238,79.34772009040775,71.8,70.30940408377477,79.58632175324671,79.5090752142227
1373,3,early_structural_degradation,79.525,1,3,3,3,1,3,3,3,72.30000000000001,69.4896780109608,79.43125124233647,78.95038842617346,72.30000000000001,70.3633958470212,79.59147172619053,79.41366316189085
1374,3,early_structural_degradation,79.45,1,3,3,3,1,3,3,3,71.8,70.05835289354368,79.36444687500003,79.15798684788793,71.8,70.63299487751732,79.4418746956169,79.28778984072608
1375,3,early_structural_degradation,79.375,1,3,3,3,1,3,3,3,72.225,69.28276771892861,79.3519664427726,79.0183201666456,72.225,69.86679336672412,79.4052541666667,79.33430144299936
1376,3,early_structural_degradation,79.3,1,3,3,3,1,3,3,3,72.1875,69.74125663836364,79.2773912202381,79.06304245198434,72.1875,70.478122010879,79.350618452381,79.32619998753803
1377,3,early_structural_degradation,79.225,1,3,3,3,1,3,3,3,71.8,70.5199634988067,78.74790763975383,78.9180428507642,71.8,71.12295428835806,79.19509655285556,79.0442922288238
1378,3,early_structural_degradation,79.15,1,3,3,3,1,3,3,3,71.8,70.71112084891963,79.10042589285717,78.91048325228854,71.8,71.30048672446546,79.16961368371213,79.09573166687463
1379,3,early_structural_degradation,79.075,1,3,3,3,1,3,3,3,71.8,70.84806503432635,78.58398936098399,78.8053191111095,71.8,71.45756983663595,78.93075488618891,78.89165960228306
1380,3,early_structural_degradation,79.0,1,3,3,3,1,3,3,3,72.0125,70.1786664594116,79.04684426973955,78.73582306430559,72.0125,70.81030889592344,79.03169300595236,79.08289047622876
1381,3,early_structural_degradation,78.925,1,3,3,3,1,3,3,3,72.0125,70.84596242626502,78.78623869047613,78.74308968513527,72.0125,71.44796201505591,78.8910526785714,78.98508573261932
1382,3,early_structural_degradation,78.85,1,3,3,3,1,3,3,3,72.225,70.41698427351824,78.70885230654756,78.60747293395956,72.225,71.12419718902368,78.81218348214279,78.85575778851906
1383,3,early_structural_degradation,78.775,1,3,3,3,1,3,3,3,72.0125,71.27187754700957,78.64251242559517,78.67347383217121,72.0125,71.87664880232042,78.70808787202378,78.75897016814248
1384,3,early_structural_degradation,78.7,1,3,3,3,1,3,3,3,71.8,71.69361969044417,78.55754650297618,78.48072378308399,71.8,72.3036531257053,78.72410140692638,78.63192635809065
1385,3,early_structural_degradation,78.625,1,3,3,3,1,3,3,3,72.30000000000001,71.39024869147585,78.58936034226194,78.41593669396269,72.30000000000001,72.29133005639375,78.89059233630955,78.55379827475409
1386,3,early_structural_degradation,78.55,1,3,3,3,1,3,3,3,72.30000000000001,71.71680732148579,78.57839009001907,78.2526214983761,72.30000000000001,72.63572650771769,78.54105662202387,78.50372623728028
1387,3,early_structural_degradation,78.475,1,3,3,3,1,3,3,3,72.225,71.33598492392174,78.74859088852912,78.4869637320805,72.225,71.81684604529704,78.81461098123053,78.68130449955015
1388,3,early_structural_degradation,78.4,1,3,3,3,1,3,3,3,72.1875,72.25979703781871,78.4111439813831,78.49923169090006,72.1875,72.64368926020825,78.4366392113096,78.50763758826184
1389,3,early_structural_degradation,78.325,1,3,3,3,1,3,3,3,72.0125,71.80387213506123,78.31352187499999,78.2303600687909,72.0125,72.47045061854973,78.39664828869047,78.38543495250563
1390,3,early_structural_degradation,78.25,1,3,3,3,1,3,3,3,72.30000000000001,72.26883518635103,78.06641775793652,78.04502346507849,72.30000000000001,73.19740963931582,78.22569278273816,78.16464872926346
1391,3,early_structural_degradation,78.175,1,3,3,3,1,3,3,3,72.0125,72.71469800559274,77.80123544146824,78.15879069797593,72.0125,73.35373046766881,78.16664010416665,78.23163245550963
1392,3,early_structural_degradation,78.1,1,3,3,3,1,3,3,3,72.0125,72.1731190519566,78.0677273283618,78.0113291828347,72.0125,72.86581248026536,78.1253134147409,78.2389538134336
1393,3,early_structural_degradation,78.025,1,3,3,3,1,3,3,3,71.8,73.14974414078105,77.83079627976194,78.07767520539436,71.8,73.8027456028973,78.13065863095244,77.9804834226937
1394,3,early_structural_degradation,77.95,1,3,3,3,1,3,3,3,71.8,73.28063295209276,77.8052593750001,78.10256003699148,71.8,73.95792687969958,77.95869272406027,77.92518001982127
1395,3,early_structural_degradation,77.875,1,3,3,3,1,3,3,3,72.30000000000001,73.17743749170427,77.89135237926443,77.91387224616022,72.30000000000001,74.14146929537026,77.94869732142854,77.86398483519632
1396,3,early_structural_degradation,77.8,1,3,3,3,1,3,3,3,72.30000000000001,73.32703727830514,77.85140306191215,77.62565409169909,72.30000000000001,74.29604917331689,77.82312183400784,77.82820048446148
1397,3,early_structural_degradation,77.725,1,3,3,3,1,3,3,3,72.1875,73.07839363637646,77.90199911449221,78.0394042815645,72.1875,73.98766359308343,77.78663265692644,77.86340821163643
1398,3,early_structural_degradation,77.65,1,3,3,3,1,3,3,3,72.1875,73.81157735929409,77.52742224702381,77.84677985512903,72.1875,74.30607044388456,77.65005223214287,77.81005220427187
1399,3,early_structural_degradation,77.575,1,3,3,3,1,3,3,3,72.225,73.26989041872314,77.6555476934524,77.6764399632429,72.225,73.90120539402182,77.62422819940484,77.69542888830478
1400,3,early_structural_degradation,77.5,1,3,3,3,1,3,3,3,72.1875,74.00691019243912,77.42357269345241,77.8926484283696,72.1875,74.60859946896043,77.5066633928572,77.63520357379787
1401,3,early_structural_degradation,77.425,1,3,3,3,1,3,3,3,72.225,73.60860143340861,77.64457980964235,77.85029900241449,72.225,74.21419102285512,77.47645897666487,77.66350997884419
1402,3,early_structural_degradation,77.35,1,3,3,3,1,3,3,3,72.0125,73.72194556974588,77.36754017705486,77.48357566074347,72.0125,74.49114461792611,77.29658511612973,77.58898342410788
1403,3,early_structural_degradation,77.275,1,3,3,3,1,3,3,3,72.1875,74.11105117514599,77.24522351925415,77.65199166186473,72.1875,75.01288967675069,77.27592677895025,77.43516545103316
1404,3,early_structural_degradation,77.2,1,3,3,3,1,3,3,3,72.225,74.02050185035219,77.22152556472142,77.31772457930442,72.225,74.86087265091699,77.27470453869057,77.33903780151827
1405,3,early_structural_degradation,77.125,1,3,3,3,1,3,3,3,72.225,74.19085215023375,77.01050662202384,77.0943984545801,72.225,75.01365413017086,77.0970712053572,77.22240969753484
1406,3,early_structural_degradation,77.05,1,3,3,3,1,3,3,3,72.1875,74.7369925635676,76.89254748843975,77.15331156998347,72.1875,75.55462142773821,77.08805594561686,77.18389971959158
1407,3,early_structural_degradation,76.975,1,3,3,3,1,3,3,3,72.1875,75.05159048072512,76.88179992559517,77.25697953654213,72.1875,75.76311250149479,76.92737053571422,77.08973874311184
1408,3,early_structural_degradation,76.9,1,3,3,3,1,3,3,3,72.30000000000001,75.15625753006654,77.0335506561148,77.2116271799666,72.30000000000001,76.20354842458055,77.00292857142858,76.97956750749749
1409,3,early_structural_degradation,76.825,1,3,3,3,1,3,3,3,72.30000000000001,75.41479655618743,76.98879030440975,77.2102996130163,72.30000000000001,76.47875092561206,76.80398638392869,76.98448077614498
1410,3,early_structural_degradation,76.75,1,3,3,3,1,3,3,3,71.8,75.82665075543697,76.98660681705618,77.4013179785111,71.8,76.61557090335094,76.89491732166277,76.8581437065727
1411,3,early_structural_degradation,76.675,1,3,3,3,1,3,3,3,72.0125,76.02148663868792,77.14554089977207,77.64733968645649,72.0125,76.8122470035213,76.93602955868081,77.12577704182999
1412,3,early_structural_degradation,76.6,1,3,3,3,1,3,3,3,72.225,75.27528452603755,76.68214629338776,77.23569196653075,72.225,76.27422104710192,76.7316682291667,76.84240152998055
1413,3,early_structural_degradation,76.525,1,3,3,3,1,3,3,3,72.30000000000001,75.89347423077402,76.98744999999997,77.33819142650356,72.30000000000001,76.97960242838747,76.70673355654762,76.83473713143465
1414,3,early_structural_degradation,76.45,1,3,3,3,1,3,3,3,72.30000000000001,76.20622074199454,76.66061130727336,77.02349408030541,72.30000000000001,77.31452268630662,76.57777363085965,76.64589129061463
1415,3,early_structural_degradation,76.375,1,3,3,3,1,3,3,3,72.225,75.80914807145423,76.32028883928572,76.80468854540628,72.225,76.67878873110966,76.38281569940474,76.5379023888481
1416,3,early_structural_degradation,76.3,1,3,3,3,1,3,3,3,72.1875,76.1961301322564,76.29736366567458,76.91291184109343,72.1875,77.19681160448427,76.30385624999997,76.5348772203424
1417,3,early_structural_degradation,76.225,1,3,3,3,1,3,3,3,72.30000000000001,76.64901745767152,76.21851429924249,76.69538747832856,72.30000000000001,77.78356257059185,76.34091406250005,76.3806733257294
1418,3,early_structural_degradation,76.15,1,3,3,3,1,3,3,3,72.30000000000001,76.72151776046209,76.2893015196755,76.71261189507601,72.30000000000001,77.85890929486949,76.10245730519479,76.39393118010346
1419,3,early_structural_degradation,76.075,1,3,3,3,1,3,3,3,72.30000000000001,76.91456234922927,76.31426681973821,76.57822082172294,72.30000000000001,78.06505839647397,76.02801310876629,76.21928377951065
1420,3,early_structural_degradation,76.0,1,3,3,3,1,3,3,3,71.8,77.40444437535886,76.189028069471,76.63030977799114,71.8,78.27606149602673,76.06133199404762,76.12727908094624
1421,3,early_structural_degradation,75.925,1,3,3,3,1,3,3,3,71.8,77.5509424955571,75.97980714285711,76.60322688758016,71.8,78.4380591290659,75.98810207265701,76.08793601159243
1422,3,early_structural_degradation,75.85,1,3,3,3,1,3,3,3,72.225,76.8827467904183,75.94483035714282,76.85261843425776,72.225,77.9313952682317,75.93671546942632,76.18565316223457
1423,3,early_structural_degradation,75.775,1,3,3,3,1,3,3,3,72.0125,76.99957790662678,75.9081871593994,76.55276352201346,72.0125,77.97756571720366,75.79806747835504,76.24377757818316
1424,3,early_structural_degradation,75.7,1,3,3,3,1,3,3,3,72.0125,77.33076417507297,75.75708221726185,76.7457094881263,72.0125,78.30856244985404,75.68177239583338,76.1879688223994
1425,3,early_structural_degradation,75.625,1,3,3,3,1,3,3,3,72.30000000000001,77.87823867266239,75.84852298736114,76.40303514638123,72.30000000000001,79.093204995814,75.86778306849749,75.90239674099922
1426,3,early_structural_degradation,75.55,1,3,3,3,1,3,3,3,72.1875,77.51650977551903,76.16300984053274,76.80813319203553,72.1875,78.80045082903274,75.93401826689123,76.0367041591054
1427,3,early_structural_degradation,75.475,1,3,3,3,1,3,3,3,72.1875,78.23263319313344,75.57384337797623,76.32499137292739,72.1875,79.11476733601302,75.47746502976185,75.74289837330112
1428,3,early_structural_degradation,75.4,1,3,3,3,1,3,3,3,72.30000000000001,78.32139551933462,75.66502281375001,76.40500675823905,72.30000000000001,79.56858938496347,75.4329103499684,75.77056619476943
1429,3,early_structural_degradation,75.325,1,3,3,3,1,3,3,3,72.225,77.95343133616686,75.94624285171697,76.88010341766955,72.225,79.15892513092383,75.71789259635153,75.79432801143639
1430,3,early_structural_degradation,75.25,1,3,3,3,1,3,3,3,72.0125,78.73698790469108,75.52481711309518,76.23523317889646,72.0125,79.75618699986174,75.42377467311992,75.82586055621287
1431,3,early_structural_degradation,75.175,1,3,3,3,1,3,3,3,72.0125,78.90973286371292,75.4134522321428,76.2675077280223,72.0125,79.94048682426234,75.32141269395328,75.84962326964568
1432,3,early_structural_degradation,75.1,1,3,3,3,1,3,3,3,72.1875,78.44805742746715,75.8988949743623,76.53845402089398,72.1875,79.80154935890968,75.3355350565998,75.7455175449495
1433,3,early_structural_degradation,75.025,1,3,3,3,1,3,3,3,72.0125,79.40538955244465,75.91367300135346,76.95797838448057,72.0125,80.44967972232047,75.2429986232609,76.05268333971712
1434,3,early_structural_degradation,74.95,1,3,3,3,1,3,3,3,72.30000000000001,79.29142686333107,75.27131384738799,76.14593709027123,72.30000000000001,80.6152076712307,75.02450044607302,75.38756155230261
1435,3,early_structural_degradation,74.875,1,3,3,3,1,3,3,3,72.225,78.92655038729411,74.98592814788782,75.8422440128213,72.225,80.09855972682247,74.94300561161421,75.26860889621726
1436,3,early_structural_degradation,74.8,1,3,3,3,1,3,3,3,71.8,79.84698868882441,75.31847502831366,76.38082782854217,71.8,80.90336282986505,74.93421749641449,75.25635268010184
1437,3,early_structural_degradation,74.725,1,3,3,3,1,3,3,3,72.1875,79.4519079128631,75.22248673598165,76.31785346870197,72.1875,80.69634961765325,74.91559810320081,75.09346618286544
1438,3,early_structural_degradation,74.65,1,3,3,3,1,3,3,3,72.1875,79.470499168772,75.3210546646693,76.27943046265963,72.1875,80.82760887016619,74.81231297717189,75.14515345417982
1439,3,early_structural_degradation,74.575,1,3,3,3,1,3,3,3,72.30000000000001,80.02209224532598,74.93034251620877,75.75560966263812,72.30000000000001,81.40849329685015,74.66067399638138,75.00728576511491
1440,3,early_structural_degradation,74.5,1,3,3,3,1,3,3,3,72.1875,79.89577200377721,75.0155896046398,76.26808137920119,72.1875,81.19202779363282,74.62856644482024,75.0386952146078
1441,3,early_structural_degradation,74.425,1,3,3,3,1,3,3,3,72.0125,79.88086708522815,75.53420739060901,76.50459297856051,72.0125,81.08696681900823,74.51217395833328,75.36674451609562
1442,3,early_structural_degradation,74.35,1,3,3,3,1,3,3,3,72.225,80.04581488445183,75.01787995277634,76.2369327679949,72.225,81.20789368236055,74.45468716602407,75.01895216680883
1443,3,early_structural_degradation,74.275,1,3,3,3,1,3,3,3,71.8,80.92847580874718,74.652741599026,76.02495612924064,71.8,82.06211482173879,74.38705378842975,74.70215507556745
1444,3,early_structural_degradation,74.2,1,3,3,3,1,3,3,3,72.30000000000001,80.85584304691886,74.80487803551034,76.56086634128508,72.30000000000001,82.3178897749431,74.50614903765837,75.26858706895369
1445,3,early_structural_degradation,74.125,1,3,3,3,1,3,3,3,72.225,80.47288559317796,74.57806565406348,75.45550523917797,72.225,81.77632896170292,74.2418661519364,74.58580775006274
1446,3,early_structural_degradation,74.05,1,3,3,3,1,3,3,3,72.0125,80.59697794335513,74.99091026034834,76.60413692574137,72.0125,81.88030782931202,74.20022184202618,75.23742069469137
1447,3,early_structural_degradation,73.975,1,3,3,3,1,3,3,3,71.8,81.54598424772345,74.9515374331178,76.59127916428781,71.8,82.72315747660238,74.33243400233927,75.0319356831795
1448,3,early_structural_degradation,73.9,1,3,3,3,1,3,3,3,72.0125,81.24907281682826,74.51897611607143,75.8970609904998,72.0125,82.53908223420011,73.96409722473508,74.8416596464212
1449,3,early_structural_degradation,73.825,1,3,3,3,1,3,3,3,71.8,81.80949898748207,74.23717879464283,75.93637931883266,71.8,83.03613294774868,73.90224171427096,74.54583432546751
1450,3,early_structural_degradation,73.75,1,3,3,3,1,3,3,3,72.30000000000001,81.66431823949675,74.59021807023693,76.58155868322875,72.30000000000001,83.20574948941095,73.92583546214517,74.81983331641881
1451,3,early_structural_degradation,73.675,1,3,3,3,1,3,3,3,71.8,82.1423813664833,74.60063444602162,76.5795964633425,71.8,83.37606023812418,74.04407495758504,75.00539100649736
1452,3,early_structural_degradation,73.6,1,3,3,3,1,3,3,3,72.1875,81.81612386996899,74.69861859774294,75.7497051614463,72.1875,83.20996153133632,73.90695033624394,74.36867311116312
1453,3,early_structural_degradation,73.525,1,3,3,3,1,3,3,3,72.30000000000001,82.05681818749713,76.95772898178167,78.31648999413387,72.30000000000001,83.63969394007563,74.69530611229575,75.49609792843493
1454,3,early_structural_degradation,73.45,1,3,3,3,1,3,3,3,72.1875,82.37133156821565,74.25887500663981,76.3299367601299,72.1875,83.60836017817722,73.56617310924342,74.51342655655004
1455,3,early_structural_degradation,73.375,1,3,3,3,1,3,3,3,72.225,82.03654495561833,74.93066999569498,77.21238884660552,72.225,83.37857407550902,74.05027395569024,75.21694187241141
1456,3,early_structural_degradation,73.3,1,3,3,3,1,3,3,3,72.1875,82.58869094495336,74.00963206039458,75.40719920217558,72.1875,83.92148735891726,73.54722474614815,74.28021342208567
1457,3,early_structural_degradation,73.225,1,3,3,3,1,3,3,3,72.1875,82.65552805002477,74.32134234517618,75.8169313640436,72.1875,84.0652249206043,73.37095471804518,74.1873908899404
1458,3,early_structural_degradation,73.15,1,3,3,3,1,3,3,3,72.0125,82.83095603177495,73.82846123511912,75.7223203406078,72.0125,84.28023894246022,73.6920708771129,74.51831560250189
1459,3,early_structural_degradation,73.075,1,3,3,3,1,3,3,3,72.0125,83.09262275098027,73.89682066904585,76.00803836320019,72.0125,84.5514432362773,73.59539787823005,74.4743322579769
1460,3,early_structural_degradation,73.0,1,3,3,3,1,3,3,3,72.225,82.72082943084567,75.20149167831785,77.22504054041208,72.225,84.34527646736049,73.72904869477931,75.06070012830962
1461,3,early_structural_degradation,72.925,1,3,3,3,1,3,3,3,72.225,82.93925246867764,74.70633166981337,77.48286691667927,72.225,84.38463553895743,73.30203820258254,74.99908742871052
1462,3,early_structural_degradation,72.85,1,3,3,3,1,3,3,3,72.1875,83.38979343135871,74.0636377750217,75.83108792693163,72.1875,84.88953914548699,73.07697465792855,73.79807914423755
1463,3,early_structural_degradation,72.775,1,3,3,3,1,3,3,3,71.8,83.88484594034114,73.35549237889681,75.72288968237707,71.8,85.32544464648063,72.9275452604443,73.6348474136067
1464,3,early_structural_degradation,72.7,1,3,3,3,1,3,3,3,72.0125,83.83947691369713,73.37954677268323,75.78867758990691,72.0125,85.38602337261469,72.95252553692089,74.17049407660335
1465,3,early_structural_degradation,72.625,1,3,3,3,1,3,3,3,72.225,83.53428799636376,74.41201769813892,77.1869873025361,72.225,85.06042633027562,73.1414879092204,74.73418137725366
1466,3,early_structural_degradation,72.55,1,3,3,3,1,3,3,3,71.8,84.3401650130596,74.0494124785374,77.48702745546524,71.8,85.81992077827785,73.24107640719761,74.22974632071436
1467,3,early_structural_degradation,72.475,1,3,3,3,1,3,3,3,72.1875,84.22235744855382,72.94091225065553,75.9246757240103,72.1875,85.74017351123526,72.59998482142856,73.5419359639943
1468,3,early_structural_degradation,72.4,1,3,3,3,1,3,3,3,71.8,84.6082636360749,73.3067131829596,76.74094387568215,71.8,86.13651668854811,72.7606578098145,73.70657418723688
1469,3,early_structural_degradation,72.325,1,3,3,3,1,3,3,3,72.30000000000001,84.61505133317057,76.11679267998902,78.57204126695416,72.30000000000001,86.48606701920596,73.79150255399242,75.21592767592891
1470,3,early_structural_degradation,72.25,1,3,3,3,1,3,3,3,72.30000000000001,84.71040620300073,74.56150788931178,77.03874109493582,72.30000000000001,86.59539463343583,73.59668022309211,74.21798568870871
1471,3,early_structural_degradation,72.175,1,3,3,3,1,3,3,3,72.30000000000001,84.80847862671376,74.88017058370887,78.34965664717016,72.30000000000001,86.70788501049694,73.42844654531794,74.83630967326252
1472,3,early_structural_degradation,72.1,1,3,3,3,1,3,3,3,72.30000000000001,84.89669197931022,74.23013102492362,77.6855722391486,72.30000000000001,86.80988535404279,73.15225915250541,74.55869200215426
1473,3,early_structural_degradation,72.025,1,3,3,3,1,3,3,3,72.1875,85.29571822660834,75.44924884783114,78.49891510483039,72.1875,86.78152535641904,73.44843028720331,74.70933615006075
1474,3,early_structural_degradation,71.95,1,3,3,3,1,3,3,3,72.225,84.77482211229287,74.97833727567627,77.75803285741597,72.225,86.74432995926489,72.80539223008287,74.93754299531398
1475,3,early_structural_degradation,71.875,1,3,3,3,1,3,3,3,72.225,85.0102848219524,74.24265801737651,76.55962854110044,72.225,86.74648976551312,72.4188312503639,74.37606218750544
1476,3,early_structural_degradation,71.8,1,3,3,3,1,3,3,3,72.0125,85.05705114222712,74.08432701712492,77.73490363894686,72.0125,86.86749831178935,72.2870782613769,74.98884690685676
1477,3,early_structural_degradation,71.725,1,3,3,3,1,3,3,3,71.8,85.94783111003821,74.8066496015818,78.33252816015647,71.8,87.61268878626711,72.80473588662329,74.4993859057623
1478,3,early_structural_degradation,71.65,1,3,3,3,1,3,3,3,71.8,86.09821348220666,74.51915854758518,79.28643763264351,71.8,87.77739956421578,72.66214868534509,75.18912554203791
1479,3,early_structural_degradation,71.575,1,3,3,3,1,3,3,3,72.0125,86.21193369718425,73.95131913937593,77.87009575417947,72.0125,88.03425993354986,72.21714624313455,75.16840396513945
1480,3,early_structural_degradation,71.5,1,3,3,3,1,3,3,3,72.1875,85.92800547095383,73.13997704292558,76.58198413505437,72.1875,87.83350040325581,72.37970048176653,73.88007986603152
1481,3,early_structural_degradation,71.425,1,3,3,3,1,3,3,3,72.30000000000001,86.29402207901447,73.99213170000249,78.16010818977081,72.30000000000001,88.38930961955546,71.89300966214313,74.50663982074471
1482,3,early_structural_degradation,71.35,1,3,3,3,1,3,3,3,72.1875,86.48823844644676,73.7318212240432,78.31380140519212,72.1875,88.23410551765971,71.85617199641156,74.86099440890331
1483,3,early_structural_degradation,71.275,1,3,3,3,1,3,3,3,72.30000000000001,86.55251396810344,73.73662361112443,78.47715366041987,72.30000000000001,88.68581965997116,71.74191010551718,74.58578761441538
1484,3,early_structural_degradation,71.2,1,3,3,3,1,3,3,3,72.225,86.27117146455285,72.92884904989272,77.91138497312016,72.225,88.35785867748159,71.52712644896192,74.58437491553508
1485,3,early_structural_degradation,71.125,1,3,3,3,1,3,3,3,72.225,86.46119824195925,72.79344696468334,78.70775971092183,72.225,88.44158372823112,71.77675582870403,75.48132292893041
1486,3,early_structural_degradation,71.05,1,3,3,3,1,3,3,3,72.1875,86.77673997462301,71.99617220638257,77.35101471553638,72.1875,88.81672960362525,71.47651469288535,74.54694070054494
1487,3,early_structural_degradation,70.975,1,3,3,3,1,3,3,3,72.1875,86.53511782423686,78.86033229124632,83.41596802093187,72.1875,88.88214534034142,74.30765093788324,79.48352040186164
1488,3,early_structural_degradation,70.9,1,0,3,3,1,0,3,3,71.8,87.50712951877084,73.1979075363231,78.23839197391455,71.8,89.39246807178799,71.63398185494701,75.0993392223464
1489,3,early_structural_degradation,70.825,1,0,3,3,1,3,3,3,72.30000000000001,87.39647921112525,74.56127730822516,81.90051817954173,72.30000000000001,89.65461581072988,72.39450450864814,77.37415279443353
1490,3,early_structural_degradation,70.75,1,0,3,3,1,0,3,3,72.30000000000001,87.5916389795392,72.68060635864524,79.38168034625464,72.30000000000001,89.87549679772124,71.66013238450417,75.93297410777078
1491,3,early_structural_degradation,70.675,1,0,3,3,1,0,3,3,71.8,87.91268696993836,77.41669053096659,84.11073364643464,71.8,89.87595763392045,73.8449498231711,79.99012836285344
1492,3,early_structural_degradation,70.6,1,0,3,3,1,0,3,3,72.0125,87.92846375753923,73.33443590167244,80.62152429165889,72.0125,90.04201418172406,71.41117830196626,77.30801952283863
1493,3,early_structural_degradation,70.525,1,0,3,3,1,0,3,3,72.225,87.55401294622853,75.06202410693008,81.6342926486472,72.225,89.91501460119713,71.98642599247813,78.91215029312008
1494,3,early_structural_degradation,70.45,1,0,3,3,1,0,3,3,71.8,88.3527363730486,80.32725850946343,84.15903562837367,71.8,90.3661082334111,75.46584925314524,81.45876654216752
1495,3,early_structural_degradation,70.375,1,0,3,0,1,0,3,3,71.8,88.47917432888767,81.59831420001666,87.32017221612597,71.8,90.52193954128582,76.81412015345155,84.34114022253003
1496,3,early_structural_degradation,70.3,1,0,3,3,1,0,3,3,72.30000000000001,88.43320525932614,73.70719056279567,80.52382426171441,72.30000000000001,90.84987480825569,72.34298973635693,78.44248559890163
1497,3,early_structural_degradation,70.225,1,0,2,3,1,0,3,3,71.8,88.77549974901497,83.53395312189103,86.50197431377717,71.8,90.85013293971795,78.39214442437043,84.60949485363071
1498,3,early_structural_degradation,70.15,1,0,3,3,1,0,3,3,72.0125,88.31988061000797,78.84342961138296,83.18883614578695,72.0125,90.59954679328526,75.2551293364645,82.14233753209504
1499,3,early_structural_degradation,70.075,1,0,2,3,1,0,2,2,71.8,89.06431826231533,88.48852797860326,85.29880337488234,71.8,91.17559856459411,90.44110042207014,86.5490804903722
1500,3,early_structural_degradation,70.0,1,0,2,3,1,0,2,2,71.8,89.21936617738089,88.08462345442327,85.87475435980382,71.8,91.3424031938071,92.38652718781195,88.42163767968692
