actual,group,source_index,previous,candidate,fold
92.82437104090786,B0005,0,94.0025507442243,92.56585798774431,3
92.31636248599636,B0005,1,93.86171233550061,92.31211073985924,3
91.7674597111704,B0005,2,93.3709997449626,91.9681923614031,3
91.76312637910564,B0005,3,93.54550059181831,91.99488393617126,3
91.73227541060209,B0005,4,93.61417232205689,90.86620359771487,3
91.78308300337748,B0005,5,93.7695718555933,91.72642663973454,3
91.75730714613302,B0005,6,93.83249171250678,91.6573074061892,3
91.28783952832768,B0005,7,92.83726281800237,90.56505700979395,3
91.23869264945668,B0005,8,92.85590771861966,90.42625133281963,3
91.2306634248468,B0005,9,93.0783803315241,90.37931260195353,3
91.23097763432251,B0005,10,93.17164223665645,89.88743530387893,3
90.7100967883696,B0005,11,92.06636556411401,90.19882939903214,3
90.68760788774526,B0005,12,92.21764695252475,90.19882939903214,3
90.67202457367912,B0005,13,92.315953743446,89.83703182615648,3
90.12990018153252,B0005,14,91.49177940718704,89.67968173826786,3
90.10534501230752,B0005,15,91.40950969166533,89.66405111964114,3
90.12897504131044,B0005,16,91.40440077446925,89.68628529715276,3
90.15341571417048,B0005,17,91.45232818160524,89.11803832393569,3
90.1388812359802,B0005,18,91.53037147127169,89.10696453310092,3
92.35129974664598,B0005,19,93.9758491920229,91.83498895247685,3
92.3708655641822,B0005,20,94.01479594708422,91.44659863216663,3
91.80887106739472,B0005,21,93.36379115166459,91.82167026516632,3
91.2890373788812,B0005,22,92.59002501243538,90.40970384918108,3
91.25568217539184,B0005,23,92.82137358172265,90.34307264677363,3
91.2790752110188,B0005,24,92.64993592380719,89.99581954617528,3
90.70155637541954,B0005,25,91.79407672147732,90.15936693900169,3
90.73845970579468,B0005,26,91.99809615336483,90.00595205265772,3
90.6984694355176,B0005,27,92.10373337506047,89.68896400938804,3
90.13828325839116,B0005,28,91.20427863111703,89.60646638202131,3
90.2038520058676,B0005,29,91.34840021045491,89.47117377326673,3
92.59012758352245,B0005,30,90.8105370978419,92.21131051396094,3
91.53519228369714,B0005,31,89.84313787175506,90.41630740806599,3
90.99520544750636,B0005,32,89.29821327888001,90.15936693900169,3
90.4653981851426,B0005,33,88.78561828674222,89.72271467996511,3
90.230495229026,B0005,34,88.6151460675251,89.69907693621829,3
89.96885325986096,B0005,35,88.14698713266418,89.49181772255815,3
89.42216167685231,B0005,36,87.74075555963478,89.08582792448534,3
89.14615242126362,B0005,37,87.38713008939989,89.07019730585863,3
88.65168579009143,B0005,38,86.76710904970595,88.4658259296291,3
88.65188775394685,B0005,39,86.6523294219139,88.54660651039868,3
88.39360553331026,B0005,40,86.24481276917781,88.20126679336974,3
88.11575352046545,B0005,41,86.0381236803095,88.25226737715047,3
88.38086462469224,B0005,42,88.66526772371128,88.20126679336974,3
88.13341798715734,B0005,43,86.30105160233751,88.19149012307625,3
87.58652435332071,B0005,44,85.58312232915506,87.53997874617093,3
87.09248023980004,B0005,45,84.93730520927355,86.70511344149486,3
86.8045675592357,B0005,46,84.69117766504168,86.68948282286814,3
89.68120074286804,B0005,47,87.36096613821734,89.2635790388593,3
89.15945111636638,B0005,48,86.82377284319787,89.22341521024727,3
88.36821038139479,B0005,49,86.0314827827069,88.25226737715047,3
87.85088925176532,B0005,50,85.5742374544912,87.7986133521452,3
87.34353089918953,B0005,51,85.0154978394479,87.74761276836446,3
87.08586253728572,B0005,52,84.7360647079756,86.94338022734604,3
86.82112528239094,B0005,53,84.31886306144894,86.99438081112677,3
86.31608619617913,B0005,54,84.06099122454572,86.4190537000484,3
85.79032694665067,B0005,55,83.44701585044302,86.4190537000484,3
85.52666755675959,B0005,56,83.01693670912755,85.77246838211722,3
85.30072498242605,B0005,57,82.71498472957788,85.64778697305121,3
85.01555136321294,B0005,58,82.46072331429077,85.60904706771854,3
84.72899300898948,B0005,59,82.37594418715003,85.18932990266983,3
84.24514543304643,B0005,60,81.75887435888302,85.02708061400529,3
83.72370795579857,B0005,61,81.19050851975317,84.61591051980145,3
83.72846239939551,B0005,62,81.01752271450438,84.60027990117473,3
83.18581879907026,B0005,63,80.91209955402398,84.06360468973756,3
82.9506934374123,B0005,64,80.2840654456489,84.0123302641553,3
82.69270286667508,B0005,65,79.95436649687622,83.53740230547422,3
82.13268910650655,B0005,66,79.36341842240995,83.55303292410093,3
81.89289215111849,B0005,67,79.06463191283495,83.25993094102138,3
81.63675203549555,B0005,68,78.79151286140471,83.0353978958434,3
81.38764457766808,B0005,69,78.53820152713848,83.0353978958434,3
81.10627427605796,B0005,70,78.18552239057738,81.92114345966334,3
80.56628301882924,B0005,71,77.66681566547618,81.93677407829006,3
80.32815698744193,B0005,72,77.39397569097648,81.92114345966334,3
80.07571116958798,B0005,73,77.12432662522313,81.92114345966334,3
79.5184615700164,B0005,74,76.59011416394539,80.61543150552488,3
79.28944984121105,B0005,75,76.30635084327733,80.0281268933118,3
79.24715353687058,B0005,76,76.488563027854,80.0281268933118,3
79.77631946247968,B0005,77,76.8611690453609,81.97214404344408,3
78.73650873900519,B0005,78,75.91715327277822,79.70498624376309,3
78.24509975468973,B0005,79,75.20292600032326,79.12027607099594,3
77.98829736685181,B0005,80,74.90530094716867,79.17579028021095,3
77.97407834092117,B0005,81,74.72168144305002,79.27776227607755,3
77.7344676795305,B0005,82,74.55551716344512,78.68074108744132,3
77.44370539945209,B0005,83,74.36652341000473,78.58139921142546,3
76.9118299471279,B0005,84,73.82140015198233,77.79540130105312,3
76.39571291255139,B0005,85,73.30752327514426,77.18552165561583,3
76.42626314878223,B0005,86,73.12355701550624,77.27771698118895,3
76.1323662642189,B0005,87,72.8451544000441,76.27612326765284,3
75.87429969244934,B0005,88,72.53543387165479,76.27612326765284,3
80.29094495653295,B0005,89,76.68655564585303,82.47870011601155,3
78.19245723372212,B0005,90,74.95324990322783,79.32876285985829,3
77.40457623883893,B0005,91,74.21445146794652,78.58139921142546,3
76.61877815934297,B0005,92,73.44789587962245,77.59662405984564,3
76.34764134244853,B0005,93,73.19046505508926,77.33849423526317,3
75.84786508568163,B0005,94,72.63885194781517,76.20949206524539,3
75.59487980071346,B0005,95,72.33703778787817,75.85516309616395,3
75.32819480340552,B0005,96,72.05755570220532,75.85516309616395,3
75.07726763335681,B0005,97,71.84624270389764,75.63520570987407,3
74.54222025200119,B0005,98,71.23320858025399,75.03007318259661,3
74.29341922806006,B0005,99,70.97080128011412,75.03007318259661,3
74.02068389880529,B0005,100,70.69608291504048,74.78272990414798,3
73.76047934515816,B0005,101,70.34032251427797,74.78272990414798,3
74.29517994152012,B0005,102,71.01757239020222,75.0144425639699,3
74.80459149068348,B0005,103,71.41400010111334,75.01729416390711,3
74.04002973464492,B0005,104,70.58534373713997,74.76709928552127,3
73.48771634233412,B0005,105,70.04086020933116,74.56700464780344,3
72.69506137422964,B0005,106,69.30529164730385,73.4420438714322,3
72.70731033617845,B0005,107,69.16323230608006,73.4420438714322,3
72.75118759533416,B0005,108,69.17894471733867,73.4420438714322,3
72.4521081880618,B0005,109,68.93435352556867,73.3444527379215,3
71.93354685740283,B0005,110,68.41530350278653,72.92547179090882,3
71.67227160784894,B0005,111,68.01411106071996,72.90216612137804,3
71.66979450419048,B0005,112,68.0423588730447,72.88653550275133,3
71.403243672388,B0005,113,67.77484815284029,72.49108633381522,3
71.14601590870593,B0005,114,67.50526806621994,72.488234733878,3
70.8714516365654,B0005,115,67.24647099540945,71.82846029230123,3
70.6204614397223,B0005,116,66.90224896380064,71.82846029230123,3
70.62893964700964,B0005,117,66.83744878306987,71.82846029230123,3
70.37991865734948,B0005,118,66.57564425143869,71.83131189223845,3
71.66960242610739,B0005,119,68.31200858318424,72.88938710268854,3
71.91275088396453,B0005,120,68.3776732506151,72.91269277221932,3
70.86773587242763,B0005,121,67.34898530213559,72.08058046634822,3
70.34908318388216,B0005,122,66.82121411470607,71.84409091092795,3
70.06018891793812,B0005,123,66.4602872042545,71.03293926970228,3
69.83504116363164,B0005,124,66.24900381481585,71.03293926970228,3
69.5642394426363,B0005,125,65.90863382251864,70.72536595480103,3
69.31143838989175,B0005,126,65.6974537670878,70.72536595480103,3
69.02183380987069,B0005,127,65.4587766496758,69.49314407836411,3
68.76182075128112,B0005,128,65.10911532394286,69.49314407836411,3
68.52564012447505,B0005,129,64.87130500076553,69.49314407836411,3
68.525427831352,B0005,130,64.87097706819696,69.49314407836411,3
68.23677554340759,B0005,131,64.60823796055867,69.07199823213627,3
68.7696008447881,B0005,132,63.91903220625318,69.54414466214484,3
69.30557575767696,B0005,133,65.6330033841392,70.74099657342775,3
68.4925001791947,B0005,134,64.76696319221621,69.55977528077156,3
68.23913974630379,B0005,135,64.57026065807531,69.122998815917,3
67.71610233129982,B0005,136,63.95665352144812,68.80073863906185,3
67.73208509189482,B0005,137,63.89374224849982,68.83610860421587,3
67.73519606596204,B0005,138,64.01263475385284,68.83610860421587,3
67.4657498751729,B0005,139,63.747293763793046,68.83610860421587,3
67.20945968985276,B0005,140,63.45114062145044,68.40364416093912,3
66.94956895347877,B0005,141,63.11375742646621,68.39386749064563,3
66.94572615103486,B0005,142,63.04082049020406,68.40364416093912,3
66.70033379880827,B0005,143,62.8518377546222,68.08122323595394,3
66.43222154587457,B0005,144,62.69722245410253,68.03022265217321,3
66.15854496138111,B0005,145,62.31601279021831,67.64101541474454,3
65.90845794222598,B0005,146,61.95948842901423,67.31798283183312,3
65.92332218320168,B0005,147,61.8643039686221,67.41995482769973,3
65.9146520051351,B0005,148,61.95522277833495,67.41995482769973,3
66.19362111221339,B0005,149,62.54451741950108,67.31798283183312,3
68.00608383277392,B0005,150,64.22530302078603,69.122998815917,3
66.97653433973677,B0005,151,63.10220005984542,68.40364416093912,3
66.45143282560349,B0005,152,62.588408359177194,68.04585327079992,3
66.18370637499478,B0005,153,62.31010369497734,67.74884135894438,3
65.93169483766465,B0005,154,62.02741012409628,67.40183255011034,3
65.67375660662135,B0005,155,61.74513383732678,67.33361345045984,3
65.66010317221101,B0005,156,61.725190408812686,67.31798283183312,3
65.38979973472176,B0005,157,61.4568906733233,67.23852410759827,3
65.1516459320296,B0005,158,61.09693965980708,67.25415472622498,3
65.16786779519101,B0005,159,61.18419301266207,67.23852410759827,3
65.17050219327821,B0005,160,61.17614285807739,67.23852410759827,3
64.89435403247853,B0005,161,60.88819224898465,67.33071943317138,3
64.90367528459451,B0005,162,60.88740753318129,67.23852410759827,3
64.67318069221216,B0005,163,60.5592381670827,66.70751082864193,3
64.4001696309559,B0005,164,60.289525222417,66.73347900830086,3
64.37262610689703,B0005,165,60.25541358184371,66.72619399697004,3
65.45076821153677,B0005,166,62.10612062121845,67.47380701141768,3
66.25396643214678,B0005,167,63.062802924854836,67.7968395943291,3
101.7668795502799,B0006,168,101.6063734752169,98.6909337873631,4
101.2570123015706,B0006,169,101.6271982874913,98.34409441000552,4
100.6663185672732,B0006,170,100.9007148624454,98.69533723248207,4
100.66423327703706,B0006,171,100.63216304981671,98.87172353386711,4
100.02641688123856,B0006,172,100.52349037951606,98.72405424694061,4
100.69495379965822,B0006,173,101.28653616184809,98.89489710087776,4
100.65505528134835,B0006,174,101.18035298267803,98.57084151256622,4
98.439491313642,B0006,175,99.37580427188122,98.76145839973627,4
98.40830882167124,B0006,176,98.51173835672871,98.87172353386711,4
97.86153958780268,B0006,177,98.70815279968974,97.87628985755461,4
97.27995757064676,B0006,178,98.22566273955937,98.76145839973627,4
96.73752522420564,B0006,179,96.83575863452434,98.87172353386711,4
96.16399769684014,B0006,180,96.32391462447241,98.87172353386711,4
95.59449654742434,B0006,181,96.2384390501796,98.72405424694061,4
95.05333570989652,B0006,182,95.3666033747951,98.05267615893965,4
94.45994974030728,B0006,183,95.00567004762134,94.82591766909896,4
93.91391861244244,B0006,184,94.31833111685809,93.8693837930907,4
93.37848580760104,B0006,185,94.06093577543909,93.08382398396903,4
93.37946287226885,B0006,186,93.54633109996217,92.61236529956096,4
98.98132741254088,B0006,187,101.27853711509766,99.3206804273822,4
97.87749540442012,B0006,188,100.00107776634238,99.70188622438815,4
97.29075085393777,B0006,189,99.49037713207818,99.3206804273822,4
96.21230560840046,B0006,190,98.11459551063811,99.68403068249604,4
97.2990566571082,B0006,191,98.14385566010215,99.79961384174543,4
95.07039652765395,B0006,192,96.4211557558686,99.90240239650696,4
93.93371068400424,B0006,193,96.4412034918893,94.20964603283146,4
93.41530664132108,B0006,194,95.26358723829274,93.89575790782867,4
92.801220350415,B0006,195,95.12342553987367,93.35515320593316,4
92.25998980927888,B0006,196,94.00361008646794,92.28996334428939,4
92.86144454426584,B0006,197,94.80765075598295,93.72988784146978,4
96.23880444545318,B0006,198,95.8679392466923,99.97234928796628,4
94.11158763046276,B0006,199,94.63825250297288,94.92456037104844,4
92.76383439427936,B0006,200,93.54539275355125,93.4974542409843,4
91.9625445859094,B0006,201,92.78114273554766,92.1901497516766,4
90.92698036997214,B0006,202,91.72660971562789,90.62154853208771,4
90.67385029783529,B0006,203,91.30278622846913,90.62154853208771,4
89.85509225152718,B0006,204,90.44841574310982,89.69893123276081,4
89.05023147060238,B0006,205,89.46738767697842,88.70354721505338,4
88.55065211341164,B0006,206,88.88344106248432,88.3635189156445,4
88.02356224085473,B0006,207,87.90806008778574,87.49411190784372,4
87.51456894003294,B0006,208,87.5123082855311,87.18825339408788,4
86.97462518866288,B0006,209,87.03041628774378,86.8482109328793,4
87.73383276818602,B0006,210,88.69156363272718,87.62436287760946,4
88.29695470921088,B0006,211,88.01582274976664,88.25345146164366,4
86.68943709812419,B0006,212,86.58299980998135,85.70641193998834,4
85.6662956020367,B0006,213,85.03140984090597,85.22521869973244,4
85.12038906836733,B0006,214,84.30658826424906,84.62285207874154,4
91.1859730890915,B0006,215,91.28766255947849,90.23625063432124,4
90.40642025157354,B0006,216,90.26855381652945,89.9820967021381,4
88.78805472517142,B0006,217,88.79101056622238,88.53658999164557,4
87.237049209184,B0006,218,87.15434982678526,86.91557710946662,4
86.46035170661865,B0006,219,85.99209043846355,85.70641193998834,4
85.40543276276622,B0006,220,84.95315500149583,84.76301468814361,4
84.87977118730883,B0006,221,84.34991899191633,84.38106205724259,4
84.10317262014732,B0006,222,83.63882015009398,83.61781305856252,4
83.57384161147543,B0006,223,83.01777354009339,83.58029863523517,4
83.03795693523827,B0006,224,81.94277927899802,83.16319232342283,4
82.55605075190346,B0006,225,81.09210044554119,82.20297159659411,4
82.00674628095464,B0006,226,81.12011928027215,81.98873876836682,4
81.4599970808272,B0006,227,80.42142481333228,80.99093470037562,4
80.44248151480832,B0006,228,79.32579170759338,80.30077159641282,4
80.17622449484624,B0006,229,79.05739307051861,79.43350521959361,4
79.94856072013991,B0006,230,78.32388681702895,79.07625475226233,4
79.38136561787802,B0006,231,78.97375675193328,79.16796352736539,4
79.14859872343084,B0006,232,78.17403225112437,79.28981669504047,4
78.35688183567815,B0006,233,77.07470608924785,77.76336360304221,4
78.06723069856942,B0006,234,76.85347180911165,77.69658475189276,4
77.55855946395211,B0006,235,75.71025980524904,77.29444698559851,4
77.03370803147585,B0006,236,76.05607792103852,76.57914732633968,4
76.26569372312217,B0006,237,75.13186211560448,76.00830878326222,4
76.50785159033714,B0006,238,74.72943554618244,76.02034485141553,4
76.23283417237045,B0006,239,74.36315108908974,75.76310869396369,4
75.72746493327715,B0006,240,74.19965594499256,76.0161851667896,4
75.4695752301041,B0006,241,73.69881110829837,74.29892117869886,4
75.19987166525351,B0006,242,73.10650898066432,73.9849715008868,4
74.67600959020095,B0006,243,72.91634788735952,73.49076146984176,4
74.3816151224871,B0006,244,72.74900432430934,73.48484956306457,4
76.51438107200852,B0006,245,74.90426898158411,76.209351941079,4
75.20380044180057,B0006,246,73.39430232534183,73.9849715008868,4
74.43796804365446,B0006,247,71.98252646715964,73.48484956306457,4
73.91389642773318,B0006,248,71.64849464307356,72.07053237512909,4
73.9229991107842,B0006,249,71.0922105866852,72.07053237512909,4
73.66074224499864,B0006,250,71.40051896177724,72.0668599597405,4
73.37582467533949,B0006,251,71.08825456425475,71.85845529744878,4
72.58146328760668,B0006,252,70.55184344352111,71.7443617246114,4
72.59618860483587,B0006,253,70.0229645413454,71.56123037061471,4
72.35742347388872,B0006,254,69.6699887843478,71.83717822464375,4
72.34269052829943,B0006,255,69.76448768373744,71.59022591319396,4
72.08370965142339,B0006,256,69.33896123713583,71.25519928552934,4
79.67933296550063,B0006,257,76.526150396558,80.72620976601947,4
77.31951188457819,B0006,258,74.98869437064732,76.98207138420995,4
75.73527958783049,B0006,259,73.4816219538496,75.2015827613005,4
74.94893041667702,B0006,260,72.93767096126342,74.05824958425131,4
74.15555372705246,B0006,261,71.88984909590798,72.44134153510457,4
73.6483241273414,B0006,262,70.9760116869085,71.99358187637598,4
73.13802198049653,B0006,263,70.57263461799933,71.85845529744878,4
72.59182340531257,B0006,264,70.56798065990894,71.7443617246114,4
72.34335322015197,B0006,265,70.07165833553057,71.56123037061471,4
72.06901997138895,B0006,266,69.64387085453416,70.90597334813579,4
71.5605372480387,B0006,267,69.1938411871151,70.21471451173389,4
71.30123589762857,B0006,268,68.47888712813301,69.75986637719845,4
71.02438249830975,B0006,269,68.60569589540266,69.72405847243913,4
71.03503115177503,B0006,270,68.60515817725725,69.72405847243913,4
72.61279021654194,B0006,271,70.100207936523,72.00059069088124,4
71.57788163862855,B0006,272,68.78543449885082,70.5531726358375,4
70.75078755794715,B0006,273,68.47950081645321,70.0276091471863,4
70.48655753258726,B0006,274,67.62777367239397,69.42440488821997,4
70.24586590646545,B0006,275,67.44637436495357,69.45340043079922,4
69.75821482857815,B0006,276,66.651785123731,69.26726509453093,4
69.72671916307038,B0006,277,66.8561399320382,69.23441440021246,4
69.46585589656323,B0006,278,65.93986592628285,69.07637840123407,4
69.19189736163904,B0006,279,66.12945492465225,68.47587672469939,4
68.68407119097562,B0006,280,66.06441332414872,68.75284815341668,4
68.93029945931838,B0006,281,65.85232041992003,68.75876006019386,4
68.68800149554288,B0006,282,65.59883452105463,68.75876006019386,4
68.41290291971356,B0006,283,65.49452288017409,68.22255881681063,4
68.16512018658753,B0006,284,65.09201161377666,67.84127454622059,4
67.90483070086299,B0006,285,64.53835635533913,67.70987018226188,4
67.66345454997655,B0006,286,64.38049146571385,68.08440572180086,4
69.20802869118744,B0006,287,66.92513185010725,68.8419589616014,4
70.25733895325736,B0006,288,67.55109451941473,69.8223146191691,4
68.93595113136764,B0006,289,66.41937271164656,68.74105676543849,4
68.41328891599532,B0006,290,65.59866701626736,68.09771148029455,4
67.86575648309008,B0006,291,65.24183028435853,67.82357125146521,4
67.62467319400798,B0006,292,64.83496364824519,67.20444607930422,4
67.37049575830618,B0006,293,64.4591854123411,66.74603209686,4
66.85037565421159,B0006,294,64.26406719272931,66.74603209686,4
66.56176483359263,B0006,295,63.98572927516728,66.74603209686,4
66.29651890863822,B0006,296,63.41636801551379,66.74603209686,4
66.07893719337645,B0006,297,63.390727827662936,66.74603209686,4
66.06125370330544,B0006,298,62.840398642901015,66.37793642787743,4
65.78242650931341,B0006,299,62.87071304521292,65.65406154640306,4
66.04512848751195,B0006,300,63.624938487000726,66.80989630057671,4
67.37164383636953,B0006,301,64.98951658786638,67.52462718110108,4
66.30064036176807,B0006,302,63.650113886321456,67.03079996423871,4
65.50593392415533,B0006,303,63.10803265929831,65.79962467422934,4
65.2608101146965,B0006,304,62.73804885981697,65.54049812292648,4
65.02030975677887,B0006,305,62.4127629252955,65.55596328040969,4
65.0117867920558,B0006,306,62.27842195575127,65.82114332114878,4
64.47533361240379,B0006,307,62.153444549002316,65.55596328040969,4
63.96265286923975,B0006,308,61.38788143598272,64.55794547164058,4
63.96039085857309,B0006,309,61.45424596491823,64.55794547164058,4
63.70183804514616,B0006,310,60.968561234562614,64.55794547164058,4
63.70636961500734,B0006,311,61.123127694197386,64.07928606285908,4
63.1881971322039,B0006,312,60.76090205928539,64.00700101839732,4
62.906868444776165,B0006,313,60.42244337872232,64.19989237258501,4
62.66299320276505,B0006,314,60.34063796363089,63.811412303671965,4
62.661566577467134,B0006,315,60.25586963175305,63.811412303671965,4
62.40437480156788,B0006,316,59.742787096265836,62.45542446104794,4
62.67177142472422,B0006,317,60.25690858591604,62.66234345633008,4
64.4902438663345,B0006,318,61.788412731502966,65.08305646402054,4
63.177010108794185,B0006,319,60.20467446670021,64.00700101839732,4
62.398808534214254,B0006,320,59.36019408427112,62.58552243139102,4
61.60601438971667,B0006,321,58.852781149875845,61.16614777407343,4
61.35568833106767,B0006,322,58.59694546445457,60.563363016945324,4
61.08698790688678,B0006,323,58.227263455075615,60.563363016945324,4
60.5551339457587,B0006,324,57.64834930420526,60.563363016945324,4
60.28079882565868,B0006,325,57.47948666734152,59.902567214646915,4
60.044681313586366,B0006,326,57.35833838743369,59.902567214646915,4
59.52951992779168,B0006,327,56.67546315675981,59.57394215328839,4
59.25896255209705,B0006,328,56.43143742102952,58.92846796781915,4
58.983534090723126,B0006,329,56.322445373768275,58.60236880353673,4
58.72976418376958,B0006,330,56.0523802718417,58.60236880353673,4
57.6909165798125,B0006,331,55.12505039470227,57.55751362765079,4
58.22004778686132,B0006,332,55.22395844849831,57.834858469665775,4
57.93987473958035,B0006,333,55.156876877173374,57.704760499322695,4
58.74874417384586,B0006,334,57.19419359242433,59.026227743177905,4
59.283761639646784,B0006,335,57.77797236628225,59.89474852583902,4
94.5526147695395,B0007,336,99.17525079943225,98.22025544978408,3
94.03185138434294,B0007,337,99.51634238835305,95.18785932618162,3
94.03313358505694,B0007,338,99.99090332518915,94.94997555321288,3
94.03854504916724,B0007,339,99.99122788719816,95.38039143475052,3
93.97254364142528,B0007,340,100.40303420195613,95.2823935084676,3
94.03501758558704,B0007,341,99.50839659529494,94.68167549982434,3
93.99676261783036,B0007,342,99.66005569112873,94.77967342610725,3
94.075440620194,B0007,343,99.53334342863457,94.64791761017815,3
93.4845393519292,B0007,344,99.01027412799817,93.94970209876291,3
93.50261900695996,B0007,345,99.79439094094272,94.09084820172467,3
93.50221197094288,B0007,346,99.77407738662293,94.2536542613451,3
92.98259493883182,B0007,347,98.84282200750877,93.54926469300935,3
92.95373280431104,B0007,348,98.9339378301806,93.54926469300935,3
92.95042288854616,B0007,349,99.03732598743292,93.54806161157477,3
92.96811293478524,B0007,350,97.84518187138514,92.90543201041098,3
92.93677725300518,B0007,351,97.8120796331423,92.87360493260913,3
92.39086456610724,B0007,352,97.80283056253391,93.99946894739426,3
92.42626458068524,B0007,353,96.73953875221326,91.03891320992824,3
92.4189475925017,B0007,354,97.01682117312886,90.82548095352898,3
94.03902718804883,B0007,355,100.53433310739973,97.63207956532966,3
94.073607987218,B0007,356,100.62821542887127,97.00808459105647,3
94.05477156622392,B0007,357,99.66124336104932,94.04723279259376,3
93.55044824889998,B0007,358,100.02174839440414,93.7093932838293,3
93.50997575970686,B0007,359,100.4605401308606,94.2574596951077,3
93.53357681400492,B0007,360,98.61475127577188,92.65580781419254,3
92.98062322010084,B0007,361,99.01702735694641,94.60018053727426,3
93.0016954859173,B0007,362,97.79924724621516,92.77243815087753,3
92.95826554580384,B0007,363,98.14816160574159,93.09027545856117,3
92.40699089389145,B0007,364,98.42375017283858,94.60018053727426,3
92.4600851063082,B0007,365,97.41892196929507,90.82928638729157,3
94.17338718975424,B0007,366,96.71000636037365,96.02192718389287,3
93.14105558952922,B0007,367,95.80230515248596,93.18533827421348,3
92.6042519826176,B0007,368,95.19394516314686,92.77568526183,3
92.34752324104352,B0007,369,95.288914069317,91.1895658484233,3
91.8414215584509,B0007,370,94.50871884657019,91.34132595009865,3
91.85809809836138,B0007,371,94.69640211726957,91.34149125703459,3
91.58361291859426,B0007,372,94.63373857631422,91.49011309217093,3
91.05735475658892,B0007,373,93.57661987551442,89.74595543756648,3
90.82530457557574,B0007,374,93.35096862539687,89.3748934540211,3
90.5690780075228,B0007,375,92.70477682693272,89.40396848029822,3
90.58028166969792,B0007,376,92.9714553365675,89.48529553362782,3
90.30274477778704,B0007,377,92.57731055025272,89.2903108431825,3
90.66020913497027,B0007,378,95.01251693340079,89.33904952393445,3
90.31320969141768,B0007,379,93.056040361979,89.15949327432494,3
89.79155124950229,B0007,380,92.33515149875001,88.31130495610965,3
89.29426300195226,B0007,381,91.70337790501533,88.41449310593799,3
89.01634302251375,B0007,382,91.45487633698343,87.7866723213296,3
90.75378449787787,B0007,383,93.0795380024238,89.84251995183367,3
90.7851257742292,B0007,384,92.94161080277053,89.84251995183367,3
90.01216089028335,B0007,385,92.07072442201935,88.94420703701697,3
89.52238102804654,B0007,386,91.83092241311,88.71098996645088,3
89.0171516150066,B0007,387,91.4814588187238,88.56641851454928,3
88.7664384798406,B0007,388,91.26626302032977,87.71940529318789,3
88.51314867366426,B0007,389,90.93595058428892,88.1236812163573,3
88.0040530927102,B0007,390,90.40711992532624,87.6058861891741,3
87.48237967688445,B0007,391,90.34140712598158,86.9310186943752,3
87.48250375296554,B0007,392,89.8692839038526,86.9310186943752,3
87.25143696073415,B0007,393,89.51521916770886,86.47736466936992,3
86.98228727643365,B0007,394,89.21685307734975,86.93382483296521,3
86.42821138858982,B0007,395,89.15514812849182,86.66837479117034,3
86.1950162294209,B0007,396,88.15154987655147,85.84517370103985,3
85.69894388242597,B0007,397,88.09915993189082,85.65002970314256,3
85.69850998502307,B0007,398,87.29808744679119,85.82207127583092,3
85.18260586819383,B0007,399,87.94519264118127,85.60798222283094,3
85.20068737191244,B0007,400,87.06524053045999,85.3286589305562,3
84.67858078671516,B0007,401,86.43038732782667,84.58448510210887,3
84.38288681938828,B0007,402,85.97446479911746,84.35890401683749,3
84.15372178291575,B0007,403,85.76501393183078,84.26916352772407,3
83.89635071012741,B0007,404,85.4766332559053,83.9029858752584,3
83.66030137983086,B0007,405,85.2572998463051,83.92833450766996,3
83.37183604126994,B0007,406,84.76081054101923,83.32436366968301,3
83.11331315333763,B0007,407,84.63683810577497,83.33431768935344,3
82.87121532881531,B0007,408,84.26987229691015,83.32436366968301,3
82.6269342464367,B0007,409,84.09179390686305,82.86652686538027,3
82.3608731378666,B0007,410,83.79141288091472,82.66978283025612,3
81.82068405449036,B0007,411,83.71186524232616,82.66978283025612,3
81.81277156024248,B0007,412,83.58227650909174,82.66978283025612,3
82.0559589609192,B0007,413,83.997207036437,82.86079295205654,3
81.57850394828483,B0007,414,83.085422659544,82.14765815737854,3
81.0606641493618,B0007,415,82.9218419417402,81.98577872909682,3
80.82136607381061,B0007,416,82.4385752509343,81.60755625574039,3
80.79117550809605,B0007,417,82.38319995303425,81.75948166435168,3
80.83620901489451,B0007,418,82.09629413815034,81.9504917861521,3
80.54327931865014,B0007,419,81.82583732213234,80.84619136964247,3
80.03301687154688,B0007,420,81.72546363122876,80.64522722817162,3
79.79587243502833,B0007,421,81.49098338849547,80.5395652018447,3
79.81089759731121,B0007,422,80.65046564336808,80.63294707033043,3
79.79032557316987,B0007,423,80.62800811112669,80.81400317246042,3
79.53253910740352,B0007,424,81.06462484848204,80.83623734997204,3
84.44105580927753,B0007,425,84.92924632031739,85.1643275007396,3
81.29969139866601,B0007,426,82.70698787826682,82.59416430130341,3
80.78716931406449,B0007,427,82.2551343028886,82.21594182794698,3
80.28313382423269,B0007,428,81.76306109196662,81.10168739176692,3
79.74873460762174,B0007,429,80.9567449296995,80.83623734997204,3
79.52051219435971,B0007,430,80.896550307592,80.81726880085998,3
79.26758531494089,B0007,431,80.68540336881907,80.83623734997204,3
78.99868573621188,B0007,432,80.43999795193724,80.29480182639175,3
78.76092732639034,B0007,433,80.09510400462558,79.49266059969524,3
78.4899242324434,B0007,434,79.80976763846901,79.49266059969524,3
78.51282687975178,B0007,435,79.4605988965952,78.95773885672502,3
78.2624936954719,B0007,436,79.70711597319222,78.93076327640237,3
77.98169667805736,B0007,437,79.31261562865673,78.93076327640237,3
78.24910266696052,B0007,438,79.67579557670857,78.93076327640237,3
78.7489749921135,B0007,439,80.10685463307153,79.82649461258823,3
78.2640558439023,B0007,440,79.56734366576717,79.2329324878241,3
77.9877748735063,B0007,441,78.51182847749037,78.86739606969225,3
77.49488428352494,B0007,442,78.3024491768608,78.19285616638625,3
77.1938576567251,B0007,443,78.15412962844222,78.17062198887463,3
77.25093744345037,B0007,444,78.34350589794033,78.43607203066951,3
77.22970077051454,B0007,445,77.87643076974322,78.45055702278474,3
76.71543360879438,B0007,446,77.81864674395712,77.68870838223668,3
76.43801971479242,B0007,447,77.40760081944629,77.09210307545419,3
76.44630124589922,B0007,448,77.43061222038347,77.35755311724907,3
76.45458250665615,B0007,449,77.53158164522429,77.40370291083556,3
76.19529662330623,B0007,450,77.36549587462459,77.1226058199444,3
75.93337709550309,B0007,451,76.98838328471052,76.71121184968932,3
75.68241133213476,B0007,452,76.63765550500663,76.18035336427951,3
75.68025092614516,B0007,453,76.56290703498509,76.44580340607439,3
75.69735307433983,B0007,454,76.61572201055922,76.49195319966088,3
76.69799596579394,B0007,455,78.18116533162518,77.88891575222219,3
76.95686399326549,B0007,456,77.8753630821861,77.876635594381,3
76.18123986419369,B0007,457,77.65262816172157,77.1226058199444,3
75.67906517794573,B0007,458,77.01662747360628,76.44580340607439,3
75.38925374923957,B0007,459,76.45667240379794,76.02022605564991,3
75.15980338018666,B0007,460,76.2648744942269,75.10235177804246,3
74.8911029849794,B0007,461,75.99084583592055,75.10235177804246,3
74.6424267316758,B0007,462,75.71054007325446,75.10235177804246,3
74.62071949335129,B0007,463,75.31963784342803,74.78724970002605,3
74.37413882690404,B0007,464,75.79502608233088,74.64246122459625,3
74.12675743202055,B0007,465,75.39664303853979,73.66529157118582,3
74.13937161114492,B0007,466,74.91610721304916,73.83733314387418,3
73.84855898875296,B0007,467,75.25075902253451,73.66529157118582,3
74.09507777068637,B0007,468,75.82562680045494,74.162594360708,3
74.90683099437412,B0007,469,75.71996887204335,75.42312943787945,3
74.10387607196436,B0007,470,75.5993593702384,74.162594360708,3
73.85577656406076,B0007,471,75.64803740781166,73.95554369727363,3
73.60386391528245,B0007,472,75.13753486291355,73.66529157118582,3
73.6124006828227,B0007,473,74.58040596728296,73.99638632320051,3
73.35053336137332,B0007,474,74.61683705477913,74.162594360708,3
73.0883624766769,B0007,475,74.55048091760965,73.74904304475189,3
72.83476335244853,B0007,476,74.26845443080212,73.48913723199512,3
72.5677486379478,B0007,477,73.8966947007372,72.38674813931266,3
72.58079631286874,B0007,478,73.80034056447171,72.55878971200102,3
72.34080666086842,B0007,479,73.32777842252477,72.57775826111308,3
72.33785303884392,B0007,480,73.99424651234006,72.34590551338577,3
72.06898740723396,B0007,481,73.67394320199243,72.34590551338577,3
71.8122812610409,B0007,482,72.97167458931406,72.28108611298573,3
71.84077076962414,B0007,483,73.32788026143966,72.38674813931266,3
71.81472572930025,B0007,484,73.28645951910683,72.34590551338577,3
72.09287657939008,B0007,485,73.67576307532384,72.05041021693683,3
73.36031742390898,B0007,486,74.14096308091752,74.00634034287094,3
72.59320183924441,B0007,487,74.19130764187165,72.53691563518619,3
72.3568987637425,B0007,488,73.28705147870552,72.39670215898309,3
72.08952932811995,B0007,489,73.02439187726311,72.39670215898309,3
71.58154739555555,B0007,490,72.69817284333561,71.798365943223,3
71.59042124836843,B0007,491,73.20046595203652,71.798365943223,3
71.31281292553435,B0007,492,72.63740007108862,71.7007748097123,3
71.30438764462455,B0007,493,72.26410952356443,71.71072882938273,3
71.06316755015847,B0007,494,72.54180920449816,71.7007748097123,3
70.81636374397554,B0007,495,71.90549457205098,71.2013538951335,3
70.82890914587998,B0007,496,72.36696539836746,71.30247404083897,3
70.54200864712587,B0007,497,71.78414391853967,70.778069008977,3
70.54974814173902,B0007,498,71.96808782078027,70.64182676227051,3
70.308571451994,B0007,499,71.51951241949178,70.64182676227051,3
70.31679239846461,B0007,500,71.68865503386617,70.40533720685023,3
70.02276199533257,B0007,501,71.18862776747204,70.54157945355672,3
71.08932523027576,B0007,502,73.26977943329261,72.04771742753566,3
71.62276360312717,B0007,503,73.71912532605559,72.6363454617568,3
92.75022603955408,B0018,504,92.18880270654061,93.70490509628459,4
92.15977658544992,B0018,505,92.25297861576837,92.22041603076714,4
91.98009212177712,B0018,506,92.6150980957724,92.24018227047213,4
91.53368022481028,B0018,507,92.40626450527125,91.35917922839849,4
91.63501034709827,B0018,508,92.2770430473943,91.95591765438928,4
91.42644423023194,B0018,509,92.16208404300424,91.4264092528427,4
91.06005947848962,B0018,510,91.65243978825542,90.86147791646606,4
90.7585005321664,B0018,511,91.74845337704797,90.08940900945844,4
90.21490260483824,B0018,512,91.19703460631277,89.88117840630673,4
91.15501151422112,B0018,513,91.77743308809207,91.03629003799328,4
90.60626760127744,B0018,514,91.94041174190282,90.08940900945844,4
90.23458191058884,B0018,515,91.39892274038363,89.74187103947645,4
89.54221748931475,B0018,516,90.88106733393828,88.82389369555774,4
89.1735361420963,B0018,517,90.27865086762625,88.30247729608733,4
89.04693062655352,B0018,518,90.48147425209928,88.6973622271432,4
88.5604519836349,B0018,519,90.09262189996596,88.37758754280063,4
88.43151998353538,B0018,520,89.86925424956581,88.02505792835491,4
87.68152400958562,B0018,521,89.30324609681321,87.35772466921806,4
87.31098708207547,B0018,522,88.95317075194743,86.92788936478098,4
86.88323668526868,B0018,523,88.78918512284716,87.00299961149427,4
86.57583367737918,B0018,524,88.12525599329865,86.11609434801896,4
85.42974947235301,B0018,525,87.48557714053695,84.93934701642759,4
85.57349785341056,B0018,526,86.76169409757756,84.94525892320478,4
85.37510686636314,B0018,527,86.74950205801673,84.834057543903,4
87.46191032180114,B0018,528,88.88346097941096,86.97082917149662,4
86.63848573714978,B0018,529,88.26257131779315,86.11018244124178,4
86.11156664146188,B0018,530,87.29189938314249,85.97406899475503,4
85.59231494923645,B0018,531,86.82172270680806,85.02902974410502,4
84.96339175633435,B0018,532,86.47674833867725,84.82814563712581,4
84.70183219621553,B0018,533,85.30694405620551,84.23687895921266,4
84.09513539384044,B0018,534,85.51393079023114,84.05109802169459,4
83.84885309216843,B0018,535,84.77479526037789,83.85608903709792,4
83.27614653239468,B0018,536,84.21083510418839,83.2891616399332,4
82.85962287916043,B0018,537,84.16941229765882,82.88224856388837,4
82.41120777647023,B0018,538,83.95293143248865,82.84338523757275,4
81.93850748993631,B0018,539,83.33967465340199,82.56248120416511,4
81.38243453631031,B0018,540,82.63893714686658,82.16312041997955,4
81.107685113626,B0018,541,82.45304861896871,81.99402702265282,4
80.70033255233793,B0018,542,81.61161893991797,81.85892139757046,4
83.80258077212312,B0018,543,84.38479796632316,83.95335582085956,4
82.46503212760994,B0018,544,83.89701956734427,82.693492254717,4
81.6191495929045,B0018,545,83.22341105649235,82.11492898140273,4
80.82079859512888,B0018,546,82.12309447998166,81.91025620175257,4
80.54514189124689,B0018,547,81.58143518469325,80.77152074379424,4
79.77319346847828,B0018,548,81.07357092153809,80.27880215898304,4
86.3353720042882,B0018,549,88.24729069730633,86.01709903340917,4
85.82836958714876,B0018,550,87.65013387814253,85.02311783732783,4
84.79117785467423,B0018,551,86.75537163434862,84.21234406011799,4
83.88891595396278,B0018,552,85.59070924080844,83.95926772763674,4
83.03293448887096,B0018,553,84.3664666080794,83.26637101396166,4
83.32054637413732,B0018,554,84.84082687979695,83.42416782451915,4
82.34168087203902,B0018,555,83.44082812697224,82.7474476571676,4
81.28819964389976,B0018,556,81.73895191617756,82.16312041997955,4
80.60788705937298,B0018,557,80.45949141065114,81.61202356975913,4
80.28683411877672,B0018,558,81.76633272404911,80.82346407064736,4
83.68226574399445,B0018,559,84.38417806781352,83.78832258288182,4
82.02174286174969,B0018,560,83.14642222573016,82.64751321108034,4
80.66326658711039,B0018,561,82.14965205122756,82.05218987158946,4
79.60482162343139,B0018,562,81.260379926262,80.27289025220585,4
79.33005910349412,B0018,563,80.35473913858526,79.30736178765846,4
79.00383245168126,B0018,564,80.05951680657697,78.65432459553566,4
78.20866476644584,B0018,565,79.40174023393993,78.43957767342778,4
77.7809136096961,B0018,566,78.81422293768587,77.7506823165935,4
77.01022639318697,B0018,567,77.63571981359253,77.2447578594816,4
76.60806507979932,B0018,568,77.31273893216428,76.73786023431404,4
76.58116201846707,B0018,569,77.49334639320276,76.82163105521428,4
76.11297975385989,B0018,570,76.79090735451463,76.27299553485673,4
75.32633563425642,B0018,571,75.94929682163371,75.42410036408461,4
75.07109778266464,B0018,572,75.37336783226458,75.42410036408461,4
74.81767058743229,B0018,573,75.48872322007684,75.41098459300886,4
76.6713100015621,B0018,574,77.3684465171696,76.73786023431404,4
76.1922633757213,B0018,575,76.34068465654846,76.02604322340694,4
75.0596049713062,B0018,576,75.63141371664244,75.42410036408461,4
74.62088357251456,B0018,577,74.8119907294639,75.4300122708618,4
74.16619259700616,B0018,578,74.77155024988193,73.7218685052379,4
74.03688396147098,B0018,579,74.03388813840704,73.7218685052379,4
73.67538904951239,B0018,580,73.51306994830819,73.59126978061785,4
73.40096426333051,B0018,581,73.25290530481243,73.32528979131513,4
72.90461778559511,B0018,582,72.98469566595907,72.44134381496747,4
72.393304944457,B0018,583,72.48751382715767,71.9564410821546,4
72.6390438877099,B0018,584,72.80111471865126,72.09732192768261,4
72.12678182246216,B0018,585,71.78412525049364,71.71263020115886,4
71.96356438601657,B0018,586,71.3009623032354,71.63883487281379,4
71.43237840944109,B0018,587,71.22863641558126,71.50873690247072,4
71.24513375002448,B0018,588,70.80864094175355,71.38498816470134,4
73.49057662262062,B0018,589,73.50740990204667,73.46041637024233,4
72.62909825525101,B0018,590,72.73846897729187,71.9564410821546,4
72.1417099454397,B0018,591,71.3380953989277,71.71263020115886,4
71.41880294039746,B0018,592,71.25129477991743,71.2515727413288,4
70.77273922185357,B0018,593,70.56697682482398,70.50520416335733,4
72.7288335038854,B0018,594,72.08981014371669,72.08420615660687,4
71.41589774137029,B0018,595,71.26485305522728,71.48970922461778,4
70.98513441602029,B0018,596,70.6787862332965,71.23586251650534,4
70.77803315153258,B0018,597,70.31983768550221,70.84344405287509,4
70.2840017709614,B0018,598,69.5288169122774,69.85213715811078,4
70.42230535583069,B0018,599,69.54573502189295,70.30107338586903,4
69.84273891436207,B0018,600,69.45478856349074,69.90714228740308,4
69.67835185720338,B0018,601,68.52196484710704,69.58223384025159,4
69.46822146404737,B0018,602,68.5590858630366,69.33502225396472,4
68.92825707833356,B0018,603,68.24286985536638,69.32190648288898,4
69.24505550428735,B0018,604,68.43747300775699,69.33502225396472,4
68.51625907121222,B0018,605,67.84086796805087,68.77682337549363,4
68.6673219261454,B0018,606,67.73344515142571,68.83774041156312,4
68.39743642752407,B0018,607,67.55403882087879,68.47269093823402,4
67.83570543544823,B0018,608,67.21638128511515,68.20751721189399,4
73.02155104597287,B0018,609,73.0752808523475,71.97546876000753,4
72.50499468552049,B0018,610,72.59299583962509,71.96235298893178,4
71.90703450912248,B0018,611,71.47136159944102,71.50873690247072,4
71.41840990482157,B0018,612,71.25979743180983,71.24177442328252,4
70.73937258776216,B0018,613,70.2584056117334,70.7238834028076,4
70.6944581696591,B0018,614,70.62575189856574,70.40989252173897,4
69.94665831088612,B0018,615,69.31620277230726,69.92616996525601,4
69.76661292016988,B0018,616,69.08047610959204,69.90714228740308,4
69.50230647701225,B0018,617,69.32457505686193,69.90714228740308,4
69.30135727104823,B0018,618,68.67837543666656,69.33502225396472,4
69.41076300968754,B0018,619,68.97784318450849,69.97399032578586,4
68.80913281197249,B0018,620,67.8973925347263,68.83774041156312,4
68.23584449320082,B0018,621,67.27818093578843,68.77682337549363,4
67.94927369686792,B0018,622,67.07564564767216,68.20751721189399,4
67.311543820044,B0018,623,67.06058722564859,67.88998994481595,4
71.34213909227321,B0018,624,71.05037790705619,71.3636275909576,4
70.32240741639832,B0018,625,70.18217239424914,69.91305419418026,4
69.67453746037576,B0018,626,70.05680544554211,69.85213715811078,4
69.41246756124659,B0018,627,68.4771431470603,69.33502225396472,4
68.50939169210464,B0018,628,68.5369985298702,68.83774041156312,4
68.9847583280431,B0018,629,67.97317823600466,69.32190648288898,4
68.43293161967841,B0018,630,67.6678451605841,68.82472547529409,4
68.13685889548219,B0018,631,67.97465562120725,68.50156536018154,4
68.17025566964035,B0018,632,66.95507158981366,68.65069100837755,4
67.59323017652616,B0018,633,67.1814101873692,67.89590185159314,4
67.7398486482631,B0018,634,67.13486752644175,68.25541931169444,4
67.05257203202424,B0018,635,66.50787932281662,67.88998994481595,4
92.3505581478358,B0025,636,89.46801273971819,92.04746174789463,3
92.42827172264192,B0025,637,89.90041119365604,91.61356085860196,3
92.35555885930876,B0025,638,90.27615936604316,91.61356085860196,3
92.44918800767768,B0025,639,89.52985047808401,91.6759913523908,3
91.8506035928022,B0025,640,90.13770115349162,91.36394692365732,3
90.87746056235684,B0025,641,87.95891372275199,90.48868714592612,3
91.99319112610364,B0025,642,90.2362693032673,91.94055105108711,3
92.15297809865716,B0025,643,90.51479415111801,91.24178400801846,3
92.00935864768029,B0025,644,89.04002252833942,91.08084364940258,3
91.40632816444128,B0025,645,89.40356458855656,91.08149628254021,3
91.26781668222904,B0025,646,89.65151148454413,90.64338903933707,3
91.07090276313076,B0025,647,89.08116767273032,90.5753486472837,3
91.5157813984466,B0025,648,88.0506888829064,90.23561964070372,3
90.87745821912422,B0025,649,89.3040588631599,90.23561964070372,3
90.54506001484896,B0025,650,89.24238492263086,90.23561964070372,3
90.4151630154212,B0025,651,89.0183075542024,90.21251721549478,3
89.64008074690531,B0025,652,86.40932828899058,89.52309092094184,3
90.62815750229424,B0025,653,89.23419128521633,90.74994280707399,3
90.38863037456196,B0025,654,89.19923570329334,90.3332921608282,3
90.24027587501983,B0025,655,89.42177019729762,90.16926071703872,3
90.02692779496209,B0025,656,89.61058971279344,90.16926071703872,3
89.71178049016515,B0025,657,89.03958454403262,90.00483264420315,3
90.37045262174443,B0025,658,88.18869698048276,90.23730110909209,3
89.51252408481038,B0025,659,88.71097917144752,89.82430203981296,3
89.80611922679748,B0025,660,88.3962813120238,89.76085892225446,3
89.56118345175388,B0025,661,88.02740883564411,89.46815181748518,3
89.27411182651622,B0025,662,87.4185152640925,89.46525889322781,3
88.38945390161808,B0025,663,85.63255859637766,88.6741695110853,3
90.66252151934948,B0026,664,87.88153788854243,90.65823695107962,4
90.74880043539152,B0026,665,88.53921535939622,90.59237958472866,4
90.67677087780996,B0026,666,88.0164209598737,90.5166878341203,4
90.7574636655167,B0026,667,88.19736522255404,90.56055209068154,4
90.714565070341,B0026,668,88.26858464070895,90.59237958472866,4
69.31686712215061,B0026,669,62.501364163239174,68.67462968812586,4
90.82638979408031,B0026,670,87.89509488551542,90.50554696138924,4
90.42819288005532,B0026,671,87.99475245827279,90.58656790329786,4
90.24680388220912,B0026,672,87.76455401598588,90.4555160215894,4
90.24657962491054,B0026,673,86.97965380580287,90.06925249669223,4
85.88396163496965,B0026,674,83.1615116019016,86.39051174216358,4
90.4902406640053,B0026,675,87.4107924782524,90.34799677693393,4
90.3278106637244,B0026,676,87.21845679845958,90.06865866878383,4
89.69077853849254,B0026,677,87.69725877829663,90.11252292534506,4
89.9652474690896,B0026,678,87.35309620725725,89.96436505661207,4
89.21098724235065,B0026,679,87.43449146566593,90.00132154604329,4
84.09409959257594,B0026,680,79.22149965173159,82.63390950101542,4
90.03759691980969,B0026,681,86.45195732852795,90.0368311747367,4
89.7986342136148,B0026,682,87.56018869729776,90.23914976905432,4
89.65513470276649,B0026,683,87.43304317618362,89.9279841668571,4
90.05133771034356,B0026,684,88.01199618602759,89.9829892961494,4
89.12286150634974,B0026,685,86.50207581676726,89.14309893254527,4
89.79651515304394,B0026,686,87.017504279577,89.92562979543493,4
88.91571063670503,B0026,687,87.32867522993931,89.62703153558564,4
88.5859546492401,B0026,688,87.68933765202213,89.21879068315363,4
88.95374744768387,B0026,689,87.42672960636506,89.21879068315363,4
88.66614891232338,B0026,690,87.22712262503659,89.06703122461712,4
88.4377055505442,B0026,691,84.52721121984447,88.21269206940025,4
91.16538871074684,B0027,692,85.4957633699856,90.32383325035558,0
90.7119232558398,B0027,693,84.70987709616753,88.97453549050587,0
90.64298396565434,B0027,694,83.97881991947472,88.4363867065763,0
90.72121223369986,B0027,695,83.92065023964163,88.4363867065763,0
90.6400166926521,B0027,696,83.81485197154315,88.3972110215143,0
89.73019351597647,B0027,697,82.77135297586068,86.99468739698221,0
90.82595856469165,B0027,698,84.39630066005877,89.4047608682688,0
90.9916778259512,B0027,699,84.53880259474487,88.43461078484836,0
90.8490493220364,B0027,700,83.89904160336863,88.24867726435484,0
90.23801355384494,B0027,701,83.9003664240299,88.24867726435484,0
90.1088944070434,B0027,702,84.25493882953887,88.2425894988536,0
90.50271878055877,B0027,703,83.92317069842827,88.19597111813749,0
90.95809351787275,B0027,704,83.93576591200554,88.73288061743006,0
90.31722906153657,B0027,705,83.84515973987402,87.92741660390446,0
90.60003189373973,B0027,706,84.43511152163005,88.13405525432995,0
90.46192847893764,B0027,707,84.16319586704614,88.13405525432995,0
89.10358858002668,B0027,708,82.57403518220427,87.10311135956597,0
90.72752281170524,B0027,709,84.144079660323,88.71157038534258,0
90.4576742582141,B0027,710,84.15524422716896,88.12796748882872,0
90.32775754046854,B0027,711,84.07107485822935,88.12796748882872,0
90.1200827979746,B0027,712,84.34681184117903,87.91726833550436,0
89.821658416615,B0027,713,83.72433245853824,87.9233561010056,0
90.44018465254145,B0027,714,83.69863980593364,87.92741660390446,0
89.57763874374825,B0027,715,83.79362952232935,87.86505945249777,0
89.26687596119785,B0027,716,83.78296172446146,87.4911196086327,0
89.66046051626545,B0027,717,83.70325441341855,87.11674840662972,0
89.36548855551057,B0027,718,84.04883184994762,87.48503184313147,0
88.50463126662225,B0027,719,82.29750350868994,85.56221149282571,0
90.23423860050367,B0028,720,99.54555949754094,89.89709222208259,1
90.2391660726294,B0028,721,99.2723966581544,89.89709222208259,1
89.8809334111229,B0028,722,98.93623446077044,89.31065604439982,1
89.64956843880587,B0028,723,98.88107665946896,89.2943660779101,1
89.59590040796108,B0028,724,98.83202538059817,89.2943660779101,1
88.75130679518986,B0028,725,98.10596097560739,89.0742854476475,1
89.60243926111708,B0028,726,98.72029394462542,89.2943660779101,1
89.52379007906325,B0028,727,98.9827710876456,89.2943660779101,1
89.34182545993632,B0028,728,98.74568576170569,89.2768319624151,1
89.35764809981092,B0028,729,98.6661517222593,89.2768319624151,1
89.08170308504752,B0028,730,98.69492801031717,89.2768319624151,1
89.25117568302366,B0028,731,98.65439097831998,89.27356084704259,1
89.0193271484652,B0028,732,98.46485339545924,89.27356084704259,1
88.94530428208628,B0028,733,98.41257802377879,89.05826745844608,1
88.69193759486524,B0028,734,98.20568579404225,88.50808131247359,1
88.4841440761573,B0028,735,98.83129915037195,88.51286855413969,1
87.04393641603497,B0028,736,97.03456246275003,86.93988096489572,1
88.24094872005954,B0028,737,97.59141743712476,88.51286855413969,1
88.08928695422013,B0028,738,97.76748233831438,87.98159689048404,1
87.88530517851049,B0028,739,97.56375219403532,87.98159689048404,1
87.59687980300627,B0028,740,97.43902523453525,87.98159689048404,1
87.60622017916087,B0028,741,97.04296598933558,87.97680964881795,1
87.9885706699482,B0028,742,97.56148233293516,87.98159689048404,1
87.41505660162095,B0028,743,96.9415154277169,87.61554827049447,1
87.05741313918118,B0028,744,96.62737606912509,87.0078726615943,1
86.81916658155589,B0028,745,96.35194773771238,86.5257473827831,1
86.82795331347634,B0028,746,95.8805759935239,86.45032570774217,1
85.86167826147621,B0028,747,95.69733375198275,86.36561889799556,1
84.87536661028815,B0029,748,84.87123539636482,85.95831824214248,2
92.2350603480587,B0029,749,90.66362743920898,92.98229047544848,2
91.27188337361464,B0029,750,90.09694075364516,92.70437737135298,2
90.78752149567184,B0029,751,89.59866766662203,91.94637540402493,2
90.66496668563514,B0029,752,89.24790966512984,91.47524584968238,2
90.75823809830288,B0029,753,90.6833398978161,91.18093042924565,2
90.71658977595028,B0029,754,89.24130714397417,91.47524584968238,2
90.06718009049331,B0029,755,88.81236407394424,91.06759106310587,2
89.40779401472912,B0029,756,88.34107150511036,90.21604793277179,2
88.80357302269759,B0029,757,87.77184031291968,89.58210535253907,2
89.26403723798721,B0029,758,88.9863208419649,90.84404140828862,2
88.49058200555989,B0029,759,87.36580665418144,89.89352544463574,2
87.82615840260878,B0029,760,86.97441836847815,89.34889101221364,2
87.71706638674077,B0029,761,86.49720307923383,88.52215409384094,2
86.96437753499357,B0029,762,85.88212920220928,88.3074599058499,2
88.98922554665673,B0029,763,88.72186157471839,89.71405960283492,2
88.28544254232601,B0029,764,87.50453712387745,89.20905765948622,2
87.61970704362085,B0029,765,86.7071810936381,88.31918144410484,2
86.90095612801552,B0029,766,86.13035609062304,87.48210740188925,2
86.56107221571988,B0029,767,85.65087316689869,87.13710134912402,2
86.89564492632904,B0029,768,85.98761766286009,88.3074599058499,2
86.12135341812942,B0029,769,85.65457945158724,86.59507536623282,2
85.92106882804018,B0029,770,84.62533496344882,86.51749591347415,2
85.05110465324115,B0029,771,84.6801244848397,86.03736692254476,2
84.6849369781552,B0029,772,84.23275507455934,85.68700223266913,2
85.65363606433525,B0029,773,85.26913300987614,86.48643846438357,2
84.88486344283565,B0029,774,84.31015754269683,85.69284808265172,2
84.49657017030604,B0029,775,83.28109874092019,85.57612362828192,2
84.25117756835346,B0029,776,83.52824373343071,84.32468812528631,2
83.91949827317025,B0029,777,83.2274970494344,84.32468812528631,2
83.68973747434163,B0029,778,83.06090141980931,84.24710867252765,2
83.43949463942359,B0029,779,82.86278827761427,83.96799154421585,2
82.46283153315714,B0029,780,82.2550870198832,83.29013675184959,2
82.04838378519834,B0029,781,82.15674350146249,83.15282047448599,2
82.28180114878546,B0029,782,81.78698679264633,82.85260781409112,2
82.72738717870185,B0029,783,82.09779859655393,83.87039801973151,2
82.30600760438773,B0029,784,82.07195770082387,82.75135341108077,2
81.37559594075881,B0029,785,81.42229331652555,82.28378006292154,2
81.00265266732248,B0029,786,80.82155564747713,81.58411199233161,2
80.60399058559669,B0029,787,80.38663163132009,81.24356575227782,2
82.80353048087701,B0030,788,80.62341382660601,84.2122920158071,3
89.07774374754558,B0030,789,87.42159711298162,89.67667360258973,3
88.0984613911459,B0030,790,86.61569533702023,88.77089953491414,3
87.58775159371125,B0030,791,86.02282391270043,88.45150178953699,3
86.90844035181038,B0030,792,85.42344931496861,88.03954387930867,3
87.5337264673067,B0030,793,85.86161142396325,88.77491180205125,3
87.4552382453058,B0030,794,85.60343668669299,88.45150178953699,3
86.26272014382738,B0030,795,84.54748840483366,86.75306479592945,3
85.56310683822126,B0030,796,83.91554387695065,86.61425911895513,3
84.95209196355637,B0030,797,83.30679131255896,85.77826898794824,3
85.92885019766489,B0030,798,83.91896569986096,86.56618592160133,3
85.1623614609335,B0030,799,83.53275702994432,85.78854452943278,3
84.47290223311519,B0030,800,82.80797511379134,85.29003688552586,3
83.78068146359588,B0030,801,82.10242545196681,84.53304401060912,3
83.59203570435827,B0030,802,82.23011727391604,84.31878650691569,3
86.16528340602223,B0030,803,83.76606910305453,86.56618592160133,3
85.46036452536416,B0030,804,83.84028083982781,86.58250152896666,3
84.20008671722854,B0030,805,82.64446756439534,85.27976134404132,3
83.44934940650201,B0030,806,82.0915001440077,84.30851096543114,3
83.10344681418572,B0030,807,81.96302817233132,83.33495369135017,3
83.43524812624086,B0030,808,81.62894940282649,84.28149930430448,3
82.63810917752315,B0030,809,81.62195934619267,82.86961168813136,3
82.4240683117622,B0030,810,80.56479509552008,82.64597509985624,3
81.53703221566047,B0030,811,80.53873232933074,82.19281039162259,3
81.1615115089645,B0030,812,80.29477148527334,80.67472378373327,3
82.70953270197195,B0030,813,80.91704252733192,82.63433158856,3
81.92571983084925,B0030,814,80.28620632694407,81.54377005463876,3
80.9423836678809,B0030,815,80.23865434624365,80.67472378373327,3
80.67106133875703,B0030,816,79.11937639487371,80.26175493139056,3
80.33221800880993,B0030,817,78.93512841387219,79.69136757992888,3
80.69193938469499,B0030,818,79.2089313068592,80.25011142009431,3
79.81647506636371,B0030,819,79.18765134671864,79.66932920612777,3
79.45392933703495,B0030,820,78.87483205925128,79.66932920612777,3
79.02740716154787,B0030,821,78.32395144082547,79.30681525133697,3
79.23065527135404,B0030,822,77.63676085021731,79.0337273146764,3
79.68325610610368,B0030,823,78.65807221754565,79.67505197256355,3
79.24937063480444,B0030,824,78.0482929637345,79.02905521860731,3
78.93532484708231,B0030,825,77.48066365475397,78.77962292918741,3
78.53527580484835,B0030,826,77.13709180450732,78.54179581930075,3
78.1390202214241,B0030,827,76.5633633869855,78.54179581930075,3
83.33375971262886,B0031,828,83.83021808771855,82.58949038770294,4
91.64291814771586,B0031,829,92.11772164975417,91.36864311968232,4
90.69917501472568,B0031,830,91.48999901849251,91.23759123797386,4
90.22193666757416,B0031,831,91.08464755594879,90.92642563577664,4
90.10738421456476,B0031,832,90.82709397000033,90.92051372899945,4
88.57823754899418,B0031,833,89.69763594323061,88.73400977868373,4
90.69964082889771,B0031,834,90.80214597841615,90.88347605557124,4
90.06630520599427,B0031,835,90.05801895349876,90.39035255244188,4
89.41861291966784,B0031,836,85.48699291645487,90.26560454224919,4
88.8270082868658,B0031,837,88.72077981986163,89.3659595372657,4
89.28104565911615,B0031,838,89.0941590787595,89.50465219477256,4
89.0681701834297,B0031,839,89.02483089943385,89.95199342387164,4
88.4244919198562,B0031,840,87.93097311272459,88.1035968811919,4
88.32526191457029,B0031,841,87.82890895732484,87.9692116265506,4
87.58702639608835,B0031,842,87.38193678145274,87.89816877079122,4
86.76174657027508,B0031,843,87.89387726066971,86.91839347150025,4
88.9138913727459,B0031,844,89.04996953459398,88.8116430876505,4
88.24947429853695,B0031,845,88.30952834648036,87.70606223836432,4
88.12956417667756,B0031,846,86.99829048136934,87.56291112490784,4
87.2157288060791,B0031,847,87.16580728270176,87.03974688891608,4
88.14186876759238,B0031,848,87.603026614249,87.89816877079122,4
87.39289654739855,B0031,849,87.39483503577856,86.71545261505955,4
87.20583669432496,B0031,850,86.75550627871772,85.96340927176136,4
86.34211466408695,B0031,851,86.52390794291045,86.68437774691795,4
86.01546746521132,B0031,852,86.02366660402113,84.9889149653863,4
86.97122758349889,B0031,853,87.12108710069043,86.99631187383541,4
86.83692208186007,B0031,854,86.59678467149995,85.87621241173241,4
85.84817342242715,B0031,855,85.86797027222829,84.9889149653863,4
85.63886779183179,B0031,856,85.28129521064706,84.97167698804391,4
85.30541733277033,B0031,857,85.04273094689344,84.97167698804391,4
85.68663481037605,B0031,858,85.4016328894509,84.97167698804391,4
85.46737898963487,B0031,859,84.9798589109159,84.96576508126672,4
84.50500227057795,B0031,860,84.32117666770347,84.96576508126672,4
84.73441671693833,B0031,861,84.28576788694511,84.45793879406276,4
84.3505495649606,B0031,862,83.74800021773808,84.04846891807522,4
84.78534513535038,B0031,863,84.57805934281627,84.96576508126672,4
84.38484448077826,B0031,864,84.66610427730033,84.65069697640325,4
84.09808563629647,B0031,865,83.81278671356358,83.80956693001694,4
83.75016944489423,B0031,866,83.38667131311347,83.80956693001694,4
83.36493897423338,B0031,867,82.97022464247948,82.67116732413473,4
85.2432053675607,B0032,868,80.80641111998592,82.31880594381029,0
94.70159763474284,B0032,869,88.78675819184686,92.03055759603058,0
93.73843245926548,B0032,870,87.83365905540309,91.88524073388389,0
93.27473592056188,B0032,871,87.17734550043046,91.26937041362034,0
92.63699084509034,B0032,872,86.71309560968622,91.14044768001663,0
92.2087198501933,B0032,873,85.52919766650112,90.74857333655424,0
92.15119238756378,B0032,874,85.78953312560886,90.8385261630968,0
91.51409087455932,B0032,875,85.12999807760693,90.54292291808179,0
90.86919228040908,B0032,876,84.318930536092,89.52316789090949,0
90.2899649055234,B0032,877,83.61349205315133,89.05594721236378,0
90.74914802524592,B0032,878,83.62414209273622,89.59281415307599,0
89.97575184660897,B0032,879,83.85257072329117,88.64563224247553,0
89.33258471259073,B0032,880,83.22178309872783,88.3876691594999,0
88.67775359708016,B0032,881,82.29219073395055,88.10307045801548,0
88.49976666822215,B0032,882,82.09433629506633,87.0423512150106,0
89.97630401871434,B0032,883,81.83985049600936,88.46109436890157,0
89.84265342224916,B0032,884,83.27364651699541,88.61804358286577,0
89.19132752040872,B0032,885,82.34098473303295,88.10307045801548,0
88.48222245520051,B0032,886,81.66428398670952,87.0423512150106,0
87.56470228524842,B0032,887,80.95257768218625,84.97674615828292,0
88.48777148980996,B0032,888,81.07977864622964,86.68643983036915,0
87.7386346695746,B0032,889,80.76478447515288,85.74025021503769,0
86.94583177906492,B0032,890,79.92541109386583,84.44474567140905,0
86.68600259382038,B0032,891,79.5751109665839,84.547718555121,0
85.75486298750046,B0032,892,79.27889531048942,82.9850488813659,0
87.31463074407819,B0032,893,80.07806950409478,85.04083538594011,0
85.95746309572824,B0032,894,79.490593596839,83.77423600109785,0
85.5791123095749,B0032,895,78.96498668904759,83.08802176507784,0
84.75525597612949,B0032,896,78.2366487867817,82.1571016742645,0
85.02562185550487,B0032,897,77.5473980186793,82.11647554232377,0
85.4049467562508,B0032,898,78.07443637460119,82.13185684537964,0
84.57177152935635,B0032,899,77.87385633049695,82.11218699733148,0
84.22247164444966,B0032,900,77.15845141672935,81.87014719055833,0
83.20187908440376,B0032,901,77.00560118645788,81.41719743078579,0
83.43186007115987,B0032,902,76.1596492664211,81.41719743078579,0
84.49672037812984,B0032,903,77.48673752492354,81.8855284936142,0
83.4715856423221,B0032,904,77.11453461806533,81.41719743078579,0
83.17113380919606,B0032,905,76.07767270072944,81.41719743078579,0
82.18076097973686,B0032,906,75.32337112122276,80.74055905618661,0
81.79000436769121,B0032,907,75.3336843051582,80.68629409707599,0
3.421286120300905,B0033,908,6.293472560995944,31.902961982567287,2
34.47849503931407,B0033,909,31.13154527103447,33.62581718696463,2
58.05424096155626,B0033,910,53.18107806475004,52.89870563448303,2
62.646965269124976,B0033,911,57.46649404436875,56.08861114017927,2
65.1459001223779,B0033,912,59.71767792331845,58.287512449995965,2
66.09386605736262,B0033,913,60.71281191014718,59.05995277997294,2
64.42347209150708,B0033,914,59.01613482489793,56.169446848294825,2
85.65846631933594,B0033,915,82.92020125057034,86.82027857393477,2
82.80483388360256,B0033,916,81.62048628351204,84.40100348173748,2
80.98648670995388,B0033,917,80.64237248454437,81.98278549605863,2
80.23279061413645,B0033,918,80.09581597164899,80.9611959552981,2
81.27849884514669,B0033,919,80.38360663306662,81.77356708246111,2
79.50483653122996,B0033,920,79.8492765421574,80.75953245511374,2
78.69701149811992,B0033,921,79.65261469217037,80.67409962163289,2
78.55651675778654,B0033,922,79.36728810262316,80.48526574127568,2
79.48853076728707,B0033,923,79.9293262752393,80.81675137454421,2
81.28689385537,B0033,924,80.68811508562891,82.99999710043062,2
82.61753166981268,B0033,925,81.89310105537602,84.39660133218578,2
80.71908380797693,B0033,926,80.32787595786236,81.86077088117725,2
79.348726697252,B0033,927,79.47068044887853,79.88303112308486,2
79.09177786393667,B0033,928,79.16625519092739,79.72402662024803,2
84.59884703185577,B0033,929,84.2238456384678,87.86885915089292,2
84.39741900177238,B0033,930,83.74642993927591,87.73810857853653,2
82.93111503765729,B0033,931,82.51185811143793,84.07137992439665,2
82.10089516394932,B0033,932,81.87303081015943,82.83381944604612,2
81.90905395559372,B0033,933,81.03918747791879,81.38906974755984,2
82.11446253956193,B0033,934,81.16177915335837,82.69070888879843,2
82.5635438132046,B0033,935,81.3839484765064,82.89101243559705,2
81.63279648958606,B0033,936,80.92996314347464,81.71542545636983,2
81.30444055840366,B0033,937,80.23994372779153,80.6618070710258,2
80.39646481911844,B0033,938,79.56076023143079,79.30447375754821,2
80.62680557453697,B0033,939,79.72051927591316,79.24555230876028,2
81.09192084493945,B0033,940,79.78887120328743,80.22516657129806,2
80.72721514550567,B0033,941,79.51652319566283,79.40162813170947,2
79.76979458553798,B0033,942,78.88699446898208,78.73834486905055,2
79.38621513556528,B0033,943,78.57369255363511,78.66189916656995,2
79.05920289152803,B0033,944,78.40422324169904,78.69801610252406,2
80.64211304133877,B0033,945,79.86449336004807,79.88097295096361,2
80.99930316401101,B0033,946,80.06198168640452,81.06726122172935,2
80.49690926805938,B0033,947,79.50310976527427,79.8476637532625,2
78.8548876978258,B0033,948,78.23126833947202,79.02437181133405,2
78.54299533277197,B0033,949,77.55769846587359,77.94471568550395,2
81.30790672674124,B0033,950,80.47920903467816,81.17030583939187,2
81.74064986122863,B0033,951,80.75716454876913,81.26979698793674,2
80.58526818671305,B0033,952,79.68949923734775,79.83299529419516,2
94.25700849860333,B0033,953,94.29597217117717,99.53943189438972,2
82.92478943890116,B0033,954,82.35202188950217,83.39976934953667,2
81.2094673224685,B0033,955,80.69138872685387,81.22705176819785,2
80.2086049428182,B0033,956,79.74686944021913,79.68931180799395,2
80.40008370453673,B0033,957,79.84124654746014,80.37388913279825,2
81.28376069217798,B0033,958,80.435915246257,81.09447435445628,2
80.8816382955359,B0033,959,80.2104812008516,80.42840621177868,2
79.86595744547132,B0033,960,78.90100102308048,79.35909705218654,2
79.37926125085303,B0033,961,78.27165755355524,79.21453962430184,2
79.01265007701842,B0033,962,77.84172754559347,78.50921686405017,2
79.1518265243888,B0033,963,78.13643944451137,79.23574750558114,2
80.13569416398518,B0033,964,78.76277815667518,79.29626983600919,2
79.65354577256917,B0033,965,78.26978485790372,78.8066011057902,2
77.24444342510122,B0033,966,76.60904170406752,76.77521459119941,2
76.76094282820259,B0033,967,76.01386511083552,76.03453959665077,2
76.26338657113666,B0033,968,75.51991021071694,74.95068047555505,2
77.79746002726813,B0033,969,76.50382539584555,76.58141154372916,2
78.24014719213575,B0033,970,77.22675365680801,77.49496843883675,2
77.59310230940602,B0033,971,76.44531736081765,76.2923805132741,2
75.72275272552503,B0033,972,74.84157905614948,74.56389935381146,2
75.25968101073214,B0033,973,74.21659280239841,73.66118244301317,2
80.29119849585224,B0033,974,79.72593028602383,79.54995177111795,2
81.24502597938525,B0033,975,80.24955146508914,80.46904006644817,2
79.48925650183075,B0033,976,78.43492767686007,79.25394413362852,2
77.76193076149951,B0033,977,76.87239546007893,77.07789477447481,2
76.98782023184016,B0033,978,76.32539202134734,76.13944103062889,2
76.46587001069179,B0033,979,75.45982261089782,75.0451494637745,2
77.38402767884381,B0033,980,76.31271238315001,76.81907408077775,2
78.29960469719893,B0033,981,76.79633213730335,76.99942456078125,2
77.08126425890252,B0033,982,75.42534127118681,75.98411825632633,2
75.8795327995084,B0033,983,74.55116311951323,73.33299389844099,2
75.37601021296545,B0033,984,74.22382106180717,72.87499154431661,2
74.774641313017,B0033,985,73.84060178180943,72.87499154431661,2
74.98809405786574,B0033,986,73.7541476677303,72.57125271109322,2
74.53483403901977,B0033,987,73.18370827166778,72.57125271109322,2
74.00499712525934,B0033,988,73.359483353104,72.53686970074845,2
73.38045748050315,B0033,989,73.07792362558814,71.6407488502957,2
73.64909245960251,B0033,990,72.46662314820148,71.26814556051916,2
73.71436068603202,B0033,991,72.67531588493742,71.27274754214285,2
73.17581404173069,B0033,992,72.44911539484056,71.01344393617072,2
72.6354784024418,B0033,993,71.79149025595964,71.27274754214285,2
72.78651923615124,B0033,994,72.22789262704872,71.01344393617072,2
72.9870049809284,B0033,995,71.4033741003938,71.0692010823615,2
72.4355752079096,B0033,996,71.50032025190079,71.01344393617072,2
73.33379881442168,B0033,997,71.94607409672307,71.4232692345272,2
73.44751054752209,B0033,998,72.18641919175559,72.01089791415858,2
73.55582942610211,B0033,999,72.61979345079952,72.0603689009289,2
72.36506182327463,B0033,1000,71.16741009283585,70.11464445480665,2
71.02657773780821,B0033,1001,70.83886674395438,70.11464445480665,2
71.20733047408709,B0033,1002,70.24725698499003,69.34893152157836,2
72.06410041682147,B0033,1003,70.88706279489827,70.53113770075119,2
72.24482694460808,B0033,1004,70.92420224130254,70.74352873786496,2
72.70128177397874,B0033,1005,71.03917902172171,70.94873529654929,2
71.13015223771455,B0033,1006,70.39398694902984,69.27466278136613,2
70.50984772945486,B0033,1007,69.74203318107236,69.21875013792328,2
70.72440649499728,B0033,1008,69.76634096884946,69.20408167885594,2
71.56800164730765,B0033,1009,70.49943283767357,70.68746251242166,2
72.57566618258764,B0033,1010,71.07212242371331,71.00702502363849,2
71.15188378863367,B0033,1011,70.6396323624172,70.10208567552071,2
69.81493481279564,B0033,1012,69.39652995671521,68.56238561710605,2
69.89530365199562,B0033,1013,69.04105275048272,68.47311309496719,2
70.05673780048383,B0033,1014,69.18290971290635,68.47311309496719,2
71.83912644726334,B0033,1015,70.32800514953567,70.16037540260992,2
71.8500343977319,B0033,1016,70.43330964215528,70.8041616496585,2
70.51777642267405,B0033,1017,69.84541685875568,70.0128592052709,2
69.13166989980944,B0033,1018,68.47999268730874,68.1692070374478,2
68.49701791533782,B0033,1019,68.52177907322793,67.75386045584912,2
68.9306466394116,B0033,1020,68.33692486617167,68.1636857542056,2
90.17979931573598,B0033,1021,87.84843709578729,93.26124655636798,2
71.17212145331004,B0033,1022,69.71895435710428,70.21116768871072,2
69.73001946479333,B0033,1023,69.19561666889103,69.19305073933707,2
69.80806993911143,B0033,1024,68.94717906538398,68.64571061878706,2
69.24843041578985,B0033,1025,68.54653600390085,68.53631349112095,2
68.57557371237739,B0033,1026,68.29281451005538,67.97036624386058,2
68.08432542439627,B0033,1027,67.89978655135057,67.52767723214451,2
68.98150680483043,B0033,1028,67.95264304503064,67.35008467731386,2
68.2115888001602,B0033,1029,67.67655373429604,67.39995798782921,2
67.09207256040727,B0033,1030,67.37459824792143,66.81520943609891,2
67.76107847896125,B0033,1031,67.20664369555364,66.81520943609891,2
67.01930132014887,B0033,1032,67.1211575691582,66.85240699754004,2
67.97039457097719,B0033,1033,67.42606065976992,67.11698629859517,2
67.28550430677751,B0033,1034,67.07034726837871,66.24012442408262,2
67.3880571042718,B0033,1035,66.8131071214073,66.60396756198843,2
66.77410515670334,B0033,1036,66.62461629895334,65.27295678688296,2
67.65774709211169,B0033,1037,67.00814619061731,67.33873611628091,2
68.54838853022146,B0033,1038,67.99928780015976,68.16869070853785,2
67.8713336245933,B0033,1039,67.50075060075234,66.62330730261253,2
67.21839410553451,B0033,1040,66.06098532157384,66.0344964570035,2
66.50291192972651,B0033,1041,65.99696102631825,65.44563064915563,2
70.16820929033312,B0033,1042,67.95064645237946,68.56377496550103,2
69.32785475114689,B0033,1043,68.26607746846514,68.48431676338188,2
68.52069088436316,B0033,1044,67.73110001381653,67.63109380310709,2
66.26596968178565,B0033,1045,66.56782674949734,66.2980616516033,2
42.19842496600328,B0033,1046,50.1507651601499,50.41699223877673,2
14.93309018579175,B0033,1047,14.012757407051545,26.481048712514767,2
11.724339873512784,B0033,1048,10.761696202355978,26.810507942449114,2
10.12816519036291,B0033,1049,9.43285524922129,27.100669967077298,2
11.76599782703512,B0033,1050,10.83698491150193,27.121834632046045,2
11.775213918741436,B0033,1051,10.227558435277935,26.521172422584804,2
21.52121128376461,B0033,1052,20.19286467242958,26.433851272631042,2
23.218166601348216,B0033,1053,21.446912073519222,26.444381500716343,2
19.97419690123865,B0033,1054,17.90207924097001,26.777483388940897,2
73.07348947131494,B0033,1055,69.0579334413833,67.82469040401426,2
70.75499772691266,B0033,1056,68.82389000856874,68.93235923960493,2
69.1816186936978,B0033,1057,68.06837256833451,67.71981689530257,2
68.52701446804916,B0033,1058,67.44627098142507,66.88343623958859,2
67.785212830577,B0033,1059,67.1228861651992,66.62343269822199,2
67.89192896959882,B0033,1060,67.06095173716758,66.22310656858298,2
68.04541989785699,B0033,1061,67.01059216959574,66.63387739049314,2
67.4781327384238,B0033,1062,66.73225153366762,66.60007641192375,2
59.444385662433206,B0033,1063,58.76172583006712,54.92514963889823,2
75.20746967304322,B0033,1064,74.6276920272241,73.76742948191644,2
74.49544319356384,B0033,1065,73.80222940758748,72.04547417146253,2
73.76650893215965,B0033,1066,72.5750853967108,71.76620635224393,2
72.99153827068515,B0033,1067,71.88376603732891,70.62426888486044,2
72.37084528862864,B0033,1068,71.69516362050362,70.91464363413674,2
73.38161837323577,B0033,1069,72.0624918585118,71.2167155669402,2
72.07762465827635,B0033,1070,71.4229407473832,70.19605511905698,2
70.91964367922014,B0033,1071,70.17276708044506,68.9225978527921,2
70.15912419426259,B0033,1072,69.59741483575446,68.59702887529573,2
69.5555233060582,B0033,1073,69.18684776907654,68.46174560836792,2
70.43009979067268,B0033,1074,69.3386950796445,68.74034102934819,2
70.68854451974474,B0033,1075,69.99167024219147,68.98239614822275,2
70.62361172704225,B0033,1076,69.62464631615401,68.9744798312424,2
69.15950013287794,B0033,1077,68.79923973468071,67.73551989182621,2
68.23049053716282,B0033,1078,67.89876397830419,66.62029315956839,2
68.48756828912185,B0033,1079,67.6721926717391,66.17088855518217,2
69.33973455535832,B0033,1080,68.79513095698782,68.57348592073836,2
69.59307937871397,B0033,1081,68.67310517107427,67.89757031106298,2
68.85811760904825,B0033,1082,68.1742408593859,67.52136566039476,2
67.99762679695426,B0033,1083,67.53588712037555,66.58071385353865,2
68.98895215853625,B0033,1084,67.96659150833916,67.61332225110465,2
68.1568683098322,B0033,1085,67.84582369208658,66.66538439405382,2
68.26147614397404,B0033,1086,67.58049943590396,66.58071385353865,2
67.49310347029565,B0033,1087,67.05468245793627,66.26981333510963,2
67.64752086166216,B0033,1088,67.0551396820034,66.2551448760423,2
67.67870271302564,B0033,1089,66.94053695767691,66.58071385353865,2
67.16112591952512,B0033,1090,66.43312543891017,66.26716474988422,2
67.06040884526713,B0033,1091,66.55203422952683,66.25094965667552,2
66.38694984993903,B0033,1092,66.17784361270614,66.17323114411354,2
66.48894502227046,B0033,1093,66.05799143353295,66.1457692875352,2
66.78022514351248,B0033,1094,66.14923116201966,66.03938167732937,2
65.88744842855562,B0033,1095,65.66875198433029,65.51611813683317,2
65.88027362370985,B0033,1096,65.70678482511164,65.66037593119707,2
65.9263976103619,B0033,1097,65.67806377055233,65.64124990895729,2
66.07698634906991,B0033,1098,65.5888144581545,65.28364262400162,2
65.23307686464352,B0033,1099,64.94958993580586,63.76344563177445,2
66.4016238510434,B0033,1100,65.76360224468962,66.29202898918187,2
68.17274885356963,B0033,1101,67.28540193575665,66.91897666722186,2
66.45658373701234,B0033,1102,66.51503621384725,66.55161573358077,2
65.62100543458841,B0033,1103,65.47833742825424,64.01047699278598,2
65.76412751838177,B0033,1104,65.01551011209693,63.9285417216982,2
37.29651478822832,B0034,1105,41.33622133272934,26.79761773371821,1
83.11608576422927,B0034,1106,81.85345142470369,83.20853319997512,1
82.2543684847266,B0034,1107,81.65210638719483,82.12477352198607,1
81.0364644638787,B0034,1108,80.71442723295144,81.41389934864863,1
79.83701012563002,B0034,1109,80.43895323227137,79.72490090867049,1
74.28250309406349,B0034,1110,77.80984467544934,77.11308567508864,1
74.33351098748506,B0034,1111,77.77204270595648,76.42280350365397,1
73.50665479202634,B0034,1112,76.98699541515911,76.37349162621874,1
72.82520900509817,B0034,1113,76.37948126001427,75.99229649839896,1
72.09480517788236,B0034,1114,75.87157039858252,75.24138295980454,1
71.85474794485145,B0034,1115,75.71484170450574,75.11603108540723,1
72.29351812483702,B0034,1116,75.56418618959559,74.73484764189452,1
71.60520272809185,B0034,1117,75.07174983766592,74.66753633898995,1
71.33603166512324,B0034,1118,74.91167225022556,74.60657560890199,1
71.15423442564914,B0034,1119,74.30538095171063,73.88800441921333,1
72.04739761209454,B0034,1120,73.87016195046479,73.9401195832275,1
74.34507720259325,B0034,1121,75.51738379237754,75.11617984655707,1
76.22656613425352,B0034,1122,76.4590039272802,76.05526568687554,1
73.14524802595353,B0034,1123,74.27848484622413,74.1017251624393,1
71.15397254274946,B0034,1124,73.60900635940227,72.888844786753,1
70.25520431801718,B0034,1125,72.44133081170843,72.12803042090832,1
81.64731962535431,B0034,1126,80.0954707567432,81.60496887323265,1
78.43569104129558,B0034,1127,78.43586231065908,78.88163417884617,1
75.74760483026701,B0034,1128,77.02509767106375,76.46169711974541,1
74.27591470317313,B0034,1129,75.29133120340823,74.83997681923691,1
74.0385964524537,B0034,1130,75.20216166409887,74.64731364193503,1
74.20131786585294,B0034,1131,74.86236327954359,74.52596006913694,1
74.61076527753261,B0034,1132,74.83291494178759,74.52596006913694,1
73.66564620496395,B0034,1133,74.61797674895278,74.04807280508325,1
72.0796589490003,B0034,1134,73.54028260981302,72.83672962273883,1
71.12936599007894,B0034,1135,73.1035407331992,72.8211899295805,1
71.33244689743333,B0034,1136,72.30453645601939,72.11249072774999,1
72.98387780119288,B0034,1137,73.1555860478825,72.888844786753,1
71.98079969272577,B0034,1138,72.73989980933104,72.18014558492249,1
70.97756328924257,B0034,1139,71.83001424600965,71.27850437767665,1
70.59050857235226,B0034,1140,72.05149852073787,71.27850437767665,1
70.22098350922657,B0034,1141,71.5382853930389,71.27850437767665,1
73.67529549303433,B0034,1142,73.17303392095057,73.21806182740139,1
74.63293003225745,B0034,1143,74.50400381164896,74.37728984573164,1
74.10130074972967,B0034,1144,73.80515114393847,73.33075669498686,1
71.17876788294974,B0034,1145,71.74067921318603,71.34615923484915,1
70.19126098622675,B0034,1146,71.0558924030676,70.21884146584436,1
76.81586739418061,B0034,1147,76.02026814348653,75.79922639361504,1
77.20183584088366,B0034,1148,76.67469081318887,76.54027179780272,1
75.39460776801245,B0034,1149,75.05998078089993,74.85517710978533,1
91.01530029345544,B0034,1150,88.38419586758977,92.78246492287336,1
79.68287879113322,B0034,1151,79.55116005818799,79.41672375130238,1
76.65352324840485,B0034,1152,77.26977064883613,76.33289967662137,1
74.31071546553642,B0034,1153,75.04743786417964,74.71965150300412,1
75.14659424133892,B0034,1154,75.23872542615668,74.78696280590869,1
76.0109270346403,B0034,1155,75.92104491085736,75.34737474541122,1
75.59097367502233,B0034,1156,76.2141019087657,75.1599004750341,1
73.23006509104525,B0034,1157,73.90389132413628,73.55669914400008,1
72.73070480755874,B0034,1158,73.12348676129153,72.98621777258607,1
71.6670024510207,B0034,1159,72.53158597229881,72.93256541523003,1
72.46631173198081,B0034,1160,72.98059074768598,73.26178245587842,1
74.7599910899454,B0034,1161,74.157980597325,74.31305725235292,1
73.60295120923004,B0034,1162,74.40401459802392,73.26178245587842,1
70.48691507324364,B0034,1163,71.12580591859574,70.09850629603423,1
69.30972090692087,B0034,1164,70.4081043297584,70.09850629603423,1
68.12062703775268,B0034,1165,69.73628300155806,69.83797632239738,1
72.35688722538639,B0034,1166,71.95730622602619,72.29873311408132,1
72.77241695225024,B0034,1167,72.02870795245447,71.71909690397457,1
72.11976083651479,B0034,1168,72.67582708587202,71.71909690397457,1
68.87709729948025,B0034,1169,70.2506403381812,70.09850629603423,1
67.69967946450267,B0034,1170,69.62764829287329,69.87014051922644,1
77.54519430832224,B0034,1171,76.18959545035308,75.81814503454366,1
77.81466348876434,B0034,1172,76.27060136692644,75.77271106920999,1
75.33763302532354,B0034,1173,75.3506689716929,74.85815970522933,1
72.2069366651383,B0034,1174,73.24769994797269,72.93256541523003,1
70.72051905646218,B0034,1175,71.31299061253185,71.35771566649713,1
69.48787106181365,B0034,1176,70.40570590594281,70.03085143886173,1
72.49841557376496,B0034,1177,72.51838532971699,72.2945193282965,1
73.39326534006084,B0034,1178,72.97254321366022,73.26178245587842,1
71.45322155222533,B0034,1179,71.7289666286938,71.46053297822317,1
68.83724173341635,B0034,1180,70.41890739154456,70.04258320885727,1
67.57906631260528,B0034,1181,69.0007638601665,69.40056075980283,1
67.6996736414464,B0034,1182,68.85397560187826,69.7142721116859,1
67.88582558446883,B0034,1183,69.3040453751588,69.7142721116859,1
66.70846576755135,B0034,1184,68.74378649811177,69.40056075980283,1
66.86073944391994,B0034,1185,68.13429907376486,68.90117470753175,1
66.95226121384636,B0034,1186,67.98184135961444,68.90117470753175,1
67.19622302378161,B0034,1187,68.50785976071687,68.90117470753175,1
67.27393096045122,B0034,1188,68.38068981412266,69.19087263397219,1
67.41131514841273,B0034,1189,68.06891458721195,68.90117470753175,1
66.86596149788029,B0034,1190,68.293962543663,68.90117470753175,1
67.01261670776518,B0034,1191,68.5981728848552,68.90117470753175,1
66.45482841189559,B0034,1192,67.91669705135754,68.90117470753175,1
66.61742827883175,B0034,1193,68.0242198533229,68.90117470753175,1
67.50770655277758,B0034,1194,67.99983230184614,68.91671440069008,1
69.0761720527064,B0034,1195,69.12691161367188,69.57223884302776,1
69.17985976408903,B0034,1196,70.09235740931753,69.90145588367615,1
66.5058093104045,B0034,1197,68.35100193948638,68.82214624426153,1
65.88491060851615,B0034,1198,67.54490364113866,68.26843688403491,1
65.31828859825636,B0034,1199,66.27983829791751,67.99087824304014,1
66.90783691896891,B0034,1200,67.3739122005035,68.82214624426153,1
67.81629046082533,B0034,1201,68.38457469425174,69.17949902787447,1
68.24498764775029,B0034,1202,69.52941639875269,69.49321037975754,1
66.68819987767529,B0034,1203,67.60450150159451,68.5803755476585,1
65.30061834329382,B0034,1204,66.87339253320556,67.99087824304014,1
65.50934180687904,B0034,1205,67.20078800479693,67.91143510227005,1
67.83834470848052,B0034,1206,67.98252243579483,68.88980110143403,1
69.58428716793858,B0034,1207,69.39219830698242,69.82242742040593,1
68.14967539672388,B0034,1208,69.01692271685789,68.88980110143403,1
66.05855986950314,B0034,1209,67.31104714054716,67.99087824304014,1
65.37434507796678,B0034,1210,67.18134571325932,67.91143510227005,1
65.52940947741745,B0034,1211,66.49302772581937,67.2168706081296,1
68.8156334098332,B0034,1212,69.80025157300604,69.82242742040593,1
69.58824645661436,B0034,1213,69.74644417381336,69.82242742040593,1
68.24873176726763,B0034,1214,69.05422433870076,69.21901814208242,1
66.09546968645948,B0034,1215,67.53297354073796,67.92697479542838,1
65.45016944036956,B0034,1216,67.40034659508721,67.91143510227005,1
66.63502860986867,B0034,1217,66.68397737634729,67.99087824304014,1
87.11987594834699,B0034,1218,83.44339461088316,90.74996943332879,1
68.867378140973,B0034,1219,69.05669118193914,69.50871606852286,1
67.4379943838875,B0034,1220,68.11331908487462,68.88980110143403,1
67.50752279940573,B0034,1221,67.2107867964561,68.33609174120741,1
66.93907437542977,B0034,1222,67.798259331976,68.30392754437835,1
66.26685605201342,B0034,1223,67.04534296472528,67.47322628045389,1
66.54080298167024,B0034,1224,68.24164053979553,68.59591524081684,1
66.65416883092516,B0034,1225,67.54742650463122,68.28397657719324,1
66.66613267447961,B0034,1226,67.23980873566988,67.92697479542838,1
66.32140548758238,B0034,1227,66.71258711299505,67.47322628045389,1
66.19855204934285,B0034,1228,66.69994831344913,67.45768658729556,1
66.24682112535578,B0034,1229,67.04800609722095,67.47322628045389,1
66.41533837785461,B0034,1230,67.35509607513265,67.47322628045389,1
65.7292174454613,B0034,1231,67.02578874447278,67.47322628045389,1
65.83420899271653,B0034,1232,66.70896206406115,66.84331703748138,1
65.20863824827036,B0034,1233,66.68724777118037,66.82777734432305,1
67.67225036786154,B0034,1234,67.56142122400023,68.70168276218705,1
68.5647041256893,B0034,1235,69.29324309522985,69.21901814208242,1
67.88496609612555,B0034,1236,68.43135075119409,69.21901814208242,1
66.43451545459752,B0034,1237,67.79365561008608,67.52534144446805,1
65.71971634090862,B0034,1238,66.75317752202913,66.89543220149555,1
69.33391515055362,B0034,1239,69.59147968335421,69.26771257824251,1
69.34165229214604,B0034,1240,69.72011294528303,69.82242742040593,1
67.74018689645507,B0034,1241,68.39458682210952,68.94345345879007,1
66.27893834975835,B0034,1242,67.68092183726536,67.52534144446805,1
65.59864338188775,B0034,1243,67.05691561732463,66.89543220149555,1
65.32243974397599,B0034,1244,67.09322823906734,66.93898073794315,1
67.09215940274512,B0034,1245,67.92340187292558,68.7447519226259,1
68.04605085379663,B0034,1246,69.39796870231166,69.21901814208242,1
66.49801838697485,B0034,1247,67.72399268616464,67.61374250595048,1
64.9534693812968,B0034,1248,66.75399620731211,66.34199577258461,1
64.92272185977848,B0034,1249,66.62617218855817,66.34199577258461,1
65.88243045805045,B0034,1250,67.58798831425823,67.13624818066151,1
66.80324282053297,B0034,1251,68.0380785041876,68.38775014086103,1
68.1789868093007,B0034,1252,67.75820670261157,68.97724744547939,1
66.66556270772413,B0034,1253,66.98730282322433,67.85455848511644,1
65.11636731559463,B0034,1254,66.59377006701503,66.53091028535843,1
64.44364222227938,B0034,1255,66.63845512949435,66.47879512134426,1
64.51373097101516,B0034,1256,65.33898023541448,64.08299893050666,1
64.62037828384119,B0034,1257,65.85349286660608,64.08299893050666,1
64.7704575255117,B0034,1258,66.04707892669197,64.93891060316169,1
64.16149407963475,B0034,1259,65.21858359792192,64.45649201371508,1
72.78727012183907,B0034,1260,72.02758880812763,71.94768122147676,1
72.7338171336621,B0034,1261,74.11535150752518,72.91073056327386,1
71.17138590992475,B0034,1262,71.1846293902275,70.13900674758176,1
69.62756051816565,B0034,1263,70.63638952787434,69.58142393012558,1
68.82866246873454,B0034,1264,69.65573945580702,68.88980110143403,1
69.05095414491176,B0034,1265,69.21280120570137,69.17949902787447,1
70.03784160836432,B0034,1266,70.99903969160997,70.11524785723385,1
68.7322651739986,B0034,1267,70.13272919662361,69.50871606852286,1
66.72962057198919,B0034,1268,68.33681865727145,68.33609174120741,1
66.8198310782369,B0034,1269,68.09400591703746,68.23051033859387,1
65.34576485878124,B0034,1270,66.65839894670987,66.82777734432305,1
67.07697283370405,B0034,1271,67.7184221535451,67.97908995944255,1
67.3194485080961,B0034,1272,68.10949000520228,68.38974409856345,1
67.2494903638887,B0034,1273,68.5702273776484,68.6653087818558,1
65.79380402523893,B0034,1274,67.33506910555033,67.13624818066151,1
64.86383444870044,B0034,1275,67.27835604697071,67.06859332348901,1
64.25627605502824,B0034,1276,66.55110164049584,66.46325542818593,1
65.95104578265126,B0034,1277,67.16341979306247,67.52534144446805,1
67.05048924645497,B0034,1278,67.79076796448392,68.30830700009093,1
66.3063491941373,B0034,1279,67.56611553925191,66.9490845588516,1
65.45721339995362,B0034,1280,67.30711774868847,66.89543220149555,1
68.15006448085725,B0034,1281,69.5649662258748,69.21901814208242,1
66.4642850843597,B0034,1282,67.18632206901138,67.08413301664734,1
64.84542965310928,B0034,1283,66.41598242272526,66.46325542818593,1
64.93142962470698,B0034,1284,66.49132095900077,66.46325542818593,1
64.20328805910971,B0034,1285,65.8180582742732,64.06745923734832,1
65.10507957068181,B0034,1286,66.52008060569834,66.34961614946823,1
65.44538175865668,B0034,1287,66.91696914880276,66.38754269490927,1
63.61259848256956,B0034,1288,66.19008597266829,63.69026157359764,1
63.80057671801656,B0034,1289,65.38349031850852,62.99845890085699,1
63.02526501551502,B0034,1290,65.33740753461176,62.99845890085699,1
63.30340625673559,B0034,1291,64.97102522420927,62.692561675678675,1
63.29145084326405,B0034,1292,64.81364604627618,62.692561675678675,1
63.27936949103496,B0034,1293,64.29302805867944,62.692561675678675,1
63.31799161513777,B0034,1294,65.66795370625312,62.562381521368366,1
64.34239716364452,B0034,1295,65.35768485077749,63.9002507457631,1
63.50130823066045,B0034,1296,64.87125999334329,62.692561675678675,1
67.299126646246,B0034,1297,68.22884499669598,67.72527653897222,1
66.43437657706889,B0034,1298,67.8897224623255,67.72527653897222,1
65.601535991704,B0034,1299,66.84918614772543,66.4722814541112,1
64.7562746480599,B0034,1300,66.11786243307944,66.36370179377317,1
64.01300802981667,B0034,1301,65.96244656063331,62.64050551080686,1
50.09912940876655,B0036,1302,60.35601875803458,49.5092472900418,0
90.05503783144462,B0036,1303,98.575903900225,89.48884451372042,0
90.22114928010312,B0036,1304,99.29206092952059,89.4108603544718,0
90.21944168864144,B0036,1305,99.3355193870179,89.4108603544718,0
89.94624435892123,B0036,1306,99.18000589562884,89.01880152576962,0
89.6498260836196,B0036,1307,98.31885137768501,88.95994430294076,0
89.42753992810945,B0036,1308,98.57095297657894,88.47011016432863,0
89.45428465363851,B0036,1309,98.46269371837852,88.37702135347462,0
89.46568656416643,B0036,1310,98.64828478128717,88.30225996435355,0
89.30379729740434,B0036,1311,98.57098977583976,88.30225996435355,0
89.18162124825409,B0036,1312,98.43556957717311,88.1426608756445,0
89.1486436903636,B0036,1313,98.26662335914521,88.2057976371843,0
89.06887981629833,B0036,1314,98.42032030590954,88.13155911129957,0
88.92679772966473,B0036,1315,98.19397488059124,88.16516135889128,0
88.795215454717,B0036,1316,98.15297023965245,87.80759597426298,0
88.90213324952957,B0036,1317,97.56570324619773,87.92261763602883,0
89.15014666795828,B0036,1318,97.81504466331089,88.544446027179,0
89.41500212306937,B0036,1319,97.60260435265948,88.7188489100405,0
88.96473562890131,B0036,1320,98.23735038510301,88.32713902659751,0
88.54617750225927,B0036,1321,98.11560530564988,87.48891382917988,0
88.29525090400551,B0036,1322,97.7432545022926,87.20188839208785,0
89.13464620734622,B0036,1323,86.75435956009741,88.63253125802382,0
89.82331036460101,B0036,1324,88.2479155778609,88.93843705467738,0
89.54541766711449,B0036,1325,88.12437581155632,88.51826832902908,0
89.259001404437,B0036,1326,87.74038171964425,88.29344669319877,0
89.05671588273262,B0036,1327,87.43185815592682,88.29344669319877,0
88.77788894611784,B0036,1328,86.9763936915068,87.99076472924153,0
88.84429353080576,B0036,1329,86.8937976100813,88.08636525694256,0
88.56541705189107,B0036,1330,86.66021495273063,87.5786567519103,0
88.56674420437068,B0036,1331,87.10994764218704,87.52249231297331,0
88.30421433202525,B0036,1332,86.6854462345379,87.20017370631788,0
87.96396831706164,B0036,1333,86.30937105311477,86.8357041829393,0
88.05184406881213,B0036,1334,86.1873316944779,87.22362605787617,0
88.01213836828529,B0036,1335,86.40036593803879,87.17564436914877,0
87.77949708017198,B0036,1336,86.36217324121418,86.7442465744389,0
87.72801088327796,B0036,1337,86.20127502557357,86.7442465744389,0
87.49554168047447,B0036,1338,85.79232286611231,86.75962787749478,0
88.05112762651879,B0036,1339,85.46440864766296,87.56645612176281,0
88.12047287168558,B0036,1340,85.62058080970694,87.55107481870694,0
87.68085198560338,B0036,1341,85.15989901444084,87.11593152493548,0
87.3102238759584,B0036,1342,85.58177464742607,86.17347155143145,0
87.03088086384862,B0036,1343,85.43571267027707,85.94941404364327,0
87.5345202212841,B0036,1344,85.52691314268543,87.08333113926395,0
88.25560275769575,B0036,1345,86.2287719112391,87.56645612176281,0
88.15944133782439,B0036,1346,86.6182880433069,87.55107481870694,0
99.2746476448548,B0036,1347,95.14814574547714,102.61759184825755,0
88.26778654066621,B0036,1348,86.55553034823306,87.56645612176281,0
87.85940191563638,B0036,1349,86.28886422832316,87.07360491611891,0
87.86885330922219,B0036,1350,86.38191542934874,86.87464953926063,0
88.08688063989906,B0036,1351,86.04270921066615,87.55107481870694,0
88.03446273818332,B0036,1352,85.37568848886733,87.56645612176281,0
88.03347810784915,B0036,1353,86.30905292929735,87.56645612176281,0
87.6481901324576,B0036,1354,85.8973928645803,87.08333113926395,0
87.52678540120735,B0036,1355,85.34230738228584,87.08333113926395,0
87.50380997668643,B0036,1356,85.22768919868474,87.04100453044738,0
87.32978901139192,B0036,1357,84.93993406998207,86.63819599717223,0
87.68071433943535,B0036,1358,85.1559137046049,87.08333113926395,0
87.53625149601744,B0036,1359,85.79554332020662,87.08333113926395,0
87.16526745405055,B0036,1360,85.39118231727468,86.17193347376701,0
86.68312526388094,B0036,1361,84.89575562238751,86.03817886825179,0
86.59603525769464,B0036,1362,84.7031901318671,85.94941404364327,0
87.14302261375731,B0036,1363,84.71374089368928,86.21426008258358,0
87.1653485549856,B0036,1364,84.47517866895056,86.43013484016217,0
86.9262253136348,B0036,1365,84.64418892989137,86.21426008258358,0
86.47811331873486,B0036,1366,84.5758210313266,85.6683825241934,0
86.36518382871043,B0036,1367,84.18056717291222,85.6683825241934,0
87.24685245535956,B0036,1368,85.4398759355017,86.1966407732424,0
88.21216035566846,B0036,1369,85.50353355826978,87.56645612176281,0
87.52441016024798,B0036,1370,86.15420925976913,87.11593152493548,0
87.21355407739962,B0036,1371,85.2032451486647,86.00557848258026,0
86.82706961686975,B0036,1372,85.18837284872126,85.99654272675265,0
86.6611546552878,B0036,1373,84.83745839412919,85.89055682081441,0
86.930311454381,B0036,1374,84.63073503289166,86.24686046825511,0
87.16067476873096,B0036,1375,84.88670447203287,86.21426008258358,0
86.66349107416485,B0036,1376,84.82740993801545,86.24686046825511,0
86.49453145831636,B0036,1377,84.64979333206239,85.61221808525642,0
86.02201674420674,B0036,1378,84.61667298046883,84.7385016690008,0
86.22103645064566,B0036,1379,84.4302965410728,85.55336086242755,0
86.07436407030583,B0036,1380,84.59038677272162,84.7385016690008,0
85.9872438678463,B0036,1381,84.41600229461842,84.7385016690008,0
85.82152071072947,B0036,1382,83.91116241537827,84.7385016690008,0
85.56014626649811,B0036,1383,83.50568484688748,83.61322588470097,0
85.5117161579961,B0036,1384,83.88112738900703,83.61322588470097,0
85.65484410755145,B0036,1385,84.0293874082414,83.67419273700494,0
85.51854308604068,B0036,1386,83.82874684867191,83.61322588470097,0
85.32308648060717,B0036,1387,83.26098663747626,83.67419273700494,0
85.14714989555473,B0036,1388,83.53040497076897,83.61322588470097,0
85.36306321920031,B0036,1389,83.56731650019354,83.67419273700494,0
85.19318598383039,B0036,1390,83.21461383100842,83.67419273700494,0
85.39808974211137,B0036,1391,83.28168558157711,83.67208310752983,0
85.56511416813895,B0036,1392,83.26355711393394,83.89460253765357,0
85.7061028736122,B0036,1393,83.7999944219988,84.43144244442918,0
85.26662462850803,B0036,1394,83.48562739993926,83.67419273700494,0
84.67304736265704,B0036,1395,83.0062343828423,83.12788517715055,0
84.52622063615112,B0036,1396,82.89141351080761,83.12788517715055,0
85.03887429249151,B0036,1397,82.77739701158225,83.15741855102769,0
84.85552233972288,B0036,1398,82.35218870676513,83.18193998661242,0
84.98962261475917,B0036,1399,82.65542246555587,83.39320965473219,0
84.56352386977059,B0036,1400,82.82698776457364,83.12788517715055,0
84.28563504734932,B0036,1401,82.40894297381298,83.12788517715055,0
84.16046885643078,B0036,1402,82.2622594247391,83.12788517715055,0
84.64431820847605,B0036,1403,82.14975297946833,83.2429068389164,0
84.92334087072317,B0036,1404,82.34432005703275,83.41086931316552,0
84.67906706914215,B0036,1405,82.64368860095972,83.40926183010315,0
84.15475626890641,B0036,1406,82.33600806252471,83.12788517715055,0
84.25231113471493,B0036,1407,82.2604965452405,83.11250387409467,0
84.01549420008799,B0036,1408,81.95999822517025,83.11250387409467,0
84.72019218613858,B0036,1409,82.35994407937176,83.41086931316552,0
84.77843063590052,B0036,1410,81.934145168219,83.32772509587997,0
84.20927364175202,B0036,1411,82.00498693987734,83.3603254815515,0
83.61090072435059,B0036,1412,81.64347293767145,82.48159819336934,0
83.37988482873591,B0036,1413,80.97907167099964,81.33826995269462,0
83.90936893519509,B0036,1414,81.34569377844223,82.92911955451467,0
122.2031216039328,B0036,1415,118.64333815231164,102.61138801186165,0
84.56701574466102,B0036,1416,82.7573537936475,83.2556593510994,0
84.01393548306642,B0036,1417,81.78657151938499,83.0267300245463,0
83.6573650511513,B0036,1418,81.72028946772431,82.8222255396566,0
83.52146045016214,B0036,1419,81.9086213611611,82.42406074602661,0
83.29951675057995,B0036,1420,81.49788735534034,82.06831802271803,0
83.21207876362236,B0036,1421,81.47716516496644,81.2320022198767,0
83.34225383887483,B0036,1422,81.65216401732718,81.98858895393712,0
82.97250780333768,B0036,1423,81.3020623546033,81.2320022198767,0
83.12062615336595,B0036,1424,81.38550180846194,81.12639901686386,0
83.0176304161285,B0036,1425,81.30316637057642,81.12639901686386,0
83.05115689816618,B0036,1426,81.17856259750114,81.18525623969272,0
82.87593778660806,B0036,1427,80.85828347125945,80.89862711862362,0
82.53938979837274,B0036,1428,80.6445492551691,80.65131762637238,0
82.6628503105507,B0036,1429,80.59038869193166,80.55986001787198,0
82.47107423386343,B0036,1430,80.71497727780873,80.55986001787198,0
83.39295957833353,B0036,1431,80.64572621129295,82.25953712491476,0
83.54313821624835,B0036,1432,81.24378005949401,82.61367824585753,0
83.29059082026684,B0036,1433,81.26170872346454,82.25953712491476,0
82.664992588085,B0036,1434,80.81385059024689,80.74606514845537,0
82.3439351176426,B0036,1435,80.46662960610298,80.66584592381022,0
83.59476624851878,B0036,1436,81.419991476424,82.57165272999322,0
84.03871731792863,B0036,1437,81.64230229560894,83.22472296028383,0
83.68858543351537,B0036,1438,81.92445143688413,82.61367824585753,0
83.02886881243697,B0036,1439,81.32863969816817,81.24142067862971,0
82.7993890573043,B0036,1440,80.94068729404823,80.67488167963783,0
82.3431159194922,B0036,1441,80.88954914216683,80.63926606020289,0
82.87310587716425,B0036,1442,80.88518586698461,81.21632126978524,0
83.01995587608447,B0036,1443,81.01778853669329,81.47035000518281,0
82.30394546418556,B0036,1444,80.8528483845129,80.9569602113645,0
82.04183231329664,B0036,1445,80.60394029108517,80.7125206256509,0
81.722044601408,B0036,1446,80.24551029932141,80.45339069236672,0
81.87019593252106,B0036,1447,79.90090203202833,80.52457416118426,0
82.369103770262,B0036,1448,79.87291531473652,80.92435982569297,0
82.72823220811179,B0036,1449,79.52044543708021,81.20426970361575,0
82.04482803649675,B0036,1450,80.00848096083051,80.92435982569297,0
81.32614989669818,B0036,1451,79.46018675000072,80.25063680246116,0
81.08674572315228,B0036,1452,79.20154690114602,79.96086656176504,0
81.24100029819773,B0036,1453,78.97609395266919,79.98521927311782,0
80.9400598680685,B0036,1454,79.05908181434023,79.88113749298414,0
80.68675245167108,B0036,1455,78.4724560790441,79.91373787865567,0
80.60064118270705,B0036,1456,78.81505614352682,79.82228027015528,0
83.35516278443589,B0036,1457,81.08503202320378,82.31268633008833,0
84.25066691943127,B0036,1458,83.05000562654979,83.24527177978587,0
83.93327493807348,B0036,1459,82.47052064466989,83.24527177978587,0
83.64881751095686,B0036,1460,82.66865516345055,82.85042105148908,0
83.3244517149827,B0036,1461,82.34835311344784,82.0511566178637,0
83.49210420355455,B0036,1462,81.41452559960061,82.57165272999322,0
83.73372114013517,B0036,1463,82.08745815424345,83.00816690922464,0
83.32522667572822,B0036,1464,82.33850544988249,82.2800859444168,0
82.61110424173636,B0036,1465,81.55728965824031,80.68639474331226,0
82.31359137549762,B0036,1466,81.24345178367876,80.58040883737402,0
82.11996173462605,B0036,1467,80.80509249669433,80.67186644587441,0
82.5589303549996,B0036,1468,81.0349210941515,80.69543049913987,0
82.40841560140966,B0036,1469,80.7899159393266,80.9569602113645,0
82.39443862714198,B0036,1470,81.22548449664578,80.92435982569297,0
81.7921825457841,B0036,1471,80.63048034094997,80.39722625342974,0
81.66181405972758,B0036,1472,80.43543961404077,80.33836903060087,0
81.49632338414935,B0036,1473,80.16867582752789,80.22660592152324,0
81.93931314643612,B0036,1474,80.06425311105326,80.86178549032662,0
81.79827431920386,B0036,1475,79.97437457028218,80.92435982569297,0
81.55685219837831,B0036,1476,80.17125449536398,80.68232001891982,0
81.10094860444232,B0036,1477,79.74756573262125,79.88113749298414,0
82.08022489211078,B0036,1478,80.4636833187544,80.92435982569297,0
81.26545115728902,B0036,1479,79.98782225470583,80.16187197785264,0
80.98067261119742,B0036,1480,79.4767274183996,79.82228027015528,0
80.62118087387185,B0036,1481,79.3248712915248,79.82228027015528,0
80.38850514956697,B0036,1482,79.13111900248958,79.42038349208217,0
80.44038765990791,B0036,1483,79.04708674194748,79.42038349208217,0
80.41778129367134,B0036,1484,78.83835103071449,79.42038349208217,0
80.3410125950577,B0036,1485,78.90342304917955,79.42038349208217,0
80.08854886033565,B0036,1486,78.48070185140325,79.17716808372079,0
79.7455867346104,B0036,1487,78.32005698518147,79.08703499202285,0
79.69069562693686,B0036,1488,78.30438220464383,79.08703499202285,0
79.60136564752298,B0036,1489,78.11570854452965,79.08703499202285,0
79.23680774889375,B0036,1490,77.76708842509068,78.22691524859746,0
78.817146819684,B0036,1491,77.10870307001441,77.4659939832487,0
78.60114587321144,B0036,1492,77.14220485342692,77.4659939832487,0
78.64937142756176,B0036,1493,77.03516299035715,77.3745363747483,0
79.84927001945094,B0036,1494,77.90201714054112,79.52111907203974,0
79.7863011851928,B0036,1495,77.49935344578222,79.52111907203974,0
78.97501691702796,B0036,1496,77.20696284522559,77.71848736306725,0
78.14734938760093,B0036,1497,76.45988500647073,77.05549517593958,0
77.95564715770588,B0036,1498,76.32902838531793,76.65394631796805,0
44.902868548383616,B0038,1499,27.082766371963757,18.410986316213023,1
55.13118165957038,B0038,1500,50.7727880167032,54.35852991501612,1
54.42900939736715,B0038,1501,49.649494358087196,51.436554881390904,1
53.06624923795543,B0038,1502,48.75806244667328,44.780860031581334,1
51.73531028991773,B0038,1503,47.99665749471187,44.780860031581334,1
51.349892971765065,B0038,1504,47.241538269176715,44.780860031581334,1
53.92509855494711,B0038,1505,39.80427618978426,43.023471759614566,1
53.194487394014224,B0038,1506,47.772463043842485,44.77084765603869,1
51.83275611662212,B0038,1507,46.971070719193634,44.70742827218498,1
51.5470663741047,B0038,1508,47.19905553650169,44.70742827218498,1
50.70042270517328,B0038,1509,45.525911246315886,44.70742827218498,1
50.425804799725945,B0038,1510,45.69085695984132,44.63294666697982,1
87.09622544047953,B0038,1511,81.21726349317713,88.25285888524434,1
88.98709298542164,B0038,1512,96.47774039292963,89.51712217354357,1
89.07833153226383,B0038,1513,97.30875999320006,89.73531409284372,1
89.17429788578008,B0038,1514,97.50131608399684,89.73531409284372,1
89.32205825207838,B0038,1515,97.1648505742736,89.73531409284372,1
89.29998804033974,B0038,1516,97.21634030521926,89.72666698404603,1
88.84761886500804,B0038,1517,96.56410581439593,88.8242946801431,1
89.07144586609495,B0038,1518,97.31629251571869,89.51712217354357,1
89.29726386348598,B0038,1519,97.45815001912337,89.51712217354357,1
89.26042148457755,B0038,1520,97.29780736525416,89.51712217354357,1
89.17983047922719,B0038,1521,97.27032401394641,89.51712217354357,1
88.98391576372356,B0038,1522,97.29794493650883,88.80744658518508,1
89.20551296394322,B0038,1523,97.38048769224602,89.51712217354357,1
89.16516165796095,B0038,1524,97.3919992963302,89.51712217354357,1
88.98093070678478,B0038,1525,97.23060851292851,88.5143704482278,1
89.08296167176293,B0038,1526,96.80945626407964,88.52144681927551,1
88.87955652062018,B0038,1527,96.85030260400075,88.49329324007198,1
88.88509409858395,B0038,1528,96.91441549422828,88.49329324007198,1
88.94773809135309,B0038,1529,97.18398823882166,88.49329324007198,1
89.03876865567521,B0038,1530,97.20791226779686,88.5057233394301,1
88.92076595133305,B0038,1531,96.9323168962581,88.49329324007198,1
88.94886949554231,B0038,1532,96.9850945015478,88.5057233394301,1
88.96239673618021,B0038,1533,97.0263034986585,88.5143704482278,1
88.89602286842539,B0038,1534,97.22734466458937,88.49329324007198,1
88.9613520112072,B0038,1535,96.77702282490716,88.49329324007198,1
88.80317160039675,B0038,1536,96.92007695943482,88.49329324007198,1
88.75519689819785,B0038,1537,96.8529921001849,88.49329324007198,1
86.6532050069371,B0038,1538,89.72268779587876,86.84958238572534,1
86.97446403107611,B0038,1539,89.5998373864202,87.17340154518516,1
86.89032180196462,B0038,1540,89.84644764737367,87.01861982532628,1
86.50140728999165,B0038,1541,89.47529320406149,86.64212988152951,1
86.45202283271493,B0038,1542,89.38516127643632,86.64212988152951,1
86.43036453534408,B0038,1543,88.64389740276711,86.49767075230919,1
76.28694232481699,B0038,1544,62.500405363619564,73.61174836882533,1
76.50737767217109,B0038,1545,61.572288586221255,73.14674166794188,1
5.95191592967088,B0039,1546,16.69857290864536,25.875081121510668,2
23.64930750463756,B0039,1547,21.59025092375761,26.136117063310877,2
8.140396914601029,B0039,1548,21.923673957988946,26.113103063554917,2
23.93816426694383,B0039,1549,21.741817291189847,26.136117063310877,2
23.55691682303576,B0039,1550,21.365721129032593,26.136117063310877,2
23.340862805603365,B0039,1551,21.45602830616319,26.136117063310877,2
23.499663383127736,B0039,1552,21.648892957560165,26.116429917120236,2
23.135263421585925,B0039,1553,21.315613448296517,26.136117063310877,2
23.02472391328049,B0039,1554,21.13896398198206,26.136117063310877,2
22.06113624417847,B0039,1555,21.137235501283143,26.136117063310877,2
22.17721097198292,B0039,1556,20.893363626786908,26.11996744667633,2
20.63327770582117,B0039,1557,20.253611128968814,26.11996744667633,2
87.30895503194813,B0039,1558,89.66327064110922,87.39395960335199,2
88.47625367252682,B0039,1559,89.64856822063302,89.01604041410103,2
88.57695709750972,B0039,1560,89.86525069236222,90.35648903420822,2
88.53127419791394,B0039,1561,89.86122995100884,88.96926789344265,2
88.52020319723648,B0039,1562,89.8852899288019,90.402024302508,2
88.4754089440088,B0039,1563,89.80690427373092,90.32894891374387,2
88.19178137134708,B0039,1564,90.11662214486506,88.01944842850028,2
88.57862934893062,B0039,1565,90.03982204308697,89.05884335525874,2
88.50598227244842,B0039,1566,89.98919852016593,90.32894891374387,2
88.33784876430259,B0039,1567,89.86388260348278,88.15744766501012,2
88.24371814546322,B0039,1568,89.75791198213895,87.93673251569496,2
88.19193429716124,B0039,1569,89.79219948827709,89.70209542905602,2
88.28612876028394,B0039,1570,89.79459295132469,88.35891448180676,2
88.22816404691523,B0039,1571,89.71092585955378,89.72963554952037,2
88.04495974239562,B0039,1572,89.63047664118281,88.43772335643699,2
87.99181047908858,B0039,1573,89.6015173704723,89.58325901153184,2
87.95477700071582,B0039,1574,89.55517467413586,87.98989026923978,2
87.80247721988262,B0039,1575,89.4656526401528,88.31315345304671,2
87.85838599974643,B0039,1576,89.38185721714665,88.059587041785,2
87.79455634729987,B0039,1577,89.42295262633209,88.40262857662711,2
87.66709536114958,B0039,1578,89.25066299366,89.16536770940908,2
87.53336922667584,B0039,1579,89.34041638174092,87.27563424709987,2
87.55003332081202,B0039,1580,89.1456044213935,87.56154189487125,2
87.48029426923935,B0039,1581,89.04641393768223,88.72301055150713,2
87.38679586091678,B0039,1582,88.91793301351888,87.33578941074155,2
87.22112734049546,B0039,1583,88.76970230505366,87.45401283383703,2
87.16541830419679,B0039,1584,88.71721996948298,87.4083442549737,2
82.78345866944235,B0039,1585,82.71056065840726,82.81549748849417,2
82.1488347287965,B0039,1586,82.29795652232924,82.13261636858103,2
81.71911364680633,B0039,1587,81.8883202473077,82.12336683884674,2
81.325335310828,B0039,1588,81.47734734179136,81.53255217654714,2
80.94329958679805,B0039,1589,81.20041842734925,81.27522206681299,2
80.57484169604632,B0039,1590,80.77175700166032,80.56866486510927,2
66.20402886730614,B0039,1591,66.32328111488671,62.2789619945136,2
65.76693110848846,B0039,1592,66.59112369459758,63.25723477711213,2
33.67314068547817,B0040,1593,28.415763159140454,19.166689468006158,1
39.56531052880173,B0040,1594,37.1713529510339,27.351178170340194,1
39.329120173008725,B0040,1595,36.42586185981569,25.89719131622454,1
38.97935713030791,B0040,1596,36.320477409076155,26.182854741949203,1
38.14120761562582,B0040,1597,35.479143978685315,24.067069171441773,1
37.025107573032,B0040,1598,34.69052829667251,24.262245567897303,1
38.91985440550328,B0040,1599,34.998739065849804,19.79239200752726,1
38.665827045128026,B0040,1600,36.009960484720594,23.614071528413554,1
37.94787618204749,B0040,1601,35.55648467237228,23.540639769017194,1
37.03699731128196,B0040,1602,35.85217298498579,23.558111967706058,1
37.23109376308574,B0040,1603,35.054526254067845,23.540639769017194,1
35.74937814910368,B0040,1604,33.70125720738929,23.53671305964488,1
85.375722242666,B0040,1605,80.74345270264854,86.04024198740423,1
86.54404297140965,B0040,1606,94.69796317983437,86.2818623590491,1
86.64106422616665,B0040,1607,94.85892621999477,86.2818623590491,1
86.58867161715756,B0040,1608,94.82097116126609,86.2818623590491,1
86.70648196175034,B0040,1609,94.83611254021906,86.2818623590491,1
86.67378464995036,B0040,1610,94.86442390323182,86.2818623590491,1
86.21528589728939,B0040,1611,94.88980425853632,86.5279845943406,1
86.59487930843602,B0040,1612,94.86279098568585,86.39141116532608,1
86.66845604188728,B0040,1613,94.96537655532613,86.2818623590491,1
86.60878250766389,B0040,1614,94.87347110254382,86.2818623590491,1
86.67416388051433,B0040,1615,94.64300854303194,86.2818623590491,1
86.61862478732564,B0040,1616,94.93232398598612,86.2818623590491,1
86.69087648601209,B0040,1617,95.06729251133322,86.2818623590491,1
86.64815393178934,B0040,1618,94.91808798875756,86.2818623590491,1
86.5941954228667,B0040,1619,94.70293002385941,86.2818623590491,1
86.5348002990633,B0040,1620,94.84023279328764,86.2818623590491,1
86.48005800973733,B0040,1621,94.85020170592821,86.39141116532608,1
86.48093690532328,B0040,1622,94.89697905504366,86.39141116532608,1
86.53599308581938,B0040,1623,94.82798393535089,86.42481455214349,1
86.46372780879535,B0040,1624,94.79208446799774,86.2818623590491,1
86.48981106299797,B0040,1625,94.7602049369436,86.2818623590491,1
86.34471034518747,B0040,1626,94.74473308202673,86.42481455214349,1
86.36095844653008,B0040,1627,94.74586090592612,86.42481455214349,1
86.42837490580052,B0040,1628,94.83528631410167,86.2818623590491,1
86.33181908027736,B0040,1629,94.35179055234059,86.2818623590491,1
86.31212070917535,B0040,1630,94.44650883532195,86.2818623590491,1
86.2636296380145,B0040,1631,94.41837505217916,86.39141116532608,1
83.34013438727526,B0040,1632,89.29568712113516,83.84943705083774,1
83.33774268810204,B0040,1633,89.01542266911113,83.84943705083774,1
82.91637224380527,B0040,1634,88.93186375352798,83.36384847910716,1
82.51613177535751,B0040,1635,88.2971101820309,82.24990196901116,1
82.46703170621149,B0040,1636,88.38763144606702,82.24990196901116,1
82.09595275188694,B0040,1637,88.04009203388779,82.24990196901116,1
21.29062255888895,B0040,1638,24.955226894136096,16.470061127911375,1
27.84951321868288,B0040,1639,30.028996134483165,19.149412197007376,1
2.7810121884097,B0041,1640,4.759931150060808,1.258220197623847,3
2.78487363061384,B0041,1641,4.592469701237725,2.6063798583739883,3
2.791950814592695,B0041,1642,4.800861669558628,3.021235504250093,3
2.80740299870265,B0041,1643,5.14151741123905,3.1533583447613545,3
2.82352657995695,B0041,1644,5.785391596988909,3.0559217074561102,3
2.204614592040095,B0041,1645,3.5640406200662156,3.1533583447613545,3
2.83859565407089,B0041,1646,4.836762047518704,3.2959991654784093,3
2.84691882503786,B0041,1647,5.07346842823987,3.2908239889295965,3
2.2200742056561253,B0041,1648,5.6949718941451195,3.0779135369288326,3
2.231717909245805,B0041,1649,3.164943259627883,2.8329500896437367,3
2.23993612182874,B0041,1650,4.811230353666929,3.141195220497114,3
2.335449390392735,B0041,1651,4.396099463301667,2.941489231689056,3
2.24768576654476,B0041,1652,4.969542678284924,2.2601069394563473,3
2.26096645097713,B0041,1653,5.402322250429471,1.3041879112013735,3
2.270111207347485,B0041,1654,4.535161153916661,1.30177550475122,3
2.283950612487085,B0041,1655,5.7079395423569395,1.3041879112013735,3
2.27604012851699,B0041,1656,4.599942823768778,1.30177550475122,3
2.286427073012125,B0041,1657,3.677707852654507,1.31446345268593,3
2.2930256096251,B0041,1658,6.54901311718767,1.3415745835874793,3
2.29917780151375,B0041,1659,6.287857619778606,1.3411540713107015,3
2.3064381483367,B0041,1660,6.652219724727473,1.5564199254665179,3
2.318572727652215,B0041,1661,4.156229776966583,1.4317135905944967,3
2.32119271265716,B0041,1662,3.6373032439822808,1.5394484689300332,3
2.3289734765282297,B0041,1663,4.885625295432135,1.888407439686068,3
2.336300447419825,B0041,1664,6.400188338111633,1.8093918349924496,3
2.343173621622185,B0041,1665,3.7460337189138215,1.664845235472369,3
2.356153524244425,B0041,1666,5.198743585447957,1.888407439686068,3
2.3544842900769,B0041,1667,5.2223049713344025,1.7354910774844539,3
2.3584084953412203,B0041,1668,5.101897373119904,1.888407439686068,3
2.37083116979233,B0041,1669,5.342660063992817,1.888407439686068,3
2.37368290930716,B0041,1670,3.9195769499027477,1.8091869244142602,3
2.3835535844148,B0041,1671,5.030476231443316,1.9109903003119435,3
2.38780743339681,B0041,1672,5.242167236607713,1.9443506009504419,3
2.39168452645261,B0041,1673,4.843412784864583,1.9109903003119435,3
2.396140857946895,B0041,1674,5.38282886702293,1.9109903003119435,3
2.40540124858072,B0041,1675,5.828162214978462,1.6078210476648327,3
2.404391367912935,B0041,1676,1.7055408297964334,2.5954395146709244,3
2.4211309631633053,B0041,1677,3.3588205057520923,2.5954395146709244,3
2.39932476273141,B0041,1678,4.325472362835157,2.6194790238448267,3
2.41108760024756,B0041,1679,0.86599619706125,2.642229141277371,3
2.39386578338267,B0041,1680,5.311324632661162,2.642229141277371,3
2.414516027789705,B0041,1681,4.320745330296575,1.4446666218589779,3
60.78247043180449,B0041,1682,61.35689127942155,62.92599654305649,3
57.38208160473282,B0041,1683,58.26987325291344,57.79005182796579,3
55.97287263649096,B0041,1684,56.004178300077875,57.38521392055825,3
54.20662820925064,B0041,1685,53.58672632478746,56.63716971562466,3
53.03892116446328,B0041,1686,51.71047033706324,53.501243331384515,3
50.85156432813296,B0041,1687,50.12458340633669,51.727360697393785,3
50.00187499904287,B0041,1688,49.324732446745855,50.981406197019076,3
49.5753247393124,B0041,1689,48.718966077757514,50.537729257491506,3
48.27822212685508,B0041,1690,48.17405790943791,50.633063936344115,3
46.91655981219836,B0041,1691,45.881375658741646,51.067498422875495,3
46.494516946201344,B0041,1692,45.76182353511912,48.37843272870841,3
45.36058699724299,B0041,1693,43.529000974722194,48.00391123752419,3
45.88435338468662,B0041,1694,44.36224266892609,45.70949188591529,3
45.78715360981514,B0041,1695,44.2011282447352,45.7326978140558,3
45.55831345025216,B0041,1696,43.9654843531761,45.19128513737556,3
44.84450721786349,B0041,1697,44.04931437265134,45.131291047576404,3
44.31066736400077,B0041,1698,42.75492044125173,45.19450518852219,3
44.65562068093507,B0041,1699,43.63608110772145,45.19128513737556,3
44.0449253545527,B0041,1700,43.51479633786082,45.131291047576404,3
43.9943969101187,B0041,1701,42.298528153927435,38.379323628508075,3
43.411737685577215,B0041,1702,43.046864279550235,38.474658307360684,3
42.21784745197758,B0041,1703,41.49519213339157,38.88588686575156,3
43.28546601574269,B0041,1704,42.01572746017075,38.89753037704781,3
42.4348452009589,B0041,1705,41.76725215138005,38.89753037704781,3
41.82474216823173,B0041,1706,41.38073360041618,38.65067105470431,3
86.43563316877677,B0042,1707,85.09952135222804,87.50146495552579,2
86.57353140926573,B0042,1708,85.39814870037891,86.87419378482029,2
86.41175181573044,B0042,1709,85.00521076512531,86.79245169706836,2
86.01723711458105,B0042,1710,84.68166172217802,86.41408958863406,2
86.10867183853817,B0042,1711,84.53137893721208,86.32297342523805,2
85.43347886659724,B0042,1712,84.38998203359122,86.34554687339448,2
85.18238242959323,B0042,1713,84.94737933822401,85.74127535810584,2
84.79187871788986,B0042,1714,84.59715906746408,85.32660572217719,2
84.74532423338455,B0042,1715,84.4785387868684,84.7988899591535,2
84.37384047176228,B0042,1716,84.09466511108464,84.7988899591535,2
84.29945864589725,B0042,1717,84.00576074220666,84.38596778089831,2
83.91432373887466,B0042,1718,83.69208753007035,84.42217930635736,2
83.69823820450763,B0042,1719,83.53059728417097,83.77209779486704,2
83.61189400618532,B0042,1720,83.14378885611316,83.80830932032609,2
83.79948950245985,B0042,1721,83.32538884664646,84.42217930635736,2
83.09123836423994,B0042,1722,82.89203974352976,83.79279414684474,2
83.03355176283056,B0042,1723,82.6820456493435,83.75658262138569,2
82.65322437253602,B0042,1724,82.47593182376544,83.45620823021521,2
82.4976993135228,B0042,1725,82.03515570165393,82.93032797453716,2
84.0648902722246,B0042,1726,83.57801747011166,84.45096825387422,2
83.50260212240649,B0042,1727,83.1950192292006,83.8008867423839,2
83.35909301773961,B0042,1728,82.8670493631916,83.7669002858973,2
82.84432806637584,B0042,1729,82.368487444616,83.45620823021521,2
82.24909723289969,B0042,1730,81.75452809651122,82.52362672189585,2
81.9607292500007,B0042,1731,81.64583639811349,82.13080116694883,2
82.05299945104028,B0042,1732,81.52987826010528,82.56740348208827,2
82.16348256099239,B0042,1733,81.44882393770128,82.23732519075911,2
81.49336551201148,B0042,1734,80.9994662302608,81.89677895070531,2
81.19268172329403,B0042,1735,80.50839956518465,81.53998650464924,2
80.93154443522087,B0042,1736,80.27101479009191,81.09945807716996,2
80.96709056220598,B0042,1737,80.2120775055322,81.48006167686236,2
80.72966356634966,B0042,1738,80.20696149707197,81.22470349635527,2
80.36020445963923,B0042,1739,79.6575966510798,80.86864221257815,2
80.06331795031178,B0042,1740,79.16377910130916,80.17499245473097,2
79.7020370531552,B0042,1741,78.75991276399088,79.97064879441696,2
79.73444144687238,B0042,1742,78.74838245932726,79.93984020881595,2
79.41050478651299,B0042,1743,78.72221751557558,79.77104429530597,2
79.39927790388491,B0042,1744,78.63998254309595,79.70798713445056,2
78.99582703325171,B0042,1745,78.08940201045701,79.41014837892945,2
78.27973096826418,B0042,1746,77.50867186567488,79.26406276628433,2
3.5350638686700853,B0042,1747,46.80265026542504,24.317919311905428,2
4.208439265069535,B0042,1748,43.316946695537524,24.317919311905428,2
4.22189281073291,B0042,1749,41.8769289438713,20.137112368624745,2
4.239459530295165,B0042,1750,41.367817494448325,16.343526917607846,2
4.66712909172129,B0042,1751,46.669175075756314,25.67934790454638,2
5.30159006569889,B0042,1752,45.0483452306275,25.81619692467444,2
5.3252933103559,B0042,1753,43.54459995205775,23.669068405403543,2
4.719555792756475,B0042,1754,43.308256508215294,23.698763718853773,2
4.725297963693556,B0042,1755,32.83238451984926,14.496613983999458,2
4.10572805410781,B0042,1756,43.85754120151674,24.269468188590217,2
4.7592353159733705,B0042,1757,43.207020498214234,24.339805550081145,2
4.769564999329525,B0042,1758,42.4115367824452,24.057883578022164,2
4.14483228292728,B0042,1759,41.96169277593456,23.599604373329264,2
4.171599518226301,B0042,1760,42.23365748386404,23.93078808945477,2
4.812386078247845,B0042,1761,41.438002116569834,24.001125450945697,2
4.356396248284946,B0042,1762,41.295934806068786,23.373526211511493,2
4.840956091378785,B0042,1763,40.95428657118866,21.243760908711277,2
4.22002744567255,B0042,1764,40.466255203800706,21.132993384663614,2
4.88506085833726,B0042,1765,40.690702656286554,21.343793583652435,2
4.25871323828633,B0042,1766,39.82290629025496,19.316084769167205,2
4.23599677243956,B0042,1767,40.24610517251777,21.09491129565983,2
4.27441848494682,B0042,1768,39.61171435906642,19.35738826114059,2
4.28887496671675,B0042,1769,28.425208915744477,7.925153822618393,2
4.297776627622915,B0042,1770,26.33814833745739,7.988598903411468,2
4.30739848982916,B0042,1771,25.93084262382802,7.925153822618393,2
4.326225404496665,B0042,1772,43.3860313451125,24.202956529953084,2
4.338018214342865,B0042,1773,42.119996663125214,23.580778716609007,2
4.331012694685535,B0042,1774,40.47610678888422,21.18322506921992,2
4.349011974637495,B0042,1775,28.529724295125938,8.009975473257029,2
3.69389355673698,B0042,1776,41.75896839655152,23.58192223121299,2
4.387932851115941,B0042,1777,39.446516879223324,21.18322506921992,2
4.395288150136495,B0042,1778,39.728191759618475,21.178122579490793,2
4.404392441100085,B0042,1779,38.95002100114573,19.427725622631517,2
4.417125134079355,B0042,1780,38.8268951394147,21.095795148291263,2
3.731527666372535,B0042,1781,38.133018778841404,19.316084769167205,2
3.742849332561345,B0042,1782,37.446416247447274,15.815979399442613,2
3.76378682157088,B0042,1783,38.41795101421329,19.18468743444506,2
3.76617593024436,B0042,1784,37.13311619751759,15.754570230534604,2
3.7768826511835942,B0042,1785,31.71957154205019,15.754570230534604,2
3.7921428030641247,B0042,1786,25.5818237356222,7.945025675718371,2
3.79960901744574,B0042,1787,2.7480394425187455,7.576999011429656,2
3.810826304795995,B0042,1788,4.100587751122845,7.5870000435834735,2
3.10846157077626,B0042,1789,3.7316235580049977,7.5780718510005505,2
3.7991113873074647,B0042,1790,2.790853657369226,7.5780718510005505,2
3.11350677447178,B0042,1791,2.4877504209487284,7.576999011429656,2
3.12972330439922,B0042,1792,3.1791349904566033,7.5780718510005505,2
71.88672383039729,B0042,1793,70.99836756087475,71.76565648785059,2
76.23009644622027,B0042,1794,74.84078742137083,76.14048790367072,2
76.07636982769739,B0042,1795,74.14216829914028,76.26008507413086,2
75.77661815587976,B0042,1796,73.67981218510187,75.4516147273386,2
75.22124830767277,B0042,1797,74.62306833929685,74.52999232216139,2
75.00753574749403,B0042,1798,73.54489474263782,74.65187208801665,2
74.4505613660156,B0042,1799,73.92485875332513,73.40486154441044,2
74.05074678781422,B0042,1800,73.43219912961479,73.26277448988866,2
73.8131013874287,B0042,1801,73.5591499571842,73.17375861388024,2
73.31275512719479,B0042,1802,71.61644610744709,73.2956383797355,2
72.9664129690851,B0042,1803,71.45361723472934,73.19807139407088,2
72.28520788771905,B0042,1804,70.93034337176181,72.03065311090498,2
72.00343044694512,B0042,1805,70.44186354204547,71.75996755595081,2
71.45156829773921,B0042,1806,69.94461306203624,71.17240796045387,2
70.7086094075693,B0042,1807,69.47389578080121,70.80856482254806,2
70.7801539564539,B0042,1808,69.76085237825045,70.41022053612669,2
69.97205111650351,B0042,1809,68.73808542500203,69.99921780311426,2
69.79817642897454,B0042,1810,68.79377917440101,69.70880726213554,2
69.64892326315294,B0042,1811,68.65283357133718,69.1402533315983,2
68.70386011900459,B0042,1812,67.30906891073833,68.73969085979554,2
68.76246515001218,B0042,1813,67.82164662202132,68.23445804687852,2
68.35983065427253,B0042,1814,66.56944123795842,67.61494699708395,2
67.8443800391822,B0042,1815,66.20952546719991,67.7230479679333,2
67.24660112984674,B0042,1816,65.64659389209788,67.60882134897288,2
66.8734585229213,B0042,1817,65.05079887604964,67.60882134897288,2
85.68913210634425,B0043,1818,85.05593458352601,85.73760898351415,1
84.77840829323554,B0043,1819,84.06362888379672,85.06756152945925,1
84.07453186025977,B0043,1820,83.5144741172229,84.47638467833417,1
83.93186204766477,B0043,1821,82.84663854219974,84.14458903475052,1
83.47084275432496,B0043,1822,82.8076683172478,84.03722332436358,1
83.05969260612389,B0043,1823,82.72145639272,83.76947851097992,1
82.53211691032166,B0043,1824,82.15778780805182,83.7012729707278,1
82.12136595453892,B0043,1825,81.28938464259762,82.88521844655364,1
81.76832400520664,B0043,1826,80.71516269359074,82.38298663781852,1
81.66164379654245,B0043,1827,80.61733098873151,82.38298663781852,1
81.29420277193967,B0043,1828,80.22315332980143,82.0296570869083,1
80.89880873273854,B0043,1829,79.83683447872208,81.22451337887433,1
80.68326353636994,B0043,1830,79.68447829347588,81.22451337887433,1
80.2910513309846,B0043,1831,79.33992007608782,80.6785886583819,1
80.16763980980765,B0043,1832,78.96182164013652,80.65870324796921,1
79.75671203091322,B0043,1833,78.9467897892263,80.4454003025045,1
79.39067772364254,B0043,1834,78.7598942124177,80.28132396050353,1
79.00300984542122,B0043,1835,78.11549750570914,79.70714742518524,1
78.7782543939564,B0043,1836,77.91196993365307,79.2902208912195,1
79.75084506082104,B0043,1837,78.387302125338,80.4454003025045,1
79.49037761288797,B0043,1838,78.61915850309745,80.14624842640445,1
79.03976601048706,B0043,1839,78.50238548560266,79.70714742518524,1
78.52166644593808,B0043,1840,78.00147105280382,79.03872889038466,1
78.21684215948937,B0043,1841,77.3741205939166,78.28237078203182,1
77.91535089012454,B0043,1842,76.73706326905773,77.68130378396086,1
77.68574644886233,B0043,1843,76.64195597518275,77.8389523802827,1
77.47641252927565,B0043,1844,76.82887605858471,77.81175995037904,1
77.12215267580531,B0043,1845,76.59028368708927,77.30504437633392,1
77.12811351585749,B0043,1846,76.99336761678884,77.32040129074346,1
76.54678226260079,B0043,1847,75.79600678475795,76.19979687184625,1
76.23866588476214,B0043,1848,74.84579037221448,76.05430860623909,1
75.98371204389751,B0043,1849,74.83191901100189,76.09802923471612,1
75.61848462894342,B0043,1850,74.4465150445653,75.50976277601919,1
74.99572431011985,B0043,1851,73.90570967007517,75.26627086875087,1
74.62053135594125,B0043,1852,73.38372877275732,74.59131711023073,1
74.6312493976353,B0043,1853,72.84712574499183,74.11121923662316,1
74.62012009403014,B0043,1854,72.95044791212717,73.94279055937578,1
74.26510100875838,B0043,1855,72.95081660904845,74.15127001067074,1
73.86040635507936,B0043,1856,72.70574194109264,74.0630564603027,1
73.47369262590703,B0043,1857,71.92468555802718,73.87282505802095,1
2.851719552132685,B0043,1858,3.9998075027954485,2.6148368193781892,1
2.85768167447941,B0043,1859,3.3179757747569596,2.7894701637868176,1
2.86468300296883,B0043,1860,3.5007347133776108,2.8533268298747574,1
2.8721015926390248,B0043,1861,3.1171828966899966,2.821806323069915,1
3.35653105386056,B0043,1862,3.739411751149902,1.685481122332479,1
3.3573909601173653,B0043,1863,4.172944507619633,2.0133519121508368,1
3.3660006058451453,B0043,1864,4.296879297198814,1.685481122332479,1
3.392019025806655,B0043,1865,4.291038797480361,2.6148368193781892,1
3.399802463605315,B0043,1866,5.612775036835423,3.492399537833921,1
3.414005573943274,B0043,1867,2.0647978931523454,2.6148368193781892,1
3.422316471562985,B0043,1868,4.409735683358555,2.7622926870811133,1
3.4256809573940403,B0043,1869,4.592202947561624,2.8533268298747574,1
3.44370121780834,B0043,1870,4.2690171622127195,2.710070806740774,1
2.827219466084785,B0043,1871,2.0339326756701297,2.7894701637868176,1
3.45917658209492,B0043,1872,4.718540607971853,2.8533268298747574,1
2.95610432277183,B0043,1873,4.534579747772867,2.710070806740774,1
3.47806004207011,B0043,1874,4.4378793531685545,2.8533268298747574,1
3.508948902188305,B0043,1875,4.351283216159757,2.710070806740774,1
3.5140740919312603,B0043,1876,4.8443997933837295,2.8533268298747574,1
2.893682101439185,B0043,1877,4.601601515252149,2.710070806740774,1
3.5283092771466853,B0043,1878,4.980782443329652,2.8856629891578547,1
2.8994705104479,B0043,1879,2.555384185890503,2.821806323069915,1
3.5646332234003903,B0043,1880,6.118340219867207,3.40263241718705,1
3.57327327883214,B0043,1881,6.010772931316346,3.540734974316275,1
3.5812748689616205,B0043,1882,6.0950351838124845,3.492399537833921,1
3.596298178136005,B0043,1883,2.7965846545869937,2.7058709621718333,1
2.942004755568235,B0043,1884,2.2084843944959545,2.7058709621718333,1
3.60692674005198,B0043,1885,5.075768772184247,2.8856629891578547,1
3.615917855938955,B0043,1886,6.134221456292238,3.492399537833921,1
2.969085313334045,B0043,1887,2.311594019344014,2.821806323069915,1
3.6472442428126346,B0043,1888,4.430072339150982,2.8533268298747574,1
3.65345886703979,B0043,1889,4.453072603787241,2.8533268298747574,1
3.658527064064135,B0043,1890,4.5525399968163,2.8533268298747574,1
3.673715146652445,B0043,1891,4.589611161623168,2.8533268298747574,1
3.005348795915935,B0043,1892,2.754747340045057,2.821806323069915,1
3.691581254977865,B0043,1893,4.719769564334193,2.8533268298747574,1
3.02476076537141,B0043,1894,4.70719505486975,2.8533268298747574,1
3.030200511880905,B0043,1895,4.691613128266084,2.8533268298747574,1
3.036719216117605,B0043,1896,5.186211283735538,2.8533268298747574,1
3.049826524118895,B0043,1897,6.162631068644977,3.492399537833921,1
3.0565229629936552,B0043,1898,5.523911761928069,2.009364040202292,1
3.064562205493795,B0043,1899,8.38905050679218,5.177096335669309,1
3.065164532902045,B0043,1900,5.829445003135831,4.321156533482826,1
3.0575830787045453,B0043,1901,6.535841405070975,4.5777604976830855,1
3.070269359602865,B0043,1902,7.800910449929518,4.545424338399988,1
3.087890382971425,B0043,1903,5.998380468879674,4.321156533482826,1
76.25420258259093,B0043,1904,77.62930480155636,75.54667499017174,1
77.62844056506505,B0043,1905,78.51571335749864,77.17653704435648,1
77.13876313387193,B0043,1906,78.2277269499391,76.92435796215545,1
76.6596641563234,B0043,1907,77.56440939139043,76.16852419503128,1
75.76360974586011,B0043,1908,76.10426545491248,75.16766024089648,1
75.37494880998857,B0043,1909,76.60062140534482,74.80001596075702,1
74.48144454323821,B0043,1910,75.46355496189223,73.68458284563992,1
73.90389426044041,B0043,1911,75.4036404758397,73.43705924185811,1
73.50017672667232,B0043,1912,74.71593090244956,73.37173322739537,1
72.82811590068538,B0043,1913,74.11247852475427,71.92049852668984,1
72.29884814151175,B0043,1914,73.74632459485832,71.59517932156703,1
71.62927996234626,B0043,1915,71.26755252931582,71.12811457292484,1
70.98672427331482,B0043,1916,72.36894619630182,70.66321520849452,1
70.06312875357865,B0043,1917,71.41937231578444,69.84908026246475,1
69.31472654267984,B0043,1918,70.97427316457306,69.20752916136952,1
69.2065128026239,B0043,1919,70.25239870589739,69.31970508464352,1
68.25871600935707,B0043,1920,70.10835960735702,68.65876013077524,1
68.0754166096449,B0043,1921,69.30507154915412,68.25700792654517,1
67.55008319398586,B0043,1922,68.78145036132052,67.09744660123967,1
66.41294033632565,B0043,1923,67.78401991865532,65.84164618344522,1
66.28603343710736,B0043,1924,67.18774603355423,65.84164618344522,1
65.7145485798922,B0043,1925,67.42547773202293,65.79757171514275,1
65.01630047405546,B0043,1926,66.57889078124732,65.4966530068697,1
64.40535700778418,B0043,1927,65.86306851901419,64.8888203304173,1
63.83900750600783,B0043,1928,65.35165329980546,64.59912240397686,1
84.32627775760369,B0044,1929,81.18115754588162,83.44426248987,0
83.12303265819592,B0044,1930,80.79662042046506,82.4290513210412,0
82.67005377850256,B0044,1931,80.45001445657593,81.26177747173976,0
82.26072951745468,B0044,1932,79.72886575670316,80.98186759381699,0
81.78320311836706,B0044,1933,78.12972737099352,81.0123583500134,0
81.33884882573233,B0044,1934,78.56599963239546,80.79730957501354,0
80.79857752371532,B0044,1935,77.93323275996033,80.2806040551302,0
80.38014193324811,B0044,1936,77.62254817112752,80.04053945997315,0
80.01680200715806,B0044,1937,76.82493047094881,79.39542727353866,0
79.89350457495958,B0044,1938,77.24933661589495,79.45639412584264,0
79.50155132581757,B0044,1939,77.04571893909299,79.4452923614977,0
79.08155577826047,B0044,1940,76.56549809766578,78.24434598407794,0
78.5727815551735,B0044,1941,76.07894550917385,77.74851863690172,0
78.1610399284989,B0044,1942,75.71898446199985,77.22874788323527,0
78.03387694122793,B0044,1943,75.49952947153338,77.22874788323527,0
77.61943005657143,B0044,1944,75.27165746280895,76.8642152348363,0
77.22296438280985,B0044,1945,74.85043104325239,76.43528068685207,0
76.82790670903275,B0044,1946,74.48595121674629,76.40733931010608,0
76.53627933970536,B0044,1947,73.87400834783216,76.43453716072597,0
77.2621404121164,B0044,1948,74.391767093272,76.8533128530318,0
76.98572245908126,B0044,1949,73.88320870236038,76.4378300663025,0
76.52678538886882,B0044,1950,73.49447205240713,76.4378300663025,0
75.99867612048541,B0044,1951,72.68494057705709,75.9053339129585,0
75.68314763422102,B0044,1952,72.49040811251395,74.94691754834224,0
75.06435003496476,B0044,1953,71.77615778119757,74.43713330055763,0
75.11907367455836,B0044,1954,71.65112816225184,74.28470883975326,0
74.9047757713875,B0044,1955,71.55456991777056,74.28470883975326,0
74.53271195688555,B0044,1956,71.1423239830215,74.19579302512219,0
74.21985819718105,B0044,1957,70.81129017076638,73.17553628546322,0
73.62660968115057,B0044,1958,70.2343993700348,72.63516671188685,0
73.31574691056603,B0044,1959,70.38163782776235,72.53681768684541,0
73.35649234438888,B0044,1960,70.48067706431296,72.44536007834502,0
72.96929498816569,B0044,1961,69.7916204603844,72.0744688373788,0
72.33950684252603,B0044,1962,69.52594805397146,71.59550679422912,0
71.95334929819114,B0044,1963,68.96251542484015,71.26260392895925,0
71.94946275231301,B0044,1964,68.69846040203566,70.59902956072932,0
71.93099389789288,B0044,1965,68.49925317140838,71.09387702233894,0
71.56706048326753,B0044,1966,68.35506613336639,70.63712485097933,0
71.1486518831734,B0044,1967,68.07272259734796,70.56349657559872,0
70.75076549872547,B0044,1968,67.62677373511345,70.23687657877261,0
2.86086355311109,B0044,1969,4.208130481045188,7.0737866191184855,0
2.86793735126992,B0044,1970,2.671550290779706,8.851341930282343,0
2.874843772722615,B0044,1971,2.6299666441755676,8.851341930282343,0
2.88154440494426,B0044,1972,2.8411691087509325,3.559377966256191,0
2.7558456669893547,B0044,1973,3.39083351549516,7.162401427558158,0
3.3703776328740047,B0044,1974,3.2717639173798787,6.875834789291686,0
3.378382651585695,B0044,1975,3.896819534421496,8.65339010045555,0
2.78186552245782,B0044,1976,3.2187814665271333,9.435953874273762,0
3.4112166380534097,B0044,1977,5.874683764761926,8.645958235572042,0
2.8026226715757203,B0044,1978,0.936256206944762,9.030537229929804,0
3.434110065052525,B0044,1979,3.5573440155000213,9.040165442670135,0
3.43737767667326,B0044,1980,3.708708261108825,9.040165442670135,0
2.82571994567374,B0044,1981,4.414689458961476,9.09247029958068,0
2.83665359269368,B0044,1982,0.9423632656754108,8.851341930282343,0
3.470668781800875,B0044,1983,3.8830572227224565,8.890402553399017,0
2.965883222332475,B0044,1984,4.103134028758873,9.030496501601794,0
3.490853626811365,B0044,1985,4.156813547566728,8.890402553399017,0
2.873217544847035,B0044,1986,4.056370135652685,9.31063649127389,0
3.526887191996845,B0044,1987,4.21705059413938,8.890402553399017,0
2.902733026172245,B0044,1988,4.520678019393571,9.092429571252671,0
3.54199600764553,B0044,1989,4.3736102651817035,8.890402553399017,0
2.90859180652629,B0044,1990,1.6765349326723253,8.851341930282343,0
2.91525785639914,B0044,1991,5.911991190065137,9.19817350060291,0
2.92279633468388,B0044,1992,5.218068379945848,9.19817350060291,0
2.93149305531935,B0044,1993,5.331714799175103,9.576753723626833,0
2.9450166091916903,B0044,1994,1.5911888000606638,9.124826250213221,0
2.9532338510055203,B0044,1995,1.3311130785927645,8.851341930282343,0
3.620289991422035,B0044,1996,4.317525752277646,8.890402553399017,0
3.627816423445825,B0044,1997,6.3645568525009395,3.214700893045054,0
2.9796114944547947,B0044,1998,1.5178668538685969,8.851341930282343,0
3.66085451138429,B0044,1999,4.442798341527677,2.8568443160059296,0
2.992050424993485,B0044,2000,3.1895858549645766,9.435953874273762,0
3.672173528485785,B0044,2001,4.678244111407295,2.9693951877940514,0
3.6868698029616302,B0044,2002,4.462450825370283,2.852783813107073,0
3.016156244863715,B0044,2003,1.482870785184872,9.040165442670135,0
3.70480598911717,B0044,2004,4.566391390095788,2.852783813107073,0
3.035857526647745,B0044,2005,3.5475471434810544,9.592421436029014,0
3.04142211469898,B0044,2006,3.785589968698204,9.592380707701004,0
3.04644222239911,B0044,2007,4.064433504349211,9.499419275333672,0
3.06101936828101,B0044,2008,5.389016984979207,9.24896295648035,0
3.0668387913458,B0044,2009,5.94943684007626,8.304192512680928,0
3.075109799665435,B0044,2010,8.54619665112341,8.530418219881856,0
3.0771822811451357,B0044,2011,6.4860873937147545,8.228019856747856,0
3.068414149095376,B0044,2012,6.224079228462841,8.351263648562405,0
3.081675444436995,B0044,2013,6.580122035861805,2.9746914143587997,0
3.0990515437974357,B0044,2014,6.643712425061381,8.228019856747856,0
73.89977255585538,B0044,2015,74.25135037037217,72.34220780804851,0
74.70599357238396,B0044,2016,75.44647816304932,73.90283412128385,0
74.40039100565865,B0044,2017,75.02954705048441,72.84408776463007,0
73.74169296358554,B0044,2018,74.18795517077535,72.34220780804851,0
73.02189022392783,B0044,2019,73.17996455543675,71.78150993354046,0
72.61904207883595,B0044,2020,73.03149354857783,71.36133117583495,0
72.0551444182493,B0044,2021,72.48331508272287,70.2527083386406,0
71.50177989205343,B0044,2022,72.76668348785147,70.24216354260348,0
70.69716483599515,B0044,2023,72.88219668258357,69.94391767493427,0
69.86333748725157,B0044,2024,70.38588301958006,69.16787907254539,0
69.32687938412937,B0044,2025,70.55572378814949,68.92465261817162,0
68.62376842862349,B0044,2026,67.42785842563477,68.66473198355635,0
67.99296974406406,B0044,2027,68.69996839536749,67.50860633871154,0
67.43366705196132,B0044,2028,68.14568049262984,67.50860633871154,0
66.67129466602529,B0044,2029,67.79189841195848,66.31650442551472,0
66.93896540537914,B0044,2030,68.01042852764847,66.99689983401035,0
65.76660201508498,B0044,2031,66.80352588559965,65.62248880083955,0
66.14816640550404,B0044,2032,66.89348459045816,65.6534036193163,0
65.43495762077536,B0044,2033,66.71110215544833,65.04502438582702,0
64.48749791950218,B0044,2034,65.0381467118395,64.92166662604765,0
64.53086295452081,B0044,2035,65.20786627322347,64.77982020019417,0
63.76005626721083,B0044,2036,64.22236174486173,64.01741708200608,0
63.4303632868729,B0044,2037,64.04866714016393,64.01741708200608,0
62.82879986612989,B0044,2038,63.33249991279193,64.01741708200608,0
62.43127254660435,B0044,2039,62.825601633524414,62.1354198025484,0
54.09896940389759,B0045,2040,54.37957916835041,54.256679578275154,2
46.39762023741365,B0045,2041,47.22325155005822,48.31953095238193,2
44.2596804205788,B0045,2042,45.258332104557354,46.01803582931123,2
42.90505349739141,B0045,2043,43.56318332387602,43.27534959600306,2
42.04676106728344,B0045,2044,42.39108388394385,41.6349316317661,2
41.227359714509554,B0045,2045,41.41993928365472,40.408808130610765,2
39.67980209401992,B0045,2046,40.0529225821244,40.42123322213684,2
40.91838043579602,B0045,2047,41.02062078556614,40.27763606808316,2
39.88822138204706,B0045,2048,40.27228973395706,40.62670634571338,2
39.968887059158185,B0045,2049,39.72686744771613,40.733877379401655,2
38.91553720314446,B0045,2050,39.19904972843585,40.83409217118371,2
39.01869115619559,B0045,2051,38.742251118314506,38.394444114912794,2
38.565291228201474,B0045,2052,38.64777809669741,40.46482704286456,2
39.7639508489513,B0045,2053,40.48722378533831,40.61336205950217,2
39.12064084959624,B0045,2054,39.27804481308968,40.83409217118371,2
38.24707496115591,B0045,2055,38.55706008837507,38.48206985733826,2
37.72449713389688,B0045,2056,37.86913506228689,38.532885102117596,2
37.52024489157147,B0045,2057,37.394620496866686,38.48206985733826,2
37.03629054810128,B0045,2058,36.59042528726205,38.26133974565672,2
36.54262796896813,B0045,2059,36.73419033072509,38.750056845457365,2
36.43627925588952,B0045,2060,36.13576932855594,38.7111539360928,2
35.80511688518131,B0045,2061,35.83433651308073,38.70222574350987,2
35.64602417494008,B0045,2062,35.41175427860531,38.430680387048994,2
35.70995914749809,B0045,2063,35.73282462716273,38.70222574350987,2
35.95285409922111,B0045,2064,35.5831943221736,38.601113043659176,2
35.869877143879584,B0045,2065,35.197951170095955,38.601113043659176,2
35.35513748231973,B0045,2066,35.24061537284459,38.54136960629691,2
35.1765603252771,B0045,2067,34.486890841403834,38.380382931977636,2
34.70554139479431,B0045,2068,34.97123778753337,38.59218485107625,2
34.57057194434804,B0045,2069,34.49236837575154,38.59218485107625,2
34.85775899252752,B0045,2070,34.55045656644308,38.601113043659176,2
34.16230108716361,B0045,2071,33.985478119982346,38.539663491420214,2
34.11014658746646,B0045,2072,34.063418830170455,38.068151150022715,2
36.447646066066895,B0045,2073,36.25321683602311,38.49042382441126,2
35.69660879143502,B0045,2074,35.597804589856096,38.45866559150014,2
34.78865873727741,B0045,2075,34.98078633254717,38.57522174809455,2
35.09156481158547,B0045,2076,34.4703137503297,38.601113043659176,2
34.55904122189244,B0045,2077,34.14358784055861,38.34862469906652,2
34.21639876427514,B0045,2078,33.36521280720994,38.5063571855965,2
33.706974544062426,B0045,2079,33.83421378794526,38.33969650648359,2
33.350350871508695,B0045,2080,32.60416590928878,36.91868474603402,2
34.020425586874275,B0045,2081,33.192326507543555,38.682600848020776,2
33.08932031617742,B0045,2082,32.67699802532775,38.41485551532312,2
33.11584366746169,B0045,2083,32.962231418449164,38.12789458738498,2
33.39679178590889,B0045,2084,33.29536024328192,38.682600848020776,2
32.44495442635344,B0045,2085,32.23017150613125,38.29780945428718,2
32.51819564812764,B0045,2086,31.92278630888871,36.79903949773077,2
32.860388451014,B0045,2087,32.09561680427437,36.82845981634124,2
31.81758729238108,B0045,2088,32.245692514180945,36.63962039148084,2
32.68224680474294,B0045,2089,32.40923242128512,36.682675089314166,2
31.95714136075444,B0045,2090,31.91708330732576,36.87318722023761,2
32.41103024748118,B0045,2091,32.260885278658066,37.17579598106559,2
31.439787359613646,B0045,2092,31.347808210245958,36.64018116595492,2
31.902859250967,B0045,2093,31.896253046199625,36.5402221478225,2
32.77412523916453,B0045,2094,33.32888282485303,38.184185924725966,2
32.424674176985164,B0045,2095,33.01514671923644,38.41340348319137,2
32.27035843922461,B0045,2096,32.23032646239035,38.40067547663876,2
32.135040159228225,B0045,2097,32.03617539162961,36.86035050316238,2
31.762274404012388,B0045,2098,31.550611915491316,36.76770509264629,2
30.783800097939345,B0045,2099,30.376645551288014,36.72604854932625,2
30.854168414035115,B0045,2100,30.635446059810704,36.71321183225102,2
32.17113695429336,B0045,2101,31.633537108703315,36.999161473856475,2
31.39062216871376,B0045,2102,31.11249276571776,36.86425902765468,2
31.450391576266863,B0045,2103,30.84296828286201,37.0138115683017,2
31.331777841461307,B0045,2104,31.627968799057214,38.266705558079074,2
32.479067583582975,B0045,2105,32.28080959912701,38.31908837092776,2
31.687425889831527,B0045,2106,31.644690406120958,36.93785046842486,2
31.49275464542822,B0045,2107,31.104934361020234,36.94677866100779,2
30.91531889193368,B0045,2108,30.763591901003053,36.94677866100779,2
30.34738084253889,B0045,2109,30.51901656330655,37.00488337571877,2
86.41196161799124,B0046,2110,83.5289747731245,90.8941097301646,4
75.80744233961572,B0046,2111,73.3951637400967,76.56599402005928,4
75.15605953519885,B0046,2112,73.47465599033386,76.13313950699487,4
74.29328305141199,B0046,2113,71.56771829594449,75.48760247411067,4
73.47281158196358,B0046,2114,70.76154926090156,74.0100202975034,4
72.94777296322404,B0046,2115,70.54029078969806,73.44581683900537,4
72.78426777549149,B0046,2116,70.01006080011516,72.24551295311137,4
72.81161311901604,B0046,2117,69.77218777047914,73.4464133242777,4
72.20296118337569,B0046,2118,69.2148180980938,72.19165818795456,4
71.4147132382934,B0046,2119,68.26176539909599,71.532475618007,4
70.99924474017334,B0046,2120,67.7939125444851,71.51992438741615,4
70.21613009258284,B0046,2121,67.03695446911489,71.20216787397928,4
71.17175650807994,B0046,2122,68.36150827338832,71.24414994796763,4
71.69974428983647,B0046,2123,68.5560372632326,71.76234884455879,4
70.92588523878285,B0046,2124,67.67348721013195,71.59687488616926,4
70.28156668914711,B0046,2125,66.8600768628212,71.10683954579666,4
69.45107012577809,B0046,2126,66.54697123388397,70.20778888031087,4
68.61669541368683,B0046,2127,65.30904094021874,69.36438760959904,4
68.07889452995282,B0046,2128,64.86740410344758,68.94973613047885,4
70.50141008118715,B0046,2129,66.7913478171821,71.45445898867455,4
66.97835687463244,B0046,2130,63.79392841703056,68.39380466405677,4
66.4575774355874,B0046,2131,63.32079623644629,68.14715719608266,4
65.90843516952859,B0046,2132,62.639556421055715,67.8999456097958,4
65.62118542330505,B0046,2133,62.34700103856945,67.8999456097958,4
64.96618766081244,B0046,2134,61.5766275470198,66.496102288921,4
64.38741521087296,B0046,2135,61.0745510331452,66.36513097071779,4
64.32641369874561,B0046,2136,60.58555377400243,66.04890252139995,4
63.59818193493592,B0046,2137,60.30625454369992,65.88046758103457,4
63.57247672708596,B0046,2138,60.37790392249396,65.68080685241738,4
63.07711942329537,B0046,2139,59.49789070028305,65.01456886113327,4
62.10600809602066,B0046,2140,58.69149162911029,64.27846672909102,4
62.01268720834898,B0046,2141,58.041473720222186,63.78869615665097,4
64.25565006121442,B0046,2142,60.923222143958704,65.8339558758333,4
65.21663920849596,B0046,2143,62.79550676194471,66.65032604418114,4
63.89319520809978,B0046,2144,61.044477417734534,65.80425173735392,4
63.6173229582577,B0046,2145,60.18573847642867,65.43565464888434,4
62.38941976384381,B0046,2146,59.21646453610019,65.01507028062028,4
61.76249598327763,B0046,2147,58.405220592220445,64.27846672909102,4
61.462564592597445,B0046,2148,58.253481707125744,63.692917944659214,4
61.1945455250817,B0046,2149,58.08283317076059,63.13245969458552,4
60.27116617856865,B0046,2150,55.94353125465016,62.67897746069257,4
59.78912045004076,B0046,2151,55.59502188495453,62.67897746069257,4
59.50364748349229,B0046,2152,54.84734320883011,61.32298961806857,4
58.9600881616826,B0046,2153,56.123277312934896,60.03421435058105,4
58.4752016257277,B0046,2154,54.65075057508042,59.10263691347616,4
58.386188424959,B0046,2155,54.46324299317833,59.14385378946511,4
57.89628072914521,B0046,2156,53.53234963176941,59.10263691347616,4
57.499064066884905,B0046,2157,53.098877150895724,58.474223546395265,4
57.5142951111517,B0046,2158,54.835719303170926,58.39336820396484,4
56.74726137042624,B0046,2159,53.67651087858119,57.97530776607851,4
56.90480481756804,B0046,2160,53.89740589395763,57.32983358060927,4
56.18555860752736,B0046,2161,52.26228594873713,57.016348767915595,4
60.7059605677049,B0046,2162,56.61055024739464,63.288357195480245,4
60.59723987614096,B0046,2163,57.65988479305328,63.13245969458552,4
59.85624339665962,B0046,2164,57.194055792007596,61.32349103755556,4
59.11446075935493,B0046,2165,55.887392351973396,60.03421435058105,4
58.22668338389197,B0046,2166,54.60957344238733,58.8862886317638,4
57.67779783759324,B0046,2167,53.898247034879205,59.10263691347616,4
58.00993550641032,B0046,2168,55.57060629908028,58.953243584147664,4
58.55858154103041,B0046,2169,55.297488564281764,59.972625672292395,4
57.817051353916085,B0046,2170,53.99062283567456,58.8862886317638,4
57.0541228096758,B0046,2171,53.4053415307705,58.4549568822535,4
56.76191798059062,B0046,2172,52.98233239055621,57.772005512559325,4
62.654239291414015,B0046,2173,60.295244522285266,64.79914389061763,4
60.25226795178259,B0046,2174,58.21967026026919,62.92884436337617,4
59.559930098136505,B0046,2175,56.24719208353487,61.32349103755556,4
58.731908687269,B0046,2176,55.964993248135194,59.82637702672515,4
57.77716024117756,B0046,2177,54.50573922536473,59.103138332963155,4
57.69020585114733,B0046,2178,54.291712726764445,58.46850432993367,4
83.71523723487604,B0047,2179,83.56639739888685,85.1911398173583,2
76.21831052549513,B0047,2180,75.69340484142172,75.52616322741433,2
75.40381484986712,B0047,2181,74.67455528352052,75.03969817706574,2
74.17788980033848,B0047,2182,73.83707986402884,73.617901908855,2
73.35695833073262,B0047,2183,72.70101195963566,73.06846742022734,2
72.44290784911335,B0047,2184,72.04814375711892,71.9550747488866,2
72.29267090474663,B0047,2185,71.77907177459906,71.32568659256383,2
71.55591330891416,B0047,2186,70.85623926725326,71.41876951788161,2
70.96372758289266,B0047,2187,70.52626511167983,70.63318452898106,2
69.99987110904135,B0047,2188,69.12741566697152,69.38461015818585,2
69.42578343057218,B0047,2189,68.99008176087685,69.11700101476605,2
68.26117334764483,B0047,2190,67.5954230249053,68.22628285057961,2
70.30221136485481,B0047,2191,69.85489668188599,69.66503257638708,2
70.2877080676289,B0047,2192,70.05426633425884,69.78462974684722,2
69.33831440863939,B0047,2193,69.14028754297267,69.11700101476605,2
68.52526530710112,B0047,2194,68.09284088832675,68.22628285057961,2
67.48715557411799,B0047,2195,67.16100625282337,67.86755020337965,2
66.25766683969893,B0047,2196,66.17284158474895,66.77797470896884,2
65.55971934817903,B0047,2197,65.09619352976544,66.18514341947012,2
66.97117202966446,B0047,2198,66.68657089514907,66.48205773351599,2
64.24578571280361,B0047,2199,64.1513139187458,64.46243212252891,2
64.08595796639035,B0047,2200,63.726783807892105,64.2146804035408,2
63.000258214714144,B0047,2201,62.88671843087709,63.70635814852891,2
63.30351929965629,B0047,2202,62.83037030388089,63.65540319097908,2
62.067951471404015,B0047,2203,61.614759081312506,63.247231080365594,2
61.49436851742656,B0047,2204,60.9064814381875,63.247231080365594,2
61.404430725334805,B0047,2205,61.27942245964731,62.97083849227572,2
60.69928594535021,B0047,2206,60.08087048743231,61.79580091153741,2
60.86717532282094,B0047,2207,60.499756254941396,61.445451658563854,2
60.36722972257959,B0047,2208,59.80389041526074,60.82364000749659,2
59.4020246135225,B0047,2209,58.96469188820099,59.794521793282776,2
59.3152374943271,B0047,2210,58.6532710007977,59.76515289102129,2
63.06967735514253,B0047,2211,62.477951844763325,63.57610597158746,2
63.241230794253255,B0047,2212,62.9148047848504,63.830467441816516,2
62.332472744911,B0047,2213,61.952453175771,63.40409169359702,2
61.66962076397541,B0047,2214,61.06867393919446,62.97083849227572,2
60.64625036018846,B0047,2215,59.86990434190632,61.47482056082534,2
59.99553298971824,B0047,2216,59.49398144247409,60.82364000749659,2
59.51279519196692,B0047,2217,58.57922751254503,59.84547675083261,2
59.46281897727926,B0047,2218,58.77932095649821,58.08422173857599,2
58.35348425629695,B0047,2219,57.638181759304885,57.4519181217948,2
58.07674201545184,B0047,2220,57.36591639794543,59.13284927424008,2
57.77781922174994,B0047,2221,56.682123702075046,57.30649273545052,2
57.442623330488566,B0047,2222,56.86845541347179,58.94832292094185,2
57.17864933943895,B0047,2223,56.806675318463846,58.49694997302433,2
57.09007689714268,B0047,2224,55.969132644156886,57.25744549080838,2
56.802932375112746,B0047,2225,55.49665898019197,57.066292613762705,2
56.18182340484643,B0047,2226,55.41907316656423,55.78358135178273,2
56.60249450164472,B0047,2227,55.70624274724143,55.81876719088121,2
55.85050881079076,B0047,2228,55.1951074503203,57.17932241626406,2
56.0021519860991,B0047,2229,54.965825024673215,55.80428270308212,2
55.298867229585326,B0047,2230,54.82335475025045,55.56383055092945,2
59.53951187381008,B0047,2231,59.20065175039191,59.822791336474324,2
60.06193544227011,B0047,2232,59.23239316209785,59.936785440817516,2
59.53454774512401,B0047,2233,58.818670174354125,58.08422173857599,2
58.82187865154172,B0047,2234,57.86989998994653,59.13284927424008,2
58.14055186396176,B0047,2235,57.136673638029336,57.43114043538346,2
57.58076420291292,B0047,2236,56.766428005476314,57.28571504903918,2
57.91836749174312,B0047,2237,57.018515512905765,59.16255191897311,2
58.46142644193103,B0047,2238,57.39776228166271,59.183804231789914,2
57.94074238109233,B0047,2239,56.70581858548401,57.43114043538346,2
57.19794073852727,B0047,2240,56.09572761953766,57.184802086019396,2
56.91970534079699,B0047,2241,55.513487110101735,57.04820638686219,2
61.065514251978335,B0047,2242,61.05365066404141,61.40617834791504,2
60.15531489444531,B0047,2243,59.48720504943151,60.903963867307915,2
59.48573556098842,B0047,2244,58.738344324987935,58.08422173857599,2
58.8711284421007,B0047,2245,57.869865480586455,57.547936994531696,2
57.9221513646909,B0047,2246,56.955523069336124,57.43114043538346,2
57.83543758420898,B0047,2247,56.912103415950014,57.34993177741262,2
82.89977896838803,B0048,2248,82.24051846731024,84.06855156902601,3
75.38466738049388,B0048,2249,75.2027701369765,74.39211480422509,3
74.94611671804016,B0048,2250,75.56295948014339,74.07031119287718,3
73.91459751248894,B0048,2251,73.31393483186599,72.77957515878147,3
73.09284456953054,B0048,2252,72.35594509903119,72.34496359314207,3
72.54796353236738,B0048,2253,72.29311549929959,72.10779088070699,3
72.5873498573554,B0048,2254,71.8113656171137,71.7166220229394,3
72.2196433143738,B0048,2255,71.17174075104481,71.28638512627052,3
71.63691619826879,B0048,2256,70.78611150765708,71.01095928269275,3
70.8620600719331,B0048,2257,69.69342011046405,70.16359351181458,3
70.28779972286726,B0048,2258,69.30009322102863,70.14796289318787,3
69.51353134948532,B0048,2259,68.34721739452898,69.26046693127141,3
70.98329653940164,B0048,2260,70.32863226553239,70.07214261353444,3
70.95281992616135,B0048,2261,69.73888767931376,70.26870751539175,3
70.2136178352028,B0048,2262,68.98450511433445,70.02279151023365,3
69.5807024547917,B0048,2263,68.23817209162212,69.19396407322529,3
68.74809175147367,B0048,2264,67.83156253855601,68.33724528894244,3
67.72577856535582,B0048,2265,66.5251891921779,67.47717663328413,3
67.20111536657993,B0048,2266,66.10566403595907,67.40659537898378,3
68.61922379302861,B0048,2267,67.21654206061024,68.24114473882045,3
65.92052876337206,B0048,2268,65.03145207538913,66.4828686387023,3
65.56363799789303,B0048,2269,64.73325942504654,66.09068906162473,3
64.85086209500594,B0048,2270,63.80530424508025,65.86327615741561,3
64.97609763315859,B0048,2271,64.06589206572261,65.91822679308925,3
64.13077033364786,B0048,2272,62.95560343189525,65.49670275267458,3
63.764450762035,B0048,2273,62.60069555355461,64.79242141895217,3
63.67786236632036,B0048,2274,62.606030104852316,64.79242141895217,3
62.970571669692674,B0048,2275,61.84374266639647,64.586302530257,3
63.15816292747938,B0048,2276,62.85572697550438,64.79242141895217,3
62.458586550681815,B0048,2277,61.522557076413534,62.95840859701265,3
61.69921739176535,B0048,2278,60.60369923456144,61.89845032313824,3
62.0015996014434,B0048,2279,60.65862316915907,61.88281970451152,3
65.1854285990355,B0048,2280,64.56439693278509,65.79505327585757,3
65.75279817352691,B0048,2281,65.7896700412404,66.13281920899693,3
64.44369150491038,B0048,2282,63.93229850154107,65.53883290004678,3
64.38568797942597,B0048,2283,63.499460207146605,65.5479690064171,3
63.366899926577325,B0048,2284,62.08994812107477,64.8501821849511,3
62.529717284865306,B0048,2285,61.56745517968341,63.01616936301158,3
62.43565589697939,B0048,2286,61.07800140359952,63.01616936301158,3
62.40011630414665,B0048,2287,61.77987251044036,63.062168044909434,3
61.50447622299793,B0048,2288,59.37795399660312,61.644645646887156,3
61.22098560750469,B0048,2289,58.78990523872905,61.56872050738006,3
60.93341422558193,B0048,2290,58.48839672540932,61.5934872323771,3
60.18932618016808,B0048,2291,59.528225773530565,61.56872050738006,3
59.73821150416113,B0048,2292,58.035518827916825,61.42249477332173,3
60.26045946935747,B0048,2293,58.761668606391545,61.5934872323771,3
59.77873296814232,B0048,2294,57.49871966554928,61.43163087969205,3
59.44248551074942,B0048,2295,57.16811687489063,60.98048067370009,3
59.57802625403703,B0048,2296,59.2769219298094,60.90485627465547,3
58.63293576554828,B0048,2297,57.76173562455544,60.86169646020348,3
59.20566936247078,B0048,2298,58.85489173336843,60.96300085382531,3
57.88412561158884,B0048,2299,56.669181861186864,60.8708325665738,3
62.96779255842991,B0048,2300,60.908324940414346,64.6692479017205,3
63.2941687639013,B0048,2301,63.06110826099888,64.85931829132142,3
62.3629933659206,B0048,2302,62.66839283653092,63.041581859843085,3
61.64043736281089,B0048,2303,60.92603727641885,61.94971657688077,3
61.59796391520952,B0048,2304,59.73142844573307,61.63815113463075,3
61.0392893131389,B0048,2305,59.155808423830614,61.57785661375038,3
61.37720651633392,B0048,2306,61.0777440047404,61.50158644287129,3
61.933942071451774,B0048,2307,60.627083243713294,61.94971657688077,3
61.41788877703529,B0048,2308,59.48421506208697,61.653781753257476,3
60.47740753785226,B0048,2309,58.843967327121156,61.5934872323771,3
60.41071035340524,B0048,2310,58.475290708629664,61.5934872323771,3
64.99367271416074,B0048,2311,65.09712922071543,66.00140005591967,3
63.45610325871889,B0048,2312,63.727620930689675,64.87494890994813,3
62.775723173453926,B0048,2313,61.731403341494655,64.87494890994813,3
62.599384634488274,B0048,2314,61.908834005463426,63.009674850755175,3
61.87491001509999,B0048,2315,60.11891469839984,61.94971657688077,3
61.156369849394935,B0048,2316,60.23689186357595,61.5934872323771,3
42.91863607583568,B0049,2317,42.135351668517316,39.11103892708716,0
71.04528574708688,B0049,2318,75.37408195018931,76.50627473687196,0
68.64260666946315,B0049,2319,72.46738121544062,76.88215970433185,0
68.21871243714573,B0049,2320,72.83983304416392,69.3388890835394,0
118.9321865284378,B0049,2321,110.03774766568804,104.56668642932779,0
53.02678982835608,B0049,2322,53.6405981815689,55.59391872095162,0
50.34966188329748,B0049,2323,54.49090783039243,49.53830717333123,0
46.49387667179768,B0049,2324,54.04803612868033,46.21207675649783,0
46.16188514741904,B0049,2325,50.85505441819593,46.06047044020207,0
45.26639560586858,B0049,2326,50.79348066695309,45.82846580627473,0
42.97924180319936,B0049,2327,36.91871511387356,40.00026259509233,0
41.84807147410353,B0049,2328,48.07238072075871,42.94730727264473,0
42.28412093826567,B0049,2329,45.369711436332835,41.183012969861196,0
40.35607003788769,B0049,2330,32.63985140710702,38.6634040724593,0
39.10372180373367,B0049,2331,31.371685346548468,36.243864944966454,0
39.765097220666746,B0049,2332,33.59442121991609,36.93781155425686,0
38.76025577359998,B0049,2333,30.589671945959395,38.15845848182649,0
38.55932951922579,B0049,2334,41.28082857970227,38.56716664703009,0
37.92549457258973,B0049,2335,32.327818719593495,36.77335855654817,0
36.746932452495045,B0049,2336,28.985910238025056,35.9868147348816,0
36.83379016845378,B0049,2337,30.931088036201466,35.55236379576285,0
35.46973299601819,B0049,2338,27.521530088091197,35.64229303862364,0
35.932325046101546,B0049,2339,28.1436258410603,34.809138704184406,0
34.569426155233195,B0049,2340,26.304031673305005,34.38404806854732,0
43.1572426387917,B0050,2341,42.437137261265654,41.73053391110086,2
82.4394803888246,B0050,2342,79.08108367229096,85.97706779453357,2
80.0818242698902,B0050,2343,77.01094068273211,85.20669571540961,2
77.58782398713508,B0050,2344,74.53201828087414,82.4507580476951,2
1.627920855417095,B0050,2345,0.0,27.157165859824325,2
132.00745578693503,B0050,2346,130.49561886556995,105.27232428509994,2
67.9513829445816,B0050,2347,65.6047962689898,66.84112086488679,2
68.71086346119128,B0050,2348,66.52488809215662,69.22571360570987,2
67.64015215410988,B0050,2349,65.00564557043764,66.8015979341545,2
68.03703096729215,B0050,2350,66.63613209645818,74.43214832443147,2
26.343934623254857,B0050,2351,20.457997067741644,25.60281021869299,2
70.01357123082208,B0050,2352,68.1792316423892,67.04135452531176,2
71.44637377635415,B0050,2353,67.31514077118248,72.08071256300764,2
3.8291770870074,B0050,2354,3.251670949955951,31.810906532327593,2
28.68466693784524,B0050,2355,28.03735429983699,29.98331608187489,2
15.07371017713928,B0050,2356,15.256629462986645,31.058057314366597,2
8.978271316160729,B0050,2357,0.0,24.85359377905123,2
58.95843907814536,B0050,2358,60.20995591264865,55.28859671339065,2
4.80956585252836,B0050,2359,3.7080654091190866,29.518457572787405,2
13.904258854552246,B0050,2360,14.701283940854111,29.677313167593766,2
32.17367799079146,B0051,2361,35.78630927145574,37.53948883096737,1
64.65902309991391,B0051,2362,66.11453469263122,64.8649744199012,1
61.44470130595828,B0051,2363,62.73586096108636,59.69535696852958,1
60.19515894858974,B0051,2364,60.15566589690633,59.17293369803227,1
116.54367393910654,B0051,2365,110.08258927420042,105.4265941766584,1
50.46404409563006,B0051,2366,44.80545987249984,42.474722657490716,1
47.828299475626615,B0051,2367,47.83408154964455,46.48058896878342,1
45.0978145682702,B0051,2368,46.252731869941094,41.11286687616333,1
44.48953333069081,B0051,2369,44.71043263220422,45.135809301591095,1
44.1535851831728,B0051,2370,44.35391699278863,27.582833949420294,1
42.15635177240878,B0051,2371,41.123348347953154,39.46482272109978,1
41.32795517248315,B0051,2372,40.942055162316336,40.68545523823149,1
41.76340773418982,B0051,2373,41.27032321669196,37.71695459901178,1
40.12859732493937,B0051,2374,37.92210088893284,38.61219161702513,1
39.19609392349757,B0051,2375,35.65828802655541,36.37987603363446,1
39.55381746518001,B0051,2376,37.52810515812174,36.81124877331094,1
38.27269134740118,B0051,2377,35.53854686038822,36.84250435897739,1
38.65886738169735,B0051,2378,38.09137029358074,38.83104752008152,1
38.026468882082426,B0051,2379,35.66777133671285,37.34844859640864,1
36.88215159623502,B0051,2380,34.97596050355764,36.24126081977316,1
36.95897501289535,B0051,2381,34.494395647732034,35.97077131808097,1
35.07287714921297,B0051,2382,32.801984825182814,33.71387008249858,1
35.23674740270891,B0051,2383,31.444450400719035,33.99524490247053,1
33.89244467852115,B0051,2384,31.52151291903975,33.21196798890611,1
43.03295754171116,B0052,2385,42.29885710405164,38.686300595395885,4
70.91547557180161,B0052,2386,70.99253058988279,68.64860567236688,4
68.53561514346582,B0052,2387,68.89896327659682,67.63751361747242,4
67.57823676313247,B0052,2388,67.21407448326039,66.7599545520111,4
53.45708943097151,B0053,2389,53.082709043506505,52.990041436267646,0
57.703639672161145,B0053,2390,57.029210199553205,63.048973086656055,0
57.50762706913491,B0053,2391,55.434192483486996,61.73280801383628,0
56.52931926968383,B0053,2392,55.08840652536675,60.71715051665023,0
56.0895136178781,B0053,2393,54.636381793119185,58.353915859821576,0
55.67991200721928,B0053,2394,55.21160759788469,58.44661544097809,0
54.32327028547531,B0053,2395,51.473074511904635,57.6732870756345,0
53.237467844965735,B0053,2396,50.72626809700489,52.982798401260276,0
54.04644047479822,B0053,2397,51.386795447959784,49.87843899213302,0
54.26376020923232,B0053,2398,54.04402956828379,54.4226954844011,0
52.52399966870447,B0053,2399,49.793431500735466,50.159527575073824,0
54.26775088527152,B0053,2400,52.951980626580124,53.83322479820309,0
52.54197845395361,B0053,2401,49.34153651754272,50.3572510576112,0
53.0453394166559,B0053,2402,50.225456645505965,49.320813759206594,0
53.529123053190695,B0053,2403,52.61172116503664,53.107059799977414,0
51.20183328318485,B0053,2404,49.345276617997364,49.849827049884766,0
53.35478626716929,B0053,2405,53.02388010967077,52.889721978703186,0
51.39618925223749,B0053,2406,48.3340260108039,49.75712746872825,0
51.62713199850504,B0053,2407,49.109618843289745,49.0513173728515,0
52.79743923268525,B0053,2408,50.913604363237035,51.98449361655159,0
52.22656915654359,B0053,2409,49.02648729032465,49.40207673163977,0
51.76569534060916,B0053,2410,50.08370234079909,53.711334931958845,0
53.8170526550991,B0053,2411,52.54348570217833,54.325805357724136,0
51.76111570211771,B0053,2412,49.86311210733944,50.146477162792586,0
52.57143528454128,B0053,2413,49.454231591711064,52.94344023422658,0
53.016646731948406,B0053,2414,49.81666616282604,48.6036533576524,0
51.18483231374269,B0053,2415,48.170959604872415,49.48763108237314,0
52.32942334375444,B0053,2416,51.32739416791408,52.30877876431455,0
50.15560842406116,B0053,2417,47.26153543210715,49.46501913853745,0
52.30789467807804,B0053,2418,48.94657839197943,47.853349553577544,0
50.781317567628015,B0053,2419,47.52442364464447,48.3654715702605,0
51.25027446564726,B0053,2420,48.119407769187646,47.853349553577544,0
49.00665812796456,B0053,2421,45.88093711524075,48.217162097191895,0
51.83888882101815,B0053,2422,49.01525294738744,48.67260973217393,0
51.3415031029361,B0053,2423,49.74713870361782,51.71698904021995,0
50.75189831402551,B0053,2424,50.26925549241058,51.4281541560221,0
49.52307369743088,B0053,2425,46.57640393135402,48.15138266332299,0
50.72882587291379,B0053,2426,49.75528868561726,51.71268083676803,0
49.05654472040194,B0053,2427,46.05575884601103,48.15138266332299,0
50.20843714693218,B0053,2428,47.101691356912795,45.47429993346563,0
50.39102439803935,B0053,2429,49.9975470078466,49.37769687018501,0
49.1227066542282,B0053,2430,46.19280788410721,48.441805727016884,0
55.48387677769014,B0053,2431,53.11483484076384,57.35922471156452,0
55.68400794957381,B0053,2432,54.70260684705201,58.00001176431117,0
51.92504550286202,B0053,2433,50.610309757220925,50.775418022901604,0
53.84407951090039,B0053,2434,52.44442845997861,53.346464967813205,0
53.60852752918691,B0053,2435,50.15785117826811,49.87057755144789,0
50.62294499925558,B0053,2436,48.13294383135207,49.19720801867925,0
51.39972428774792,B0053,2437,48.791900931357716,48.63035252458328,0
51.52073639524999,B0053,2438,48.01708641548667,52.45609918455563,0
52.780816369975255,B0053,2439,49.2796389188282,48.76530931333045,0
50.055577090813145,B0053,2440,46.88680618436396,48.479194915756665,0
52.33419607749331,B0053,2441,50.088112534249056,51.80558812642467,0
52.35908280092715,B0053,2442,48.7819674900351,51.40123400873449,0
50.51370039212889,B0053,2443,46.99188374321987,48.55397485882089,0
36.99675519929617,B0054,2444,39.69973538031046,28.09621061939279,1
58.32720119058048,B0054,2445,58.828921988609636,57.5952909747661,1
55.262607280693175,B0054,2446,56.2571374202259,56.802383325485785,1
54.80151128592938,B0054,2447,53.766614550603364,63.93605938566235,1
53.77225342804872,B0054,2448,54.568272530982426,54.60815978805963,1
53.27746764011898,B0054,2449,52.82870879775075,62.976977448715914,1
52.84184289986198,B0054,2450,53.7497496596588,54.44919823080758,1
52.24532222682421,B0054,2451,51.05722510822082,52.534059634424885,1
52.291819884684834,B0054,2452,53.628006993672344,53.79169462650758,1
50.90939604390074,B0054,2453,54.348490042396925,54.21653401764416,1
51.13204616836116,B0054,2454,50.14443916526225,50.57236726607226,1
51.94548093075449,B0054,2455,52.80839742440887,52.443437656137085,1
50.86625177175037,B0054,2456,54.541219167072654,53.83670113221332,1
51.65919559972741,B0054,2457,52.57445475107053,52.211803061206034,1
50.47616059869798,B0054,2458,51.61113489175502,49.050164828060346,1
49.312416298132376,B0054,2459,53.58688608475355,56.799412354991496,1
50.40024160000218,B0054,2460,52.87426742854138,54.7834419396678,1
50.76693880627098,B0054,2461,52.84336855731617,53.496575192823855,1
50.53393426677978,B0054,2462,53.45121495977473,52.85552928908007,1
50.5204828292668,B0054,2463,51.78003108039198,48.91851227209983,1
49.00716661981741,B0054,2464,53.5534639961359,55.44698363546102,1
55.08320861812192,B0054,2465,57.89422499975332,62.71701882545126,1
54.13256119500636,B0054,2466,56.46373176000509,56.00535119881888,1
52.87504193934171,B0054,2467,55.151737523602506,60.44890772236578,1
51.927586658076606,B0054,2468,54.967109421601506,53.83670113221332,1
50.36647450645566,B0054,2469,53.38259706269777,54.7834419396678,1
50.80200154270174,B0054,2470,52.19374307120539,50.701823543700655,1
50.79159818220476,B0054,2471,52.208330940115125,52.07716765171346,1
50.07691901608136,B0054,2472,52.869193649312564,53.03587291135472,1
49.0624430795912,B0054,2473,52.90604459157635,53.73972476511657,1
49.93708015055067,B0054,2474,51.65312209742882,50.170210913945404,1
47.92007115474821,B0054,2475,51.04710580406531,53.05431843172573,1
49.00423066947312,B0054,2476,52.02721534550281,51.20004095374507,1
48.60186099481383,B0054,2477,50.19003810566758,48.836171125170104,1
48.46601403759206,B0054,2478,51.24680577367648,50.80214262650255,1
47.39893194253132,B0054,2479,50.17067744671382,50.666235071922465,1
48.19259784535614,B0054,2480,51.11452823850295,51.148567946291536,1
48.41168347742348,B0054,2481,50.3147441656477,48.69409106076058,1
47.03510432301882,B0054,2482,48.58663601102619,50.666235071922465,1
48.092210385194825,B0054,2483,51.099882937928,50.53203696129234,1
46.661700720998525,B0054,2484,48.6003097951515,47.14886058339676,1
46.56727368572608,B0054,2485,49.69352242492015,50.72182161003984,1
49.88214549558352,B0054,2486,53.73616077808605,53.62755533114763,1
49.16657631486018,B0054,2487,53.3370884032679,53.42707162356823,1
49.521850313887214,B0054,2488,51.5105909097752,48.23715337822235,1
47.49935670218147,B0054,2489,49.416482590953336,50.72182161003984,1
47.63013920450438,B0054,2490,51.36364843102288,51.09457480188234,1
44.250875877328575,B0054,2491,48.94357923336511,50.6686919622107,1
49.687013751208845,B0054,2492,54.14735381616485,53.73972476511657,1
49.775366525963946,B0054,2493,53.46577409041915,51.79258614809815,1
48.7703935484058,B0054,2494,52.14507448457092,51.03898826376496,1
48.2980279186961,B0054,2495,51.72227525221996,51.22831631041833,1
47.86851310844377,B0054,2496,51.67046304509188,51.43269968285812,1
46.47378295982466,B0054,2497,49.645247341381946,50.12802969512351,1
46.61776939911973,B0054,2498,48.46969362414899,49.756887027610425,1
47.72841892024845,B0054,2499,50.418912680573854,47.997077275013254,1
46.65121052186468,B0054,2500,50.19179519432949,50.129640219452924,1
46.16470920004795,B0054,2501,47.8277175313273,49.756887027610425,1
46.28899582131488,B0054,2502,50.071992929223356,50.964689669674634,1
45.81382896640042,B0054,2503,47.41841220820581,49.59984302391706,1
46.93505839556234,B0054,2504,49.38791469151771,47.997077275013254,1
45.794952934385854,B0054,2505,48.63304908068373,49.97259621575956,1
46.01304495216894,B0054,2506,47.0940458509739,46.88312382422333,1
45.55626958680444,B0054,2507,49.3583585935443,50.09129253523297,1
44.90253521847672,B0054,2508,46.44643991970946,49.59984302391706,1
46.39432312008186,B0054,2509,48.4916127778839,46.901395971912116,1
45.59207698493612,B0054,2510,48.3206822314406,50.22105086857702,1
44.68245824664734,B0054,2511,46.9036303248007,49.647813969155116,1
45.50432246302128,B0054,2512,48.66355378186186,49.869769268261514,1
45.5745236573047,B0054,2513,50.00333237784564,50.161924262412924,1
46.68586405819098,B0054,2514,49.03955095658836,48.22676694361075,1
44.90758878034388,B0054,2515,47.432293647760346,49.59984302391706,1
45.69683567685627,B0054,2516,48.685135547476264,51.049797584836256,1
43.8242430857714,B0054,2517,46.47808877850781,49.647813969155116,1
44.27458979290982,B0054,2518,48.4394179913453,50.13926348047102,1
44.09537311423354,B0054,2519,45.622818033199735,49.70570646118108,1
45.22904552972398,B0054,2520,48.71321484799639,49.27867246586205,1
43.67303174727998,B0054,2521,45.59356275061078,49.67913156888434,1
45.1565595493414,B0054,2522,48.161879669640356,47.22890627306574,1
43.56108877030062,B0054,2523,44.38442738918904,49.67913156888434,1
44.682495217383085,B0054,2524,47.69856761932658,50.3049249855052,1
44.17532007343946,B0054,2525,47.032538045831515,49.97528331988027,1
43.89701852683957,B0054,2526,47.12002061538273,49.77479961230087,1
42.99694554682547,B0054,2527,44.75131155975159,49.037482244049876,1
43.48679059804783,B0054,2528,47.54308468138477,50.40232888980745,1
43.191359074063385,B0054,2529,44.30428377641702,49.037482244049876,1
44.32847268894572,B0054,2530,47.426201942122375,45.59922519282138,1
43.45039286156664,B0054,2531,46.92461247237088,50.004430562564934,1
42.372230441888256,B0054,2532,44.6381812505189,48.5648221415707,1
43.99863860790351,B0054,2533,51.39177692582892,51.260774529302104,1
45.55222291384254,B0054,2534,52.43417075262372,51.496989871544926,1
45.6086214667753,B0054,2535,49.920846761525645,51.25815847974557,1
44.360219879424,B0054,2536,50.233885224314946,51.38791681308962,1
44.80618383979608,B0054,2537,49.77880205437896,50.236468190391804,1
44.25667000564226,B0054,2538,47.15949405091499,49.77479961230087,1
43.96693322718059,B0054,2539,48.400219493265794,45.60165615112106,1
42.30612119225313,B0054,2540,46.58017436540595,49.901086867990735,1
43.52966576484671,B0054,2541,48.65726600164899,49.10945537236633,1
42.20260454804552,B0054,2542,45.224677964490226,48.7867774406771,1
42.68122339201789,B0054,2543,47.831374235311515,49.93409052185994,1
42.62259668979069,B0054,2544,47.82943381609571,49.177912167479725,1
41.86959500896507,B0054,2545,45.5683368133016,48.9375753334132,1
39.949989635185055,B0055,2546,39.694912284270174,33.64477840399903,0
65.99460782314391,B0055,2547,65.58314701807576,67.09224227083172,0
63.84916400566007,B0055,2548,63.77446670793039,64.63323163173058,0
62.86295656115431,B0055,2549,62.99402646543353,64.74445097835965,0
60.3381875649706,B0055,2550,61.7492658560824,60.68739130294879,0
60.38661268051598,B0055,2551,61.34792179627959,60.9526586993663,0
60.04807145046917,B0055,2552,60.5559371489121,61.166614798115,0
59.45295432749865,B0055,2553,59.022268161609716,60.8118546490855,0
58.48543913022165,B0055,2554,59.81458711014787,59.95145573143594,0
57.41823597306712,B0055,2555,60.90782663314165,59.11886528428793,0
57.63863030486148,B0055,2556,57.49732582319272,59.58325875659158,0
56.59185235863614,B0055,2557,58.63259875779022,57.836218325291995,0
56.63262901691674,B0055,2558,58.57997531035099,59.04852402280117,0
55.80282858287292,B0055,2559,57.88915558122344,57.416010066053275,0
54.923209125344265,B0055,2560,57.155034374954106,55.787553203294536,0
54.62847051548339,B0055,2561,56.63316600788701,55.787553203294536,0
55.45838403560155,B0055,2562,57.54904539989463,56.75868672604998,0
55.37517514452856,B0055,2563,57.39638233582821,56.75868672604998,0
55.33758377122655,B0055,2564,57.32660516714975,56.73074534930401,0
53.63347062291412,B0055,2565,55.97141441114018,53.325865268518896,0
53.884220107533466,B0055,2566,56.55307859890404,55.50268837471723,0
59.908573672679545,B0055,2567,61.80462584963387,59.78876201422778,0
58.126907763404645,B0055,2568,60.95760067484335,59.612764408723876,0
57.78413732922112,B0055,2569,59.90575633633123,58.74766500703905,0
56.8722049211178,B0055,2570,59.42562476198663,59.23702313317432,0
55.63187676062746,B0055,2571,57.85393136531334,58.309412877142165,0
54.93280339229904,B0055,2572,57.590246947055945,55.59515882883987,0
54.9265137944232,B0055,2573,57.52150935034942,55.59515882883987,0
55.146852004842685,B0055,2574,57.41743467256366,55.59515882883987,0
54.74822461367659,B0055,2575,58.242342843952486,56.446466848510575,0
54.45339857415499,B0055,2576,56.892931760087095,55.50268837471723,0
53.66616958180265,B0055,2577,55.358947600014375,55.14979700016763,0
54.768692837265455,B0055,2578,56.93411653423749,56.527663826310786,0
53.19758733121562,B0055,2579,55.96128304222774,55.50268837471723,0
54.28990362038515,B0055,2580,56.45850627426687,55.24226745429027,0
52.94374482753778,B0055,2581,54.869631735760194,55.14979700016763,0
54.06630017595644,B0055,2582,56.284021302751256,55.359396521035315,0
53.08009312941615,B0055,2583,55.876037960590935,52.94418777551209,0
52.96960335290564,B0055,2584,53.91258319972201,55.14979700016763,0
53.712565707123616,B0055,2585,55.770549765597195,55.50268837471723,0
52.02807367065751,B0055,2586,54.74009104068273,52.59129640096249,0
52.87828267662448,B0055,2587,55.85675414626149,55.266926066912674,0
54.91764485457311,B0055,2588,58.189189163206024,56.693311654318926,0
55.48794968698685,B0055,2589,58.33349839333301,58.74192695074323,0
53.96657889603436,B0055,2590,57.0603721853532,55.50268837471723,0
53.58079547378074,B0055,2591,54.904149878180654,56.37785397475441,0
53.73232105509898,B0055,2592,57.077088356171075,56.49498304149945,0
54.3218415325895,B0055,2593,55.848199850735895,57.61679505222867,0
56.70069173693979,B0055,2594,59.99426504484204,59.280392474961616,0
55.884823589757936,B0055,2595,59.10487174028259,58.23931352695582,0
55.23234264822145,B0055,2596,58.238952970073655,58.15937814423039,0
54.4850074203713,B0055,2597,57.765070526730746,56.527663826310786,0
53.7766773769086,B0055,2598,57.87392377286746,56.49498304149945,0
53.04933388072184,B0055,2599,55.10022764603662,55.14979700016763,0
52.59109020807784,B0055,2600,54.41941083278272,54.59051906946796,0
52.76928949066379,B0055,2601,56.05516643443231,52.94418777551209,0
52.66551166845894,B0055,2602,56.407263544785636,55.2184098739238,0
51.57682630042174,B0055,2603,53.63870909244396,52.90782457831428,0
52.66700526629708,B0055,2604,56.53348441362238,55.39207730584665,0
51.58938399405394,B0055,2605,53.461592995150035,52.59129640096249,0
51.77103956078648,B0055,2606,55.32808125487692,52.93538745919002,0
51.61125895655304,B0055,2607,55.14713597506316,54.707648136213,0
50.5771698651736,B0055,2608,53.65888576712644,51.14463568854487,0
52.06880284075114,B0055,2609,55.98873637082406,55.29960685172401,0
51.0870966934405,B0055,2610,52.581787383231266,52.59129640096249,0
50.665677739846416,B0055,2611,54.30833704692313,51.53538554358793,0
51.49971279813455,B0055,2612,55.13010339544001,54.746732146013926,0
50.94674903907163,B0055,2613,52.72451364792725,52.91422780330387,0
51.45439760427008,B0055,2614,54.5894178770619,52.55386270597741,0
52.83814620950022,B0055,2615,56.32658809455019,55.82152050064535,0
51.45834268158323,B0055,2616,55.20861357177165,52.28667898392034,0
51.6064922245051,B0055,2617,53.29339518742246,54.71405136120259,0
52.046151419756384,B0055,2618,55.2203152554558,52.714828692697125,0
50.55805493834935,B0055,2619,52.67364371347621,52.59769962595208,0
51.68938056455892,B0055,2620,55.25949315648592,55.62253825406539,0
50.19971120101915,B0055,2621,52.35955869937696,52.25031578672253,0
51.67097739977502,B0055,2622,54.304713194258035,51.93378760937074,0
50.49468282058231,B0055,2623,52.45536702908103,52.714828692697125,0
50.63131223970314,B0055,2624,54.170823821618626,51.50393028808406,0
49.74371027863847,B0055,2625,51.495174468009104,51.15103891353446,0
51.20399778089666,B0055,2626,54.16981429983093,53.06403765486025,0
51.044447550215146,B0055,2627,54.3037530414169,53.68231991586938,0
50.805040797205706,B0055,2628,54.71425153441078,52.74750947750846,0
49.93937672553138,B0055,2629,51.94091426746071,51.15103891353446,0
50.79434147461892,B0055,2630,55.034417279454786,54.04058882034849,0
49.81718758881297,B0055,2631,51.72380887387354,51.15103891353446,0
50.268886907097645,B0055,2632,53.796192045018216,51.50393028808406,0
50.45661455013955,B0055,2633,54.16880989015658,51.68309724736391,0
49.922906203921016,B0055,2634,51.82265977933356,52.05091667611578,0
54.461946620570686,B0055,2635,57.58784993609527,59.035509570405814,0
53.96968015851762,B0055,2636,59.671525172813276,57.812648142368786,0
51.6307147657112,B0055,2637,55.77615418716671,52.59769962595208,0
52.4928632451332,B0055,2638,57.4764401063808,55.82792372563494,0
52.26951348624282,B0055,2639,56.448966555071735,52.59769962595208,0
50.00803868356757,B0055,2640,53.80275297051948,51.15103891353446,0
50.42047393439078,B0055,2641,54.8129368735885,51.50393028808406,0
50.18275790410195,B0055,2642,53.08797589079171,54.746732146013926,0
51.426348382976606,B0055,2643,55.505604564601775,51.93378760937074,0
49.08422179493511,B0055,2644,52.14237029757068,51.15103891353446,0
50.63560717085566,B0055,2645,55.38449491172378,52.74750947750846,0
51.00689998074628,B0055,2646,55.252957889181786,52.74750947750846,0
49.53795831686582,B0055,2647,52.44522630184107,52.714828692697125,0
39.26390604392597,B0056,2648,35.688853145619476,32.18713074808228,4
67.21777776508684,B0056,2649,64.91135291455626,64.97389478714076,4
65.87513553673759,B0056,2650,64.00888133070481,64.1290914408262,4
64.86827339738456,B0056,2651,63.48242785632605,62.731427686395335,4
63.1980207427449,B0056,2652,62.088536983133,61.00084855526323,4
62.94748093516069,B0056,2653,62.09033784549042,59.350747775844994,4
64.030988451013,B0056,2654,62.27983777666034,58.64882425450647,4
62.863934343035474,B0056,2655,61.46772928056917,58.64883820266451,4
61.131300205244486,B0056,2656,60.73655473399318,59.30031140191077,4
61.46386124628748,B0056,2657,62.92172750817075,57.68393636919355,4
61.37890067844728,B0056,2658,60.333500773599106,56.937122128599285,4
60.66936444148384,B0056,2659,60.33377302313211,57.317688215511566,4
61.51118072465405,B0056,2660,60.704912376489624,57.54502594533304,4
59.6376505423134,B0056,2661,59.481440722594115,55.75567514221849,4
59.335533179939006,B0056,2662,59.08218879338769,55.57557757622813,4
59.57437570121083,B0056,2663,59.00942225033897,55.479986231036534,4
60.7089303008908,B0056,2664,60.14374180155418,56.529078310839296,4
60.47193779360701,B0056,2665,60.24606581673865,56.529078310839296,4
60.353614997016045,B0056,2666,60.03857893608574,56.379916370471165,4
58.14806246959565,B0056,2667,58.38888290814193,54.916544131352175,4
58.94398435295199,B0056,2668,59.72062355427692,54.834986190210735,4
64.72552073022216,B0056,2669,64.84452141173651,62.44568349927014,4
63.01283781501736,B0056,2670,63.4937436534628,59.20532090206049,4
62.04360645782554,B0056,2671,62.481088138867335,57.847448122868045,4
62.60986701365565,B0056,2672,62.62230994172167,58.48151096352796,4
61.39512850238692,B0056,2673,60.796127763355685,57.41526907493198,4
59.58585154473497,B0056,2674,59.96904925680872,55.58781698244366,4
59.29285120005503,B0056,2675,59.827669200014775,55.58781698244366,4
59.20469143305714,B0056,2676,59.836948030602045,55.58781698244366,4
60.299145679588285,B0056,2677,61.51255652621436,56.33576192680257,4
58.271424683969656,B0056,2678,58.962254082417864,54.80617602739517,4
58.95030306596929,B0056,2679,57.638895468992544,54.77756223699353,4
60.06556873591576,B0056,2680,60.283452228064895,56.01379371583665,4
58.27989016587159,B0056,2681,58.50808730753159,54.798866117073246,4
59.015166752750105,B0056,2682,59.36358491700344,54.778063656480526,4
58.29067094847523,B0056,2683,57.10125092135183,54.77756223699353,4
58.8198025788688,B0056,2684,59.22781765007438,54.778063656480526,4
57.29162756470383,B0056,2685,57.98009500383634,53.09579619917876,4
58.3778879990148,B0056,2686,56.352960499285544,54.77756223699353,4
57.28183273559579,B0056,2687,58.14480530726648,53.05769490980499,4
57.21833501412223,B0056,2688,57.38071874554963,52.82085366504346,4
58.02588843194047,B0056,2689,59.30835728665352,54.254487937278235,4
61.360065213012405,B0056,2690,61.57078178804541,57.41577049441897,4
62.273986010227375,B0056,2691,62.78713793014547,57.833830932305304,4
58.61144424518614,B0056,2692,59.52207006682268,54.80617602739517,4
59.76757499972478,B0056,2693,58.2594460637858,55.55920319204203,4
59.59757358101962,B0056,2694,61.17918252706934,55.58731556295667,4
61.48111832626293,B0056,2695,60.89395347887659,56.1089750186278,4
63.87259709698494,B0056,2696,64.2357572593331,59.084295720656065,4
62.16939875834292,B0056,2697,62.772127910597746,57.8343323517923,4
61.5401271456296,B0056,2698,62.0772270161883,57.41577049441897,4
60.81179267047332,B0056,2699,61.40990821811369,56.45731291574305,4
60.44167863249774,B0056,2700,61.6734644191362,56.485425286657694,4
59.73090581120179,B0056,2701,58.45941525023179,55.55920319204203,4
58.67124067397496,B0056,2702,57.155970874668995,54.77756223699353,4
57.02298152956564,B0056,2703,58.21763678502317,53.05769490980499,4
59.10858203422994,B0056,2704,60.645994062200415,54.80617602739517,4
57.40331691027587,B0056,2705,56.10507624588803,53.02908111940335,4
59.12690967517076,B0056,2706,60.01336290363202,54.61516571594351,4
57.760464314233,B0056,2707,56.17840679069906,54.18236376432022,4
56.08408356335848,B0056,2708,57.31633937620034,52.55833158445738,4
58.13331312807285,B0056,2709,59.26908087258578,54.25498935676523,4
56.23478078724629,B0056,2710,55.89669461675629,52.4476047026386,4
58.32088974398965,B0056,2711,60.07633057842109,54.25498935676523,4
56.73372578189731,B0056,2712,55.563436067737264,52.747530280697525,4
55.06115658546378,B0056,2713,56.33020890312592,51.98304643343757,4
57.80366974236416,B0056,2714,58.607002427963174,53.86127074443233,4
56.92804949382001,B0056,2715,56.20124296664421,52.747530280697525,4
58.78632724386853,B0056,2716,57.74708736817503,54.73355043495016,4
59.84692816226278,B0056,2717,60.94793118214946,55.58050707212174,4
56.33728994363133,B0056,2718,57.5612297845859,52.896868135758545,4
58.00515684279765,B0056,2719,57.368056177761304,54.22687698585059,4
56.807293648451385,B0056,2720,58.045202246036325,52.79204350222789,4
56.98626947130938,B0056,2721,56.096317784201275,52.747530280697525,4
57.80005012383788,B0056,2722,59.37896725351086,53.05769490980499,4
56.34093095134175,B0056,2723,55.02212501588859,52.4476047026386,4
55.8344177840197,B0056,2724,57.15658663689579,51.916134981248234,4
56.65306598833423,B0056,2725,55.80635045324675,52.4476047026386,4
54.46919948997986,B0056,2726,56.07360936068915,51.954236270622005,4
55.60418229629684,B0056,2727,53.97273326922776,51.84350938880323,4
56.39975127324168,B0056,2728,57.50243975359306,52.492117924168966,4
56.93387282512089,B0056,2729,57.374345507666995,52.79204350222789,4
56.355684811003215,B0056,2730,58.01607000034475,52.52023029508361,4
55.507544348268745,B0056,2731,54.74518668689687,51.84350938880323,4
56.72316130211232,B0056,2732,58.45047630407398,52.52023029508361,4
55.42293781514315,B0056,2733,54.38546615156357,51.84350938880323,4
53.84110435107422,B0056,2734,55.50112818665055,51.18045376364678,4
56.419910645990846,B0056,2735,58.29520662223298,52.15462405366535,4
55.33175173265684,B0056,2736,54.77630884387014,51.84350938880323,4
63.58045361086595,B0056,2737,63.262584546429,58.43749916148459,4
62.07883587688984,B0056,2738,63.808960652276404,57.86244472270694,4
58.7326452211407,B0056,2739,58.81648443050067,54.73355043495016,4
59.94694942593881,B0056,2740,61.19414371980293,55.850895775299634,4
57.30699482594282,B0056,2741,59.012458006331606,53.05769490980499,4
56.461218933594246,B0056,2742,56.302252263017614,52.747530280697525,4
55.51716444009956,B0056,2743,56.990040565910434,51.99284724386425,4
57.69547364487375,B0056,2744,56.964317434135324,52.98506931735998,4
56.51095727670069,B0056,2745,58.02417338795361,52.79204350222789,4
56.29359704017048,B0056,2746,55.35919243723787,51.84350938880323,4
57.15054141960484,B0056,2747,58.453832555651395,52.426437260809635,4
56.86365887655146,B0056,2748,58.17519950505641,52.79204350222789,4
56.45295068889752,B0056,2749,55.86911577377628,52.4476047026386,4
